Date,Time,Region,Spot,Wave_Height_ft,Surfline_Wave_Height_ft,Wind_Direction,Wind_Strength_mph,Observation_Type,Entered_By,Notes,break_id,datetime_pst,observed_hs_ft,surfline_hs_ft,cdip_transect,lat,lon,hs_mop_ft,per_mop_s,dir_peak_deg_mop,period_weighted_s_mop,per_pri_s_buoy,per_sec_s_buoy,dir_pri_deg_buoy,dir_sec_deg_buoy,dir_mean_deg_buoy,tide_ft,mop_obs_diff,mop_obs_scalar,mop_surfline_scalar,period_weighted_s_buoy,direction_weighted_deg_buoy
1/28/2024,8:00:00 AM,Northern California,Moss Landing,8-10,,,,Surfing,Garrett,Dunes (North of Jetty),35,2024-01-28 08:00:00-08:00,9.0,,MO900,36.814221,-121.79356,5.493819341845512,13.333333015441895,238.89163208007812,10.781457901000977,14.285714149475098,11.111110669595242,275.24176025390625,276.912109375,275.48934467096205,3.357,3.506180658154488,1.638204578634119,,12.596202733355899,275.48934467096205
5/5/2024,7:00:00 AM,Northern California,Blacks,3-4,2-3,,,Surfing,Garrett,,43,2024-05-05 07:00:00-07:00,3.5,2.5,SC128,36.959195,-121.992979,2.6130399420022963,15.384615898132324,203.17271423339844,6.074624538421631,8.333333969116211,15.384615948919734,296.9121398925781,272.25274658203125,291.54341736130374,3.089,0.8869600579977037,1.339436088878937,0.956740063484955,7.887847685674355,291.54341736130374
5/8/2024,7:00:00 AM,Northern California,Blacks,3-4,2-3,,,Surfing,Garrett,,43,2024-05-08 07:00:00-07:00,3.5,2.5,SC128,36.959195,-121.992979,2.8539379490590093,16.666667938232422,197.24818420410156,8.198928833007812,9.876543045043945,14.28571422489322,310.65032958984375,311.02197265625,310.6706134724283,-0.745,0.6460620509409907,1.226375647429198,0.87598260530657,9.475116263672536,310.6706134724283
5/9/2024,6:00:00 PM,Northern California,Pleasure Point Jacks,1-2,1-2,,,Surfing,Garrett,,31,2024-05-09 18:00:00-07:00,1.5,1.5,SC113,36.95709362590695,-121.96802616119386,2.0027182796263694,15.384615898132324,190.70713806152344,7.135121822357178,11.764705657958984,15.384615948919734,301.79119873046875,198.3186798095703,291.7976004400768,2.487,-0.5027182796263694,0.7489820287054266,0.7489820287054266,9.873294307612573,291.7976004400768
6/3/2024,7:00:00 AM,Northern California,Waddell Creek Reef,4-5,2-3,,,Surfing,Garrett,,12,2024-06-03 07:00:00-07:00,4.5,2.5,SC315,37.088274,-122.277196,2.5411940496730803,15.384615898132324,212.42071533203125,6.677509307861328,14.285714149475098,4.999999925494195,226.71429443359375,285.89599609375,252.9117273176864,1.584,1.9588059503269197,1.7708210833324265,0.9837894907402369,9.044334938873517,252.9117273176864
6/5/2024,7:00:00 AM,Northern California,Natural Bridges,2-4,4-6,,,Surfing,Garrett,,17,2024-06-05 07:00:00-07:00,3.0,5.0,SC167,36.94894852799567,-122.06106662750246,2.8429097205495832,15.384615898132324,209.5398406982422,8.438426971435547,9.876543045043945,7.14285711244661,322.3824462890625,322.4857482910156,309.29951349544956,0.096,0.15709027945041676,1.055256865286615,1.7587614421443585,7.926130357668841,309.29951349544956
6/5/2024,1:00:00 PM,Northern California,Blacks,3-5,3-4,,,Surfing,Garrett,,43,2024-06-05 13:00:00-07:00,4.0,3.5,SC128,36.959195,-121.992979,3.0034155692863465,15.384615898132324,205.97222900390625,10.27340030670166,15.384615898132324,9.090909140169128,262.1428527832031,310.58355712890625,296.9328963438869,3.297,0.9965844307136535,1.3318170288870335,1.1653399002761542,10.006175635988182,296.9328963438869
6/6/2024,6:00:00 AM,Northern California,Natural Bridges,5-6,6-8,,,Surfing,Garrett,,17,2024-06-06 06:00:00-07:00,5.5,7.0,SC167,36.94894852799567,-122.06106662750246,3.9832631613588334,15.384615898132324,222.10865783691406,10.899740219116211,14.285714149475098,9.090909140169128,311.72528076171875,319.3432922363281,310.92355337090163,-1.421,1.5167368386411666,1.380777462396874,1.7573531339596578,11.62296359856894,310.92355337090163
6/9/2024,7:00:00 AM,Northern California,Swift Street,3-5,3-4,,,Surfing,Garrett,,18,2024-06-09 07:00:00-07:00,4.0,3.5,SC161,36.94894004665775,-122.04866409301759,2.7730340277457235,14.285714149475098,215.96356201171875,9.60554313659668,14.285714149475098,7.14285711244661,265.21978759765625,315.144287109375,283.33789571908704,-0.897,1.2269659722542765,1.4424633668313516,1.2621554459774327,9.660819779141232,283.33789571908704
6/10/2024,7:00:00 AM,Northern California,26th Ave,5-6,4-6,,,Surfing,Garrett,,24,2024-06-10 07:00:00-07:00,5.5,5.0,SC121,36.9562363298356,-121.98080420494081,3.7839180800533296,14.285714149475098,205.07815551757812,10.412053108215332,12.5,9.090909140169128,292.73626708984375,304.8712158203125,295.20171144629774,-0.141,1.7160819199466704,1.4535198393942197,1.3213816721765634,9.404157052958478,295.20171144629774
6/12/2024,6:00:00 AM,Northern California,Blacks,3-4,3-4,,,Surfing,Garrett,,43,2024-06-12 06:00:00-07:00,3.5,3.5,SC128,36.959195,-121.992979,2.805494702684879,18.18181800842285,203.61453247070312,9.153107643127441,9.876543045043945,12.50000027939678,315.33062744140625,290.71429443359375,298.685658503361,2.516,0.6945052973151209,1.24755181203888,1.24755181203888,9.087789701173902,298.685658503361
6/14/2024,7:00:00 PM,Northern California,Blacks,3-4,2-3,,,Surfing,Garrett,,43,2024-06-14 19:00:00-07:00,3.5,2.5,SC128,36.959195,-121.992979,2.5201163369345663,14.285714149475098,199.94056701660156,9.38471508026123,9.876543045043945,5.882352879303138,306.04010009765625,321.4547119140625,309.54325640587876,4.447,0.9798836630654337,1.3888247731679524,0.992017695119966,7.521734348727993,309.54325640587876
7/4/2024,7:00:00 PM,Northern California,Laguna Creek,2-4,,,,Surfing,Garrett,,42,2024-07-04 19:00:00-07:00,3.0,,SC225,36.981369209632604,-122.1561884880066,3.0922566080522538,16.666667938232422,204.33935546875,9.308652877807617,,,,,,4.919,-0.09225660805225377,0.9701652806523181,,,
7/6/2024,6:00:00 AM,Northern California,Swift Street,3-4,4-6,,,Surfing,Garrett,,18,2024-07-06 06:00:00-07:00,3.5,5.0,SC161,36.94894004665775,-122.04866409301759,2.6595393885469436,16.666667938232422,199.9700469970703,9.257946014404297,16.666667938232422,5.555555334797621,188.032958984375,298.36517333984375,257.7546958642065,-1.181,0.8404606114530564,1.316017358145708,1.8800247973510111,8.344429801799308,257.7546958642065
7/22/2024,5:00:00 PM,Northern California,Laguna Creek,3-5,,,,Surfing,Garrett,,42,2024-07-22 17:00:00-07:00,4.0,,SC225,36.981369209632604,-122.1561884880066,4.092225461659432,10.0,256.1158447265625,6.923179626464844,,,,,,2.635,-0.09222546165943157,0.9774632501255116,,,
10/3/2024,4:30:00 PM,Northern California,Pleasure Point Jacks,2-3,1-2,,,Surfing,Garrett,,31,2024-10-03 16:30:00-07:00,2.5,1.5,SC113,36.95709362590695,-121.96802616119386,2.2958808401465416,18.18181800842285,194.34556579589844,12.660057067871094,12.5,14.28571422489322,317.0879211425781,319.9010925292969,313.19336056599536,1.575,0.2041191598534584,1.0889066872653679,0.6533440123592207,11.438754551000628,313.19336056599536
10/14/2024,6:00:00 PM,Northern California,Santa Maria,4-5,,,,Surfing,Garrett,,44,2024-10-14 18:00:00-07:00,4.5,,SC125,36.95972130832453,-121.9879335165024,3.6927288372278215,16.666667938232422,200.3011474609375,12.631214141845703,16.666667938232422,9.090909140169128,251.5054931640625,283.8247375488281,275.99143754300286,3.593,0.8072711627721785,1.218611005128177,,10.54381902506773,275.99143754300286
10/15/2024,6:00:00 PM,Northern California,Natural Bridges,4-5,6-8,,,Surfing,Garrett,,17,2024-10-15 18:00:00-07:00,4.5,7.0,SC167,36.94894852799567,-122.06106662750246,3.575859925789833,15.384615898132324,213.32174682617188,12.386109352111816,14.285714149475098,4.545454570084564,297.835205078125,317.79791259765625,299.6133226854183,2.247,0.9241400742101669,1.2584385555891269,1.957571086471975,12.121266576346851,299.6133226854183
10/28/2024,7:00:00 AM,Northern California,Santa Maria,3-4,,,,Surfing,Garrett,,44,2024-10-28 07:00:00-07:00,3.5,,SC125,36.95972130832453,-121.9879335165024,5.445232168240548,16.666667938232422,226.75527954101562,13.164584159851074,15.384615898132324,4.0,305.4835205078125,312.0544128417969,300.0961113725593,3.958,-1.9452321682405476,0.6427641451936315,,13.305312010090518,300.0961113725593
10/29/2024,7:00:00 AM,Northern California,Santa Maria,2-3,,,,Surfing,Garrett,,44,2024-10-29 07:00:00-07:00,2.5,,SC125,36.95972130832453,-121.9879335165024,3.9385432498693467,15.384615898132324,210.15982055664062,9.137660026550293,13.333333015441895,11.111110669595242,305.74725341796875,303.9010925292969,299.55862567739103,3.826,-1.4385432498693467,0.6347524557672263,,9.833565878341892,299.55862567739103
10/30/2024,7:00:00 AM,Northern California,Laguna Creek,3-4,,,,Surfing,Garrett,,42,2024-10-30 07:00:00-07:00,3.5,,SC225,36.981369209632604,-122.1561884880066,3.91984248752594,11.11111068725586,247.00802612304688,7.692285060882568,,,,,,3.721,-0.4198424875259401,0.8928930208644865,,,
11/1/2024,7:00:00 AM,Northern California,Waddell Creek Reef,5-6,8-10,,,Surfing,Garrett,,12,2024-11-01 07:00:00-07:00,5.5,9.0,SC315,37.088274,-122.277196,6.081642401185036,14.285714149475098,254.0168914794922,12.15597915649414,15.384615898132324,9.876543180805538,275.857177734375,275.443603515625,276.1431527690478,2.671,-0.5816424011850359,0.9043609665258022,1.4798633997694945,12.921070206221128,276.1431527690478
11/4/2024,7:00:00 AM,Northern California,Laguna Creek,6-8,,,,Surfing,Garrett,,42,2024-11-04 07:00:00-08:00,7.0,,SC225,36.981369209632604,-122.1561884880066,6.024202138457298,18.18181800842285,240.39552307128906,11.18781852722168,,,,,,3.859,0.9757978615427021,1.161979601466791,,,
11/4/2024,5:00:00 PM,Northern California,Pleasure Point Sewers,5-6,4-6,,,Surfing,Garrett,,27,2024-11-04 17:00:00-08:00,5.5,5.0,SC117,36.95359559940877,-121.97298824787141,3.0705982975578308,16.666667938232422,210.98837280273438,12.45472240447998,16.666667938232422,12.50000027939678,303.4615478515625,317.26373291015625,308.78492502196804,0.457,2.4294017024421692,1.7911818697920758,1.6283471543564325,12.82041112696452,308.78492502196804
11/5/2024,7:30:00 AM,Northern California,Santa Maria,3-4,,,,Surfing,Garrett,,44,2024-11-05 07:30:00-08:00,3.5,,SC125,36.95972130832453,-121.9879335165024,3.8454786508703234,15.384615898132324,223.04295349121094,12.203081130981445,15.384615898132324,7.14285711244661,290.71429443359375,321.53009033203125,307.912326799813,3.72,-0.34547865087032337,0.910159779253453,,11.026553239467965,307.912326799813
11/6/2024,5:00:00 PM,Northern California,Waddell Creek Reef,3-5,4-6,,,Surfing,Garrett,,12,2024-11-06 17:00:00-08:00,4.0,5.0,SC315,37.088274,-122.277196,3.4958711939334868,13.333333015441895,248.4239959716797,8.737763404846191,12.5,10.526315921561542,279.72528076171875,281.21978759765625,277.72982445098677,5.743,0.5041288060665132,1.1442069167025795,1.4302586458782243,9.843855356764415,277.72982445098677
11/12/2024,7:30:00 AM,Northern California,Waddell Creek Reef,8-10,8-10,,,Surfing,Garrett,,12,2024-11-12 07:30:00-08:00,9.0,9.0,SC315,37.088274,-122.277196,6.488892322964668,15.384615898132324,250.42593383789062,10.881780624389648,14.285714149475098,11.111110669595242,268.5604248046875,271.4615478515625,272.46221283293414,6.516,2.5111076770353318,1.3869855673438032,1.3869855673438032,12.612982681811259,272.46221283293414
11/13/2024,7:30:00 AM,Northern California,Santa Maria,4-5,,,,Surfing,Garrett,,44,2024-11-13 07:30:00-08:00,4.5,,SC125,36.95972130832453,-121.9879335165024,4.591380351352692,15.384615898132324,227.28631591796875,11.470778465270996,15.384615898132324,11.111110669595242,296.3406982421875,297.835205078125,296.7831200858045,5.864,-0.09138035135269185,0.9800974120286572,,12.47068977662346,296.7831200858045
11/13/2024,5:00:00 PM,Northern California,Laguna Creek,6-7,,,,Surfing,Garrett,,42,2024-11-13 17:00:00-08:00,6.5,,SC225,36.981369209632604,-122.1561884880066,5.442623878288269,14.285714149475098,244.64675903320312,10.344054222106934,,,,,,1.437,1.057376121711731,1.1942769049189341,,,
11/15/2024,7:30:00 AM,Northern California,Blacks,4-5,6-8,,,Surfing,Garrett,,43,2024-11-15 07:30:00-08:00,4.5,7.0,SC128,36.959195,-121.992979,4.441820403184891,15.384615898132324,220.6570587158203,10.650075912475586,15.384615898132324,10.526315921561542,287.54949951171875,300.4725341796875,294.36025564047185,5.647,0.05817959681510931,1.0130981425483554,1.5759304439641084,12.21523017998765,294.36025564047185
11/19/2024,7:30:00 AM,Northern California,Laguna Creek,6-7,,,,Surfing,Garrett,,42,2024-11-19 07:30:00-08:00,6.5,,SC225,36.981369209632604,-122.1561884880066,5.1502975036907195,14.285714149475098,245.42279052734375,9.981975555419922,,,,,,3.487,1.3497024963092805,1.2620630158436632,,,
11/19/2024,5:00:00 PM,Northern California,Waddell Creek Reef,5-6,5-7,,,Surfing,Garrett,,12,2024-11-19 17:00:00-08:00,5.5,6.0,SC315,37.088274,-122.277196,4.795503582057953,14.285714149475098,253.22491455078125,9.712419509887695,14.285714149475098,7.14285711244661,307.15386962890625,292.6197509765625,306.4022608039915,5.325,0.704496417942047,1.1469077034115607,1.251172040085339,11.846495886172802,306.4022608039915
11/23/2024,7:30:00 AM,Northern California,Blacks,4-5,4-5,,,Surfing,Garrett,,43,2024-11-23 07:30:00-08:00,4.5,4.5,SC128,36.959195,-121.992979,5.190472365317345,9.090909004211426,221.60877990722656,7.296533107757568,9.876543045043945,12.50000027939678,244.3189239501953,300.12091064453125,258.3175530942042,4.247,-0.690472365317345,0.8669731159863078,0.8669731159863078,9.41488385086539,258.3175530942042
11/27/2024,7:30:00 AM,Northern California,Laguna Creek,2-3,,,,Surfing,Garrett,,42,2024-11-27 07:30:00-08:00,2.5,,SC225,36.981369209632604,-122.1561884880066,2.3100140639972686,20.0,213.64854431152344,8.944541931152344,,,,,,5.286,0.1899859360027314,1.0822444932105644,,,
11/28/2024,7:30:00 AM,Northern California,Waddell Creek Beach,3-4,3-4,,,Surfing,Garrett,,11,2024-11-28 07:30:00-08:00,3.5,3.5,SC320,37.096511,-122.28278,2.979369552965164,18.18181800842285,211.15223693847656,12.205638885498047,16.666667938232422,7.692307974459867,195.68133544921875,317.07550048828125,230.19598642679165,5.672,0.520630447034836,1.174745172688191,1.174745172688191,11.428062662275543,230.19598642679165
12/2/2024,7:30:00 AM,Northern California,Laguna Creek,5-7,,,,Surfing,Garrett,,42,2024-12-02 07:30:00-08:00,6.0,,SC225,36.981369209632604,-122.1561884880066,4.3388342118167875,15.384615898132324,241.41732788085938,13.830878257751465,,,,,,4.594,1.6611657881832125,1.3828599358922353,,,
12/2/2024,4:30:00 PM,Northern California,Swift Street,4-5,2-3,,,Surfing,Garrett,,18,2024-12-02 16:30:00-08:00,4.5,2.5,SC161,36.94894004665775,-122.04866409301759,3.0722434874939917,15.384615898132324,225.67640686035156,13.135327339172363,15.384615898132324,7.692307974459867,286.0549621582031,289.896484375,285.04616499623916,0.025,1.4277565125060083,1.4647276553170008,0.8137375862872227,13.616538627237716,285.04616499623916
12/3/2024,7:30:00 AM,Northern California,Laguna Creek,4-5,,,,Surfing,Garrett,,42,2024-12-03 07:30:00-08:00,4.5,,SC225,36.981369209632604,-122.1561884880066,3.9236174484825135,14.285714149475098,240.7607421875,11.892267227172852,,,,,,4.207,0.5763825515174865,1.1469008024063116,,,
12/3/2024,4:30:00 PM,Northern California,Swift Street,3-4,2-3,,,Surfing,Garrett,,18,2024-12-03 16:30:00-08:00,3.5,2.5,SC161,36.94894004665775,-122.04866409301759,2.6340370867800713,13.333333015441895,226.1087646484375,12.20996379852295,13.333333015441895,19.99999970197678,291.59344482421875,222.75823974609375,284.6904258613316,0.676,0.8659629132199287,1.3287588157228676,0.9491134398020483,12.271164483560923,284.6904258613316
12/5/2024,5:00:00 PM,Northern California,Santa Maria,3-4,,,,Surfing,Garrett,,44,2024-12-05 17:00:00-08:00,3.5,,SC125,36.95972130832453,-121.9879335165024,3.3036145287466048,16.666667938232422,204.85362243652344,13.173088073730469,15.384615898132324,12.50000027939678,266.80218505859375,285.26373291015625,279.23871417958753,1.312,0.19638547125339523,1.05944563736009,,11.486422158162735,279.23871417958753
12/7/2024,4:00:00 PM,Northern California,Blacks,1-2,3-4,,,Surfing,Garrett,,43,2024-12-07 16:00:00-08:00,1.5,3.5,SC128,36.959195,-121.992979,2.694690094718933,14.285714149475098,212.08251953125,11.412261962890625,14.285714149475098,5.555555334797621,275.857177734375,325.0736083984375,284.8155229885335,3.893,-1.1946900947189332,0.5566502815814358,1.2988506570233502,10.753351691242203,284.8155229885335
12/11/2024,7:00:00 AM,Northern California,Waddell Creek Reef,10,5-7,,,Surfing,Garrett,,12,2024-12-11 07:00:00-08:00,10.0,6.0,SC315,37.088274,-122.277196,6.290829680218697,16.666667938232422,248.6024169921875,15.232317924499512,16.666667938232422,5.882352879303138,292.4725341796875,358.3439025878906,289.1982237410155,7.979,3.709170319781303,1.5896154415759602,0.9537692649455761,15.142237954986493,289.1982237410155
12/15/2024,2:00:00 PM,Northern California,Scott Creek,6-10,6-8,,,Surfing,Garrett,,13,2024-12-15 14:00:00-08:00,8.0,7.0,SC281,37.041051,-122.236232,6.935274416160583,12.30012321472168,256.06463623046875,9.792553901672363,11.764705657958984,3.3333332008785725,288.4285888671875,339.68133544921875,291.9687720331884,6.493,1.064725583839417,1.1535232090252105,1.0093328078970594,10.83696413388424,291.9687720331884
12/19/2024,5:00:00 PM,Northern California,Waddell Creek Reef,8-10,4-6,,,Surfing,Garrett,,12,2024-12-19 17:00:00-08:00,9.0,5.0,SC315,37.088274,-122.277196,5.3125214837455745,18.18181800842285,247.17803955078125,12.88633918762207,18.18181800842285,11.111110669595242,276.20880126953125,287.813232421875,280.43471293345414,5.599,3.6874785162544255,1.6941107960761754,0.9411726644867642,12.329303985432123,280.43471293345414
12/30/2024,7:30:00 AM,Northern California,Waddell Creek Reef,6-7,6-8,,,Surfing,Garrett,,12,2024-12-30 07:30:00-08:00,6.5,7.0,SC315,37.088274,-122.277196,6.15318831474781,15.384615898132324,245.42849731445312,10.212691307067871,12.5,9.876543180805538,276.032958984375,273.4663391113281,275.0226062339658,4.395,0.34681168525218986,1.0563629239854337,1.1376216104458516,10.369527938461449,275.0226062339658
1/2/2025,5:00:00 PM,Northern California,Waddell Creek Reef,5-7,5-7,,,Surfing,Garrett,,12,2025-01-02 17:00:00-08:00,6.0,6.0,SC315,37.088274,-122.277196,4.938881308112144,13.333333015441895,247.80050659179688,11.32599925994873,13.333333015441895,11.111110669595242,268.64837646484375,273.923095703125,273.76507830509775,3.579,1.061118691887856,1.2148500086740213,1.2148500086740213,11.334444685896797,273.76507830509775
1/4/2025,7:30:00 AM,Northern California,Waddell Creek Reef,10-12,8-12,,,Surfing,Garrett,,12,2025-01-04 07:30:00-08:00,11.0,10.0,SC315,37.088274,-122.277196,8.508402178039551,15.384615898132324,249.32510375976562,12.144518852233887,11.764705657958984,14.28571422489322,280.9560546875,274.97802734375,278.47160618413614,4.508,2.4915978219604487,1.2928396859743347,1.1753088054312135,11.499380675955958,278.47160618413614
1/5/2025,6:30:00 AM,Northern California,Waddell Creek Reef,8-10,5-7,,,Surfing,Garrett,,12,2025-01-05 06:30:00-08:00,9.0,6.0,SC315,37.088274,-122.277196,5.884316994390487,14.285714149475098,249.07952880859375,10.263566970825195,12.5,14.28571422489322,275.3296813964844,275.24176025390625,272.60188625539774,6.76,3.1156830056095126,1.5294893202694024,1.0196595468462684,11.046143729784232,272.60188625539774
1/6/2025,4:30:00 PM,Northern California,Santa Maria,4-6,,,,Surfing,Garrett,,44,2025-01-06 16:30:00-08:00,5.0,,SC125,36.95972130832453,-121.9879335165024,3.5345848812818526,20.0,211.1463623046875,13.223922729492188,20.0,11.764705758606276,281.74725341796875,289.5714416503906,286.8545464917711,3.406,1.4654151187181474,1.4145932741574734,,13.457681467649863,286.8545464917711
1/7/2025,5:00:00 PM,Northern California,Waddell Creek Reef,6-8,4-6,,,Surfing,Garrett,,12,2025-01-07 17:00:00-08:00,7.0,5.0,SC315,37.088274,-122.277196,6.714274153213501,16.666667938232422,247.54339599609375,13.609376907348633,16.666667938232422,9.876543180805538,268.64837646484375,271.8297424316406,271.60373736454494,4.766,0.2857258467864989,1.0425549866249875,0.7446821333035624,13.454842846358556,271.60373736454494
1/8/2025,7:00:00 AM,Northern California,Waddell Creek Reef,6-8,5-7,,,Surfing,Garrett,,12,2025-01-08 07:00:00-08:00,7.0,6.0,SC315,37.088274,-122.277196,5.774725403561592,16.666667938232422,248.58120727539062,13.006524085998535,14.285714149475098,5.555555334797621,272.9560546875,283.239990234375,274.81452075155096,8.448,1.2252745964384077,1.2121788502155815,1.039010443041927,12.468681343360169,274.81452075155096
1/20/2025,4:00:00 PM,Northern California,Pleasure Point Jacks,2-3,1-2,,,Surfing,Garrett,,31,2025-01-20 16:00:00-08:00,2.5,1.5,SC113,36.95709362590695,-121.96802616119386,2.2766471950531004,15.384615898132324,203.0127716064453,13.926104545593262,15.384615898132324,8.333333519597852,292.4725341796875,329.7477722167969,293.6762041107761,2.959,0.22335280494689957,1.0981060242589278,0.6588636145553567,14.007211513555303,293.6762041107761
2/22/2025,5:00:00 PM,Northern California,Cowells,2-3,0-1,,,Surfing,Garrett,,23,2025-02-22 17:00:00-08:00,2.5,0.5,SC145,36.95844832786912,-122.02330112457277,3.1388692799592017,13.333333015441895,224.08547973632812,10.576725006103516,13.333333015441895,11.111110669595242,292.84375,288.625,286.69092239155145,1.884,-0.6388692799592017,0.7964651525827461,0.15929303051654922,10.609700785326137,286.69092239155145
2/24/2025,7:00:00 AM,Northern California,Waddell Creek Reef,4-5,4-6,,,Surfing,Garrett,,12,2025-02-24 07:00:00-08:00,4.5,5.0,SC315,37.088274,-122.277196,4.669163633060455,12.30012321472168,247.94161987304688,9.655278205871582,12.5,14.28571422489322,280.1875,263.3125,278.6068544157447,6.73,-0.1691636330604549,0.9637700354164768,1.0708555949071965,10.056775839526619,278.6068544157447
2/25/2025,7:00:00 AM,Northern California,Blacks,3-4,4-5,,,Surfing,Garrett,,43,2025-02-25 07:00:00-08:00,3.5,4.5,SC128,36.959195,-121.992979,3.7823329249811173,12.30012321472168,226.22109985351562,11.314062118530273,12.5,5.882352879303138,285.8125,268.9375,285.6535559649236,5.518,-0.2823329249811173,0.9253548192131905,1.1897419104169593,11.291053342259076,285.6535559649236
3/19/2025,7:30:00 AM,Northern California,Moss Landing,8-12,,,,Surfing,Garrett,Dunes (North of Jetty),35,2025-03-19 07:30:00-07:00,10.0,,MO900,36.814221,-121.79356,6.667191175613404,12.30012321472168,229.62448120117188,10.703383445739746,11.11111068725586,6.25000013969839,292.84375,283.0,286.62212636454865,1.29,3.3328088243865963,1.4998819947712039,,10.52485947818662,286.62212636454865
3/25/2025,6:00:00 PM,Northern California,Davenport Landing,4-6,4-6,,,Surfing,Garrett,,14,2025-03-25 18:00:00-07:00,5.0,5.0,SC266,37.020048,-122.217566,5.902126033673286,16.666667938232422,246.66171264648438,10.92889404296875,18.18181800842285,11.111110669595242,288.625,292.84375,285.36463458428716,0.574,-0.9021260336732864,0.8471523602636738,0.8471523602636738,13.243384669681747,285.36463458428716
4/8/2025,7:00:00 AM,Northern California,Blacks,3-5,4-5,,,Surfing,Garrett,,43,2025-04-08 07:00:00-07:00,4.0,4.5,SC128,36.959195,-121.992979,3.3371855553388596,15.384615898132324,206.8321075439453,11.150805473327637,14.285714149475098,10.526315921561542,287.21875,287.21875,286.3259875958477,4.158,0.6628144446611404,1.1986148009063398,1.3484416510196322,11.088798016711957,286.3259875958477
4/28/2025,7:00:00 AM,Northern California,Waddell Creek Reef,3-5,4-5,,,Surfing,Garrett,,12,2025-04-28 07:00:00-07:00,4.0,4.5,SC315,37.088274,-122.277196,3.404257600440979,16.666667938232422,219.507080078125,8.639260292053223,7.692307949066162,5.263157960780771,292.84375,287.21875,285.5652784894498,-1.19,0.595742399559021,1.174999212598321,1.3218741141731112,7.509923097384425,285.5652784894498
7/17/2025,6:30:00 AM,Northern California,Waddell Creek Reef,4-5,3-4,,,Surfing,Garrett,,12,2025-07-17 06:30:00-07:00,4.5,3.5,SC315,37.088274,-122.277196,3.274189232172966,16.666667938232422,213.54400634765625,11.834040641784668,9.090909004211426,11.764705758606276,292.84375,264.71875,282.2311331239858,6.389,1.225810767827034,1.374386048241172,1.0689669264098005,8.81194780446388,282.2311331239858
8/7/2025,7:00:00 AM,Northern California,Waddell Creek Reef,4-5,4-5,,,Surfing,Garrett,,12,2025-08-07 07:00:00-07:00,4.5,4.5,SC315,37.088274,-122.277196,3.533446761059761,16.666667938232422,213.7748260498047,8.516979217529297,11.11111068725586,6.25000013969839,285.8125,299.875,285.84536631930774,-0.137,0.9665532389402389,1.2735440221123773,1.2735440221123773,8.068922871304945,285.84536631930774
8/11/2025,6:00:00 PM,Northern California,Pleasure Point Sewers,4-6,4-5,,,Surfing,Garrett,,27,2025-08-11 18:00:00-07:00,5.0,4.5,SC117,36.95359559940877,-121.97298824787141,4.552797684717178,16.666667938232422,190.4219512939453,14.478514671325684,16.666667938232422,9.876543180805538,228.15625,291.4375,276.5652589541218,1.974,0.44720231528282195,1.098225826459188,0.988403243813269,8.350496979944008,276.5652589541218
8/12/2025,7:00:00 AM,Northern California,26th Ave,4-6,4-6,,,Surfing,Garrett,,24,2025-08-12 07:00:00-07:00,5.0,5.0,SC121,36.9562363298356,-121.98080420494081,4.588853802680969,16.666667938232422,199.710693359375,14.314183235168457,15.384615898132324,9.090909140169128,230.96875,294.25,256.86314355069624,0.223,0.4111461973190309,1.089596708676756,1.089596708676756,10.556946380723721,256.86314355069624
8/13/2025,7:00:00 AM,Northern California,Waddell Creek Reef,4-5,3-4,,,Surfing,Garrett,,12,2025-08-13 07:00:00-07:00,4.5,3.5,SC315,37.088274,-122.277196,3.7124155793237685,15.384615898132324,220.99752807617188,12.332534790039062,11.11111068725586,13.33333280351429,290.03125,229.5625,265.2764989653746,3.778,0.7875844206762315,1.2121487758705325,0.9427823812326365,10.483973523045982,265.2764989653746
8/21/2025,6:30:00 AM,Northern California,Waddell Creek Beach,2-3,3-4,,,Surfing,Garrett,,11,2025-08-21 06:30:00-07:00,2.5,3.5,SC320,37.096511,-122.28278,2.613643028388023,15.384615898132324,214.72621154785156,6.730626106262207,7.142857074737549,14.28571422489322,301.28125,228.15625,280.90696997897805,-0.723,-0.1136430283880232,0.9565193000139299,1.339127020019502,7.162638065395053,280.90696997897805
8/22/2025,6:30:00 AM,Northern California,Waddell Creek Beach,2-3,3-4,,,Surfing,Garrett,,11,2025-08-22 06:30:00-07:00,2.5,3.5,SC320,37.096511,-122.28278,2.4120307020902634,14.285714149475098,216.25439453125,6.073494911193848,7.142857074737549,5.555555334797621,297.0625,294.25,288.59968858502356,-0.281,0.08796929790973662,1.0364710523101976,1.4510594732342765,6.339799898604074,288.59968858502356
8/31/2025,7:00:00 PM,Northern California,Ano Nuevo,3-5,3-4,,,Surfing,Garrett,,10,2025-08-31 19:00:00-07:00,4.0,3.5,SM012,37.116448,-122.313657,2.383427707154751,16.666667938232422,191.1509246826172,8.956315994262695,5.55555534362793,15.384615948919734,302.6875,239.40625,288.69993167451935,7.376,1.616572292845249,1.6782552237655466,1.4684733207948533,5.929472230015632,288.69993167451935
9/1/2025,7:00:00 PM,Northern California,Ano Nuevo,4-5,4-5,,,Surfing,Garrett,,10,2025-09-01 19:00:00-07:00,4.5,4.5,SM012,37.116448,-122.313657,3.046146117026806,15.384615898132324,188.41314697265625,9.706315040588379,6.666666507720947,15.384615948919734,290.03125,238.0,279.2812464973356,7.398,1.4538538829731942,1.4772764756249546,1.4772764756249546,6.943618433169986,279.2812464973356
9/7/2025,6:30:00 AM,Northern California,Blacks,3-4,1-2,,,Surfing,Garrett,,43,2025-09-07 06:30:00-07:00,3.5,1.5,SC128,36.959195,-121.992979,1.97755213398695,14.285714149475098,194.56129455566406,10.789824485778809,7.692307949066162,9.876543180805538,266.125,261.90625,256.0279836451746,0.206,1.52244786601305,1.7698648444446505,0.7585135047619931,8.924009911217077,256.0279836451746
9/13/2025,1:00:00 PM,Northern California,Blacks,2-4,2-3,,,Surfing,Garrett,,43,2025-09-13 13:00:00-07:00,3.0,2.5,SC128,36.959195,-121.992979,2.1414062463736534,14.285714149475098,208.78973388671875,10.365043640136719,13.333333015441895,11.111110669595242,284.40625,295.65625,288.2792827440801,5.04,0.8585937536263466,1.4009485612925268,1.167457134410439,10.165253746997081,288.2792827440801
9/17/2025,4:00:00 PM,Northern California,Ano Nuevo,2-4,3-4,,,Surfing,Garrett,,10,2025-09-17 16:00:00-07:00,3.0,3.5,SM012,37.116448,-122.313657,2.353243663766384,15.384615898132324,190.30584716796875,9.743496894836426,11.11111068725586,4.761904910578484,285.8125,298.46875,286.5306699677111,3.032,0.646756336233616,1.2748361107657153,1.4873087958933346,6.8230819155424225,286.5306699677111
9/23/2025,6:30:00 AM,Northern California,Davenport Landing,2-3,4-5,,,Surfing,Garrett,,14,2025-09-23 06:30:00-07:00,2.5,4.5,SC266,37.020048,-122.217566,3.943624115781784,12.30012321472168,252.03860473632812,8.17527961730957,11.764705657958984,9.876543180805538,297.0625,299.875,291.41130149786346,2.965,-1.443624115781784,0.6339346567020372,1.1410823820636669,8.901258796439553,291.41130149786346
9/29/2025,6:00:00 PM,Northern California,Waddell Creek Beach,5-6,4-6,,,Surfing,Garrett,,11,2025-09-29 18:00:00-07:00,5.5,5.0,SC320,37.096511,-122.28278,4.170693571033477,12.30012321472168,220.66729736328125,10.502477645874023,13.333333015441895,11.111110669595242,273.15625,242.21875,261.60613744528905,7.163,1.3293064289665226,1.3187255084379472,1.1988413713072248,11.174842188877482,261.60613744528905
10/2/2025,4:00:00 PM,Northern California,Ano Nuevo,5-6,5-7,,,Surfing,Garrett,,10,2025-10-02 16:00:00-07:00,5.5,6.0,SM012,37.116448,-122.313657,6.7217278629016874,13.333333015441895,224.53367614746094,11.612754821777344,11.764705657958984,5.555555334797621,292.84375,270.34375,291.2876366281525,3.335,-1.2217278629016874,0.8182419925619716,0.8926276282494235,10.85657407958346,291.2876366281525
10/6/2025,6:30:00 AM,Northern California,Waddell Creek Beach,2-4,3-4,,,Surfing,Garrett,,11,2025-10-06 06:30:00-07:00,3.0,3.5,SC320,37.096511,-122.28278,2.293411979699135,16.666667938232422,224.32049560546875,8.213963508605957,8.333333969116211,11.764705758606276,302.6875,287.21875,288.2440702637253,0.528,0.706588020300865,1.308094675773674,1.5261104550692863,8.20177781073471,288.2440702637253
10/14/2025,6:00:00 PM,Northern California,Swift Street,3-5,3-4,,,Surfing,Garrett,,18,2025-10-14 18:00:00-07:00,4.0,3.5,SC161,36.94894004665775,-122.04866409301759,2.565135836083889,16.666667938232422,216.5841522216797,8.332523345947266,12.5,10.526315921561542,304.09375,302.6875,287.54055215360404,4.969,1.434864163916111,1.5593716105524738,1.3644501592334144,9.082656855752473,287.54055215360404
10/24/2025,6:30:00 AM,Northern California,Natural Bridges,3-5,8-10,,,Surfing,Garrett,,17,2025-10-24 06:30:00-07:00,4.0,9.0,SC167,36.94894852799567,-122.06106662750246,5.124214213061332,16.666667938232422,227.77163696289062,14.060113906860352,15.384615898132324,13.33333280351429,284.40625,281.59375,287.99497584416525,3.019,-1.1242142130613324,0.7806074909601215,1.7563668546602733,12.343727123883118,287.99497584416525
10/25/2025,6:00:00 PM,Northern California,Waddell Creek Reef,6-8,6-8,,,Surfing,Garrett,,12,2025-10-25 18:00:00-07:00,7.0,7.0,SC315,37.088274,-122.277196,5.752524237098694,16.666667938232422,250.28704833984375,11.649157524108887,12.5,14.28571422489322,285.8125,281.59375,285.1808671308813,4.381,1.2474757629013062,1.2168571068082061,1.2168571068082061,11.719968130681991,285.1808671308813
11/3/2025,6:00:00 PM,Northern California,Natural Bridges,2-3,5-7,,,Surfing,Garrett,,17,2025-11-03 18:00:00-08:00,2.5,6.0,SC167,36.94894852799567,-122.06106662750246,4.102195160140991,15.384615898132324,214.62168884277344,12.469221115112305,13.333333015441895,11.764705758606276,285.8125,291.4375,281.67104846453816,2.48,-1.6021951601409912,0.6094298058491385,1.4626315340379326,11.348368244605727,281.67104846453816
11/7/2025,6:30:00 AM,Northern California,Waddell Creek Reef,8-10,6-8,,,Surfing,Garrett,,12,2025-11-07 06:30:00-08:00,9.0,7.0,SC315,37.088274,-122.277196,7.573341376686096,15.384615898132324,249.05126953125,11.288837432861328,11.11111068725586,14.28571422489322,281.59375,280.1875,282.35050540468455,3.431,1.4266586233139043,1.188379019557438,0.9242947929891184,11.198716857421559,282.35050540468455
11/8/2025,6:30:00 AM,Northern California,Scott Creek,5-6,6-8,,,Surfing,Garrett,,13,2025-11-08 06:30:00-08:00,5.5,7.0,SC281,37.041051,-122.236232,6.062952589826584,14.285714149475098,255.94680786132812,10.638001441955566,11.764705657958984,15.384615948919734,291.4375,284.40625,288.07513342586947,4.578,-0.5629525898265841,0.9071487725681381,1.1545529832685395,10.533245407509794,288.07513342586947
11/10/2025,6:30:00 AM,Northern California,Ocean Beach Central,6-8,6-8,,,Surfing,Garrett,,3,2025-11-10 06:30:00-08:00,7.0,7.0,SF026,37.745319,-122.514099,5.256743032984733,12.30012321472168,265.17559814453125,10.625244140625,11.764705657958984,18.181818280338256,272.60443115234375,252.2967071533203,270.3510075363524,4.326,1.7432569670152667,1.3316230137324139,1.3316230137324139,10.293499930365169,270.3510075363524
11/14/2025,6:30:00 AM,Northern California,Blacks,5-6,8-10,,,Surfing,Garrett,,43,2025-11-14 06:30:00-08:00,5.5,9.0,SC128,36.959195,-121.992979,6.3007062953281405,13.333333015441895,224.50579833984375,9.498398780822754,13.333333015441895,11.764705758606276,285.8125,287.21875,283.4750184335097,4.838,-0.8007062953281405,0.8729180098552047,1.4284112888539713,11.478210678484265,283.4750184335097
11/22/2025,7:30:00 AM,Northern California,Waddell Creek Reef,6-7,5-7,,,Surfing,Garrett,,12,2025-11-22 07:30:00-08:00,6.5,6.0,SC315,37.088274,-122.277196,4.900156278672219,13.333333015441895,253.29759216308594,10.165220260620117,10.526315689086914,14.28571422489322,290.03125,280.1875,287.83682696390616,3.814,1.5998437213277814,1.3264883057487478,1.224450743768075,9.846470330806097,287.83682696390616
11/23/2025,7:30:00 AM,Northern California,Waddell Creek Reef,6-7,6-8,,,Surfing,Garrett,,12,2025-11-23 07:30:00-08:00,6.5,7.0,SC315,37.088274,-122.277196,6.228856100826263,15.384615898132324,249.68637084960938,12.40311336517334,15.384615898132324,13.33333280351429,278.78125,285.8125,286.08602957151743,4.064,0.2711438991737367,1.0435302878706363,1.12380184847607,11.443434888265017,286.08602957151743
11/28/2025,7:30:00 AM,Northern California,Scott Creek,5-6,4-6,,,Surfing,Garrett,,13,2025-11-28 07:30:00-08:00,5.5,5.0,SC281,37.041051,-122.236232,3.803702598800659,15.384615898132324,250.5374755859375,10.213606834411621,11.764705657958984,15.384615948919734,291.4375,281.59375,289.52044267468114,7.001,1.6962974011993408,1.4459595242104886,1.3145086583731713,10.63714928662347,289.52044267468114
11/30/2025,2:30:00 PM,Northern California,Pleasure Point Rockview,5-6,4-5,,,Surfing,Garrett,,26,2025-11-30 14:30:00-08:00,5.5,4.5,SC118,36.953994,-121.974802,3.821772506189346,13.333333015441895,216.19322204589844,10.898633003234863,13.333333015441895,11.764705758606276,274.5625,275.96875,274.44538986497435,1.251,1.6782274938106538,1.4391228130645586,1.1774641197800935,10.873915979959309,274.44538986497435
12/11/2025,11:00:00 AM,Northern California,Moss Landing,3-5,,,,Surfing,Garrett,Dunes (North of Jetty),35,2025-12-11 11:00:00-08:00,4.0,,MO900,36.814221,-121.79356,3.7741529303264616,12.30012321472168,223.55223083496094,10.164617538452148,10.526315689086914,15.384615948919734,295.65625,274.5625,288.85663256616994,2.551,0.2258470696735384,1.0598404658854146,,10.81542681559325,288.85663256616994
12/14/2025,7:30:00 AM,Northern California,Steamer Lane Middle Peak,0,1-2,,,Surfline Cam,Garrett,,21,2025-12-14 07:30:00-08:00,0.0,1.5,SC149,36.95054306508662,-122.02346205711366,1.5049936667895316,13.333333015441895,202.55413818359375,10.064038276672363,11.764705657958984,13.33333280351429,275.96875,281.59375,277.89475657335714,5.229,-1.5049936667895316,0.0,0.9966819350142622,10.150432718316928,277.89475657335714
12/14/2025,7:30:00 AM,Northern California,Steamer Lane Point,1-2,1-2,,,Surfline Cam,Garrett,,20,2025-12-14 07:30:00-08:00,1.5,1.5,SC149,36.95072345524198,-122.02609062194826,1.5049936667895316,13.333333015441895,202.55413818359375,10.064038276672363,11.764705657958984,13.33333280351429,275.96875,281.59375,277.89475657335714,5.229,-0.0049936667895316145,0.9966819350142622,0.9966819350142622,10.150432718316928,277.89475657335714
12/14/2025,7:30:00 AM,Northern California,Steamer Lane Indicators,0,,,,Surfline Cam,Garrett,,22,2025-12-14 07:30:00-08:00,0.0,,SC148,36.95383582150793,-122.02346205711366,1.803392753651142,12.30012321472168,218.52908325195312,10.261454582214355,11.764705657958984,13.33333280351429,275.96875,281.59375,277.89475657335714,5.229,-1.803392753651142,0.0,,10.150432718316928,277.89475657335714
12/14/2025,4:00:00 PM,Northern California,Steamer Lane Middle Peak,0,1-2,,,Surfline Cam,Garrett,,21,2025-12-14 16:00:00-08:00,0.0,1.5,SC149,36.95054306508662,-122.02346205711366,1.369009908889532,14.285714149475098,203.2891387939453,11.085966110229492,12.5,6.25000013969839,273.15625,283.0,267.0898394057025,1.682,-1.369009908889532,0.0,1.0956823542765444,10.919959174140615,267.0898394057025
12/14/2025,4:00:00 PM,Northern California,Steamer Lane Point,2-3,1-2,,,Surfline Cam,Garrett,,20,2025-12-14 16:00:00-08:00,2.5,1.5,SC149,36.95072345524198,-122.02609062194826,1.369009908889532,14.285714149475098,203.2891387939453,11.085966110229492,12.5,6.25000013969839,273.15625,283.0,267.0898394057025,1.682,1.130990091110468,1.826137257127574,1.0956823542765444,10.919959174140615,267.0898394057025
12/14/2025,4:00:00 PM,Northern California,Steamer Lane Indicators,1-2,,,,Surfline Cam,Garrett,,22,2025-12-14 16:00:00-08:00,1.5,,SC148,36.95383582150793,-122.02346205711366,1.6485806348776817,14.285714149475098,209.82843017578125,11.17635726928711,12.5,6.25000013969839,273.15625,283.0,267.0898394057025,1.682,-0.1485806348776817,0.9098736017309181,,10.919959174140615,267.0898394057025
12/15/2025,9:00:00 AM,Northern California,Pleasure Point First Peak,1-2,1-2,,,Surfline Cam,Garrett,,28,2025-12-15 09:00:00-08:00,1.5,1.5,SC117,36.95385698447019,-121.97144329547884,1.4312204988849162,14.285714149475098,200.93252563476562,10.499422073364258,11.11111068725586,14.28571422489322,285.8125,243.625,275.6432112867393,4.53,0.0687795011150838,1.048056537178353,1.048056537178353,10.176794496462248,275.6432112867393
12/15/2025,9:00:00 AM,Northern California,Pleasure Point Sewers,2-3,1-2,,,Surfline Cam,Garrett,,27,2025-12-15 09:00:00-08:00,2.5,1.5,SC117,36.95359559940877,-121.97298824787141,1.4312204988849162,14.285714149475098,200.93252563476562,10.499422073364258,11.11111068725586,14.28571422489322,285.8125,243.625,275.6432112867393,4.53,1.0687795011150838,1.7467608952972549,1.048056537178353,10.176794496462248,275.6432112867393
12/16/2025,7:30:00 AM,Northern California,Steamer Lane Middle Peak,0,2-3,,,Surfline Cam,Garrett,,21,2025-12-16 07:30:00-08:00,0.0,2.5,SC149,36.95054306508662,-122.02346205711366,1.1998239379262925,13.333333015441895,198.96925354003906,9.128384590148926,9.876543045043945,7.692307974459867,290.03125,295.65625,286.4935882592803,5.588,-1.1998239379262925,0.0,2.083639041508755,8.154752821927653,286.4935882592803
12/16/2025,7:30:00 AM,Northern California,Steamer Lane Point,1,2-3,,,Surfline Cam,Garrett,,20,2025-12-16 07:30:00-08:00,1.0,2.5,SC149,36.95072345524198,-122.02609062194826,1.1998239379262925,13.333333015441895,198.96925354003906,9.128384590148926,9.876543045043945,7.692307974459867,290.03125,295.65625,286.4935882592803,5.588,-0.1998239379262925,0.833455616603502,2.083639041508755,8.154752821927653,286.4935882592803
12/16/2025,7:30:00 AM,Northern California,Steamer Lane Indicators,0,,,,Surfline Cam,Garrett,,22,2025-12-16 07:30:00-08:00,0.0,,SC148,36.95383582150793,-122.02346205711366,1.4616649214959145,13.333333015441895,206.19674682617188,9.090959548950195,9.876543045043945,7.692307974459867,290.03125,295.65625,286.4935882592803,5.588,-1.4616649214959145,0.0,,8.154752821927653,286.4935882592803
12/16/2025,8:30:00 AM,Northern California,Ocean Beach Central,4-6,4-5,NE,7.0,Standing on Shore,Dean,,3,2025-12-16 08:30:00-08:00,5.0,4.5,SF026,37.745319,-122.514099,4.475045691537857,12.30012321472168,262.05072021484375,9.52206039428711,10.526315689086914,14.28571422489322,288.07696533203125,271.4615478515625,288.430416231931,5.947,0.5249543084621431,1.1173070276030503,1.0055763248427454,8.770547778100523,288.430416231931
12/16/2025,8:30:00 AM,Northern California,Ocean Beach North,4-5,3-4,NE,7.0,Standing on Shore,Dean,,2,2025-12-16 08:30:00-08:00,4.5,3.5,SF036,37.764885,-122.516658,3.5337076291656495,13.333333015441895,254.1124267578125,9.723182678222656,10.526315689086914,14.28571422489322,288.07696533203125,271.4615478515625,288.430416231931,5.947,0.9662923708343505,1.27345000555762,0.9904611154337043,8.770547778100523,288.430416231931
12/16/2025,3:45:00 PM,Northern California,Pleasure Point First Peak,3-4,2-3,,,Surfline Cam,Garrett,,28,2025-12-16 15:45:00-08:00,3.5,2.5,SC117,36.95385698447019,-121.97144329547884,1.9464628743600845,10.0,221.53224182128906,8.994120597839355,11.11111068725586,9.090909140169128,290.03125,288.625,287.06144708906083,0.211,1.5535371256399155,1.7981334481658962,1.2843810344042115,9.563162464924192,287.06144708906083
12/16/2025,3:45:00 PM,Northern California,Pleasure Point Sewers,3-4,2-3,,,Surfline Cam,Garrett,,27,2025-12-16 15:45:00-08:00,3.5,2.5,SC117,36.95359559940877,-121.97298824787141,1.9464628743600845,10.0,221.53224182128906,8.994120597839355,11.11111068725586,9.090909140169128,290.03125,288.625,287.06144708906083,0.211,1.5535371256399155,1.7981334481658962,1.2843810344042115,9.563162464924192,287.06144708906083
12/16/2025,4:00:00 PM,Northern California,Steamer Lane Middle Peak,3-4,3-4,,,Surfline Cam,Garrett,,21,2025-12-16 16:00:00-08:00,3.5,3.5,SC149,36.95054306508662,-122.02346205711366,1.6572671125864982,10.0,209.6017608642578,9.356635093688965,9.876543045043945,13.33333280351429,291.4375,283.0,290.21262091074504,0.211,1.8427328874135018,2.1119106107992134,2.1119106107992134,9.586014589904803,290.21262091074504
12/16/2025,4:00:00 PM,Northern California,Steamer Lane Point,2-3,3-4,,,Surfline Cam,Garrett,,20,2025-12-16 16:00:00-08:00,2.5,3.5,SC149,36.95072345524198,-122.02609062194826,1.6572671125864982,10.0,209.6017608642578,9.356635093688965,9.876543045043945,13.33333280351429,291.4375,283.0,290.21262091074504,0.211,0.8427328874135018,1.5085075791422953,2.1119106107992134,9.586014589904803,290.21262091074504
12/16/2025,4:00:00 PM,Northern California,Steamer Lane Indicators,1-2,,,,Surfline Cam,Garrett,,22,2025-12-16 16:00:00-08:00,1.5,,SC148,36.95383582150793,-122.02346205711366,2.072599056816101,10.0,225.95144653320312,9.143030166625977,9.876543045043945,13.33333280351429,291.4375,283.0,290.21262091074504,0.211,-0.572599056816101,0.7237289793542028,,9.586014589904803,290.21262091074504
12/17/2025,7:20:00 AM,Northern California,Santa Maria,2-3,,,,Standing on Shore,Garrett,,44,2025-12-17 07:20:00-08:00,2.5,,SC125,36.95972130832453,-121.9879335165024,3.2050460820412634,12.30012321472168,227.6357879638672,9.765207290649414,11.11111068725586,14.28571422489322,280.1875,268.9375,280.75792699674423,5.562,-0.7050460820412634,0.7800199859865271,,10.153287524390407,280.75792699674423
12/17/2025,7:25:00 AM,Northern California,26th Ave,3-4,2-3,,,Standing on Shore,Garrett,,24,2025-12-17 07:25:00-08:00,3.5,2.5,SC121,36.9562363298356,-121.98080420494081,3.2050460820412634,12.30012321472168,227.6357879638672,9.765207290649414,11.11111068725586,14.28571422489322,280.1875,268.9375,280.75792699674423,5.562,0.2949539179587366,1.092027980381138,0.7800199859865271,10.153287524390407,280.75792699674423
12/17/2025,7:25:00 AM,Northern California,Wind and Sea,0,,,,Standing on Shore,Garrett,,25,2025-12-17 07:25:00-08:00,0.0,,SC119,36.955064,-121.977397,3.501615376648903,12.30012321472168,227.03602600097656,10.020503997802734,11.11111068725586,14.28571422489322,280.1875,268.9375,280.75792699674423,5.562,-3.501615376648903,0.0,,10.153287524390407,280.75792699674423
12/17/2025,7:25:00 AM,Northern California,Pleasure Point Rockview,0,3-4,,,Standing on Shore,Garrett,,26,2025-12-17 07:25:00-08:00,0.0,3.5,SC118,36.953994,-121.974802,3.505788484129906,12.30012321472168,221.36924743652344,9.951770782470703,11.11111068725586,14.28571422489322,280.1875,268.9375,280.75792699674423,5.562,-3.505788484129906,0.0,0.9983488781037106,10.153287524390407,280.75792699674423
12/17/2025,7:35:00 AM,Northern California,Pleasure Point Sewers,4-5,3-4,,,Standing on Shore,Garrett,,27,2025-12-17 07:35:00-08:00,4.5,3.5,SC117,36.95359559940877,-121.97298824787141,2.654122562060356,11.11111068725586,216.07015991210938,9.284743309020996,11.11111068725586,14.28571422489322,280.1875,268.9375,280.75792699674423,5.725,1.8458774379396439,1.695475583654553,1.318703231731319,10.153287524390407,280.75792699674423
12/17/2025,7:35:00 AM,Northern California,Pleasure Point First Peak,3-5,3-4,,,Standing on Shore,Garrett,,28,2025-12-17 07:35:00-08:00,4.0,3.5,SC117,36.95385698447019,-121.97144329547884,2.654122562060356,11.11111068725586,216.07015991210938,9.284743309020996,11.11111068725586,14.28571422489322,280.1875,268.9375,280.75792699674423,5.725,1.3458774379396439,1.507089407692936,1.318703231731319,10.153287524390407,280.75792699674423
12/17/2025,7:35:00 AM,Northern California,Steamer Lane Middle Peak,0,4-5,,,Surfline Cam,Garrett,,21,2025-12-17 07:35:00-08:00,0.0,4.5,SC149,36.95054306508662,-122.02346205711366,2.6388074140477182,12.30012321472168,203.662109375,10.302011489868164,11.11111068725586,14.28571422489322,280.1875,268.9375,280.75792699674423,5.725,-2.6388074140477182,0.0,1.705315808968932,10.153287524390407,280.75792699674423
12/17/2025,7:35:00 AM,Northern California,Steamer Lane Point,3-4,4-5,,,Surfline Cam,Garrett,,20,2025-12-17 07:35:00-08:00,3.5,4.5,SC149,36.95072345524198,-122.02609062194826,2.6388074140477182,12.30012321472168,203.662109375,10.302011489868164,11.11111068725586,14.28571422489322,280.1875,268.9375,280.75792699674423,5.725,0.8611925859522818,1.3263567403091694,1.705315808968932,10.153287524390407,280.75792699674423
12/17/2025,7:35:00 AM,Northern California,Steamer Lane Indicators,1-2,,,,Surfline Cam,Garrett,,22,2025-12-17 07:35:00-08:00,1.5,,SC148,36.95383582150793,-122.02346205711366,3.19930346375227,12.30012321472168,225.40565490722656,10.019888877868652,11.11111068725586,14.28571422489322,280.1875,268.9375,280.75792699674423,5.725,-1.69930346375227,0.46885205389073675,,10.153287524390407,280.75792699674423
12/17/2025,7:35:00 AM,Northern California,Cowells,0,0-1,,,Surfline Cam,Garrett,flat on high tide,23,2025-12-17 07:35:00-08:00,0.0,0.5,SC145,36.95844832786912,-122.02330112457277,2.946800541496277,12.30012321472168,225.8572998046875,9.709088325500488,11.11111068725586,14.28571422489322,280.1875,268.9375,280.75792699674423,5.725,-2.946800541496277,0.0,0.16967554911134855,10.153287524390407,280.75792699674423
12/17/2025,4:00:00 PM,Northern California,Steamer Lane Middle Peak,4-5,4-5,,,Surfline Cam,Garrett,,21,2025-12-17 16:00:00-08:00,4.5,4.5,SC149,36.95054306508662,-122.02346205711366,2.9040932645988464,13.333333015441895,203.95687866210938,10.558903694152832,13.333333015441895,9.876543180805538,277.375,271.75,277.2419927955896,-0.253,1.5959067354011536,1.549537012070307,1.549537012070307,10.402528253972696,277.2419927955896
12/17/2025,4:00:00 PM,Northern California,Steamer Lane Point,3-4,4-5,,,Surfline Cam,Garrett,,20,2025-12-17 16:00:00-08:00,3.5,4.5,SC149,36.95072345524198,-122.02609062194826,2.9040932645988464,13.333333015441895,203.95687866210938,10.558903694152832,13.333333015441895,9.876543180805538,277.375,271.75,277.2419927955896,-0.253,0.5959067354011536,1.205195453832461,1.549537012070307,10.402528253972696,277.2419927955896
12/17/2025,4:00:00 PM,Northern California,Steamer Lane Indicators,2-4,,,,Surfline Cam,Garrett,,22,2025-12-17 16:00:00-08:00,3.0,,SC148,36.95383582150793,-122.02346205711366,2.9396634326052666,12.30012321472168,224.38328552246094,9.77176570892334,13.333333015441895,9.876543180805538,277.375,271.75,277.2419927955896,-0.253,0.060336567394733365,1.0205249916454757,,10.402528253972696,277.2419927955896
12/17/2025,4:00:00 PM,Northern California,Mitchell's,3-4,2-3,,,Surfline Cam,Garrett,,19,2025-12-17 16:00:00-08:00,3.5,2.5,SC158,36.951271,-122.04178,3.908835965433121,12.30012321472168,233.53326416015625,10.556610107421875,13.333333015441895,9.876543180805538,277.375,271.75,277.2419927955896,-0.253,-0.40883596543312084,0.8954072340081379,0.6395765957200985,10.402528253972696,277.2419927955896
12/17/2025,4:00:00 PM,Northern California,Cowells,1-2,0-1,,,Surfline Cam,Garrett,,23,2025-12-17 16:00:00-08:00,1.5,0.5,SC145,36.95844832786912,-122.02330112457277,2.662416955397129,12.30012321472168,223.8233642578125,9.493518829345703,13.333333015441895,9.876543180805538,277.375,271.75,277.2419927955896,-0.253,-1.1624169553971289,0.5633978543290409,0.18779928477634694,10.402528253972696,277.2419927955896
12/17/2025,4:00:00 PM,Northern California,Capitola,1-3,0-1,,,Surfline Cam,Garrett,,33,2025-12-17 16:00:00-08:00,2.0,0.5,SC101,36.9716260648133,-121.94900125265124,2.291435913574696,14.285714149475098,218.28652954101562,9.709970474243164,13.333333015441895,9.876543180805538,277.375,271.75,277.2419927955896,-0.253,-0.2914359135746958,0.8728151584566689,0.21820378961416723,10.402528253972696,277.2419927955896
12/17/2025,4:00:00 PM,Northern California,The Hook,3-4,1-2,,,Surfline Cam,Garrett,,32,2025-12-17 16:00:00-08:00,3.5,1.5,SC112,36.95965277904864,-121.96402966976167,2.170674513645172,14.285714149475098,209.98187255859375,9.485953330993652,13.333333015441895,9.876543180805538,277.375,271.75,277.2419927955896,-0.253,1.3293254863548278,1.612402033560765,0.6910294429546135,10.402528253972696,277.2419927955896
12/17/2025,7:00:00 AM,Northern California,The Hook,0,1-2,,,Surfline Cam,Garrett,,32,2025-12-17 07:00:00-08:00,0.0,1.5,SC112,36.95965277904864,-121.96402966976167,2.1319531997179983,12.30012321472168,211.256591796875,9.126836776733398,11.764705657958984,9.090909140169128,283.0,283.0,280.9605429136709,5.562,-2.1319531997179983,0.0,0.7035801724908458,10.285112496831008,280.9605429136709
12/17/2025,11:00:00 AM,Northern California,The Hook,1-2,1-2,,,Surfline Cam,Garrett,,32,2025-12-17 11:00:00-08:00,1.5,1.5,SC112,36.95965277904864,-121.96402966976167,2.1699173312568663,12.30012321472168,212.82421875,9.50808334350586,11.764705657958984,9.090909140169128,281.59375,284.40625,280.4855704849395,3.626,-0.6699173312568663,0.6912705744099317,0.6912705744099317,10.405532483907859,280.4855704849395
12/17/2025,12:30:00 PM,Northern California,The Hook,2-4,1-2,,,Surfline Cam,Garrett,,32,2025-12-17 12:30:00-08:00,3.0,1.5,SC112,36.95965277904864,-121.96402966976167,2.19087125875473,12.30012321472168,212.64260864257812,9.654837608337402,12.5,7.692307974459867,281.59375,283.0,280.18477750167676,2.375,0.8091287412452699,1.3693182509067972,0.6846591254533986,10.538786316040214,280.18477750167676
12/18/2025,9:50:00 AM,Northern California,Ocean Beach Central,4-6,4-6,E,2.0,Visual ,Dean,,3,2025-12-18 09:50:00-08:00,5.0,5.0,SF026,37.745319,-122.514099,6.952708384208679,12.30012321472168,265.43707275390625,9.636800765991211,10.526315689086914,3.7037035565317473,282.09893798828125,281.1318664550781,279.05108135882233,6.053,-1.9527083842086794,0.7191442131179033,0.7191442131179033,9.534735637553482,279.05108135882233
12/18/2025,9:50:00 AM,Northern California,Ocean Beach North,3-5,4-5,E,2.0,Visual ,Dean,,2,2025-12-18 09:50:00-08:00,4.0,4.5,SF036,37.764885,-122.516658,5.235070251545906,11.11111068725586,276.1395568847656,9.45434284210205,10.526315689086914,3.7037035565317473,282.09893798828125,281.1318664550781,279.05108135882233,6.053,-1.2350702515459062,0.7640776164978508,0.8595873185600821,9.534735637553482,279.05108135882233
12/18/2025,2:00:00 PM,Northern California,Ocean Beach Central,5-7,4-6,NW,3.0,Visual ,Dean,,3,2025-12-18 14:00:00-08:00,6.0,5.0,SF026,37.745319,-122.514099,6.929143429012298,11.11111068725586,267.0249938964844,9.88081169128418,10.526315689086914,5.555555334797621,285.0,275.49688720703125,280.1096508912592,1.476,-0.9291434290122984,0.865907894889002,0.7215899124075017,9.710840980976176,280.1096508912592
12/18/2025,2:00:00 PM,Northern California,Ocean Beach North,4-5,4-5,NW,3.0,Visual ,Dean,,2,2025-12-18 14:00:00-08:00,4.5,4.5,SF036,37.764885,-122.516658,5.124198177690506,11.11111068725586,280.1961669921875,9.783796310424805,10.526315689086914,5.555555334797621,285.0,275.49688720703125,280.1096508912592,1.476,-0.6241981776905057,0.8781861754668057,0.8781861754668057,9.710840980976176,280.1096508912592
12/23/2025,9:00:00 AM,Northern California,Pleasure Point First Peak,1-3,2-3,,,Surfline Cam,Garrett,,28,2025-12-23 09:00:00-08:00,2.0,2.5,SC117,36.95385698447019,-121.97144329547884,2.08956858577013,10.0,215.81427001953125,5.661282539367676,10.526315689086914,9.090909140169128,305.5,273.15625,273.6012403763907,4.52,-0.08956858577013005,0.9571353692910163,1.1964192116137704,7.927272857295274,273.6012403763907
12/23/2025,9:00:00 AM,Northern California,Pleasure Point Sewers,1-3,2-3,,,Surfline Cam,Garrett,,27,2025-12-23 09:00:00-08:00,2.0,2.5,SC117,36.95359559940877,-121.97298824787141,2.08956858577013,10.0,215.81427001953125,5.661282539367676,10.526315689086914,9.090909140169128,305.5,273.15625,273.6012403763907,4.52,-0.08956858577013005,0.9571353692910163,1.1964192116137704,7.927272857295274,273.6012403763907
12/23/2025,4:30:00 PM,Northern California,Pleasure Point First Peak,2-3,2-3,,,Surfline Cam,Garrett,,28,2025-12-23 16:30:00-08:00,2.5,2.5,SC117,36.95385698447019,-121.97144329547884,3.0422927391958234,5.55555534362793,210.85263061523438,5.215959072113037,10.526315689086914,12.50000027939678,299.875,294.25,264.89685929412803,1.626,-0.5422927391958234,0.8217486659948546,0.8217486659948546,7.940682432303488,264.89685929412803
12/23/2025,4:30:00 PM,Northern California,Pleasure Point Sewers,2-3,2-3,,,Surfline Cam,Garrett,,27,2025-12-23 16:30:00-08:00,2.5,2.5,SC117,36.95359559940877,-121.97298824787141,3.0422927391958234,5.55555534362793,210.85263061523438,5.215959072113037,10.526315689086914,12.50000027939678,299.875,294.25,264.89685929412803,1.626,-0.5422927391958234,0.8217486659948546,0.8217486659948546,7.940682432303488,264.89685929412803
12/24/2025,7:30:00 AM,Northern California,Pleasure Point First Peak,5-7,6-8,,,Surfline Cam,Garrett,,28,2025-12-24 07:30:00-08:00,6.0,7.0,SC117,36.95385698447019,-121.97144329547884,5.8038792721509935,9.090909004211426,198.146240234375,5.9512176513671875,10.526315689086914,9.090909140169128,243.625,218.3125,243.965047823311,3.196,0.19612072784900647,1.033791317608907,1.2060898705437249,9.079298430621762,243.965047823311
12/24/2025,7:30:00 AM,Northern California,Pleasure Point Sewers,6-7,6-8,,,Surfline Cam,Garrett,,27,2025-12-24 07:30:00-08:00,6.5,7.0,SC117,36.95359559940877,-121.97298824787141,5.8038792721509935,9.090909004211426,198.146240234375,5.9512176513671875,10.526315689086914,9.090909140169128,243.625,218.3125,243.965047823311,3.196,0.6961207278490065,1.119940594076316,1.2060898705437249,9.079298430621762,243.965047823311
12/24/2025,7:30:00 AM,Northern California,Capitola,2-4,2-3,,,Surfline Cam,Garrett,,33,2025-12-24 07:30:00-08:00,3.0,2.5,SC101,36.9716260648133,-121.94900125265124,5.517800043363571,9.090909004211426,205.66348266601562,5.973049163818359,10.526315689086914,9.090909140169128,243.625,218.3125,243.965047823311,3.196,-2.5178000433635708,0.5436949466134049,0.4530791221778374,9.079298430621762,243.965047823311
12/24/2025,8:30:00 AM,Northern California,Mitchell's,6-8,6-8,,,Surfline Cam,Garrett,,19,2025-12-24 08:30:00-08:00,7.0,7.0,SC158,36.951271,-122.04178,6.656176831388473,9.090909004211426,197.85137939453125,6.829785346984863,11.764705657958984,10.526315921561542,267.53125,254.875,260.89840318039506,3.44,0.34382316861152695,1.0516547527689113,1.0516547527689113,10.15318554325777,260.89840318039506
12/26/2025,4:00:00 PM,Northern California,Asilomar Roadsides,8-10,,,,Standing on Shore,Garrett,,45,2025-12-26 16:00:00-08:00,9.0,,MO699,36.619997,-121.943606,14.071305417366029,12.30012321472168,286.1910705566406,10.454985618591309,11.11111068725586,13.33333280351429,285.8125,278.78125,275.61833036971393,3.394,-5.071305417366029,0.6395995064461252,,10.326775227724351,275.61833036971393
12/26/2025,4:00:00 PM,Northern California,Asilomar Middles,8-10,,,,Standing on Shore,Garrett,,46,2025-12-26 16:00:00-08:00,9.0,,MO697,36.617716,-121.9444,14.071305417366029,12.30012321472168,286.1910705566406,10.454985618591309,11.11111068725586,13.33333280351429,285.8125,278.78125,275.61833036971393,3.394,-5.071305417366029,0.6395995064461252,,10.326775227724351,275.61833036971393
12/26/2025,4:00:00 PM,Northern California,Asilomar Reef,8-10,,,,Standing on Shore,Garrett,,47,2025-12-26 16:00:00-08:00,9.0,,MO696,36.61666,-121.947413,13.206008647880553,12.30012321472168,284.9361877441406,10.249306678771973,11.11111068725586,13.33333280351429,285.8125,278.78125,275.61833036971393,3.394,-4.206008647880553,0.6815079589883821,,10.326775227724351,275.61833036971393
12/27/2025,7:00:00 AM,Northern California,Blacks,2-3,0-1,,,Standing on Shore,Garrett,,43,2025-12-27 07:00:00-08:00,2.5,0.5,SC128,36.959195,-121.992979,3.4758829086446763,12.30012321472168,226.48519897460938,7.9835686683654785,12.5,10.526315921561542,302.6875,295.65625,294.08949427028085,3.547,-0.9758829086446763,0.7192417195016518,0.14384834390033036,9.766763775086865,294.08949427028085
12/27/2025,7:00:00 AM,Northern California,Santa Maria,2-3,,,,Standing on Shore,Garrett,,44,2025-12-27 07:00:00-08:00,2.5,,SC125,36.95972130832453,-121.9879335165024,3.7708727192258835,12.30012321472168,228.1082000732422,8.073596954345703,12.5,10.526315921561542,302.6875,295.65625,294.08949427028085,3.547,-1.2708727192258835,0.6629765007059748,,9.766763775086865,294.08949427028085
12/27/2025,7:00:00 AM,Northern California,26th Ave,4-5,4-6,,,Standing on Shore,Garrett,,24,2025-12-27 07:00:00-08:00,4.5,5.0,SC121,36.9562363298356,-121.98080420494081,3.7708727192258835,12.30012321472168,228.1082000732422,8.073596954345703,12.5,10.526315921561542,302.6875,295.65625,294.08949427028085,3.547,0.7291272807741165,1.1933577012707546,1.3259530014119496,9.766763775086865,294.08949427028085
12/27/2025,7:30:00 AM,Northern California,Pleasure Point Second Peak,3-4,4-6,,,Surfline Cam,Garrett,,29,2025-12-27 07:30:00-08:00,3.5,5.0,SC116,36.95534464417764,-121.9701397418976,3.0338393610239027,11.11111068725586,212.47154235839844,7.494479179382324,10.526315689086914,13.33333280351429,299.875,297.0625,296.4295999465535,3.547,0.4661606389760973,1.153653698664774,1.6480767123782485,10.02687474211969,296.4295999465535
12/27/2025,7:30:00 AM,Northern California,Pleasure Point First Peak,3-5,4-6,,,Surfline Cam,Garrett,,28,2025-12-27 07:30:00-08:00,4.0,5.0,SC117,36.95385698447019,-121.97144329547884,3.3694936987018584,11.11111068725586,216.9927215576172,7.722156524658203,10.526315689086914,13.33333280351429,299.875,297.0625,296.4295999465535,3.547,0.6305063012981416,1.187121970740308,1.483902463425385,10.02687474211969,296.4295999465535
12/27/2025,7:30:00 AM,Northern California,Pleasure Point Sewers,5-6,4-6,,,Surfline Cam,Garrett,,27,2025-12-27 07:30:00-08:00,5.5,5.0,SC117,36.95359559940877,-121.97298824787141,3.3694936987018584,11.11111068725586,216.9927215576172,7.722156524658203,10.526315689086914,13.33333280351429,299.875,297.0625,296.4295999465535,3.547,2.1305063012981416,1.6322927097679236,1.483902463425385,10.02687474211969,296.4295999465535
12/27/2025,7:35:00 AM,Northern California,Steamer Lane Middle Peak,4-5,6-8,,,Surfline Cam,Garrett,,21,2025-12-27 07:35:00-08:00,4.5,7.0,SC149,36.95054306508662,-122.02346205711366,2.8250740860176085,12.30012321472168,203.24765014648438,7.769378185272217,10.526315689086914,13.33333280351429,299.875,297.0625,296.4295999465535,2.905,1.6749259139823915,1.5928785805201542,2.4778111252535733,10.02687474211969,296.4295999465535
12/27/2025,7:35:00 AM,Northern California,Steamer Lane Point,4-5,6-8,,,Surfline Cam,Garrett,,20,2025-12-27 07:35:00-08:00,4.5,7.0,SC149,36.95072345524198,-122.02609062194826,2.8250740860176085,12.30012321472168,203.24765014648438,7.769378185272217,10.526315689086914,13.33333280351429,299.875,297.0625,296.4295999465535,2.905,1.6749259139823915,1.5928785805201542,2.4778111252535733,10.02687474211969,296.4295999465535
12/27/2025,7:35:00 AM,Northern California,Steamer Lane Indicators,2-3,,,,Surfline Cam,Garrett,,22,2025-12-27 07:35:00-08:00,2.5,,SC148,36.95383582150793,-122.02346205711366,3.4273285879945754,12.30012321472168,221.15853881835938,8.052238464355469,10.526315689086914,13.33333280351429,299.875,297.0625,296.4295999465535,2.905,-0.9273285879945754,0.7294310819094294,,10.02687474211969,296.4295999465535
12/27/2025,7:35:00 AM,Northern California,Mitchell's,1-3,4-6,,,Surfline Cam,Garrett,,19,2025-12-27 07:35:00-08:00,2.0,5.0,SC158,36.951271,-122.04178,3.744307585258484,13.333333015441895,232.17987060546875,8.086185455322266,10.526315689086914,13.33333280351429,299.875,297.0625,296.4295999465535,2.905,-1.744307585258484,0.534144152012002,1.3353603800300051,10.02687474211969,296.4295999465535
12/28/2025,7:30:00 AM,Northern California,26th Ave,1-2,2-3,,,Surfline Cam,Garrett,,24,2025-12-28 07:30:00-08:00,1.5,2.5,SC121,36.9562363298356,-121.98080420494081,1.44952780798316,10.0,222.6522979736328,7.694581031799316,9.876543045043945,6.666666401757145,308.3125,299.875,305.22107047021285,4.208,0.050472192016840056,1.0348197473265903,1.7246995788776507,8.372884190020498,305.22107047021285
12/28/2025,7:30:00 AM,Northern California,Pleasure Point Second Peak,0-1,1-2,,,Surfline Cam,Garrett,,29,2025-12-28 07:30:00-08:00,0.5,1.5,SC116,36.95534464417764,-121.9701397418976,1.2721832554519177,10.0,212.16941833496094,7.612459659576416,9.876543045043945,6.666666401757145,308.3125,299.875,305.22107047021285,4.208,-0.7721832554519177,0.3930251383652939,1.1790754150958818,8.372884190020498,305.22107047021285
12/28/2025,7:30:00 AM,Northern California,Pleasure Point First Peak,1,1-2,,,Surfline Cam,Garrett,,28,2025-12-28 07:30:00-08:00,1.0,1.5,SC117,36.95385698447019,-121.97144329547884,1.4062528398478031,10.0,218.71949768066406,7.767271518707275,9.876543045043945,6.666666401757145,308.3125,299.875,305.22107047021285,4.208,-0.40625283984780314,0.7111096750625788,1.0666645125938683,8.372884190020498,305.22107047021285
12/28/2025,7:30:00 AM,Northern California,Pleasure Point Sewers,1,1-2,,,Surfline Cam,Garrett,,27,2025-12-28 07:30:00-08:00,1.0,1.5,SC117,36.95359559940877,-121.97298824787141,1.4062528398478031,10.0,218.71949768066406,7.767271518707275,9.876543045043945,6.666666401757145,308.3125,299.875,305.22107047021285,4.208,-0.40625283984780314,0.7111096750625788,1.0666645125938683,8.372884190020498,305.22107047021285
12/28/2025,7:35:00 AM,Northern California,Steamer Lane Middle Peak,0,2-3,,,Surfline Cam,Garrett,,21,2025-12-28 07:35:00-08:00,0.0,2.5,SC149,36.95054306508662,-122.02346205711366,1.110369546226263,10.0,209.0464630126953,7.535801887512207,9.876543045043945,6.666666401757145,308.3125,299.875,305.22107047021285,3.359,-1.110369546226263,0.0,2.2515026717875855,8.372884190020498,305.22107047021285
12/28/2025,7:35:00 AM,Northern California,Steamer Lane Point,1-2,2-3,,,Surfline Cam,Garrett,,20,2025-12-28 07:35:00-08:00,1.5,2.5,SC149,36.95072345524198,-122.02609062194826,1.110369546226263,10.0,209.0464630126953,7.535801887512207,9.876543045043945,6.666666401757145,308.3125,299.875,305.22107047021285,3.359,0.38963045377373695,1.3509016030725511,2.2515026717875855,8.372884190020498,305.22107047021285
12/28/2025,7:35:00 AM,Northern California,Steamer Lane Indicators,0-1,,,,Surfline Cam,Garrett,,22,2025-12-28 07:35:00-08:00,0.5,,SC148,36.95383582150793,-122.02346205711366,1.343405919405222,10.0,218.0697479248047,7.714999675750732,9.876543045043945,6.666666401757145,308.3125,299.875,305.22107047021285,3.359,-0.8434059194052219,0.372188325790145,,8.372884190020498,305.22107047021285
12/28/2025,7:35:00 AM,Northern California,Mitchell's,0,,,,Surfline Cam,Garrett,,19,2025-12-28 07:35:00-08:00,0.0,,SC158,36.951271,-122.04178,1.3986835581576824,10.0,221.45045471191406,7.531038761138916,9.876543045043945,6.666666401757145,308.3125,299.875,305.22107047021285,3.359,-1.3986835581576824,0.0,,8.372884190020498,305.22107047021285
12/28/2025,4:00:00 PM,Northern California,26th Ave,1-2,1-2,,,Surfline Cam,Garrett,,24,2025-12-28 16:00:00-08:00,1.5,1.5,SC121,36.9562363298356,-121.98080420494081,1.3283441106963159,12.30012321472168,221.46351623535156,6.873906135559082,10.526315689086914,6.25000013969839,304.09375,299.875,301.34440534833647,2.9,0.17165588930368414,1.1292254679502456,1.1292254679502456,8.188972791548858,301.34440534833647
12/28/2025,4:00:00 PM,Northern California,Pleasure Point Second Peak,0-1,1-2,,,Surfline Cam,Garrett,,29,2025-12-28 16:00:00-08:00,0.5,1.5,SC116,36.95534464417764,-121.9701397418976,1.141390655527115,12.30012321472168,201.19808959960938,6.609673500061035,10.526315689086914,6.25000013969839,304.09375,299.875,301.34440534833647,2.9,-0.6413906555271149,0.4380621109685631,1.3141863329056893,8.188972791548858,301.34440534833647
12/28/2025,4:00:00 PM,Northern California,Pleasure Point First Peak,1,1-2,,,Surfline Cam,Garrett,,28,2025-12-28 16:00:00-08:00,1.0,1.5,SC117,36.95385698447019,-121.97144329547884,1.2602601750290394,11.11111068725586,212.39694213867188,6.80251932144165,10.526315689086914,6.25000013969839,304.09375,299.875,301.34440534833647,2.9,-0.2602601750290394,0.7934869480240123,1.1902304220360185,8.188972791548858,301.34440534833647
12/28/2025,4:00:00 PM,Northern California,Pleasure Point Sewers,1-2,1-2,,,Surfline Cam,Garrett,,27,2025-12-28 16:00:00-08:00,1.5,1.5,SC117,36.95359559940877,-121.97298824787141,1.2602601750290394,11.11111068725586,212.39694213867188,6.80251932144165,10.526315689086914,6.25000013969839,304.09375,299.875,301.34440534833647,2.9,0.23973982497096058,1.1902304220360185,1.1902304220360185,8.188972791548858,301.34440534833647
12/28/2025,4:00:00 PM,Northern California,Steamer Lane Middle Peak,0,1-2,,,Surfline Cam,Garrett,,21,2025-12-28 16:00:00-08:00,0.0,1.5,SC149,36.95054306508662,-122.02346205711366,1.0205354877889157,12.30012321472168,200.2615509033203,6.694869041442871,10.526315689086914,6.25000013969839,304.09375,299.875,301.34440534833647,2.9,-1.0205354877889157,0.0,1.4698165991756822,8.188972791548858,301.34440534833647
12/28/2025,4:00:00 PM,Northern California,Steamer Lane Point,1-2,1-2,,,Surfline Cam,Garrett,,20,2025-12-28 16:00:00-08:00,1.5,1.5,SC149,36.95072345524198,-122.02609062194826,1.0205354877889157,12.30012321472168,200.2615509033203,6.694869041442871,10.526315689086914,6.25000013969839,304.09375,299.875,301.34440534833647,2.9,0.4794645122110843,1.4698165991756822,1.4698165991756822,8.188972791548858,301.34440534833647
12/28/2025,4:00:00 PM,Northern California,Steamer Lane Indicators,0-1,,,,Surfline Cam,Garrett,,22,2025-12-28 16:00:00-08:00,0.5,,SC148,36.95383582150793,-122.02346205711366,1.2304897268760204,12.30012321472168,215.3367919921875,6.937299728393555,10.526315689086914,6.25000013969839,304.09375,299.875,301.34440534833647,2.9,-0.7304897268760204,0.4063422790772947,,8.188972791548858,301.34440534833647
12/28/2025,4:00:00 PM,Northern California,Mitchell's,0,1-2,,,Surfline Cam,Garrett,,19,2025-12-28 16:00:00-08:00,0.0,1.5,SC158,36.951271,-122.04178,1.3098091775536538,12.30012321472168,223.58822631835938,6.749373912811279,10.526315689086914,6.25000013969839,304.09375,299.875,301.34440534833647,2.9,-1.3098091775536538,0.0,1.1452049853563921,8.188972791548858,301.34440534833647
12/29/2025,7:30:00 AM,Northern California,26th Ave,1,0-1,,,Surfline Cam,Garrett,,24,2025-12-29 07:30:00-08:00,1.0,0.5,SC121,36.9562363298356,-121.98080420494081,0.9678969386339188,11.11111068725586,222.15420532226562,7.666988372802734,9.876543045043945,3.571428556223305,312.53125,74.875,348.7442712768992,5.063,0.03210306136608121,1.033167850919532,0.516583925459766,6.460351081623739,348.7442712768992
12/29/2025,7:30:00 AM,Northern California,Pleasure Point Second Peak,0,0-1,,,Surfline Cam,Garrett,,29,2025-12-29 07:30:00-08:00,0.0,0.5,SC116,36.95534464417764,-121.9701397418976,0.8333441420269012,11.11111068725586,208.02801513671875,7.534486770629883,9.876543045043945,3.571428556223305,312.53125,74.875,348.7442712768992,5.063,-0.8333441420269012,0.0,0.5999922178415691,6.460351081623739,348.7442712768992
12/29/2025,7:30:00 AM,Northern California,Pleasure Point First Peak,0,0-1,,,Surfline Cam,Garrett,,28,2025-12-29 07:30:00-08:00,0.0,0.5,SC117,36.95385698447019,-121.97144329547884,0.921090571180582,11.11111068725586,213.56015014648438,7.72552490234375,9.876543045043945,3.571428556223305,312.53125,74.875,348.7442712768992,5.063,-0.921090571180582,0.0,0.5428347826415583,6.460351081623739,348.7442712768992
12/29/2025,7:30:00 AM,Northern California,Pleasure Point Sewers,0,0-1,,,Surfline Cam,Garrett,,27,2025-12-29 07:30:00-08:00,0.0,0.5,SC117,36.95359559940877,-121.97298824787141,0.921090571180582,11.11111068725586,213.56015014648438,7.72552490234375,9.876543045043945,3.571428556223305,312.53125,74.875,348.7442712768992,5.063,-0.921090571180582,0.0,0.5428347826415583,6.460351081623739,348.7442712768992
12/29/2025,7:35:00 AM,Northern California,Steamer Lane Middle Peak,0,0-1,,,Surfline Cam,Garrett,,21,2025-12-29 07:35:00-08:00,0.0,0.5,SC149,36.95054306508662,-122.02346205711366,0.7584935243123769,10.0,205.54693603515625,7.299798488616943,9.876543045043945,3.571428556223305,312.53125,74.875,348.7442712768992,4.16,-0.7584935243123769,0.0,0.6592014090737058,6.460351081623739,348.7442712768992
12/29/2025,7:35:00 AM,Northern California,Steamer Lane Point,0,0-1,,,Surfline Cam,Garrett,,20,2025-12-29 07:35:00-08:00,0.0,0.5,SC149,36.95072345524198,-122.02609062194826,0.7584935243123769,10.0,205.54693603515625,7.299798488616943,9.876543045043945,3.571428556223305,312.53125,74.875,348.7442712768992,4.16,-0.7584935243123769,0.0,0.6592014090737058,6.460351081623739,348.7442712768992
12/29/2025,7:35:00 AM,Northern California,Steamer Lane Indicators,0,,,,Surfline Cam,Garrett,,22,2025-12-29 07:35:00-08:00,0.0,,SC148,36.95383582150793,-122.02346205711366,0.9039819060516358,11.11111068725586,217.46157836914062,7.659030437469482,9.876543045043945,3.571428556223305,312.53125,74.875,348.7442712768992,4.16,-0.9039819060516358,0.0,,6.460351081623739,348.7442712768992
12/29/2025,7:35:00 AM,Northern California,Mitchell's,0,0-1,,,Surfline Cam,Garrett,,19,2025-12-29 07:35:00-08:00,0.0,0.5,SC158,36.951271,-122.04178,0.9382292537415028,11.11111068725586,220.51768493652344,7.372419834136963,9.876543045043945,3.571428556223305,312.53125,74.875,348.7442712768992,4.16,-0.9382292537415028,0.0,0.5329187914425849,6.460351081623739,348.7442712768992
12/28/2025,10:05:00 AM,Northern California,Ocean Beach Central,3-4,2-3,NE,5.0,Visual ,Dean,,3,2025-12-28 10:05:00-08:00,3.5,2.5,SF026,37.745319,-122.514099,4.955716491947174,12.30012321472168,280.7201232910156,8.749977111816406,11.764705657958984,9.876543180805538,288.16485595703125,293.0063781738281,287.5385387959578,2.278,-1.4557164919471743,0.7062550905983724,0.5044679218559803,8.098747637944236,287.5385387959578
12/28/2025,10:05:00 AM,Northern California,Ocean Beach North,2-3,2-3,NE,5.0,Visual ,Dean,,2,2025-12-28 10:05:00-08:00,2.5,2.5,SF036,37.764885,-122.516658,3.358492652101517,12.30012321472168,286.1819763183594,7.870627403259277,11.764705657958984,9.876543180805538,288.16485595703125,293.0063781738281,287.5385387959578,2.278,-0.8584926521015168,0.7443815601131863,0.7443815601131863,8.098747637944236,287.5385387959578
12/29/2025,11:35:00 AM,Northern California,Ocean Beach Central,2-3,2-3,NE,5.0,Visual ,Dean,,3,2025-12-29 11:35:00-08:00,2.5,2.5,SF026,37.745319,-122.514099,2.4676478213763238,10.0,291.6130676269531,8.18382453918457,9.876543045043945,8.333333519597852,289.79962158203125,288.7335205078125,277.31876116427657,0.798,0.03235217862367623,1.013110533173908,1.013110533173908,7.151933613866871,277.31876116427657
12/29/2025,11:35:00 AM,Northern California,Ocean Beach North,1-2,1-2,NE,5.0,Visual ,Dean,,2,2025-12-29 11:35:00-08:00,1.5,1.5,SF036,37.764885,-122.516658,1.8577428830885887,10.0,286.50592041015625,8.157455444335938,9.876543045043945,8.333333519597852,289.79962158203125,288.7335205078125,277.31876116427657,0.798,-0.3577428830885887,0.8074314339485863,0.8074314339485863,7.151933613866871,277.31876116427657
12/30/2025,10:45:00 AM,Northern California,Ocean Beach Central,1-2,1-2,NE,7.0,Visual ,Dean,,3,2025-12-30 10:45:00-08:00,1.5,1.5,SF026,37.745319,-122.514099,2.0801693162727357,11.11111068725586,269.7123718261719,9.637497901916504,11.11111068725586,13.33333280351429,287.813232421875,273.3956298828125,333.25288343032975,2.46,-0.5801693162727357,0.7210951475275639,0.7210951475275639,6.029776971189454,333.25288343032975
12/30/2025,10:45:00 AM,Northern California,Ocean Beach North,0-1,1-2,NE,7.0,Visual ,Dean,,2,2025-12-30 10:45:00-08:00,0.5,1.5,SF036,37.764885,-122.516658,1.6895877713608742,10.0,287.52911376953125,9.628801345825195,11.11111068725586,13.33333280351429,287.813232421875,273.3956298828125,333.25288343032975,2.46,-1.1895877713608742,0.29593017212552164,0.8877905163765649,6.029776971189454,333.25288343032975
1/4/2026,3:00:00 PM,Northern California,26th Ave,5-7,6-8,,,Surfline Cam,Garrett,,24,2026-01-04 15:00:00-08:00,6.0,7.0,SC121,36.9562363298356,-121.98080420494081,5.316605418920517,13.333333015441895,228.75816345214844,7.7774200439453125,9.876543045043945,11.764705758606276,275.96875,285.8125,277.1997786893011,0.681,0.683394581079483,1.1285396464908692,1.3166295875726808,9.9497256414693,277.1997786893011
1/4/2026,3:00:00 PM,Northern California,Mitchell's,5-6,5-7,,,Surfline Cam,Garrett,,19,2026-01-04 15:00:00-08:00,5.5,6.0,SC158,36.951271,-122.04178,5.767326057691574,13.333333015441895,234.38075256347656,8.27896785736084,9.876543045043945,11.764705758606276,275.96875,285.8125,277.1997786893011,0.681,-0.2673260576915739,0.9536481802801742,1.0403434693965536,9.9497256414693,277.1997786893011
1/4/2026,3:00:00 PM,Northern California,Steamer Lane Middle Peak,4-6,8-12,,,Surfline Cam,Garrett,,21,2026-01-04 15:00:00-08:00,5.0,10.0,SC149,36.95054306508662,-122.02346205711366,4.426341577057839,13.333333015441895,202.5094451904297,7.427160739898682,9.876543045043945,11.764705758606276,275.96875,285.8125,277.1997786893011,0.681,0.5736584229421613,1.129601028966108,2.259202057932216,9.9497256414693,277.1997786893011
1/4/2026,3:00:00 PM,Northern California,Steamer Lane Point,4-6,8-12,,,Surfline Cam,Garrett,,20,2026-01-04 15:00:00-08:00,5.0,10.0,SC149,36.95072345524198,-122.02609062194826,4.426341577057839,13.333333015441895,202.5094451904297,7.427160739898682,9.876543045043945,11.764705758606276,275.96875,285.8125,277.1997786893011,0.681,0.5736584229421613,1.129601028966108,2.259202057932216,9.9497256414693,277.1997786893011
1/4/2026,3:00:00 PM,Northern California,Steamer Lane Indicators,3-5,,,,Surfline Cam,Garrett,,22,2026-01-04 15:00:00-08:00,4.0,,SC148,36.95383582150793,-122.02346205711366,5.163533724541664,12.30012321472168,225.01193237304688,7.825904846191406,9.876543045043945,11.764705758606276,275.96875,285.8125,277.1997786893011,0.681,-1.1635337245416641,0.7746632855303092,,9.9497256414693,277.1997786893011
1/4/2026,3:00:00 PM,Northern California,Pleasure Point First Peak,5-6,6-8,,,Surfline Cam,Garrett,,28,2026-01-04 15:00:00-08:00,5.5,7.0,SC117,36.95385698447019,-121.97144329547884,4.654738057022095,10.0,217.0363006591797,7.263103008270264,9.876543045043945,11.764705758606276,275.96875,285.8125,277.1997786893011,0.681,0.8452619429779054,1.1815917313978068,1.5038440217790268,9.9497256414693,277.1997786893011
1/4/2026,3:00:00 PM,Northern California,Pleasure Point Second Peak,4-5,6-8,,,Surfline Cam,Garrett,,29,2026-01-04 15:00:00-08:00,4.5,7.0,SC116,36.95534464417764,-121.9701397418976,4.345714950327873,10.0,213.58604431152344,7.068149566650391,9.876543045043945,11.764705758606276,275.96875,285.8125,277.1997786893011,0.681,0.15428504967212664,1.0355028002148383,1.6107821336675263,9.9497256414693,277.1997786893011
1/4/2026,3:00:00 PM,Northern California,Pleasure Point Sewers,6-7,6-8,,,Surfline Cam,Garrett,,27,2026-01-04 15:00:00-08:00,6.5,7.0,SC117,36.95359559940877,-121.97298824787141,4.654738057022095,10.0,217.0363006591797,7.263103008270264,9.876543045043945,11.764705758606276,275.96875,285.8125,277.1997786893011,0.681,1.8452619429779054,1.3964265916519536,1.5038440217790268,9.9497256414693,277.1997786893011
1/6/2026,7:30:00 AM,Northern California,Manresa,4-6,4-6,,,Surfline Cam,Garrett,,34,2026-01-06 07:30:00-08:00,5.0,5.0,SC052,36.93121,-121.863854,4.640059435009956,13.333333015441895,238.8051300048828,8.024309158325195,12.5,9.090909140169128,284.40625,278.78125,274.3355766266801,2.663,0.359940564990044,1.077572403981345,1.077572403981345,9.20806831772148,274.3355766266801
1/6/2026,7:30:00 AM,Northern California,Capitola,2-3,1-2,,,Surfline Cam,Garrett,,33,2026-01-06 07:30:00-08:00,2.5,1.5,SC101,36.9716260648133,-121.94900125265124,3.4758770420455933,7.142857074737549,216.6079864501953,6.505365371704102,12.5,9.090909140169128,284.40625,278.78125,274.3355766266801,2.663,-0.9758770420455933,0.7192429334406839,0.43154576006441037,9.20806831772148,274.3355766266801
1/6/2026,7:30:00 AM,Northern California,The Hook,3,2-3,,,Surfline Cam,Garrett,,32,2026-01-06 07:30:00-08:00,3.0,2.5,SC112,36.95965277904864,-121.96402966976167,3.4612809435272216,7.142857074737549,211.75369262695312,6.46159029006958,12.5,9.090909140169128,284.40625,278.78125,274.3355766266801,2.663,-0.4612809435272216,0.8667311463434249,0.7222759552861874,9.20806831772148,274.3355766266801
1/6/2026,7:30:00 AM,Northern California,Pleasure Point First Peak,3-4,3-4,,,Surfline Cam,Garrett,,28,2026-01-06 07:30:00-08:00,3.5,3.5,SC117,36.95385698447019,-121.97144329547884,3.8865722219133376,10.0,221.0822296142578,6.735958099365234,12.5,9.090909140169128,284.40625,278.78125,274.3355766266801,2.663,-0.3865722219133376,0.9005364625070494,0.9005364625070494,9.20806831772148,274.3355766266801
1/6/2026,7:30:00 AM,Northern California,Pleasure Point Second Peak,3-4,3-4,,,Surfline Cam,Garrett,,29,2026-01-06 07:30:00-08:00,3.5,3.5,SC116,36.95534464417764,-121.9701397418976,3.639892290353775,7.142857074737549,211.983154296875,6.570103168487549,12.5,9.090909140169128,284.40625,278.78125,274.3355766266801,2.663,-0.13989229035377493,0.9615669148440164,0.9615669148440164,9.20806831772148,274.3355766266801
1/6/2026,7:30:00 AM,Northern California,Pleasure Point Sewers,4-5,3-4,,,Surfline Cam,Garrett,,27,2026-01-06 07:30:00-08:00,4.5,3.5,SC117,36.95359559940877,-121.97298824787141,3.8865722219133376,10.0,221.0822296142578,6.735958099365234,12.5,9.090909140169128,284.40625,278.78125,274.3355766266801,2.663,0.6134277780866624,1.1578325946519206,0.9005364625070494,9.20806831772148,274.3355766266801
1/6/2026,7:30:00 AM,Northern California,26th Ave,3-4,3-4,,,Surfline Cam,Garrett,,24,2026-01-06 07:30:00-08:00,3.5,3.5,SC121,36.9562363298356,-121.98080420494081,4.337489978413582,7.142857074737549,218.92848205566406,6.907979965209961,12.5,9.090909140169128,284.40625,278.78125,274.3355766266801,2.663,-0.8374899784135819,0.8069182908591087,0.8069182908591087,9.20806831772148,274.3355766266801
1/6/2026,8:30:00 AM,Northern California,Waddell Creek Beach,3-5,4-6,,,Standing on Shore,Garrett,,11,2026-01-06 08:30:00-08:00,4.0,5.0,SC320,37.096511,-122.28278,5.296291732935906,11.11111068725586,250.71226501464844,7.226577281951904,11.764705657958984,9.090909140169128,290.03125,284.40625,280.9375798835859,2.493,-1.2962917329359058,0.755245405974393,0.9440567574679913,9.69383201473778,280.9375798835859
1/6/2026,8:30:00 AM,Northern California,Scott Creek,4-6,4-6,,,Standing on Shore,Garrett,,13,2026-01-06 08:30:00-08:00,5.0,5.0,SC281,37.041051,-122.236232,6.069832546124458,12.30012321472168,256.2334899902344,7.580031871795654,11.764705657958984,9.090909140169128,290.03125,284.40625,280.9375798835859,2.493,-1.0698325461244584,0.8237459537812887,0.8237459537812887,9.69383201473778,280.9375798835859
1/7/2026,5:00:00 PM,Northern California,Manresa,1-3,2-3,,,Surfline Cam,Garrett,,34,2026-01-07 17:00:00-08:00,2.0,2.5,SC052,36.93121,-121.863854,2.2595085124921797,12.30012321472168,239.72622680664062,6.363268852233887,10.526315689086914,5.882352879303138,294.25,290.03125,290.82901076251255,1.544,-0.25950851249217965,0.885148247480622,1.1064353093507775,7.69600253571787,290.82901076251255
1/8/2026,7:00:00 AM,Northern California,Manresa,3-5,5-7,,,Surfline Cam,Garrett,,34,2026-01-08 07:00:00-08:00,4.0,6.0,SC052,36.93121,-121.863854,3.734110653839111,16.666667938232422,238.85787963867188,8.056475639343262,9.090909004211426,6.666666401757145,292.84375,290.03125,292.7852986014263,2.511,0.2658893461608889,1.0712055348138982,1.6068083022208473,8.062942079022639,292.7852986014263
1/7/2026,5:00:00 PM,Northern California,Capitola,1,0-1,,,Surfline Cam,Garrett,,33,2026-01-07 17:00:00-08:00,1.0,0.5,SC101,36.9716260648133,-121.94900125265124,1.5653390693831444,22.22222137451172,208.12232971191406,7.5049638748168945,10.526315689086914,5.882352879303138,294.25,290.03125,290.82901076251255,1.544,-0.5653390693831444,0.6388392263115694,0.3194196131557847,7.69600253571787,290.82901076251255
1/8/2026,7:00:00 AM,Northern California,Capitola,2-3,1-2,,,Surfline Cam,Garrett,,33,2026-01-08 07:00:00-08:00,2.5,1.5,SC101,36.9716260648133,-121.94900125265124,2.7898291231536865,20.0,205.0622100830078,9.386056900024414,9.090909004211426,6.666666401757145,292.84375,290.03125,292.7852986014263,2.511,-0.2898291231536865,0.8961122311225796,0.5376673386735478,8.062942079022639,292.7852986014263
1/7/2026,5:00:00 PM,Northern California,The Hook,1-2,0-1,,,Surfline Cam,Garrett,,32,2026-01-07 17:00:00-08:00,1.5,0.5,SC112,36.95965277904864,-121.96402966976167,1.5706915588331223,13.333333015441895,199.38050842285156,7.597226142883301,10.526315689086914,5.882352879303138,294.25,290.03125,290.82901076251255,1.544,-0.07069155883312228,0.9549933540830642,0.31833111802768804,7.69600253571787,290.82901076251255
1/8/2026,7:00:00 AM,Northern California,The Hook,2,1-2,,,Surfline Cam,Garrett,,32,2026-01-08 07:00:00-08:00,2.0,1.5,SC112,36.95965277904864,-121.96402966976167,2.707198075070381,20.0,195.82167053222656,9.089488983154297,9.090909004211426,6.666666401757145,292.84375,290.03125,292.7852986014263,2.511,-0.707198075070381,0.7387712108756596,0.5540784081567447,8.062942079022639,292.7852986014263
1/7/2026,5:00:00 PM,Northern California,Pleasure Point Jacks,1-2,0-1,,,Surfline Cam,Garrett,,31,2026-01-07 17:00:00-08:00,1.5,0.5,SC113,36.95709362590695,-121.96802616119386,1.6197950909340382,13.333333015441895,195.5341339111328,7.5115814208984375,10.526315689086914,5.882352879303138,294.25,290.03125,290.82901076251255,1.544,-0.11979509093403817,0.9260430584062583,0.30868101946875276,7.69600253571787,290.82901076251255
1/8/2026,7:00:00 AM,Northern California,Pleasure Point Jacks,2-3,1-2,,,Surfline Cam,Garrett,,31,2026-01-08 07:00:00-08:00,2.5,1.5,SC113,36.95709362590695,-121.96802616119386,2.796454469051361,20.0,191.2720947265625,8.979240417480469,9.090909004211426,6.666666401757145,292.84375,290.03125,292.7852986014263,2.511,-0.2964544690513611,0.8939891665205881,0.5363934999123529,8.062942079022639,292.7852986014263
1/7/2026,5:00:00 PM,Northern California,Pleasure Point First Peak,2-4,2-3,,,Surfline Cam,Garrett,,28,2026-01-07 17:00:00-08:00,3.0,2.5,SC117,36.95385698447019,-121.97144329547884,1.878020978372097,13.333333015441895,196.17665100097656,7.272873401641846,10.526315689086914,5.882352879303138,294.25,290.03125,290.82901076251255,1.544,1.121979021627903,1.59742624525976,1.3311885377164667,7.69600253571787,290.82901076251255
1/8/2026,7:00:00 AM,Northern California,Pleasure Point First Peak,2-4,3-4,,,Surfline Cam,Garrett,,28,2026-01-08 07:00:00-08:00,3.0,3.5,SC117,36.95385698447019,-121.97144329547884,3.140651748313904,20.0,192.9559783935547,8.469831466674805,9.090909004211426,6.666666401757145,292.84375,290.03125,292.7852986014263,2.511,-0.1406517483139038,0.9552157451428945,1.114418369333377,8.062942079022639,292.7852986014263
1/7/2026,5:00:00 PM,Northern California,Pleasure Point Second Peak,2-3,2-3,,,Surfline Cam,Garrett,,29,2026-01-07 17:00:00-08:00,2.5,2.5,SC116,36.95534464417764,-121.9701397418976,1.724679811542034,13.333333015441895,195.98886108398438,7.43145751953125,10.526315689086914,5.882352879303138,294.25,290.03125,290.82901076251255,1.544,0.7753201884579659,1.4495444216771767,1.4495444216771767,7.69600253571787,290.82901076251255
1/8/2026,7:00:00 AM,Northern California,Pleasure Point Second Peak,2-3,3-4,,,Surfline Cam,Garrett,,29,2026-01-08 07:00:00-08:00,2.5,3.5,SC116,36.95534464417764,-121.9701397418976,3.137968561446667,20.0,189.306884765625,9.36605453491211,9.090909004211426,6.666666401757145,292.84375,290.03125,292.7852986014263,2.511,-0.6379685614466668,0.7966937689291093,1.1153712765007529,8.062942079022639,292.7852986014263
1/7/2026,5:00:00 PM,Northern California,Pleasure Point Sewers,3-4,2-3,,,Surfline Cam,Garrett,,27,2026-01-07 17:00:00-08:00,3.5,2.5,SC117,36.95359559940877,-121.97298824787141,1.878020978372097,13.333333015441895,196.17665100097656,7.272873401641846,10.526315689086914,5.882352879303138,294.25,290.03125,290.82901076251255,1.544,1.621979021627903,1.8636639528030534,1.3311885377164667,7.69600253571787,290.82901076251255
1/8/2026,7:00:00 AM,Northern California,Pleasure Point Sewers,4-5,3-4,,,Surfline Cam,Garrett,,27,2026-01-08 07:00:00-08:00,4.5,3.5,SC117,36.95359559940877,-121.97298824787141,3.140651748313904,20.0,192.9559783935547,8.469831466674805,9.090909004211426,6.666666401757145,292.84375,290.03125,292.7852986014263,2.511,1.3593482516860962,1.4328236177143419,1.114418369333377,8.062942079022639,292.7852986014263
1/7/2026,5:00:00 PM,Northern California,26th Ave,2-3,2-3,,,Surfline Cam,Garrett,,24,2026-01-07 17:00:00-08:00,2.5,2.5,SC121,36.9562363298356,-121.98080420494081,2.0026650891280173,13.333333015441895,208.80641174316406,7.267515659332275,10.526315689086914,5.882352879303138,294.25,290.03125,290.82901076251255,1.544,0.49733491087198267,1.2483365359349865,1.2483365359349865,7.69600253571787,290.82901076251255
1/8/2026,7:00:00 AM,Northern California,26th Ave,2-4,3-4,,,Surfline Cam,Garrett,,24,2026-01-08 07:00:00-08:00,3.0,3.5,SC121,36.9562363298356,-121.98080420494081,3.4633522441101072,18.18181800842285,219.03297424316406,8.811734199523926,9.090909004211426,6.666666401757145,292.84375,290.03125,292.7852986014263,2.511,-0.4633522441101072,0.8662127870770004,1.0105815849231672,8.062942079022639,292.7852986014263
1/7/2026,5:00:00 PM,Northern California,Cowells,0,0-1,,,Surfline Cam,Garrett,,23,2026-01-07 17:00:00-08:00,0.0,0.5,SC145,36.95844832786912,-122.02330112457277,1.8394885689353944,12.30012321472168,219.9297637939453,7.701544284820557,10.526315689086914,5.882352879303138,294.25,290.03125,290.82901076251255,1.544,-1.8394885689353944,0.0,0.27181468177830287,7.69600253571787,290.82901076251255
1/8/2026,7:00:00 AM,Northern California,Cowells,0,0-1,,,Surfline Cam,Garrett,,23,2026-01-08 07:00:00-08:00,0.0,0.5,SC145,36.95844832786912,-122.02330112457277,2.860502673432827,18.18181800842285,211.0860595703125,8.167436599731445,9.090909004211426,6.666666401757145,292.84375,290.03125,292.7852986014263,2.511,-2.860502673432827,0.0,0.17479445296233925,8.062942079022639,292.7852986014263
1/7/2026,5:00:00 PM,Northern California,Steamer Lane Middle Peak,0,2-3,,,Surfline Cam,Garrett,,21,2026-01-07 17:00:00-08:00,0.0,2.5,SC149,36.95054306508662,-122.02346205711366,1.4881218167102337,13.333333015441895,196.4368133544922,7.774686813354492,10.526315689086914,5.882352879303138,294.25,290.03125,290.82901076251255,1.544,-1.4881218167102337,0.0,1.6799699943427404,7.69600253571787,290.82901076251255
1/8/2026,7:00:00 AM,Northern California,Steamer Lane Middle Peak,6-7,4-6,,,Surfline Cam,Garrett,,21,2026-01-08 07:00:00-08:00,6.5,5.0,SC149,36.95054306508662,-122.02346205711366,2.6810324565005303,16.666667938232422,203.4251251220703,9.9107084274292,9.090909004211426,6.666666401757145,292.84375,290.03125,292.7852986014263,2.511,3.8189675434994697,2.4244391313651796,1.8649531779732151,8.062942079022639,292.7852986014263
1/7/2026,5:00:00 PM,Northern California,Steamer Lane Point,2-3,2-3,,,Surfline Cam,Garrett,,20,2026-01-07 17:00:00-08:00,2.5,2.5,SC149,36.95072345524198,-122.02609062194826,1.4881218167102337,13.333333015441895,196.4368133544922,7.774686813354492,10.526315689086914,5.882352879303138,294.25,290.03125,290.82901076251255,1.544,1.0118781832897663,1.6799699943427404,1.6799699943427404,7.69600253571787,290.82901076251255
1/8/2026,7:00:00 AM,Northern California,Steamer Lane Point,4-5,4-6,,,Surfline Cam,Garrett,,20,2026-01-08 07:00:00-08:00,4.5,5.0,SC149,36.95072345524198,-122.02609062194826,2.6810324565005303,16.666667938232422,203.4251251220703,9.9107084274292,9.090909004211426,6.666666401757145,292.84375,290.03125,292.7852986014263,2.511,1.8189675434994697,1.6784578601758937,1.8649531779732151,8.062942079022639,292.7852986014263
1/7/2026,5:00:00 PM,Northern California,Steamer Lane Indicators,1-2,,,,Surfline Cam,Garrett,,22,2026-01-07 17:00:00-08:00,1.5,,SC148,36.95383582150793,-122.02346205711366,1.821068621134758,12.30012321472168,218.97239685058594,7.78173303604126,10.526315689086914,5.882352879303138,294.25,290.03125,290.82901076251255,1.544,-0.321068621134758,0.8236921896250723,,7.69600253571787,290.82901076251255
1/8/2026,7:00:00 AM,Northern California,Steamer Lane Indicators,3-4,,,,Surfline Cam,Garrett,,22,2026-01-08 07:00:00-08:00,3.5,,SC148,36.95383582150793,-122.02346205711366,2.7653012634944916,18.18181800842285,208.65138244628906,8.128073692321777,9.090909004211426,6.666666401757145,292.84375,290.03125,292.7852986014263,2.511,0.7346987365055084,1.2656848807775378,,8.062942079022639,292.7852986014263
1/7/2026,5:00:00 PM,Northern California,Mitchell's,0-1,1-2,,,Surfline Cam,Garrett,,19,2026-01-07 17:00:00-08:00,0.5,1.5,SC158,36.951271,-122.04178,2.0202885483264925,13.333333015441895,216.54110717773438,7.3910603523254395,10.526315689086914,5.882352879303138,294.25,290.03125,290.82901076251255,1.544,-1.5202885483264925,0.24748939967717748,0.7424681990315325,7.69600253571787,290.82901076251255
1/8/2026,7:00:00 AM,Northern California,Mitchell's,2-3,3-4,,,Surfline Cam,Garrett,,19,2026-01-08 07:00:00-08:00,2.5,3.5,SC158,36.951271,-122.04178,3.5406012741947173,18.18181800842285,227.60792541503906,9.393406867980957,9.090909004211426,6.666666401757145,292.84375,290.03125,292.7852986014263,2.511,-1.0406012741947173,0.7060947580347369,0.9885326612486316,8.062942079022639,292.7852986014263
1/8/2026,3:00:00 PM,Northern California,Santa Maria,2-4,,,,Standing on Shore,Garrett,,44,2026-01-08 15:00:00-08:00,3.0,,SC125,36.95972130832453,-121.9879335165024,4.390005817871094,16.666667938232422,227.3172149658203,11.521060943603516,9.876543045043945,14.28571422489322,292.84375,292.84375,292.9528958720278,3.766,-1.390005817871094,0.6833703927651812,,9.403794421027719,292.9528958720278
1/8/2026,3:00:00 PM,Northern California,26th Ave,4-5,4-6,,,Standing on Shore,Garrett,,24,2026-01-08 15:00:00-08:00,4.5,5.0,SC121,36.9562363298356,-121.98080420494081,4.390005817871094,16.666667938232422,227.3172149658203,11.521060943603516,9.876543045043945,14.28571422489322,292.84375,292.84375,292.9528958720278,3.766,0.1099941821289061,1.0250555891477717,1.1389506546086354,9.403794421027719,292.9528958720278
1/8/2026,3:00:00 PM,Northern California,Wind and Sea,5,,,,Standing on Shore,Garrett,,25,2026-01-08 15:00:00-08:00,5.0,,SC119,36.955064,-121.977397,4.934662441158294,16.666667938232422,227.19322204589844,12.190385818481445,9.876543045043945,14.28571422489322,292.84375,292.84375,292.9528958720278,3.766,0.06533755884170578,1.0132405325836977,,9.403794421027719,292.9528958720278
1/8/2026,3:00:00 PM,Northern California,Pleasure Point Sewers,6-7,4-6,,,Standing on Shore,Garrett,,27,2026-01-08 15:00:00-08:00,6.5,5.0,SC117,36.95359559940877,-121.97298824787141,3.4634605806398393,18.18181800842285,196.00303649902344,10.293550491333008,9.876543045043945,14.28571422489322,292.84375,292.84375,292.9528958720278,3.766,3.0365394193601607,1.8767356661524903,1.4436428201173004,9.403794421027719,292.9528958720278
1/8/2026,3:00:00 PM,Northern California,Pleasure Point First Peak,5-6,4-6,,,Standing on Shore,Garrett,,28,2026-01-08 15:00:00-08:00,5.5,5.0,SC117,36.95385698447019,-121.97144329547884,3.4634605806398393,18.18181800842285,196.00303649902344,10.293550491333008,9.876543045043945,14.28571422489322,292.84375,292.84375,292.9528958720278,3.766,2.0365394193601607,1.5880071021290303,1.4436428201173004,9.403794421027719,292.9528958720278
1/11/2026,7:00:00 AM,Northern California,Manresa,1-3,1-2,,,Surfline Cam,Garrett,,34,2026-01-11 07:00:00-08:00,2.0,1.5,SC052,36.93121,-121.863854,1.3118702115881442,13.333333015441895,236.9434356689453,11.822425842285156,11.764705657958984,14.28571422489322,283.0,277.375,275.55473498282964,4.192,0.6881297884118558,1.5245410577459557,1.1434057933094668,7.752898554380534,275.55473498282964
1/11/2026,5:00:00 PM,Northern California,Manresa,2-3,2-3,,,Surfline Cam,Garrett,,34,2026-01-11 17:00:00-08:00,2.5,2.5,SC052,36.93121,-121.863854,1.8702383480286597,13.333333015441895,236.37136840820312,13.05833625793457,12.5,10.526315921561542,280.1875,284.40625,282.5580819103157,2.687,0.6297616519713403,1.3367280179208954,1.3367280179208954,11.363694544307334,282.5580819103157
1/11/2026,7:00:00 AM,Northern California,Capitola,0-1,0-1,,,Surfline Cam,Garrett,,33,2026-01-11 07:00:00-08:00,0.5,0.5,SC101,36.9716260648133,-121.94900125265124,0.8624988906061649,13.333333015441895,210.24761962890625,11.320161819458008,11.764705657958984,14.28571422489322,283.0,277.375,275.55473498282964,4.192,-0.3624988906061649,0.5797108905828269,0.5797108905828269,7.752898554380534,275.55473498282964
1/11/2026,5:00:00 PM,Northern California,Capitola,1-2,0-1,,,Surfline Cam,Garrett,,33,2026-01-11 17:00:00-08:00,1.5,0.5,SC101,36.9716260648133,-121.94900125265124,1.8123123308968543,20.0,203.6782684326172,16.175031661987305,12.5,10.526315921561542,280.1875,284.40625,282.5580819103157,2.687,-0.3123123308968543,0.8276719053485108,0.27589063511617024,11.363694544307334,282.5580819103157
1/11/2026,7:00:00 AM,Northern California,The Hook,0,0-1,,,Surfline Cam,Garrett,,32,2026-01-11 07:00:00-08:00,0.0,0.5,SC112,36.95965277904864,-121.96402966976167,0.9095111756873131,13.333333015441895,200.64566040039062,11.228985786437988,11.764705657958984,14.28571422489322,283.0,277.375,275.55473498282964,4.192,-0.9095111756873131,0.0,0.5497458561981412,7.752898554380534,275.55473498282964
1/11/2026,5:00:00 PM,Northern California,The Hook,1-2,1-2,,,Surfline Cam,Garrett,,32,2026-01-11 17:00:00-08:00,1.5,1.5,SC112,36.95965277904864,-121.96402966976167,1.6097893128681182,20.0,193.87033081054688,15.01662540435791,12.5,10.526315921561542,280.1875,284.40625,282.5580819103157,2.687,-0.10978931286811822,0.9317989553101769,0.9317989553101769,11.363694544307334,282.5580819103157
1/11/2026,7:00:00 AM,Northern California,Pleasure Point Jacks,0,0-1,,,Surfline Cam,Garrett,,31,2026-01-11 07:00:00-08:00,0.0,0.5,SC113,36.95709362590695,-121.96802616119386,0.9606713418734073,13.333333015441895,196.95863342285156,11.31736946105957,11.764705657958984,14.28571422489322,283.0,277.375,275.55473498282964,4.192,-0.9606713418734073,0.0,0.5204693615872301,7.752898554380534,275.55473498282964
1/11/2026,5:00:00 PM,Northern California,Pleasure Point Jacks,1-2,1-2,,,Surfline Cam,Garrett,,31,2026-01-11 17:00:00-08:00,1.5,1.5,SC113,36.95709362590695,-121.96802616119386,1.6864536385774613,20.0,189.5485076904297,15.148028373718262,12.5,10.526315921561542,280.1875,284.40625,282.5580819103157,2.687,-0.18645363857746133,0.8894404006654244,0.8894404006654244,11.363694544307334,282.5580819103157
1/11/2026,7:00:00 AM,Northern California,Pleasure Point First Peak,2-3,1-2,,,Surfline Cam,Garrett,,28,2026-01-11 07:00:00-08:00,2.5,1.5,SC117,36.95385698447019,-121.97144329547884,1.0531684451878072,13.333333015441895,198.31126403808594,11.254887580871582,11.764705657958984,14.28571422489322,283.0,277.375,275.55473498282964,4.192,1.4468315548121928,2.3737893130231273,1.4242735878138764,7.752898554380534,275.55473498282964
1/11/2026,5:00:00 PM,Northern California,Pleasure Point First Peak,2-3,2-3,,,Surfline Cam,Garrett,,28,2026-01-11 17:00:00-08:00,2.5,2.5,SC117,36.95385698447019,-121.97144329547884,1.7593152347612382,20.0,191.97276306152344,14.513876914978027,12.5,10.526315921561542,280.1875,284.40625,282.5580819103157,2.687,0.7406847652387618,1.4210074184569215,1.4210074184569215,11.363694544307334,282.5580819103157
1/11/2026,7:00:00 AM,Northern California,Pleasure Point Second Peak,1-2,1-2,,,Surfline Cam,Garrett,,29,2026-01-11 07:00:00-08:00,1.5,1.5,SC116,36.95534464417764,-121.9701397418976,0.979255261118412,13.333333015441895,197.8228759765625,11.238624572753906,11.764705657958984,14.28571422489322,283.0,277.375,275.55473498282964,4.192,0.520744738881588,1.5317762993551274,1.5317762993551274,7.752898554380534,275.55473498282964
1/11/2026,5:00:00 PM,Northern California,Pleasure Point Second Peak,1-2,2-3,,,Surfline Cam,Garrett,,29,2026-01-11 17:00:00-08:00,1.5,2.5,SC116,36.95534464417764,-121.9701397418976,1.9055044306492805,20.0,188.2668914794922,15.634570121765137,12.5,10.526315921561542,280.1875,284.40625,282.5580819103157,2.687,-0.40550443064928055,0.7871931315787551,1.3119885526312585,11.363694544307334,282.5580819103157
1/11/2026,7:00:00 AM,Northern California,Pleasure Point Sewers,2-3,1-2,,,Surfline Cam,Garrett,,27,2026-01-11 07:00:00-08:00,2.5,1.5,SC117,36.95359559940877,-121.97298824787141,1.0531684451878072,13.333333015441895,198.31126403808594,11.254887580871582,11.764705657958984,14.28571422489322,283.0,277.375,275.55473498282964,4.192,1.4468315548121928,2.3737893130231273,1.4242735878138764,7.752898554380534,275.55473498282964
1/11/2026,5:00:00 PM,Northern California,Pleasure Point Sewers,3-4,2-3,,,Surfline Cam,Garrett,,27,2026-01-11 17:00:00-08:00,3.5,2.5,SC117,36.95359559940877,-121.97298824787141,1.7593152347612382,20.0,191.97276306152344,14.513876914978027,12.5,10.526315921561542,280.1875,284.40625,282.5580819103157,2.687,1.7406847652387618,1.98941038583969,1.4210074184569215,11.363694544307334,282.5580819103157
1/11/2026,7:00:00 AM,Northern California,26th Ave,1,1-2,,,Surfline Cam,Garrett,,24,2026-01-11 07:00:00-08:00,1.0,1.5,SC121,36.9562363298356,-121.98080420494081,1.2328524018800258,13.333333015441895,212.86219787597656,11.515787124633789,11.764705657958984,14.28571422489322,283.0,277.375,275.55473498282964,4.192,-0.23285240188002576,0.811127105300732,1.2166906579510979,7.752898554380534,275.55473498282964
1/11/2026,5:00:00 PM,Northern California,26th Ave,1-2,2-3,,,Surfline Cam,Garrett,,24,2026-01-11 17:00:00-08:00,1.5,2.5,SC121,36.9562363298356,-121.98080420494081,1.795204154651165,20.0,211.48350524902344,13.780900001525879,12.5,10.526315921561542,280.1875,284.40625,282.5580819103157,2.687,-0.295204154651165,0.8355595635814872,1.3925992726358118,11.363694544307334,282.5580819103157
1/11/2026,7:00:00 AM,Northern California,Cowells,0,0-1,,,Surfline Cam,Garrett,,23,2026-01-11 07:00:00-08:00,0.0,0.5,SC145,36.95844832786912,-122.02330112457277,1.1577456582272052,13.333333015441895,209.59474182128906,11.191445350646973,11.764705657958984,14.28571422489322,283.0,277.375,275.55473498282964,4.192,-1.1577456582272052,0.0,0.4318737854440531,7.752898554380534,275.55473498282964
1/11/2026,5:00:00 PM,Northern California,Cowells,0,0-1,,,Surfline Cam,Garrett,,23,2026-01-11 17:00:00-08:00,0.0,0.5,SC145,36.95844832786912,-122.02330112457277,1.566531651200056,20.0,215.2657928466797,12.991007804870605,12.5,10.526315921561542,280.1875,284.40625,282.5580819103157,2.687,-1.566531651200056,0.0,0.31917644282320784,11.363694544307334,282.5580819103157
1/11/2026,7:00:00 AM,Northern California,Steamer Lane Middle Peak,0,1-2,,,Surfline Cam,Garrett,,21,2026-01-11 07:00:00-08:00,0.0,1.5,SC149,36.95054306508662,-122.02346205711366,1.0249832498836517,14.285714149475098,195.48497009277344,11.195549964904785,11.764705657958984,14.28571422489322,283.0,277.375,275.55473498282964,4.192,-1.0249832498836517,0.0,1.4634385490399657,7.752898554380534,275.55473498282964
1/11/2026,5:00:00 PM,Northern California,Steamer Lane Middle Peak,0,3-4,,,Surfline Cam,Garrett,,21,2026-01-11 17:00:00-08:00,0.0,3.5,SC149,36.95054306508662,-122.02346205711366,1.2869765694761277,13.333333015441895,200.77777099609375,12.83846378326416,12.5,10.526315921561542,280.1875,284.40625,282.5580819103157,2.687,-1.2869765694761277,0.0,2.719552230406726,11.363694544307334,282.5580819103157
1/11/2026,7:00:00 AM,Northern California,Steamer Lane Point,2-4,1-2,,,Surfline Cam,Garrett,,20,2026-01-11 07:00:00-08:00,3.0,1.5,SC149,36.95072345524198,-122.02609062194826,1.0249832498836517,14.285714149475098,195.48497009277344,11.195549964904785,11.764705657958984,14.28571422489322,283.0,277.375,275.55473498282964,4.192,1.9750167501163483,2.9268770980799315,1.4634385490399657,7.752898554380534,275.55473498282964
1/11/2026,5:00:00 PM,Northern California,Steamer Lane Point,2-4,3-4,,,Surfline Cam,Garrett,,20,2026-01-11 17:00:00-08:00,3.0,3.5,SC149,36.95072345524198,-122.02609062194826,1.2869765694761277,13.333333015441895,200.77777099609375,12.83846378326416,12.5,10.526315921561542,280.1875,284.40625,282.5580819103157,2.687,1.7130234305238723,2.331044768920051,2.719552230406726,11.363694544307334,282.5580819103157
1/11/2026,7:00:00 AM,Northern California,Steamer Lane Indicators,0,,,,Surfline Cam,Garrett,,22,2026-01-11 07:00:00-08:00,0.0,,SC148,36.95383582150793,-122.02346205711366,1.175174248559475,13.333333015441895,210.93504333496094,11.250523567199707,11.764705657958984,14.28571422489322,283.0,277.375,275.55473498282964,4.192,-1.175174248559475,0.0,,7.752898554380534,275.55473498282964
1/11/2026,5:00:00 PM,Northern California,Steamer Lane Indicators,1,,,,Surfline Cam,Garrett,,22,2026-01-11 17:00:00-08:00,1.0,,SC148,36.95383582150793,-122.02346205711366,1.5062100083327292,13.333333015441895,212.31280517578125,12.553675651550293,12.5,10.526315921561542,280.1875,284.40625,282.5580819103157,2.687,-0.5062100083327292,0.663918042283447,,11.363694544307334,282.5580819103157
1/11/2026,8:00:00 AM,Northern California,Mitchell's,0,1-2,,,Surfline Cam,Garrett,,19,2026-01-11 08:00:00-08:00,0.0,1.5,SC158,36.951271,-122.04178,1.3662678604781628,14.285714149475098,220.30300903320312,11.532827377319336,12.5,10.526315921561542,281.59375,287.21875,274.3534980048293,3.408,-1.3662678604781628,0.0,1.097881347713935,8.175721295731854,274.3534980048293
1/11/2026,5:00:00 PM,Northern California,Mitchell's,1-2,2-3,,,Surfline Cam,Garrett,,19,2026-01-11 17:00:00-08:00,1.5,2.5,SC158,36.951271,-122.04178,1.9680189104771615,20.0,221.74249267578125,14.457989692687988,12.5,10.526315921561542,280.1875,284.40625,282.5580819103157,2.687,-0.4680189104771615,0.7621877981021602,1.2703129968369336,11.363694544307334,282.5580819103157
1/12/2026,7:00:00 AM,Northern California,Manresa,6-8,7,,,Surfline Cam,Garrett,,34,2026-01-12 07:00:00-08:00,7.0,7.0,SC052,36.93121,-121.863854,6.127794936170578,16.666667938232422,232.97213745117188,15.546747207641602,16.666667938232422,11.111110669595242,285.8125,281.59375,286.72622971398914,4.75,0.8722050638294219,1.1423358765942135,1.1423358765942135,13.973294973976161,286.72622971398914
1/12/2026,5:00:00 PM,Northern California,Manresa,8-9,7,,,Surfline Cam,Garrett,,34,2026-01-12 17:00:00-08:00,8.5,7.0,SC052,36.93121,-121.863854,5.555993950033188,14.285714149475098,240.3841094970703,13.549545288085938,13.333333015441895,15.384615948919734,283.0,284.40625,282.9992823272901,2.193,2.944006049966812,1.529879275687337,1.259900579977807,12.65896189755935,282.9992823272901
1/12/2026,7:00:00 AM,Northern California,Capitola,3-5,2-3,,,Surfline Cam,Garrett,,33,2026-01-12 07:00:00-08:00,4.0,2.5,SC101,36.9716260648133,-121.94900125265124,4.066845380706787,18.18181800842285,203.37005615234375,16.385231018066406,16.666667938232422,11.111110669595242,285.8125,281.59375,286.72622971398914,4.75,-0.0668453807067868,0.9835633336285902,0.6147270835178689,13.973294973976161,286.72622971398914
1/12/2026,5:00:00 PM,Northern California,Capitola,2-4,1-2,,,Surfline Cam,Garrett,,33,2026-01-12 17:00:00-08:00,3.0,1.5,SC101,36.9716260648133,-121.94900125265124,2.8740983212542535,15.384615898132324,214.482177734375,13.549763679504395,13.333333015441895,15.384615948919734,283.0,284.40625,282.9992823272901,2.193,0.12590167874574654,1.0438056269038156,0.5219028134519078,12.65896189755935,282.9992823272901
1/12/2026,7:00:00 AM,Northern California,Pleasure Point Jacks,3-4,3-4,,,Surfline Cam,Garrett,,31,2026-01-12 07:00:00-08:00,3.5,3.5,SC113,36.95709362590695,-121.96802616119386,3.4258861868333814,18.18181800842285,189.39712524414062,15.70992374420166,16.666667938232422,11.111110669595242,285.8125,281.59375,286.72622971398914,4.75,0.07411381316661858,1.0216334720783948,1.0216334720783948,13.973294973976161,286.72622971398914
1/12/2026,5:00:00 PM,Northern California,Pleasure Point Jacks,3-4,2-3,,,Surfline Cam,Garrett,,31,2026-01-12 17:00:00-08:00,3.5,2.5,SC113,36.95709362590695,-121.96802616119386,2.610456682872772,15.384615898132324,205.60433959960938,12.721965789794922,13.333333015441895,15.384615948919734,283.0,284.40625,282.9992823272901,2.193,0.8895433171272278,1.3407615697910364,0.9576868355650261,12.65896189755935,282.9992823272901
1/12/2026,7:00:00 AM,Northern California,Pleasure Point First Peak,5-8,5-7,,,Surfline Cam,Garrett,,28,2026-01-12 07:00:00-08:00,6.5,6.0,SC117,36.95385698447019,-121.97144329547884,3.380588219780922,18.18181800842285,193.1032257080078,15.143852233886719,16.666667938232422,11.111110669595242,285.8125,281.59375,286.72622971398914,4.75,3.119411780219078,1.9227423091538878,1.7748390546035886,13.973294973976161,286.72622971398914
1/12/2026,5:00:00 PM,Northern California,Pleasure Point First Peak,5-7,4-6,,,Surfline Cam,Garrett,,28,2026-01-12 17:00:00-08:00,6.0,5.0,SC117,36.95385698447019,-121.97144329547884,2.935034294822216,15.384615898132324,209.3737030029297,12.501054763793945,13.333333015441895,15.384615948919734,283.0,284.40625,282.9992823272901,2.193,3.064965705177784,2.0442691285021044,1.703557607085087,12.65896189755935,282.9992823272901
1/12/2026,7:00:00 AM,Northern California,Pleasure Point Second Peak,5-7,5-7,,,Surfline Cam,Garrett,,29,2026-01-12 07:00:00-08:00,6.0,6.0,SC116,36.95534464417764,-121.9701397418976,3.9752298316812515,18.18181800842285,188.8426055908203,16.096725463867188,16.666667938232422,11.111110669595242,285.8125,281.59375,286.72622971398914,4.75,2.0247701683187485,1.5093466929086736,1.5093466929086736,13.973294973976161,286.72622971398914
1/12/2026,5:00:00 PM,Northern California,Pleasure Point Second Peak,5-6,4-6,,,Surfline Cam,Garrett,,29,2026-01-12 17:00:00-08:00,5.5,5.0,SC116,36.95534464417764,-121.9701397418976,2.879006709153652,15.384615898132324,207.39002990722656,12.909480094909668,13.333333015441895,15.384615948919734,283.0,284.40625,282.9992823272901,2.193,2.620993290846348,1.9103810986313563,1.7367100896648695,12.65896189755935,282.9992823272901
1/12/2026,7:00:00 AM,Northern California,Pleasure Point Sewers,10,5-7,,,Surfline Cam,Garrett,,27,2026-01-12 07:00:00-08:00,10.0,6.0,SC117,36.95359559940877,-121.97298824787141,3.380588219780922,18.18181800842285,193.1032257080078,15.143852233886719,16.666667938232422,11.111110669595242,285.8125,281.59375,286.72622971398914,4.75,6.619411780219078,2.958065091005981,1.7748390546035886,13.973294973976161,286.72622971398914
1/12/2026,5:00:00 PM,Northern California,Pleasure Point Sewers,10,4-6,,,Surfline Cam,Garrett,,27,2026-01-12 17:00:00-08:00,10.0,5.0,SC117,36.95359559940877,-121.97298824787141,2.935034294822216,15.384615898132324,209.3737030029297,12.501054763793945,13.333333015441895,15.384615948919734,283.0,284.40625,282.9992823272901,2.193,7.064965705177784,3.407115214170174,1.703557607085087,12.65896189755935,282.9992823272901
1/12/2026,7:00:00 AM,Northern California,26th Ave,5-6,6-8,,,Surfline Cam,Garrett,,24,2026-01-12 07:00:00-08:00,5.5,7.0,SC121,36.9562363298356,-121.98080420494081,4.276563000297546,16.666667938232422,227.22560119628906,15.098360061645508,16.666667938232422,11.111110669595242,285.8125,281.59375,286.72622971398914,4.75,1.2234369997024537,1.286079498797827,1.6368284530154162,13.973294973976161,286.72622971398914
1/12/2026,5:00:00 PM,Northern California,26th Ave,6-7,5-7,,,Surfline Cam,Garrett,,24,2026-01-12 17:00:00-08:00,6.5,6.0,SC121,36.9562363298356,-121.98080420494081,3.9889694067335126,15.384615898132324,226.57215881347656,13.275545120239258,13.333333015441895,15.384615948919734,283.0,284.40625,282.9992823272901,2.193,2.5110305932664874,1.6294935702008104,1.504147910954594,12.65896189755935,282.9992823272901
1/12/2026,7:30:00 AM,Northern California,Cowells,3-4,2-3,,,Surfline Cam,Garrett,,23,2026-01-12 07:30:00-08:00,3.5,2.5,SC145,36.95844832786912,-122.02330112457277,2.7606011398625374,18.18181800842285,218.349609375,13.680778503417969,15.384615898132324,11.764705758606276,283.0,281.59375,284.9916375046705,4.75,0.7393988601374626,1.2678398010711103,0.905599857907936,13.24644642051424,284.9916375046705
1/12/2026,5:00:00 PM,Northern California,Cowells,2-3,1-2,,,Surfline Cam,Garrett,,23,2026-01-12 17:00:00-08:00,2.5,1.5,SC145,36.95844832786912,-122.02330112457277,3.149412731831074,12.30012321472168,225.62115478515625,12.178316116333008,13.333333015441895,15.384615948919734,283.0,284.40625,282.9992823272901,2.193,-0.6494127318310738,0.7937987850028458,0.4762792710017075,12.65896189755935,282.9992823272901
1/12/2026,8:00:00 AM,Northern California,Steamer Lane Middle Peak,8-12,8-12,,,Surfline Cam,Garrett,,21,2026-01-12 08:00:00-08:00,10.0,10.0,SC149,36.95054306508662,-122.02346205711366,3.4723254029607773,15.384615898132324,204.8956756591797,14.55372142791748,16.666667938232422,10.526315921561542,285.8125,290.03125,285.250176874585,4.054,6.527674597039223,2.8799144203113034,2.8799144203113034,13.999983610296521,285.250176874585
1/12/2026,5:00:00 PM,Northern California,Steamer Lane Middle Peak,8-12,8-10,,,Surfline Cam,Garrett,,21,2026-01-12 17:00:00-08:00,10.0,9.0,SC149,36.95054306508662,-122.02346205711366,3.56892560567379,15.384615898132324,203.58187866210938,13.670548439025879,13.333333015441895,15.384615948919734,283.0,284.40625,282.9992823272901,2.193,6.43107439432621,2.80196370137339,2.521767331236051,12.65896189755935,282.9992823272901
1/12/2026,7:00:00 AM,Northern California,Steamer Lane Point,6-8,8-12,,,Surfline Cam,Garrett,,20,2026-01-12 07:00:00-08:00,7.0,10.0,SC149,36.95072345524198,-122.02609062194826,3.3183330436325074,16.666667938232422,208.35031127929688,14.630498886108398,16.666667938232422,11.111110669595242,285.8125,281.59375,286.72622971398914,4.75,3.6816669563674926,2.1094929013928185,3.0135612877040265,13.973294973976161,286.72622971398914
1/12/2026,5:00:00 PM,Northern California,Steamer Lane Point,6-8,8-10,,,Surfline Cam,Garrett,,20,2026-01-12 17:00:00-08:00,7.0,9.0,SC149,36.95072345524198,-122.02609062194826,3.56892560567379,15.384615898132324,203.58187866210938,13.670548439025879,13.333333015441895,15.384615948919734,283.0,284.40625,282.9992823272901,2.193,3.43107439432621,1.961374590961373,2.521767331236051,12.65896189755935,282.9992823272901
1/12/2026,7:00:00 AM,Northern California,Steamer Lane Indicators,3-5,,,,Surfline Cam,Garrett,,22,2026-01-12 07:00:00-08:00,4.0,,SC148,36.95383582150793,-122.02346205711366,2.5320323774385454,15.384615898132324,221.2151641845703,12.979084014892578,16.666667938232422,11.111110669595242,285.8125,281.59375,286.72622971398914,4.75,1.4679676225614546,1.5797586301192879,,13.973294973976161,286.72622971398914
1/12/2026,5:00:00 PM,Northern California,Steamer Lane Indicators,3-5,,,,Surfline Cam,Garrett,,22,2026-01-12 17:00:00-08:00,4.0,,SC148,36.95383582150793,-122.02346205711366,3.489429277033806,13.333333015441895,223.2320556640625,12.483630180358887,13.333333015441895,15.384615948919734,283.0,284.40625,282.9992823272901,2.193,0.510570722966194,1.1463192638196138,,12.65896189755935,282.9992823272901
1/12/2026,8:00:00 AM,Northern California,Mitchell's,5-7,6-8,,,Surfline Cam,Garrett,,19,2026-01-12 08:00:00-08:00,6.0,7.0,SC158,36.951271,-122.04178,4.358152531490326,15.384615898132324,232.88511657714844,14.673650741577148,16.666667938232422,10.526315921561542,285.8125,290.03125,285.250176874585,4.054,1.641847468509674,1.3767301526613211,1.6061851781048748,13.999983610296521,285.250176874585
1/12/2026,5:00:00 PM,Northern California,Mitchell's,5-7,4-6,,,Surfline Cam,Garrett,,19,2026-01-12 17:00:00-08:00,6.0,5.0,SC158,36.951271,-122.04178,4.946530571103096,15.384615898132324,233.10157775878906,13.705646514892578,13.333333015441895,15.384615948919734,283.0,284.40625,282.9992823272901,2.193,1.0534694288969044,1.21297137736318,1.0108094811359836,12.65896189755935,282.9992823272901
1/12/2026,4:00:00 PM,Northern California,Natural Bridges,4-5,6-8,,,Surfing,Garrett,,17,2026-01-12 16:00:00-08:00,4.5,7.0,SC167,36.94894852799567,-122.06106662750246,3.9146493740177153,15.384615898132324,227.90728759765625,13.555463790893555,14.285714149475098,16.666667039195705,283.0,281.59375,282.2209233552803,1.622,0.5853506259822847,1.149528238689107,1.7881550379608333,12.734517183670297,282.2209233552803
1/12/2026,4:00:00 PM,Northern California,Swift Street,6-7,3-4,,,Standing on Shore,Garrett,,18,2026-01-12 16:00:00-08:00,6.5,3.5,SC161,36.94894004665775,-122.04866409301759,3.788506151642799,15.384615898132324,226.68626403808594,13.420212745666504,14.285714149475098,16.666667039195705,283.0,281.59375,282.2209233552803,1.622,2.711493848357201,1.7157158362225235,0.923846988735205,12.734517183670297,282.2209233552803
1/13/2026,3:00:00 PM,Northern California,Ocean Beach Central,8-10,8-10,,,Surfing,Garrett,,3,2026-01-13 15:00:00-08:00,9.0,9.0,SF026,37.745319,-122.514099,6.685181297254562,13.333333015441895,265.95599365234375,11.624180793762207,13.333333015441895,11.764705758606276,280.5164794921875,277.7912292480469,278.746758424101,0.34,2.3148187027454377,1.3462611707622762,1.3462611707622762,11.200571895616369,278.746758424101
1/13/2026,3:00:00 PM,Northern California,Ocean Beach North,6-8,5-7,,,Surfing,Garrett,,2,2026-01-13 15:00:00-08:00,7.0,6.0,SF036,37.764885,-122.516658,4.566767621560096,13.333333015441895,278.01055908203125,11.407083511352539,13.333333015441895,11.764705758606276,280.5164794921875,277.7912292480469,278.746758424101,0.34,2.4332323784399037,1.53281282957171,1.313839568204323,11.200571895616369,278.746758424101
1/14/2026,3:30:00 PM,Northern California,Steamer Lane Point,4-6,5-7,,,Surfline Cam,Garrett,,20,2026-01-14 15:30:00-08:00,5.0,6.0,SC149,36.95072345524198,-122.02609062194826,1.943759154396057,16.666667938232422,206.5644989013672,11.192934036254883,12.5,16.666667039195705,281.59375,275.96875,282.08719411570985,-0.106,3.056240845603943,2.5723351520644253,3.08680218247731,10.47996591974961,282.08719411570985
1/19/2026,7:00:00 AM,Northern California,Manresa,2-3,2-3,,,Surfline Cam,Garrett,,34,2026-01-19 07:00:00-08:00,2.5,2.5,SC052,36.93121,-121.863854,3.002299155480862,14.285714149475098,238.91529846191406,12.94329833984375,13.333333015441895,16.666667039195705,278.78125,263.3125,273.0967648679914,4.2,-0.5022991554808618,0.8326951681134482,0.8326951681134482,10.246631447026898,273.0967648679914
1/19/2026,5:00:00 PM,Northern California,Manresa,3-4,2-3,,,Surfline Cam,Garrett,,34,2026-01-19 17:00:00-08:00,3.5,2.5,SC052,36.93121,-121.863854,2.993848123948574,14.285714149475098,237.50241088867188,12.154889106750488,12.5,14.28571422489322,274.5625,270.34375,276.619704548827,-0.765,0.5061518760514261,1.1690639788981227,0.8350456992129448,10.34296323606693,276.619704548827
1/19/2026,7:00:00 AM,Northern California,Capitola,1,0-1,,,Surfline Cam,Garrett,,33,2026-01-19 07:00:00-08:00,1.0,0.5,SC101,36.9716260648133,-121.94900125265124,1.5721454976391793,15.384615898132324,212.5640106201172,12.332425117492676,13.333333015441895,16.666667039195705,278.78125,263.3125,273.0967648679914,4.2,-0.5721454976391793,0.6360734432669592,0.3180367216334796,10.246631447026898,273.0967648679914
1/19/2026,5:00:00 PM,Northern California,Capitola,1-2,0-1,,,Surfline Cam,Garrett,,33,2026-01-19 17:00:00-08:00,1.5,0.5,SC101,36.9716260648133,-121.94900125265124,1.7409559084844588,12.30012321472168,215.44134521484375,11.381439208984375,12.5,14.28571422489322,274.5625,270.34375,276.619704548827,-0.765,-0.2409559084844588,0.8615956284072602,0.2871985428024201,10.34296323606693,276.619704548827
1/19/2026,7:00:00 AM,Northern California,The Hook,0,1-2,,,Surfline Cam,Garrett,,32,2026-01-19 07:00:00-08:00,0.0,1.5,SC112,36.95965277904864,-121.96402966976167,1.464665002490282,13.333333015441895,207.40147399902344,11.821918487548828,13.333333015441895,16.666667039195705,278.78125,263.3125,273.0967648679914,4.2,-1.464665002490282,0.0,1.0241249688151488,10.246631447026898,273.0967648679914
1/19/2026,5:00:00 PM,Northern California,The Hook,2-3,0-1,,,Surfline Cam,Garrett,,32,2026-01-19 17:00:00-08:00,2.5,0.5,SC112,36.95965277904864,-121.96402966976167,1.6469178451442719,12.30012321472168,206.99801635742188,11.185301780700684,12.5,14.28571422489322,274.5625,270.34375,276.619704548827,-0.765,0.8530821548557281,1.517987073472385,0.30359741469447704,10.34296323606693,276.619704548827
1/19/2026,7:00:00 AM,Northern California,Pleasure Point Jacks,1,1-2,,,Surfline Cam,Garrett,,31,2026-01-19 07:00:00-08:00,1.0,1.5,SC113,36.95709362590695,-121.96802616119386,1.464291984565258,13.333333015441895,204.45169067382812,11.674102783203125,13.333333015441895,16.666667039195705,278.78125,263.3125,273.0967648679914,4.2,-0.464291984565258,0.6829239048910697,1.0243858573366047,10.246631447026898,273.0967648679914
1/19/2026,5:00:00 PM,Northern California,Pleasure Point Jacks,1-2,0-1,,,Surfline Cam,Garrett,,31,2026-01-19 17:00:00-08:00,1.5,0.5,SC113,36.95709362590695,-121.96802616119386,1.622991311891079,12.30012321472168,204.5132598876953,11.083605766296387,12.5,14.28571422489322,274.5625,270.34375,276.619704548827,-0.765,-0.12299131189107904,0.9242193651993295,0.3080731217331098,10.34296323606693,276.619704548827
1/19/2026,7:00:00 AM,Northern California,Pleasure Point First Peak,3-4,2-3,,,Surfline Cam,Garrett,,28,2026-01-19 07:00:00-08:00,3.5,2.5,SC117,36.95385698447019,-121.97144329547884,1.6444171095085145,13.333333015441895,206.6938934326172,11.641027450561523,13.333333015441895,16.666667039195705,278.78125,263.3125,273.0967648679914,4.2,1.8555828904914855,2.1284137581407703,1.5202955415291217,10.246631447026898,273.0967648679914
1/19/2026,5:00:00 PM,Northern California,Pleasure Point First Peak,3-4,2-3,,,Surfline Cam,Garrett,,28,2026-01-19 17:00:00-08:00,3.5,2.5,SC117,36.95385698447019,-121.97144329547884,1.8188379446101188,12.30012321472168,206.64781188964844,11.057215690612793,12.5,14.28571422489322,274.5625,270.34375,276.619704548827,-0.765,1.6811620553898812,1.924305576740236,1.3745039833858828,10.34296323606693,276.619704548827
1/19/2026,7:00:00 AM,Northern California,Pleasure Point Second Peak,2-4,2-3,,,Surfline Cam,Garrett,,29,2026-01-19 07:00:00-08:00,3.0,2.5,SC116,36.95534464417764,-121.9701397418976,1.563816295814514,13.333333015441895,205.69322204589844,11.786649703979492,13.333333015441895,16.666667039195705,278.78125,263.3125,273.0967648679914,4.2,1.436183704185486,1.9183838971555476,1.598653247629623,10.246631447026898,273.0967648679914
1/19/2026,5:00:00 PM,Northern California,Pleasure Point Second Peak,2-3,2-3,,,Surfline Cam,Garrett,,29,2026-01-19 17:00:00-08:00,2.5,2.5,SC116,36.95534464417764,-121.9701397418976,1.7360790046668053,12.30012321472168,205.61593627929688,11.1530179977417,12.5,14.28571422489322,274.5625,270.34375,276.619704548827,-0.765,0.7639209953331947,1.4400266308616578,1.4400266308616578,10.34296323606693,276.619704548827
1/19/2026,7:00:00 AM,Northern California,Pleasure Point Sewers,5,2-3,,,Surfline Cam,Garrett,,27,2026-01-19 07:00:00-08:00,5.0,2.5,SC117,36.95359559940877,-121.97298824787141,1.6444171095085145,13.333333015441895,206.6938934326172,11.641027450561523,13.333333015441895,16.666667039195705,278.78125,263.3125,273.0967648679914,4.2,3.3555828904914855,3.0405910830582434,1.5202955415291217,10.246631447026898,273.0967648679914
1/19/2026,5:00:00 PM,Northern California,Pleasure Point Sewers,5,2-3,,,Surfline Cam,Garrett,,27,2026-01-19 17:00:00-08:00,5.0,2.5,SC117,36.95359559940877,-121.97298824787141,1.8188379446101188,12.30012321472168,206.64781188964844,11.057215690612793,12.5,14.28571422489322,274.5625,270.34375,276.619704548827,-0.765,3.181162055389881,2.7490079667717655,1.3745039833858828,10.34296323606693,276.619704548827
1/19/2026,7:00:00 AM,Northern California,26th Ave,1-2,2-3,,,Surfline Cam,Garrett,,24,2026-01-19 07:00:00-08:00,1.5,2.5,SC121,36.9562363298356,-121.98080420494081,2.1571514160990715,13.333333015441895,223.4122314453125,12.287908554077148,13.333333015441895,16.666667039195705,278.78125,263.3125,273.0967648679914,4.2,-0.6571514160990715,0.6953614794053519,1.1589357990089197,10.246631447026898,273.0967648679914
1/19/2026,5:00:00 PM,Northern California,26th Ave,3-4,2-3,,,Surfline Cam,Garrett,,24,2026-01-19 17:00:00-08:00,3.5,2.5,SC121,36.9562363298356,-121.98080420494081,2.307186754345894,12.30012321472168,222.09715270996094,11.620282173156738,12.5,14.28571422489322,274.5625,270.34375,276.619704548827,-0.765,1.192813245654106,1.5169990003658278,1.08357071454702,10.34296323606693,276.619704548827
1/19/2026,7:00:00 AM,Northern California,Cowells,0,0-1,,,Surfline Cam,Garrett,,23,2026-01-19 07:00:00-08:00,0.0,0.5,SC145,36.95844832786912,-122.02330112457277,1.7440362641096114,13.333333015441895,218.10252380371094,11.435344696044922,13.333333015441895,16.666667039195705,278.78125,263.3125,273.0967648679914,4.2,-1.7440362641096114,0.0,0.2866912863507839,10.246631447026898,273.0967648679914
1/19/2026,5:00:00 PM,Northern California,Cowells,0-1,0-1,,,Surfline Cam,Garrett,,23,2026-01-19 17:00:00-08:00,0.5,0.5,SC145,36.95844832786912,-122.02330112457277,1.8603016980552673,12.30012321472168,216.7965087890625,11.077159881591797,12.5,14.28571422489322,274.5625,270.34375,276.619704548827,-0.765,-1.3603016980552673,0.2687736083468035,0.2687736083468035,10.34296323606693,276.619704548827
1/19/2026,7:00:00 AM,Northern California,Steamer Lane Middle Peak,0,3-4,,,Surfline Cam,Garrett,,21,2026-01-19 07:00:00-08:00,0.0,3.5,SC149,36.95054306508662,-122.02346205711366,1.8679394234013558,14.285714149475098,203.1829833984375,12.180168151855469,13.333333015441895,16.666667039195705,278.78125,263.3125,273.0967648679914,4.2,-1.8679394234013558,0.0,1.8737224324045816,10.246631447026898,273.0967648679914
1/19/2026,5:00:00 PM,Northern California,Steamer Lane Middle Peak,5-6,3-4,,,Surfline Cam,Garrett,,21,2026-01-19 17:00:00-08:00,5.5,3.5,SC149,36.95054306508662,-122.02346205711366,1.9055067772889138,12.30012321472168,203.45188903808594,11.673754692077637,12.5,14.28571422489322,274.5625,270.34375,276.619704548827,-0.765,3.594493222711086,2.886371261206009,1.8367817116765512,10.34296323606693,276.619704548827
1/19/2026,7:00:00 AM,Northern California,Steamer Lane Point,3-5,3-4,,,Surfline Cam,Garrett,,20,2026-01-19 07:00:00-08:00,4.0,3.5,SC149,36.95072345524198,-122.02609062194826,1.8679394234013558,14.285714149475098,203.1829833984375,12.180168151855469,13.333333015441895,16.666667039195705,278.78125,263.3125,273.0967648679914,4.2,2.1320605765986445,2.1413970656052363,1.8737224324045816,10.246631447026898,273.0967648679914
1/19/2026,5:00:00 PM,Northern California,Steamer Lane Point,5-6,3-4,,,Surfline Cam,Garrett,,20,2026-01-19 17:00:00-08:00,5.5,3.5,SC149,36.95072345524198,-122.02609062194826,1.9055067772889138,12.30012321472168,203.45188903808594,11.673754692077637,12.5,14.28571422489322,274.5625,270.34375,276.619704548827,-0.765,3.594493222711086,2.886371261206009,1.8367817116765512,10.34296323606693,276.619704548827
1/19/2026,7:00:00 AM,Northern California,Steamer Lane Indicators,0,,,,Surfline Cam,Garrett,,22,2026-01-19 07:00:00-08:00,0.0,,SC148,36.95383582150793,-122.02346205711366,1.9045276419019699,13.333333015441895,219.27969360351562,11.661781311035156,13.333333015441895,16.666667039195705,278.78125,263.3125,273.0967648679914,4.2,-1.9045276419019699,0.0,,10.246631447026898,273.0967648679914
1/19/2026,5:00:00 PM,Northern California,Steamer Lane Indicators,2-3,,,,Surfline Cam,Garrett,,22,2026-01-19 17:00:00-08:00,2.5,,SC148,36.95383582150793,-122.02346205711366,1.925149324338436,12.30012321472168,217.8579864501953,11.211783409118652,12.5,14.28571422489322,274.5625,270.34375,276.619704548827,-0.765,0.5748506756615639,1.2986005648466294,,10.34296323606693,276.619704548827
1/19/2026,7:00:00 AM,Northern California,Mitchell's,1-2,2-3,,,Surfline Cam,Garrett,,19,2026-01-19 07:00:00-08:00,1.5,2.5,SC158,36.951271,-122.04178,2.5531838137722014,14.285714149475098,231.76507568359375,12.477981567382812,13.333333015441895,16.666667039195705,278.78125,263.3125,273.0967648679914,4.2,-1.0531838137722014,0.5875017661904354,0.9791696103173924,10.246631447026898,273.0967648679914
1/19/2026,5:00:00 PM,Northern California,Mitchell's,2-3,2-3,,,Surfline Cam,Garrett,,19,2026-01-19 17:00:00-08:00,2.5,2.5,SC158,36.951271,-122.04178,2.598384395279884,12.30012321472168,228.49916076660156,11.811542510986328,12.5,14.28571422489322,274.5625,270.34375,276.619704548827,-0.765,-0.09838439527988418,0.9621363199922979,0.9621363199922979,10.34296323606693,276.619704548827
1/20/2026,7:00:00 AM,Northern California,Manresa,3-4,3-4,,,Surfline Cam,Garrett,,34,2026-01-20 07:00:00-08:00,3.5,3.5,SC052,36.93121,-121.863854,3.742520228071213,12.30012321472168,237.12991333007812,12.015599250793457,13.333333015441895,11.764705758606276,264.71875,261.90625,268.38690086623615,3.537,-0.24252022807121287,0.9351986861013706,0.9351986861013706,11.109410867658456,268.38690086623615
1/20/2026,5:00:00 PM,Northern California,Manresa,4-5,4-5,,,Surfline Cam,Garrett,,34,2026-01-20 17:00:00-08:00,4.5,4.5,SC052,36.93121,-121.863854,4.253998886904716,12.30012321472168,239.49722290039062,11.672731399536133,9.876543045043945,16.666667039195705,259.09375,283.0,268.2038942129334,-0.42,0.24600111309528394,1.057828203447011,1.057828203447011,11.243354127592708,268.2038942129334
1/20/2026,7:00:00 AM,Northern California,Capitola,2-3,0-1,,,Surfline Cam,Garrett,,33,2026-01-20 07:00:00-08:00,2.5,0.5,SC101,36.9716260648133,-121.94900125265124,2.271452517118454,12.30012321472168,217.41978454589844,12.344769477844238,13.333333015441895,11.764705758606276,264.71875,261.90625,268.38690086623615,3.537,0.22854748288154614,1.1006173279692766,0.2201234655938553,11.109410867658456,268.38690086623615
1/20/2026,5:00:00 PM,Northern California,Capitola,2-3,0-1,,,Surfline Cam,Garrett,,33,2026-01-20 17:00:00-08:00,2.5,0.5,SC101,36.9716260648133,-121.94900125265124,2.4132093018460274,16.666667938232422,209.43014526367188,11.597457885742188,9.876543045043945,16.666667039195705,259.09375,283.0,268.2038942129334,-0.42,0.08679069815397256,1.035964844859325,0.207192968971865,11.243354127592708,268.2038942129334
1/20/2026,7:00:00 AM,Northern California,The Hook,1-2,1-2,,,Surfline Cam,Garrett,,32,2026-01-20 07:00:00-08:00,1.5,1.5,SC112,36.95965277904864,-121.96402966976167,2.1090722899746894,12.30012321472168,209.15919494628906,12.018651008605957,13.333333015441895,11.764705758606276,264.71875,261.90625,268.38690086623615,3.537,-0.6090722899746894,0.7112131751624319,0.7112131751624319,11.109410867658456,268.38690086623615
1/20/2026,5:00:00 PM,Northern California,The Hook,1-2,1-2,,,Surfline Cam,Garrett,,32,2026-01-20 17:00:00-08:00,1.5,1.5,SC112,36.95965277904864,-121.96402966976167,2.148342522022724,16.666667938232422,201.83267211914062,10.98780345916748,9.876543045043945,16.666667039195705,259.09375,283.0,268.2038942129334,-0.42,-0.6483425220227241,0.698212684720176,0.698212684720176,11.243354127592708,268.2038942129334
1/20/2026,7:00:00 AM,Northern California,Pleasure Point Jacks,1-2,0-1,,,Surfline Cam,Garrett,,31,2026-01-20 07:00:00-08:00,1.5,0.5,SC113,36.95709362590695,-121.96802616119386,2.129883268008232,18.18181800842285,187.6928253173828,12.120587348937988,13.333333015441895,11.764705758606276,264.71875,261.90625,268.38690086623615,3.537,-0.629883268008232,0.7042639484194504,0.23475464947315014,11.109410867658456,268.38690086623615
1/20/2026,5:00:00 PM,Northern California,Pleasure Point Jacks,2-3,1-2,,,Surfline Cam,Garrett,,31,2026-01-20 17:00:00-08:00,2.5,1.5,SC113,36.95709362590695,-121.96802616119386,2.1257148538064956,16.666667938232422,201.20962524414062,10.76927375793457,9.876543045043945,16.666667039195705,259.09375,283.0,268.2038942129334,-0.42,0.3742851461935044,1.176074954513902,0.7056449727083411,11.243354127592708,268.2038942129334
1/20/2026,7:00:00 AM,Northern California,Pleasure Point First Peak,3-5,2-3,,,Surfline Cam,Garrett,,28,2026-01-20 07:00:00-08:00,4.0,2.5,SC117,36.95385698447019,-121.97144329547884,2.315120547392368,12.30012321472168,208.84100341796875,11.61889934539795,13.333333015441895,11.764705758606276,264.71875,261.90625,268.38690086623615,3.537,1.6848794526076318,1.7277718019933748,1.0798573762458592,11.109410867658456,268.38690086623615
1/20/2026,5:00:00 PM,Northern California,Pleasure Point First Peak,3-5,3-4,,,Surfline Cam,Garrett,,28,2026-01-20 17:00:00-08:00,4.0,3.5,SC117,36.95385698447019,-121.97144329547884,2.479064418745041,11.11111068725586,212.53604125976562,10.631881713867188,9.876543045043945,16.666667039195705,259.09375,283.0,268.2038942129334,-0.42,1.520935581254959,1.6135119239962676,1.4118229334967343,11.243354127592708,268.2038942129334
1/20/2026,7:00:00 AM,Northern California,Pleasure Point Second Peak,3-4,2-3,,,Surfline Cam,Garrett,,29,2026-01-20 07:00:00-08:00,3.5,2.5,SC116,36.95534464417764,-121.9701397418976,2.4842219415521622,18.18181800842285,186.5107879638672,12.77457332611084,13.333333015441895,11.764705758606276,264.71875,261.90625,268.38690086623615,3.537,1.0157780584478378,1.4088918310628764,1.0063513079020547,11.109410867658456,268.38690086623615
1/20/2026,5:00:00 PM,Northern California,Pleasure Point Second Peak,3-4,3-4,,,Surfline Cam,Garrett,,29,2026-01-20 17:00:00-08:00,3.5,3.5,SC116,36.95534464417764,-121.9701397418976,2.3187852162861824,16.666667938232422,203.91969299316406,10.853047370910645,9.876543045043945,16.666667039195705,259.09375,283.0,268.2038942129334,-0.42,1.1812147837138176,1.5094110379078909,1.5094110379078909,11.243354127592708,268.2038942129334
1/20/2026,7:00:00 AM,Northern California,Pleasure Point Sewers,5,2-3,,,Surfline Cam,Garrett,,27,2026-01-20 07:00:00-08:00,5.0,2.5,SC117,36.95359559940877,-121.97298824787141,2.315120547392368,12.30012321472168,208.84100341796875,11.61889934539795,13.333333015441895,11.764705758606276,264.71875,261.90625,268.38690086623615,3.537,2.684879452607632,2.1597147524917184,1.0798573762458592,11.109410867658456,268.38690086623615
1/20/2026,5:00:00 PM,Northern California,Pleasure Point Sewers,6,3-4,,,Surfline Cam,Garrett,,27,2026-01-20 17:00:00-08:00,6.0,3.5,SC117,36.95359559940877,-121.97298824787141,2.479064418745041,11.11111068725586,212.53604125976562,10.631881713867188,9.876543045043945,16.666667039195705,259.09375,283.0,268.2038942129334,-0.42,3.520935581254959,2.4202678859944013,1.4118229334967343,11.243354127592708,268.2038942129334
1/20/2026,7:00:00 AM,Northern California,26th Ave,2-4,3-4,,,Surfline Cam,Garrett,,24,2026-01-20 07:00:00-08:00,3.0,3.5,SC121,36.9562363298356,-121.98080420494081,2.8834856620001794,12.30012321472168,224.33218383789062,11.730585098266602,13.333333015441895,11.764705758606276,264.71875,261.90625,268.38690086623615,3.537,0.11651433799982058,1.040407462237561,1.2138087059438212,11.109410867658456,268.38690086623615
1/20/2026,5:00:00 PM,Northern California,26th Ave,4-5,3-4,,,Surfline Cam,Garrett,,24,2026-01-20 17:00:00-08:00,4.5,3.5,SC121,36.9562363298356,-121.98080420494081,3.1621454029273988,12.30012321472168,226.91061401367188,11.315385818481445,9.876543045043945,16.666667039195705,259.09375,283.0,268.2038942129334,-0.42,1.3378545970726012,1.4230844653234682,1.1068434730293641,11.243354127592708,268.2038942129334
1/20/2026,7:00:00 AM,Northern California,Cowells,0,0-1,,,Surfline Cam,Garrett,,23,2026-01-20 07:00:00-08:00,0.0,0.5,SC145,36.95844832786912,-122.02330112457277,2.1983910654592513,12.30012321472168,216.98780822753906,10.924060821533203,13.333333015441895,11.764705758606276,264.71875,261.90625,268.38690086623615,3.537,-2.1983910654592513,0.0,0.22743906116428303,11.109410867658456,268.38690086623615
1/20/2026,5:00:00 PM,Northern California,Cowells,0-1,0-1,,,Surfline Cam,Garrett,,23,2026-01-20 17:00:00-08:00,0.5,0.5,SC145,36.95844832786912,-122.02330112457277,2.532074225845337,11.11111068725586,223.34461975097656,10.403444290161133,9.876543045043945,16.666667039195705,259.09375,283.0,268.2038942129334,-0.42,-2.032074225845337,0.19746656511740854,0.19746656511740854,11.243354127592708,268.2038942129334
1/20/2026,7:00:00 AM,Northern California,Steamer Lane Middle Peak,4,4-6,,,Surfline Cam,Garrett,,21,2026-01-20 07:00:00-08:00,4.0,5.0,SC149,36.95054306508662,-122.02346205711366,2.354826081092358,12.30012321472168,204.8518829345703,11.678576469421387,13.333333015441895,11.764705758606276,264.71875,261.90625,268.38690086623615,3.537,1.6451739189076422,1.6986392464892686,2.1232990581115856,11.109410867658456,268.38690086623615
1/20/2026,5:00:00 PM,Northern California,Steamer Lane Middle Peak,7,4-6,,,Surfline Cam,Garrett,,21,2026-01-20 17:00:00-08:00,7.0,5.0,SC149,36.95054306508662,-122.02346205711366,2.6211057335281374,12.30012321472168,204.27337646484375,11.517643928527832,9.876543045043945,16.666667039195705,259.09375,283.0,268.2038942129334,-0.42,4.378894266471862,2.670628624575803,1.907591874697002,11.243354127592708,268.2038942129334
1/20/2026,7:00:00 AM,Northern California,Steamer Lane Point,3-5,4-6,,,Surfline Cam,Garrett,,20,2026-01-20 07:00:00-08:00,4.0,5.0,SC149,36.95072345524198,-122.02609062194826,2.354826081092358,12.30012321472168,204.8518829345703,11.678576469421387,13.333333015441895,11.764705758606276,264.71875,261.90625,268.38690086623615,3.537,1.6451739189076422,1.6986392464892686,2.1232990581115856,11.109410867658456,268.38690086623615
1/20/2026,5:00:00 PM,Northern California,Steamer Lane Point,4-5,4-6,,,Surfline Cam,Garrett,,20,2026-01-20 17:00:00-08:00,4.5,5.0,SC149,36.95072345524198,-122.02609062194826,2.6211057335281374,12.30012321472168,204.27337646484375,11.517643928527832,9.876543045043945,16.666667039195705,259.09375,283.0,268.2038942129334,-0.42,1.8788942664718626,1.7168326872273019,1.907591874697002,11.243354127592708,268.2038942129334
1/20/2026,7:00:00 AM,Northern California,Steamer Lane Indicators,2-3,,,,Surfline Cam,Garrett,,22,2026-01-20 07:00:00-08:00,2.5,,SC148,36.95383582150793,-122.02346205711366,2.215517428162098,12.30012321472168,217.63973999023438,10.758105278015137,13.333333015441895,11.764705758606276,264.71875,261.90625,268.38690086623615,3.537,0.28448257183790204,1.1284045741287159,,11.109410867658456,268.38690086623615
1/20/2026,5:00:00 PM,Northern California,Steamer Lane Indicators,1-3,,,,Surfline Cam,Garrett,,22,2026-01-20 17:00:00-08:00,2.0,,SC148,36.95383582150793,-122.02346205711366,2.673412330951691,11.11111068725586,223.0469207763672,10.53611946105957,9.876543045043945,16.666667039195705,259.09375,283.0,268.2038942129334,-0.42,-0.6734123309516908,0.7481075690587665,,11.243354127592708,268.2038942129334
1/20/2026,7:00:00 AM,Northern California,Mitchell's,1-3,2-3,,,Surfline Cam,Garrett,,19,2026-01-20 07:00:00-08:00,2.0,2.5,SC158,36.951271,-122.04178,3.1085207762432097,12.30012321472168,228.97647094726562,11.751802444458008,13.333333015441895,11.764705758606276,264.71875,261.90625,268.38690086623615,3.537,-1.1085207762432097,0.6433928366459535,0.8042410458074419,11.109410867658456,268.38690086623615
1/20/2026,5:00:00 PM,Northern California,Mitchell's,3-5,3-4,,,Surfline Cam,Garrett,,19,2026-01-20 17:00:00-08:00,4.0,3.5,SC158,36.951271,-122.04178,3.6257502666044235,12.30012321472168,232.5955810546875,11.591947555541992,9.876543045043945,16.666667039195705,259.09375,283.0,268.2038942129334,-0.42,0.37424973339557654,1.1032199423227425,0.9653174495323996,11.243354127592708,268.2038942129334
1/20/2026,1:00:00 PM,Northern California,Ocean Beach Central,10,5-7,NE,8.0,Visual ,Dean,"Interesting as swell is 2.4@16 from 277 according to Surfline, yet some nearly double o sets mid beach",3,2026-01-20 13:00:00-08:00,10.0,6.0,SF026,37.745319,-122.514099,5.888109164037704,16.666667938232422,266.93487548828125,12.899798393249512,16.666667938232422,13.33333280351429,272.4285888671875,265.83514404296875,272.1432168776,5.52,4.111890835962296,1.6983380778801005,1.0190028467280603,12.962131106769505,272.1432168776
1/20/2026,1:00:00 PM,Northern California,Ocean Beach North,8,4-6,NE,8.0,Visual ,Dean,,2,2026-01-20 13:00:00-08:00,8.0,5.0,SF036,37.764885,-122.516658,4.237273212919235,16.666667938232422,279.9328918457031,12.174579620361328,16.666667938232422,13.33333280351429,272.4285888671875,265.83514404296875,272.1432168776,5.52,3.762726787080765,1.8880066490894187,1.1800041556808867,12.962131106769505,272.1432168776
1/20/2026,1:30:00 PM,Northern California,Waddell Creek Beach,6,4-5,,,Visual ,Garrett,,11,2026-01-20 13:30:00-08:00,6.0,4.5,SC320,37.096511,-122.28278,4.156625857539177,16.666667938232422,246.68902587890625,12.027835845947266,11.764705657958984,16.666667039195705,261.90625,283.0,268.75709567053667,8.219,1.8433741424608234,1.443478486069984,1.082608864552488,11.941676448971183,268.75709567053667
1/20/2026,1:30:00 PM,Northern California,Waddell Creek Reef,6,4-5,,,Visual ,Garrett,,12,2026-01-20 13:30:00-08:00,6.0,4.5,SC315,37.088274,-122.277196,4.364416103777885,16.666667938232422,248.713134765625,12.082354545593262,11.764705657958984,16.666667039195705,261.90625,283.0,268.75709567053667,8.219,1.6355838962221148,1.3747543445287758,1.0310657583965819,11.941676448971183,268.75709567053667
1/20/2026,2:00:00 PM,Northern California,Montara,5-7,,,,Visual ,Garrett,,8,2026-01-20 14:00:00-08:00,6.0,,SM340,37.545929,-122.516613,4.142319177908897,15.384615898132324,270.2770080566406,11.613374710083008,16.666667938232422,11.764705758606276,266.71429443359375,265.65936279296875,270.45678772711364,7.582,1.857680822091103,1.4484639503392607,,12.108706210110263,270.45678772711364
1/20/2026,3:00:00 PM,Northern California,Ocean Beach Central,10,6-8,,,Visual ,Garrett,,3,2026-01-20 15:00:00-08:00,10.0,7.0,SF026,37.745319,-122.514099,5.755067603354454,16.666667938232422,266.2438659667969,12.675955772399902,16.666667938232422,12.50000027939678,273.3956298828125,261.17584228515625,271.0487202107176,2.942,4.244932396645546,1.737599049952307,1.216319334966615,12.747406746491144,271.0487202107176
1/20/2026,3:00:00 PM,Northern California,Ocean Beach North,8,4-6,,,Visual ,Garrett,,2,2026-01-20 15:00:00-08:00,8.0,5.0,SF036,37.764885,-122.516658,4.169446332068444,16.666667938232422,278.09808349609375,12.050146102905273,16.666667938232422,12.50000027939678,273.3956298828125,261.17584228515625,271.0487202107176,2.942,3.8305536679315564,1.9187199841066753,1.199199990066672,12.747406746491144,271.0487202107176
1/22/2026,8:00:00 AM,Northern California,Steamer Lane Middle Peak,5-7,3-4,,,Surfline Cam,Garrett,,21,2026-01-22 08:00:00-08:00,6.0,3.5,SC149,36.95054306508662,-122.02346205711366,1.932901448366642,13.333333015441895,203.3134307861328,9.746721267700195,10.526315689086914,12.50000027939678,271.75,271.75,270.1890654721168,2.741,4.067098551633358,3.1041417062779764,1.810749328662153,10.598355528894391,270.1890654721168
1/22/2026,8:00:00 AM,Northern California,Steamer Lane Point,4-5,3-4,,,Surfline Cam,Garrett,,20,2026-01-22 08:00:00-08:00,4.5,3.5,SC149,36.95072345524198,-122.02609062194826,1.932901448366642,13.333333015441895,203.3134307861328,9.746721267700195,10.526315689086914,12.50000027939678,271.75,271.75,270.1890654721168,2.741,2.567098551633358,2.328106279708482,1.810749328662153,10.598355528894391,270.1890654721168
1/22/2026,8:00:00 AM,Northern California,26th Ave,2-3,2-3,,,Surfline Cam,Garrett,,24,2026-01-22 08:00:00-08:00,2.5,2.5,SC121,36.9562363298356,-121.98080420494081,2.434978491063118,11.11111068725586,228.7440185546875,9.771092414855957,10.526315689086914,12.50000027939678,271.75,271.75,270.1890654721168,2.741,0.06502150893688219,1.0267031142884937,1.0267031142884937,10.598355528894391,270.1890654721168
1/22/2026,8:00:00 AM,Northern California,Ocean Beach Central,6-7,4-5,,,Surfline Cam,Garrett,,3,2026-01-22 08:00:00-08:00,6.5,4.5,SF026,37.745319,-122.514099,4.4277339165735246,12.30012321472168,264.80810546875,10.57619571685791,11.764705657958984,16.666667039195705,267.85711669921875,267.4176025390625,269.40411855334526,2.342,2.0722660834264754,1.4680195609021902,1.016321234470747,10.329702261055148,269.40411855334526
1/22/2026,8:00:00 AM,Northern California,Ocean Beach North,4-5,3-4,,,Surfline Cam,Garrett,,2,2026-01-22 08:00:00-08:00,4.5,3.5,SF036,37.764885,-122.516658,3.36141108959198,12.30012321472168,275.8656005859375,10.582590103149414,11.764705657958984,16.666667039195705,267.85711669921875,267.4176025390625,269.40411855334526,2.342,1.13858891040802,1.3387234944078874,1.041229384539468,10.329702261055148,269.40411855334526
1/23/2026,8:00:00 AM,Northern California,Ocean Beach South,3-5,4-6,,,Surfline Cam,Garrett,,4,2026-01-23 08:00:00-08:00,4.0,5.0,SF017,37.735434,-122.512323,5.7877680266428,14.285714149475098,262.9288024902344,10.354631423950195,14.285714149475098,8.333333519597852,276.2967224121094,284.72552490234375,279.5070056607724,1.937,-1.7877680266427998,0.6911127020963561,0.8638908776204451,9.49746656756176,279.5070056607724
1/23/2026,11:00:00 AM,Northern California,Ocean Beach South,3-4,4-5,,,Surfline Cam,Garrett,,4,2026-01-23 11:00:00-08:00,3.5,4.5,SF017,37.735434,-122.512323,5.412059288172721,13.333333015441895,264.2716064453125,10.426525115966797,13.333333015441895,8.333333519597852,275.857177734375,291.6395263671875,281.9849062272794,3.185,-1.9120592881727214,0.6467039279574686,0.8314764788024596,9.412457744007948,281.9849062272794
1/23/2026,4:00:00 PM,Northern California,Ocean Beach South,3-5,4-5,,,Surfline Cam,Garrett,,4,2026-01-23 16:00:00-08:00,4.0,4.5,SF017,37.735434,-122.512323,5.458807478518486,13.333333015441895,263.9568176269531,10.405291557312012,13.333333015441895,16.666667039195705,271.02197265625,277.08795166015625,278.4083101901906,3.926,-1.4588074785184864,0.7327607752683732,0.82435587217692,10.23527802788697,278.4083101901906
1/23/2026,8:00:00 AM,Northern California,Ocean Beach Central,4-5,4-5,,,Surfline Cam,Garrett,,3,2026-01-23 08:00:00-08:00,4.5,4.5,SF026,37.745319,-122.514099,4.982192844715119,14.285714149475098,265.8424987792969,9.512463569641113,14.285714149475098,8.333333519597852,276.2967224121094,284.72552490234375,279.5070056607724,1.937,-0.4821928447151187,0.9032167441638461,0.9032167441638461,9.49746656756176,279.5070056607724
1/23/2026,11:00:00 AM,Northern California,Ocean Beach Central,4-5,4-5,,,Surfline Cam,Garrett,,3,2026-01-23 11:00:00-08:00,4.5,4.5,SF026,37.745319,-122.514099,4.786780731434822,13.333333015441895,265.3499755859375,9.715666770935059,13.333333015441895,8.333333519597852,275.857177734375,291.6395263671875,281.9849062272794,3.185,-0.2867807314348223,0.9400890185858042,0.9400890185858042,9.412457744007948,281.9849062272794
1/23/2026,4:00:00 PM,Northern California,Ocean Beach Central,3-5,4-5,,,Surfline Cam,Garrett,,3,2026-01-23 16:00:00-08:00,4.0,4.5,SF026,37.745319,-122.514099,4.814264183712005,13.333333015441895,264.2824401855469,9.831226348876953,13.333333015441895,16.666667039195705,271.02197265625,277.08795166015625,278.4083101901906,3.926,-0.8142641837120053,0.8308642499373243,0.9347222811794899,10.23527802788697,278.4083101901906
1/23/2026,8:00:00 AM,Northern California,Ocean Beach North,2-4,4-5,,,Surfline Cam,Garrett,,2,2026-01-23 08:00:00-08:00,3.0,4.5,SF036,37.764885,-122.516658,3.6998113867473603,14.285714149475098,274.3264465332031,9.00251579284668,14.285714149475098,8.333333519597852,276.2967224121094,284.72552490234375,279.5070056607724,1.937,-0.6998113867473603,0.8108521452596019,1.216278217889403,9.49746656756176,279.5070056607724
1/23/2026,11:00:00 AM,Northern California,Ocean Beach North,2-4,4-5,,,Surfline Cam,Garrett,,2,2026-01-23 11:00:00-08:00,3.0,4.5,SF036,37.764885,-122.516658,3.513520270614624,13.333333015441895,277.9767761230469,9.241519927978516,13.333333015441895,8.333333519597852,275.857177734375,291.6395263671875,281.9849062272794,3.185,-0.5135202706146238,0.8538445117537935,1.2807667676306904,9.412457744007948,281.9849062272794
1/23/2026,4:00:00 PM,Northern California,Ocean Beach North,2-3,3-4,,,Surfline Cam,Garrett,,2,2026-01-23 16:00:00-08:00,2.5,3.5,SF036,37.764885,-122.516658,3.575963960146904,13.333333015441895,273.71905517578125,9.460439682006836,13.333333015441895,16.666667039195705,271.02197265625,277.08795166015625,278.4083101901906,3.926,-1.075963960146904,0.699112191247391,0.9787570677463474,10.23527802788697,278.4083101901906
1/24/2026,8:00:00 AM,Northern California,Ocean Beach South,3-4,4-6,,,Surfline Cam,Garrett,,4,2026-01-24 08:00:00-08:00,3.5,5.0,SF017,37.735434,-122.512323,4.923870245485306,14.285714149475098,261.99853515625,10.7764310836792,13.333333015441895,11.111110669595242,267.68133544921875,275.0659484863281,277.9737815208314,1.929,-1.4238702454853058,0.7108229554199054,1.015461364885579,10.144481468411872,277.9737815208314
1/24/2026,11:00:00 AM,Northern California,Ocean Beach South,3-4,4-6,,,Surfline Cam,Garrett,,4,2026-01-24 11:00:00-08:00,3.5,5.0,SF017,37.735434,-122.512323,4.959223935985565,15.384615898132324,263.04766845703125,11.351614952087402,14.285714149475098,9.876543180805538,276.2967224121094,284.172607421875,279.67374686189663,2.09,-1.4592239359855652,0.7057555869988016,1.0082222671411452,10.275818194738527,279.67374686189663
1/24/2026,4:00:00 PM,Northern California,Ocean Beach South,3-4,4-6,,,Surfline Cam,Garrett,,4,2026-01-24 16:00:00-08:00,3.5,5.0,SF017,37.735434,-122.512323,5.2403857814216614,14.285714149475098,262.0658874511719,10.746484756469727,14.285714149475098,10.526315921561542,268.4725341796875,280.69232177734375,278.12204516278337,4.036,-1.7403857814216614,0.6678897596448494,0.9541282280640706,9.724016927982852,278.12204516278337
1/24/2026,8:00:00 AM,Northern California,Ocean Beach Central,5-7,4-5,,,Surfline Cam,Garrett,,3,2026-01-24 08:00:00-08:00,6.0,4.5,SF026,37.745319,-122.514099,4.480863402295112,15.384615898132324,262.6695556640625,10.575209617614746,13.333333015441895,11.111110669595242,267.68133544921875,275.0659484863281,277.9737815208314,1.929,1.5191365977048878,1.3390276518866389,1.0042707389149792,10.144481468411872,277.9737815208314
1/24/2026,11:00:00 AM,Northern California,Ocean Beach Central,5-7,4-5,,,Surfline Cam,Garrett,,3,2026-01-24 11:00:00-08:00,6.0,4.5,SF026,37.745319,-122.514099,4.462420770311356,15.384615898132324,264.0140380859375,11.056723594665527,14.285714149475098,9.876543180805538,276.2967224121094,284.172607421875,279.67374686189663,2.09,1.5375792296886441,1.344561687216547,1.0084212654124103,10.275818194738527,279.67374686189663
1/24/2026,4:00:00 PM,Northern California,Ocean Beach Central,4-5,4-6,,,Surfline Cam,Garrett,,3,2026-01-24 16:00:00-08:00,4.5,5.0,SF026,37.745319,-122.514099,4.862854095063209,15.384615898132324,263.9266357421875,10.492511749267578,14.285714149475098,10.526315921561542,268.4725341796875,280.69232177734375,278.12204516278337,4.036,-0.3628540950632093,0.9253824836259059,1.02820275958434,9.724016927982852,278.12204516278337
1/24/2026,8:00:00 AM,Northern California,Ocean Beach North,3-4,3-4,,,Surfline Cam,Garrett,,2,2026-01-24 08:00:00-08:00,3.5,3.5,SF036,37.764885,-122.516658,3.447011810131073,15.384615898132324,269.3624267578125,10.187512397766113,13.333333015441895,11.111110669595242,267.68133544921875,275.0659484863281,277.9737815208314,1.929,0.05298818986892684,1.0153722101308704,1.0153722101308704,10.144481468411872,277.9737815208314
1/24/2026,11:00:00 AM,Northern California,Ocean Beach North,4-5,3-4,,,Surfline Cam,Garrett,,2,2026-01-24 11:00:00-08:00,4.5,3.5,SF036,37.764885,-122.516658,3.3334852957439423,15.384615898132324,272.9860534667969,10.40191650390625,14.285714149475098,9.876543180805538,276.2967224121094,284.172607421875,279.67374686189663,2.09,1.1665147042560577,1.3499384580293232,1.049952134022807,10.275818194738527,279.67374686189663
1/24/2026,4:00:00 PM,Northern California,Ocean Beach North,3-4,3-4,,,Surfline Cam,Garrett,,2,2026-01-24 16:00:00-08:00,3.5,3.5,SF036,37.764885,-122.516658,3.611589078631401,15.384615898132324,273.34295654296875,9.843997955322266,14.285714149475098,10.526315921561542,268.4725341796875,280.69232177734375,278.12204516278337,4.036,-0.11158907863140088,0.9691024985949711,0.9691024985949711,9.724016927982852,278.12204516278337
1/25/2026,8:00:00 AM,Northern California,Ocean Beach South,4-6,4-5,,,Surfline Cam,Garrett,,4,2026-01-25 08:00:00-08:00,5.0,4.5,SF017,37.735434,-122.512323,4.587430956850052,13.333333015441895,262.7816162109375,11.082944869995117,13.333333015441895,9.090909140169128,278.67034912109375,273.88616943359375,278.70026009407627,2.443,0.412569043149948,1.0899346599503348,0.9809411939553012,10.67540930024132,278.70026009407627
1/25/2026,11:00:00 AM,Northern California,Ocean Beach South,3-4,4-5,,,Surfline Cam,Garrett,,4,2026-01-25 11:00:00-08:00,3.5,4.5,SF017,37.735434,-122.512323,4.258667526454926,13.333333015441895,262.08770751953125,11.299760818481445,13.333333015441895,9.876543180805538,273.3956298828125,288.69873046875,283.91194100671925,1.191,-0.7586675264549259,0.8218533093409927,1.0566685405812761,9.77500378361932,283.91194100671925
1/25/2026,4:00:00 PM,Northern California,Ocean Beach South,3-5,3-4,,,Surfline Cam,Garrett,,4,2026-01-25 16:00:00-08:00,4.0,3.5,SF017,37.735434,-122.512323,3.937694548535347,12.30012321472168,262.87445068359375,11.472938537597656,13.333333015441895,6.666666401757145,268.3846435546875,292.42742919921875,273.6053403265886,3.586,0.06230545146465305,1.0158228249288224,0.8888449718127196,10.217009533464772,273.6053403265886
1/25/2026,8:00:00 AM,Northern California,Ocean Beach Central,5-7,4-5,,,Surfline Cam,Garrett,,3,2026-01-25 08:00:00-08:00,6.0,4.5,SF026,37.745319,-122.514099,3.9483529857492448,13.333333015441895,264.4483947753906,10.857379913330078,13.333333015441895,9.090909140169128,278.67034912109375,273.88616943359375,278.70026009407627,2.443,2.0516470142507552,1.5196209714926063,1.1397157286194548,10.67540930024132,278.70026009407627
1/25/2026,11:00:00 AM,Northern California,Ocean Beach Central,5-6,4-5,,,Surfline Cam,Garrett,,3,2026-01-25 11:00:00-08:00,5.5,4.5,SF026,37.745319,-122.514099,3.997222929430008,13.333333015441895,264.5386962890625,11.300590515136719,13.333333015441895,9.876543180805538,273.3956298828125,288.69873046875,283.91194100671925,1.191,1.502777070569992,1.3759552812292817,1.1257815937330486,9.77500378361932,283.91194100671925
1/25/2026,4:00:00 PM,Northern California,Ocean Beach Central,3-5,3-4,,,Surfline Cam,Garrett,,3,2026-01-25 16:00:00-08:00,4.0,3.5,SF026,37.745319,-122.514099,3.6861238288736344,13.333333015441895,263.98388671875,11.543723106384277,13.333333015441895,6.666666401757145,268.3846435546875,292.42742919921875,273.6053403265886,3.586,0.31387617112636557,1.0851507398280422,0.949506897349537,10.217009533464772,273.6053403265886
1/25/2026,8:00:00 AM,Northern California,Ocean Beach North,3-4,3-4,,,Surfline Cam,Garrett,,2,2026-01-25 08:00:00-08:00,3.5,3.5,SF036,37.764885,-122.516658,2.901908543100357,13.333333015441895,269.0909729003906,10.52608871459961,13.333333015441895,9.090909140169128,278.67034912109375,273.88616943359375,278.70026009407627,2.443,0.5980914568996432,1.2061027933915005,1.2061027933915005,10.67540930024132,278.70026009407627
1/25/2026,11:00:00 AM,Northern California,Ocean Beach North,3-5,3-4,,,Surfline Cam,Garrett,,2,2026-01-25 11:00:00-08:00,4.0,3.5,SF036,37.764885,-122.516658,2.823882384190559,13.333333015441895,269.9674377441406,11.15197467803955,13.333333015441895,9.876543180805538,273.3956298828125,288.69873046875,283.91194100671925,1.191,1.1761176158094409,1.4164895897909588,1.239428391067089,9.77500378361932,283.91194100671925
1/25/2026,4:00:00 PM,Northern California,Ocean Beach North,2-4,2-3,,,Surfline Cam,Garrett,,2,2026-01-25 16:00:00-08:00,3.0,2.5,SF036,37.764885,-122.516658,2.6857533087825773,13.333333015441895,269.2032470703125,11.3297758102417,13.333333015441895,6.666666401757145,268.3846435546875,292.42742919921875,273.6053403265886,3.586,0.31424669121742266,1.1170050466622592,0.930837538885216,10.217009533464772,273.6053403265886
1/26/2026,8:00:00 AM,Northern California,Ocean Beach South,4-5,3-4,,,Surfline Cam,Garrett,,4,2026-01-26 08:00:00-08:00,4.5,3.5,SF017,37.735434,-122.512323,4.047490297012329,16.666667938232422,264.1835632324219,13.320106506347656,16.666667938232422,11.111110669595242,270.4945068359375,276.20880126953125,274.5087149493441,3.436,0.4525097029876708,1.111800071101268,0.8647333886343196,12.740151348413164,274.5087149493441
1/26/2026,11:00:00 AM,Northern California,Ocean Beach South,4-5,4-5,,,Surfline Cam,Garrett,,4,2026-01-26 11:00:00-08:00,4.5,4.5,SF017,37.735434,-122.512323,4.050673904781341,16.666667938232422,263.7249755859375,13.3889741897583,16.666667938232422,11.764705758606276,274.4505615234375,270.14288330078125,273.493769800313,0.728,0.44932609521865885,1.1109262571564407,1.1109262571564407,14.208748369853563,273.493769800313
1/26/2026,4:00:00 PM,Northern California,Ocean Beach South,3-5,3-4,,,Surfline Cam,Garrett,,4,2026-01-26 16:00:00-08:00,4.0,3.5,SF017,37.735434,-122.512323,4.388218460683823,15.384615898132324,264.05450439453125,12.920891761779785,10.526315689086914,13.33333280351429,273.3077392578125,258.36260986328125,266.63568380650366,2.688,-0.3882184606838228,0.9115316468033531,0.7975901909529339,11.290606917248805,266.63568380650366
1/26/2026,8:00:00 AM,Northern California,Ocean Beach Central,4-5,3-4,,,Surfline Cam,Garrett,,3,2026-01-26 08:00:00-08:00,4.5,3.5,SF026,37.745319,-122.514099,3.755838190202713,12.30012321472168,262.13665771484375,12.560881614685059,16.666667938232422,11.111110669595242,270.4945068359375,276.20880126953125,274.5087149493441,3.436,0.7441618097972871,1.1981346831550064,0.9318825313427828,12.740151348413164,274.5087149493441
1/26/2026,11:00:00 AM,Northern California,Ocean Beach Central,5-6,3-4,,,Surfline Cam,Garrett,,3,2026-01-26 11:00:00-08:00,5.5,3.5,SF026,37.745319,-122.514099,3.7415096086025237,16.666667938232422,266.74810791015625,12.59502124786377,16.666667938232422,11.764705758606276,274.4505615234375,270.14288330078125,273.493769800313,0.728,1.7584903913974763,1.4699948885215568,0.9354512926955361,14.208748369853563,273.493769800313
1/26/2026,4:00:00 PM,Northern California,Ocean Beach Central,4-5,3-4,,,Surfline Cam,Garrett,,3,2026-01-26 16:00:00-08:00,4.5,3.5,SF026,37.745319,-122.514099,3.561221587758064,16.666667938232422,265.96649169921875,12.53192138671875,10.526315689086914,13.33333280351429,273.3077392578125,258.36260986328125,266.63568380650366,2.688,0.9387784122419358,1.2636113449017183,0.9828088238124475,11.290606917248805,266.63568380650366
1/26/2026,8:00:00 AM,Northern California,Ocean Beach North,3-4,2-3,,,Surfline Cam,Garrett,,2,2026-01-26 08:00:00-08:00,3.5,2.5,SF036,37.764885,-122.516658,2.7665084140324594,12.30012321472168,262.8988037109375,12.655518531799316,16.666667938232422,11.111110669595242,270.4945068359375,276.20880126953125,274.5087149493441,3.436,0.7334915859675406,1.2651326062292376,0.9036661473065982,12.740151348413164,274.5087149493441
1/26/2026,11:00:00 AM,Northern California,Ocean Beach North,4-6,3-4,,,Surfline Cam,Garrett,,2,2026-01-26 11:00:00-08:00,5.0,3.5,SF036,37.764885,-122.516658,2.6871391950392725,16.666667938232422,275.86260986328125,12.70914077758789,16.666667938232422,11.764705758606276,274.4505615234375,270.14288330078125,273.493769800313,0.728,2.3128608049607275,1.8607149228556896,1.3025004459989828,14.208748369853563,273.493769800313
1/26/2026,4:00:00 PM,Northern California,Ocean Beach North,3-4,2-3,,,Surfline Cam,Garrett,,2,2026-01-26 16:00:00-08:00,3.5,2.5,SF036,37.764885,-122.516658,2.8245722962427138,15.384615898132324,273.3337097167969,12.198785781860352,10.526315689086914,13.33333280351429,273.3077392578125,258.36260986328125,266.63568380650366,2.688,0.6754277037572862,1.2391256561766004,0.8850897544118576,11.290606917248805,266.63568380650366
1/29/2026,7:00:00 AM,Northern California,Manresa,6-8,5-7,,,Surfline Cam,Garrett,,34,2026-01-29 07:00:00-08:00,7.0,6.0,SC052,36.93121,-121.863854,5.871248949379921,14.285714149475098,238.8661346435547,12.160508155822754,11.764705657958984,16.666667039195705,275.96875,280.1875,279.40919112979367,6.223,1.128751050620079,1.1922505859233392,1.0219290736485764,11.120987961334826,279.40919112979367
1/29/2026,5:00:00 PM,Northern California,Manresa,6-8,8-10,,,Surfline Cam,Garrett,,34,2026-01-29 17:00:00-08:00,7.0,9.0,SC052,36.93121,-121.863854,7.6950795653629305,14.285714149475098,238.89617919921875,12.957921981811523,14.285714149475098,11.111110669595242,280.1875,281.59375,279.2001160276677,0.546,-0.6950795653629305,0.9096722055361688,1.1695785499750742,12.674333272361041,279.2001160276677
1/29/2026,7:00:00 AM,Northern California,Capitola,2,1-2,,,Surfline Cam,Garrett,,33,2026-01-29 07:00:00-08:00,2.0,1.5,SC101,36.9716260648133,-121.94900125265124,3.3150164596176146,18.18181800842285,204.90994262695312,12.842855453491211,11.764705657958984,16.666667039195705,275.96875,280.1875,279.40919112979367,6.223,-1.3150164596176146,0.6033152547998808,0.4524864410999106,11.120987961334826,279.40919112979367
1/29/2026,5:00:00 PM,Northern California,Capitola,3-4,2-3,,,Surfline Cam,Garrett,,33,2026-01-29 17:00:00-08:00,3.5,2.5,SC101,36.9716260648133,-121.94900125265124,3.5967149033164976,15.384615898132324,212.32626342773438,12.58642578125,14.285714149475098,11.111110669595242,280.1875,281.59375,279.2001160276677,0.546,-0.09671490331649757,0.9731102114245092,0.6950787224460779,12.674333272361041,279.2001160276677
1/29/2026,7:00:00 AM,Northern California,The Hook,1-2,2-3,,,Surfline Cam,Garrett,,32,2026-01-29 07:00:00-08:00,1.5,2.5,SC112,36.95965277904864,-121.96402966976167,2.9710299868154526,18.18181800842285,197.20989990234375,11.72385025024414,11.764705657958984,16.666667039195705,275.96875,280.1875,279.40919112979367,6.223,-1.4710299868154526,0.5048754158175965,0.8414590263626609,11.120987961334826,279.40919112979367
1/29/2026,5:00:00 PM,Northern California,The Hook,3-5,4-5,,,Surfline Cam,Garrett,,32,2026-01-29 17:00:00-08:00,4.0,4.5,SC112,36.95965277904864,-121.96402966976167,3.2943597731399534,15.384615898132324,205.6265869140625,12.075148582458496,14.285714149475098,11.111110669595242,280.1875,281.59375,279.2001160276677,0.546,0.7056402268600466,1.2141964677365762,1.3659710262036482,12.674333272361041,279.2001160276677
1/29/2026,7:00:00 AM,Northern California,Pleasure Point Jacks,1-3,2-3,,,Surfline Cam,Garrett,,31,2026-01-29 07:00:00-08:00,2.0,2.5,SC113,36.95709362590695,-121.96802616119386,3.025582318367958,18.18181800842285,193.59075927734375,11.562047958374023,11.764705657958984,16.666667039195705,275.96875,280.1875,279.40919112979367,6.223,-1.0255823183679582,0.6610297752793678,0.8262872190992098,11.120987961334826,279.40919112979367
1/29/2026,5:00:00 PM,Northern California,Pleasure Point Jacks,3-5,3-4,,,Surfline Cam,Garrett,,31,2026-01-29 17:00:00-08:00,4.0,3.5,SC113,36.95709362590695,-121.96802616119386,3.3047119738817217,15.384615898132324,204.55006408691406,11.850369453430176,14.285714149475098,11.111110669595242,280.1875,281.59375,279.2001160276677,0.546,0.6952880261182783,1.2103929273151124,1.0590938114007233,12.674333272361041,279.2001160276677
1/29/2026,7:00:00 AM,Northern California,Pleasure Point First Peak,5-7,4-6,,,Surfline Cam,Garrett,,28,2026-01-29 07:00:00-08:00,6.0,5.0,SC117,36.95385698447019,-121.97144329547884,3.504052361907959,18.18181800842285,196.48455810546875,11.27101993560791,11.764705657958984,16.666667039195705,275.96875,280.1875,279.40919112979367,6.223,2.495947638092041,1.7123031793774326,1.4269193161478604,11.120987961334826,279.40919112979367
1/29/2026,5:00:00 PM,Northern California,Pleasure Point First Peak,5-7,6-8,,,Surfline Cam,Garrett,,28,2026-01-29 17:00:00-08:00,6.0,7.0,SC117,36.95385698447019,-121.97144329547884,3.769005576291084,15.384615898132324,209.19351196289062,11.526985168457031,14.285714149475098,11.111110669595242,280.1875,281.59375,279.2001160276677,0.546,2.230994423708916,1.5919318447664228,1.8572538188941599,12.674333272361041,279.2001160276677
1/29/2026,7:00:00 AM,Northern California,Pleasure Point Second Peak,4-6,4-6,,,Surfline Cam,Garrett,,29,2026-01-29 07:00:00-08:00,5.0,5.0,SC116,36.95534464417764,-121.9701397418976,3.3269768907213213,18.18181800842285,193.38084411621094,11.693016052246094,11.764705657958984,16.666667039195705,275.96875,280.1875,279.40919112979367,6.223,1.6730231092786787,1.5028658641857746,1.5028658641857746,11.120987961334826,279.40919112979367
1/29/2026,5:00:00 PM,Northern California,Pleasure Point Second Peak,5-7,6-8,,,Surfline Cam,Garrett,,29,2026-01-29 17:00:00-08:00,6.0,7.0,SC116,36.95534464417764,-121.9701397418976,3.629901081008911,15.384615898132324,206.78282165527344,11.937422752380371,14.285714149475098,11.111110669595242,280.1875,281.59375,279.2001160276677,0.546,2.370098918991089,1.6529376052121876,1.9284272060808854,12.674333272361041,279.2001160276677
1/29/2026,7:00:00 AM,Northern California,Pleasure Point Sewers,8,4-6,,,Surfline Cam,Garrett,,27,2026-01-29 07:00:00-08:00,8.0,5.0,SC117,36.95359559940877,-121.97298824787141,3.504052361907959,18.18181800842285,196.48455810546875,11.27101993560791,11.764705657958984,16.666667039195705,275.96875,280.1875,279.40919112979367,6.223,4.495947638092041,2.283070905836577,1.4269193161478604,11.120987961334826,279.40919112979367
1/29/2026,5:00:00 PM,Northern California,Pleasure Point Sewers,9,6-8,,,Surfline Cam,Garrett,,27,2026-01-29 17:00:00-08:00,9.0,7.0,SC117,36.95359559940877,-121.97298824787141,3.769005576291084,15.384615898132324,209.19351196289062,11.526985168457031,14.285714149475098,11.111110669595242,280.1875,281.59375,279.2001160276677,0.546,5.230994423708916,2.387897767149634,1.8572538188941599,12.674333272361041,279.2001160276677
1/29/2026,7:00:00 AM,Northern California,26th Ave,3-5,4-6,,,Surfline Cam,Garrett,,24,2026-01-29 07:00:00-08:00,4.0,5.0,SC121,36.9562363298356,-121.98080420494081,4.238949104723931,16.666667938232422,223.9163360595703,11.857305526733398,11.764705657958984,16.666667039195705,275.96875,280.1875,279.40919112979367,6.223,-0.23894910472393072,0.943630107646812,1.179537634558515,11.120987961334826,279.40919112979367
1/29/2026,5:00:00 PM,Northern California,26th Ave,7-9,8-10,,,Surfline Cam,Garrett,,24,2026-01-29 17:00:00-08:00,8.0,9.0,SC121,36.9562363298356,-121.98080420494081,5.108785448579789,15.384615898132324,226.7162628173828,12.445452690124512,14.285714149475098,11.111110669595242,280.1875,281.59375,279.2001160276677,0.546,2.8912145514202114,1.565929922193924,1.7616711624681647,12.674333272361041,279.2001160276677
1/29/2026,7:00:00 AM,Northern California,Cowells,0,1-2,,,Surfline Cam,Garrett,,23,2026-01-29 07:00:00-08:00,0.0,1.5,SC145,36.95844832786912,-122.02330112457277,3.5915945356369017,11.11111068725586,227.33572387695312,10.884279251098633,11.764705657958984,16.666667039195705,275.96875,280.1875,279.40919112979367,6.223,-3.5915945356369017,0.0,0.4176417981251893,11.120987961334826,279.40919112979367
1/29/2026,5:00:00 PM,Northern California,Cowells,1-3,2-3,,,Surfline Cam,Garrett,,23,2026-01-29 17:00:00-08:00,2.0,2.5,SC145,36.95844832786912,-122.02330112457277,3.944638646316528,12.30012321472168,225.75657653808594,11.367961883544922,14.285714149475098,11.111110669595242,280.1875,281.59375,279.2001160276677,0.546,-1.9446386463165282,0.5070172908911654,0.6337716136139567,12.674333272361041,279.2001160276677
1/29/2026,7:00:00 AM,Northern California,Steamer Lane Middle Peak,5-7,8-10,,,Surfline Cam,Garrett,,21,2026-01-29 07:00:00-08:00,6.0,9.0,SC149,36.95054306508662,-122.02346205711366,3.442546937122345,12.30012321472168,203.1832733154297,11.857659339904785,11.764705657958984,16.666667039195705,275.96875,280.1875,279.40919112979367,6.223,2.557453062877655,1.7428956262875102,2.6143434394312655,11.120987961334826,279.40919112979367
1/29/2026,5:00:00 PM,Northern California,Steamer Lane Middle Peak,8-12,8-12,,,Surfline Cam,Garrett,,21,2026-01-29 17:00:00-08:00,10.0,10.0,SC149,36.95054306508662,-122.02346205711366,4.4437051459169385,14.285714149475098,203.24871826171875,12.812925338745117,14.285714149475098,11.111110669595242,280.1875,281.59375,279.2001160276677,0.546,5.5562948540830615,2.250374332146771,2.250374332146771,12.674333272361041,279.2001160276677
1/29/2026,7:00:00 AM,Northern California,Steamer Lane Point,6-8,8-10,,,Surfline Cam,Garrett,,20,2026-01-29 07:00:00-08:00,7.0,9.0,SC149,36.95072345524198,-122.02609062194826,3.442546937122345,12.30012321472168,203.1832733154297,11.857659339904785,11.764705657958984,16.666667039195705,275.96875,280.1875,279.40919112979367,6.223,3.557453062877655,2.0333782306687618,2.6143434394312655,11.120987961334826,279.40919112979367
1/29/2026,5:00:00 PM,Northern California,Steamer Lane Point,5-7,8-12,,,Surfline Cam,Garrett,,20,2026-01-29 17:00:00-08:00,6.0,10.0,SC149,36.95072345524198,-122.02609062194826,4.4437051459169385,14.285714149475098,203.24871826171875,12.812925338745117,14.285714149475098,11.111110669595242,280.1875,281.59375,279.2001160276677,0.546,1.5562948540830615,1.3502245992880626,2.250374332146771,12.674333272361041,279.2001160276677
1/29/2026,7:00:00 AM,Northern California,Steamer Lane Indicators,3-4,,,,Surfline Cam,Garrett,,22,2026-01-29 07:00:00-08:00,3.5,,SC148,36.95383582150793,-122.02346205711366,3.8204040241765975,12.30012321472168,224.6789093017578,10.98858642578125,11.764705657958984,16.666667039195705,275.96875,280.1875,279.40919112979367,6.223,-0.3204040241765975,0.9161334711855107,,11.120987961334826,279.40919112979367
1/29/2026,5:00:00 PM,Northern California,Steamer Lane Indicators,3-5,,,,Surfline Cam,Garrett,,22,2026-01-29 17:00:00-08:00,4.0,,SC148,36.95383582150793,-122.02346205711366,4.308476517095566,13.333333015441895,224.52700805664062,11.512215614318848,14.285714149475098,11.111110669595242,280.1875,281.59375,279.2001160276677,0.546,-0.3084765170955661,0.9284024142010372,,12.674333272361041,279.2001160276677
1/29/2026,7:00:00 AM,Northern California,Mitchell's,2-3,3-4,,,Surfline Cam,Garrett,,19,2026-01-29 07:00:00-08:00,2.5,3.5,SC158,36.951271,-122.04178,4.734312606983185,12.30012321472168,233.77365112304688,12.176413536071777,11.764705657958984,16.666667039195705,275.96875,280.1875,279.40919112979367,6.223,-2.2343126069831847,0.5280597644339035,0.7392836702074649,11.120987961334826,279.40919112979367
1/29/2026,5:00:00 PM,Northern California,Mitchell's,5-6,6-8,,,Surfline Cam,Garrett,,19,2026-01-29 17:00:00-08:00,5.5,7.0,SC158,36.951271,-122.04178,6.006772472581863,14.285714149475098,234.36456298828125,12.768157958984375,14.285714149475098,11.111110669595242,280.1875,281.59375,279.2001160276677,0.546,-0.5067724725818632,0.9156331499328392,1.1653512817327043,12.674333272361041,279.2001160276677
2/1/2026,7:00:00 AM,Northern California,Manresa,8-9,4-6,,,Surfline Cam,Garrett,,34,2026-02-01 07:00:00-08:00,8.5,5.0,SC052,36.93121,-121.863854,5.252261342391968,14.285714149475098,237.71435546875,12.410573959350586,15.384615898132324,9.876543180805538,278.78125,268.9375,276.7692907592027,5.084,3.247738657608032,1.6183505438685877,0.9519709081579928,11.91205418577638,276.7692907592027
2/1/2026,5:00:00 PM,Northern California,Manresa,5-8,5-7,,,Surfline Cam,Garrett,,34,2026-02-01 17:00:00-08:00,6.5,6.0,SC052,36.93121,-121.863854,6.391416041455269,14.285714149475098,237.64060974121094,11.932165145874023,14.285714149475098,10.526315921561542,277.375,268.9375,277.04358519184984,-1.314,0.10858395854473102,1.0169890299489888,0.9387591045682974,10.825512307610465,277.04358519184984
2/1/2026,7:00:00 AM,Northern California,Capitola,1-2,1-2,,,Surfline Cam,Garrett,,33,2026-02-01 07:00:00-08:00,1.5,1.5,SC101,36.9716260648133,-121.94900125265124,2.6931575434851647,15.384615898132324,211.2437744140625,12.260204315185547,15.384615898132324,9.876543180805538,278.78125,268.9375,276.7692907592027,5.084,-1.1931575434851647,0.5569670454773612,0.5569670454773612,11.91205418577638,276.7692907592027
2/1/2026,5:00:00 PM,Northern California,Capitola,2-3,1-2,,,Surfline Cam,Garrett,,33,2026-02-01 17:00:00-08:00,2.5,1.5,SC101,36.9716260648133,-121.94900125265124,3.500284440870285,16.666667938232422,209.44544982910156,11.877835273742676,14.285714149475098,10.526315921561542,277.375,268.9375,277.04358519184984,-1.314,-1.000284440870285,0.7142276698457164,0.42853660190742987,10.825512307610465,277.04358519184984
2/1/2026,7:00:00 AM,Northern California,The Hook,0-1,2-3,,,Surfline Cam,Garrett,,32,2026-02-01 07:00:00-08:00,0.5,2.5,SC112,36.95965277904864,-121.96402966976167,2.421937432408333,15.384615898132324,207.58102416992188,11.2864990234375,15.384615898132324,9.876543180805538,278.78125,268.9375,276.7692907592027,5.084,-1.921937432408333,0.2064462910186778,1.032231455093389,11.91205418577638,276.7692907592027
2/1/2026,5:00:00 PM,Northern California,The Hook,2-4,2-3,,,Surfline Cam,Garrett,,32,2026-02-01 17:00:00-08:00,3.0,2.5,SC112,36.95965277904864,-121.96402966976167,3.0579151014471053,14.285714149475098,211.6797332763672,10.989742279052734,14.285714149475098,10.526315921561542,277.375,268.9375,277.04358519184984,-1.314,-0.05791510144710532,0.9810605920943659,0.8175504934119715,10.825512307610465,277.04358519184984
2/1/2026,7:00:00 AM,Northern California,Pleasure Point Jacks,0-2,1-2,,,Surfline Cam,Garrett,,31,2026-02-01 07:00:00-08:00,1.0,1.5,SC113,36.95709362590695,-121.96802616119386,2.465797691578865,15.384615898132324,204.73101806640625,11.114925384521484,15.384615898132324,9.876543180805538,278.78125,268.9375,276.7692907592027,5.084,-1.465797691578865,0.40554827487071493,0.6083224123060724,11.91205418577638,276.7692907592027
2/1/2026,5:00:00 PM,Northern California,Pleasure Point Jacks,2-4,2-3,,,Surfline Cam,Garrett,,31,2026-02-01 17:00:00-08:00,3.0,2.5,SC113,36.95709362590695,-121.96802616119386,3.0843981030273437,14.285714149475098,208.83004760742188,10.750129699707031,14.285714149475098,10.526315921561542,277.375,268.9375,277.04358519184984,-1.314,-0.08439810302734374,0.9726370915140601,0.8105309095950501,10.825512307610465,277.04358519184984
2/1/2026,7:00:00 AM,Northern California,Pleasure Point First Peak,4-5,4-5,,,Surfline Cam,Garrett,,28,2026-02-01 07:00:00-08:00,4.5,4.5,SC117,36.95385698447019,-121.97144329547884,2.886499138395786,15.384615898132324,209.33819580078125,10.939916610717773,15.384615898132324,9.876543180805538,278.78125,268.9375,276.7692907592027,5.084,1.613500861604214,1.5589819307900228,1.5589819307900228,11.91205418577638,276.7692907592027
2/1/2026,5:00:00 PM,Northern California,Pleasure Point First Peak,5-6,4-6,,,Surfline Cam,Garrett,,28,2026-02-01 17:00:00-08:00,5.5,5.0,SC117,36.95385698447019,-121.97144329547884,3.5625447014045717,14.285714149475098,210.63937377929688,10.538220405578613,14.285714149475098,10.526315921561542,277.375,268.9375,277.04358519184984,-1.314,1.9374552985954283,1.5438402773813802,1.4034911612558,10.825512307610465,277.04358519184984
2/1/2026,7:00:00 AM,Northern California,Pleasure Point Second Peak,3-5,4-5,,,Surfline Cam,Garrett,,29,2026-02-01 07:00:00-08:00,4.0,4.5,SC116,36.95534464417764,-121.9701397418976,2.703771198992729,15.384615898132324,206.0549774169922,11.218971252441406,15.384615898132324,9.876543180805538,278.78125,268.9375,276.7692907592027,5.084,1.296228801007271,1.479415122659111,1.6643420129914999,11.91205418577638,276.7692907592027
2/1/2026,5:00:00 PM,Northern California,Pleasure Point Second Peak,3-5,4-6,,,Surfline Cam,Garrett,,29,2026-02-01 17:00:00-08:00,4.0,5.0,SC116,36.95534464417764,-121.9701397418976,3.3607911856222152,14.285714149475098,209.60882568359375,10.807498931884766,14.285714149475098,10.526315921561542,277.375,268.9375,277.04358519184984,-1.314,0.6392088143777848,1.1901959327649931,1.4877449159562415,10.825512307610465,277.04358519184984
2/1/2026,7:00:00 AM,Northern California,Pleasure Point Sewers,7,4-5,,,Surfline Cam,Garrett,,27,2026-02-01 07:00:00-08:00,7.0,4.5,SC117,36.95359559940877,-121.97298824787141,2.886499138395786,15.384615898132324,209.33819580078125,10.939916610717773,15.384615898132324,9.876543180805538,278.78125,268.9375,276.7692907592027,5.084,4.113500861604214,2.425083003451147,1.5589819307900228,11.91205418577638,276.7692907592027
2/1/2026,5:00:00 PM,Northern California,Pleasure Point Sewers,8,4-6,,,Surfline Cam,Garrett,,27,2026-02-01 17:00:00-08:00,8.0,5.0,SC117,36.95359559940877,-121.97298824787141,3.5625447014045717,14.285714149475098,210.63937377929688,10.538220405578613,14.285714149475098,10.526315921561542,277.375,268.9375,277.04358519184984,-1.314,4.437455298595428,2.2455858580092802,1.4034911612558,10.825512307610465,277.04358519184984
2/1/2026,7:00:00 AM,Northern California,26th Ave,2-4,4-5,,,Surfline Cam,Garrett,,24,2026-02-01 07:00:00-08:00,3.0,4.5,SC121,36.9562363298356,-121.98080420494081,3.666650239877701,15.384615898132324,227.08413696289062,11.803789138793945,15.384615898132324,9.876543180805538,278.78125,268.9375,276.7692907592027,5.084,-0.666650239877701,0.818185483680075,1.2272782255201127,11.91205418577638,276.7692907592027
2/1/2026,5:00:00 PM,Northern California,26th Ave,5-8,5-7,,,Surfline Cam,Garrett,,24,2026-02-01 17:00:00-08:00,6.5,6.0,SC121,36.9562363298356,-121.98080420494081,4.582392330451012,14.285714149475098,227.08509826660156,11.30667495727539,14.285714149475098,10.526315921561542,277.375,268.9375,277.04358519184984,-1.314,1.917607669548988,1.4184730444850957,1.3093597333708578,10.825512307610465,277.04358519184984
2/1/2026,7:00:00 AM,Northern California,Cowells,0,1-2,,,Surfline Cam,Garrett,,23,2026-02-01 07:00:00-08:00,0.0,1.5,SC145,36.95844832786912,-122.02330112457277,2.8963114164686203,15.384615898132324,218.11083984375,10.484617233276367,15.384615898132324,9.876543180805538,278.78125,268.9375,276.7692907592027,5.084,-2.8963114164686203,0.0,0.5179001095914271,11.91205418577638,276.7692907592027
2/1/2026,5:00:00 PM,Northern California,Cowells,1-3,1-2,,,Surfline Cam,Garrett,,23,2026-02-01 17:00:00-08:00,2.0,1.5,SC145,36.95844832786912,-122.02330112457277,3.502659240179062,13.333333015441895,222.25022888183594,10.347867965698242,14.285714149475098,10.526315921561542,277.375,268.9375,277.04358519184984,-1.314,-1.502659240179062,0.5709947393848557,0.42824605453864173,10.825512307610465,277.04358519184984
2/1/2026,7:00:00 AM,Northern California,Steamer Lane Middle Peak,3-4,5-7,,,Surfline Cam,Garrett,,21,2026-02-01 07:00:00-08:00,3.5,6.0,SC149,36.95054306508662,-122.02346205711366,3.0535169121146204,14.285714149475098,203.31430053710938,12.126520156860352,15.384615898132324,9.876543180805538,278.78125,268.9375,276.7692907592027,5.084,0.4464830878853796,1.1462192942550893,1.9649473615801532,11.91205418577638,276.7692907592027
2/1/2026,5:00:00 PM,Northern California,Steamer Lane Middle Peak,6-8,8-10,,,Surfline Cam,Garrett,,21,2026-02-01 17:00:00-08:00,7.0,9.0,SC149,36.95054306508662,-122.02346205711366,3.6957387936639785,14.285714149475098,203.91986083984375,11.515569686889648,14.285714149475098,10.526315921561542,277.375,268.9375,277.04358519184984,-1.314,3.3042612063360215,1.8940732532290672,2.4352370398659433,10.825512307610465,277.04358519184984
2/1/2026,7:00:00 AM,Northern California,Steamer Lane Point,5-7,5-7,,,Surfline Cam,Garrett,,20,2026-02-01 07:00:00-08:00,6.0,6.0,SC149,36.95072345524198,-122.02609062194826,3.0535169121146204,14.285714149475098,203.31430053710938,12.126520156860352,15.384615898132324,9.876543180805538,278.78125,268.9375,276.7692907592027,5.084,2.9464830878853796,1.9649473615801532,1.9649473615801532,11.91205418577638,276.7692907592027
2/1/2026,5:00:00 PM,Northern California,Steamer Lane Point,4-5,8-10,,,Surfline Cam,Garrett,,20,2026-02-01 17:00:00-08:00,4.5,9.0,SC149,36.95072345524198,-122.02609062194826,3.6957387936639785,14.285714149475098,203.91986083984375,11.515569686889648,14.285714149475098,10.526315921561542,277.375,268.9375,277.04358519184984,-1.314,0.8042612063360215,1.2176185199329717,2.4352370398659433,10.825512307610465,277.04358519184984
2/1/2026,7:00:00 AM,Northern California,Steamer Lane Indicators,2-3,,,,Surfline Cam,Garrett,,22,2026-02-01 07:00:00-08:00,2.5,,SC148,36.95383582150793,-122.02346205711366,2.9819225013327597,10.0,227.2104034423828,10.519938468933105,15.384615898132324,9.876543180805538,278.78125,268.9375,276.7692907592027,5.084,-0.4819225013327597,0.8383853030662715,,11.91205418577638,276.7692907592027
2/1/2026,5:00:00 PM,Northern California,Steamer Lane Indicators,3-4,,,,Surfline Cam,Garrett,,22,2026-02-01 17:00:00-08:00,3.5,,SC148,36.95383582150793,-122.02346205711366,3.6203314845848085,13.333333015441895,222.92845153808594,10.352725982666016,14.285714149475098,10.526315921561542,277.375,268.9375,277.04358519184984,-1.314,-0.12033148458480847,0.966762301988872,,10.825512307610465,277.04358519184984
2/1/2026,7:00:00 AM,Northern California,Mitchell's,1-3,3-4,,,Surfline Cam,Garrett,,19,2026-02-01 07:00:00-08:00,2.0,3.5,SC158,36.951271,-122.04178,3.907574646630287,14.285714149475098,232.61358642578125,12.097880363464355,15.384615898132324,9.876543180805538,278.78125,268.9375,276.7692907592027,5.084,-1.907574646630287,0.5118264347744983,0.8956962608553721,11.91205418577638,276.7692907592027
2/1/2026,5:00:00 PM,Northern California,Mitchell's,5-6,4-6,,,Surfline Cam,Garrett,,19,2026-02-01 17:00:00-08:00,5.5,5.0,SC158,36.951271,-122.04178,5.153013347959519,14.285714149475098,232.69618225097656,11.780717849731445,14.285714149475098,10.526315921561542,277.375,268.9375,277.04358519184984,-1.314,0.3469866520404814,1.0673366491817609,0.9703060447106917,10.825512307610465,277.04358519184984
2/2/2026,7:00:00 AM,Northern California,Manresa,7-9,8-10,,,Surfline Cam,Garrett,,34,2026-02-02 07:00:00-08:00,8.0,9.0,SC052,36.93121,-121.863854,9.058045410547257,14.285714149475098,237.00384521484375,13.332734107971191,15.384615898132324,12.50000027939678,270.34375,264.71875,275.230923965313,3.941,-1.0580454105472565,0.8831927460514538,0.9935918393078855,12.864191382947237,275.230923965313
2/2/2026,5:00:00 PM,Northern California,Manresa,8-10,8-10,,,Surfline Cam,Garrett,,34,2026-02-02 17:00:00-08:00,9.0,9.0,SC052,36.93121,-121.863854,8.605049313545226,14.285714149475098,237.3031463623047,12.940591812133789,12.5,9.876543180805538,284.40625,285.8125,280.34177211638405,-1.082,0.3949506864547736,1.0458975506198531,1.0458975506198531,12.118802113349522,280.34177211638405
2/2/2026,7:00:00 AM,Northern California,Capitola,3-4,2-3,,,Surfline Cam,Garrett,,33,2026-02-02 07:00:00-08:00,3.5,2.5,SC101,36.9716260648133,-121.94900125265124,5.039943646087647,16.666667938232422,208.22584533691406,13.814188957214355,15.384615898132324,12.50000027939678,270.34375,264.71875,275.230923965313,3.941,-1.5399436460876466,0.6944522093450276,0.49603729238930544,12.864191382947237,275.230923965313
2/2/2026,5:00:00 PM,Northern California,Capitola,2-4,2-3,,,Surfline Cam,Garrett,,33,2026-02-02 17:00:00-08:00,3.0,2.5,SC101,36.9716260648133,-121.94900125265124,4.064167082672119,15.384615898132324,211.40528869628906,12.7735595703125,12.5,9.876543180805538,284.40625,285.8125,280.34177211638405,-1.082,-1.0641670826721192,0.7381586285639498,0.6151321904699582,12.118802113349522,280.34177211638405
2/2/2026,7:00:00 AM,Northern California,The Hook,3-4,4-5,,,Surfline Cam,Garrett,,32,2026-02-02 07:00:00-08:00,3.5,4.5,SC112,36.95965277904864,-121.96402966976167,4.095497068414688,16.666667938232422,204.20864868164062,12.810392379760742,15.384615898132324,12.50000027939678,270.34375,264.71875,275.230923965313,3.941,-0.5954970684146881,0.8545971200889672,1.098767725828672,12.864191382947237,275.230923965313
2/2/2026,5:00:00 PM,Northern California,The Hook,4-5,3-4,,,Surfline Cam,Garrett,,32,2026-02-02 17:00:00-08:00,4.5,3.5,SC112,36.95965277904864,-121.96402966976167,3.5653368114614485,15.384615898132324,207.48960876464844,12.03322982788086,12.5,9.876543180805538,284.40625,285.8125,280.34177211638405,-1.082,0.9346631885385515,1.262152845008612,0.9816744350066982,12.118802113349522,280.34177211638405
2/2/2026,7:00:00 AM,Northern California,Pleasure Point Jacks,3-4,3-4,,,Surfline Cam,Garrett,,31,2026-02-02 07:00:00-08:00,3.5,3.5,SC113,36.95709362590695,-121.96802616119386,4.116542514858246,16.666667938232422,199.93283081054688,12.64980697631836,15.384615898132324,12.50000027939678,270.34375,264.71875,275.230923965313,3.941,-0.6165425148582457,0.8502280706119523,0.8502280706119523,12.864191382947237,275.230923965313
2/2/2026,5:00:00 PM,Northern California,Pleasure Point Jacks,3-5,3-4,,,Surfline Cam,Garrett,,31,2026-02-02 17:00:00-08:00,4.0,3.5,SC113,36.95709362590695,-121.96802616119386,3.583606183218956,15.384615898132324,204.1162109375,11.858016014099121,12.5,9.876543180805538,284.40625,285.8125,280.34177211638405,-1.082,0.4163938167810439,1.116194078113522,0.9766698183493318,12.118802113349522,280.34177211638405
2/2/2026,7:00:00 AM,Northern California,Pleasure Point First Peak,6-8,6-8,,,Surfline Cam,Garrett,,28,2026-02-02 07:00:00-08:00,7.0,7.0,SC117,36.95385698447019,-121.97144329547884,4.704818866753578,16.666667938232422,207.35028076171875,12.50854206085205,15.384615898132324,12.50000027939678,270.34375,264.71875,275.230923965313,3.941,2.2951811332464223,1.487836237323658,1.487836237323658,12.864191382947237,275.230923965313
2/2/2026,5:00:00 PM,Northern California,Pleasure Point First Peak,6-8,6-8,,,Surfline Cam,Garrett,,28,2026-02-02 17:00:00-08:00,7.0,7.0,SC117,36.95385698447019,-121.97144329547884,4.15879102370739,15.384615898132324,208.9860076904297,11.706135749816895,12.5,9.876543180805538,284.40625,285.8125,280.34177211638405,-1.082,2.8412089762926103,1.6831814727155465,1.6831814727155465,12.118802113349522,280.34177211638405
2/2/2026,7:00:00 AM,Northern California,Pleasure Point Second Peak,5-7,6-8,,,Surfline Cam,Garrett,,29,2026-02-02 07:00:00-08:00,6.0,7.0,SC116,36.95534464417764,-121.9701397418976,4.556876926612854,15.384615898132324,206.24884033203125,12.783430099487305,15.384615898132324,12.50000027939678,270.34375,264.71875,275.230923965313,3.941,1.443123073387146,1.3166912551355268,1.5361397976581144,12.864191382947237,275.230923965313
2/2/2026,5:00:00 PM,Northern California,Pleasure Point Second Peak,5-6,6-8,,,Surfline Cam,Garrett,,29,2026-02-02 17:00:00-08:00,5.5,7.0,SC116,36.95534464417764,-121.9701397418976,3.940643101234436,15.384615898132324,205.59771728515625,11.983501434326172,12.5,9.876543180805538,284.40625,285.8125,280.34177211638405,-1.082,1.559356898765564,1.3957112731871313,1.776359802238167,12.118802113349522,280.34177211638405
2/2/2026,7:00:00 AM,Northern California,Pleasure Point Sewers,10,6-8,,,Surfline Cam,Garrett,,27,2026-02-02 07:00:00-08:00,10.0,7.0,SC117,36.95359559940877,-121.97298824787141,4.704818866753578,16.666667938232422,207.35028076171875,12.50854206085205,15.384615898132324,12.50000027939678,270.34375,264.71875,275.230923965313,3.941,5.295181133246422,2.125480339033797,1.487836237323658,12.864191382947237,275.230923965313
2/2/2026,5:00:00 PM,Northern California,Pleasure Point Sewers,12,6-8,,,Surfline Cam,Garrett,,27,2026-02-02 17:00:00-08:00,12.0,7.0,SC117,36.95359559940877,-121.97298824787141,4.15879102370739,15.384615898132324,208.9860076904297,11.706135749816895,12.5,9.876543180805538,284.40625,285.8125,280.34177211638405,-1.082,7.84120897629261,2.8854539532266514,1.6831814727155465,12.118802113349522,280.34177211638405
2/2/2026,7:00:00 AM,Northern California,26th Ave,6-8,8-10,,,Surfline Cam,Garrett,,24,2026-02-02 07:00:00-08:00,7.0,9.0,SC121,36.9562363298356,-121.98080420494081,6.431445020318031,15.384615898132324,227.04356384277344,13.192822456359863,15.384615898132324,12.50000027939678,270.34375,264.71875,275.230923965313,3.941,0.5685549796819691,1.0884023695896967,1.399374475186753,12.864191382947237,275.230923965313
2/2/2026,5:00:00 PM,Northern California,26th Ave,8-10,6-8,,,Surfline Cam,Garrett,,24,2026-02-02 17:00:00-08:00,9.0,7.0,SC121,36.9562363298356,-121.98080420494081,5.67845060154438,14.285714149475098,226.98403930664062,12.506913185119629,12.5,9.876543180805538,284.40625,285.8125,280.34177211638405,-1.082,3.3215493984556197,1.5849393842665904,1.2327306322073481,12.118802113349522,280.34177211638405
2/2/2026,7:00:00 AM,Northern California,Cowells,0,2-3,,,Surfline Cam,Garrett,,23,2026-02-02 07:00:00-08:00,0.0,2.5,SC145,36.95844832786912,-122.02330112457277,4.335868450427055,16.666667938232422,218.9783477783203,11.864846229553223,15.384615898132324,12.50000027939678,270.34375,264.71875,275.230923965313,3.941,-4.335868450427055,0.0,0.5765857586739667,12.864191382947237,275.230923965313
2/2/2026,5:00:00 PM,Northern California,Cowells,2-4,3-4,,,Surfline Cam,Garrett,,23,2026-02-02 17:00:00-08:00,3.0,3.5,SC145,36.95844832786912,-122.02330112457277,4.239117671670914,13.333333015441895,222.48895263671875,11.43393325805664,12.5,9.876543180805538,284.40625,285.8125,280.34177211638405,-1.082,-1.2391176716709138,0.7076944384083359,0.8256435114763919,12.118802113349522,280.34177211638405
2/2/2026,7:00:00 AM,Northern California,Steamer Lane Middle Peak,10,10-15,,,Surfline Cam,Garrett,,21,2026-02-02 07:00:00-08:00,10.0,12.5,SC149,36.95054306508662,-122.02346205711366,5.248751942820549,14.285714149475098,204.7798614501953,13.123190879821777,15.384615898132324,12.50000027939678,270.34375,264.71875,275.230923965313,3.941,4.751248057179451,1.9052148222928302,2.381518527866038,12.864191382947237,275.230923965313
2/2/2026,5:00:00 PM,Northern California,Steamer Lane Middle Peak,15,8-12,,,Surfline Cam,Garrett,,21,2026-02-02 17:00:00-08:00,15.0,10.0,SC149,36.95054306508662,-122.02346205711366,4.875255303311348,14.285714149475098,204.45899963378906,12.602420806884766,12.5,9.876543180805538,284.40625,285.8125,280.34177211638405,-1.082,10.124744696688651,3.0767619471767502,2.051174631451167,12.118802113349522,280.34177211638405
2/2/2026,7:00:00 AM,Northern California,Steamer Lane Point,6-8,10-15,,,Surfline Cam,Garrett,,20,2026-02-02 07:00:00-08:00,7.0,12.5,SC149,36.95072345524198,-122.02609062194826,5.248751942820549,14.285714149475098,204.7798614501953,13.123190879821777,15.384615898132324,12.50000027939678,270.34375,264.71875,275.230923965313,3.941,1.7512480571794509,1.3336503756049811,2.381518527866038,12.864191382947237,275.230923965313
2/2/2026,5:00:00 PM,Northern California,Steamer Lane Point,6-8,8-12,,,Surfline Cam,Garrett,,20,2026-02-02 17:00:00-08:00,7.0,10.0,SC149,36.95072345524198,-122.02609062194826,4.875255303311348,14.285714149475098,204.45899963378906,12.602420806884766,12.5,9.876543180805538,284.40625,285.8125,280.34177211638405,-1.082,2.1247446966886523,1.4358222420158167,2.051174631451167,12.118802113349522,280.34177211638405
2/2/2026,7:00:00 AM,Northern California,Steamer Lane Indicators,3-5,,,,Surfline Cam,Garrett,,22,2026-02-02 07:00:00-08:00,4.0,,SC148,36.95383582150793,-122.02346205711366,4.356665544176102,13.333333015441895,222.5669708251953,11.674934387207031,15.384615898132324,12.50000027939678,270.34375,264.71875,275.230923965313,3.941,-0.35666554417610197,0.918133365859841,,12.864191382947237,275.230923965313
2/2/2026,5:00:00 PM,Northern California,Steamer Lane Indicators,4-5,,,,Surfline Cam,Garrett,,22,2026-02-02 17:00:00-08:00,4.5,,SC148,36.95383582150793,-122.02346205711366,4.626466916041374,13.333333015441895,223.3151397705078,11.445359230041504,12.5,9.876543180805538,284.40625,285.8125,280.34177211638405,-1.082,-0.12646691604137406,0.9726644719747428,,12.118802113349522,280.34177211638405
2/2/2026,7:00:00 AM,Northern California,Mitchell's,6-7,6-8,,,Surfline Cam,Garrett,,19,2026-02-02 07:00:00-08:00,6.5,7.0,SC158,36.951271,-122.04178,6.815074840869904,15.384615898132324,229.56256103515625,13.209274291992188,15.384615898132324,12.50000027939678,270.34375,264.71875,275.230923965313,3.941,-0.31507484086990356,0.9537679558586203,1.0271347216938989,12.864191382947237,275.230923965313
2/2/2026,5:00:00 PM,Northern California,Mitchell's,8-12,6-8,,,Surfline Cam,Garrett,,19,2026-02-02 17:00:00-08:00,10.0,7.0,SC158,36.951271,-122.04178,6.419489282493592,14.285714149475098,232.12631225585938,12.526002883911133,12.5,9.876543180805538,284.40625,285.8125,280.34177211638405,-1.082,3.5805107175064084,1.5577563198478606,1.0904294238935024,12.118802113349522,280.34177211638405
2/2/2026,7:00:00 AM,Northern California,Santa Maria,4-5,,,,Surfing,Garrett,,44,2026-02-02 07:00:00-08:00,4.5,,SC125,36.95972130832453,-121.9879335165024,6.431445020318031,15.384615898132324,227.04356384277344,13.192822456359863,15.384615898132324,12.50000027939678,270.34375,264.71875,275.230923965313,3.941,-1.931445020318031,0.6996872375933765,,12.864191382947237,275.230923965313
2/2/2026,7:00:00 AM,Northern California,Blacks,4-5,6-8,,,Standing on Beach,Garrett,,43,2026-02-02 07:00:00-08:00,4.5,7.0,SC128,36.959195,-121.992979,4.541937436494827,16.666667938232422,221.58482360839844,12.260199546813965,15.384615898132324,12.50000027939678,270.34375,264.71875,275.230923965313,3.941,-0.04193743649482684,0.9907666195139863,1.5411925192439786,12.864191382947237,275.230923965313
2/2/2026,7:00:00 AM,Northern California,Natural Bridges,3-5,8-12,,,Standing on Beach,Garrett,,17,2026-02-02 07:00:00-08:00,4.0,10.0,SC167,36.94894852799567,-122.06106662750246,6.210467441554069,15.384615898132324,228.01849365234375,13.235494613647461,15.384615898132324,12.50000027939678,270.34375,264.71875,275.230923965313,3.941,-2.2104674415540693,0.6440739022695955,1.6101847556739886,12.864191382947237,275.230923965313
2/2/2026,8:00:00 AM,Northern California,Ocean Beach South,8-10,15-18,,,Surfline Cam,Garrett,,4,2026-02-02 08:00:00-08:00,9.0,16.5,SF017,37.735434,-122.512323,14.415468279247284,15.384615898132324,264.7642822265625,13.358555793762207,15.384615898132324,13.33333280351429,268.032958984375,266.89013671875,269.00451798452764,4.135,-5.415468279247284,0.6243293541116892,1.1446038158714302,13.14904292518244,269.00451798452764
2/2/2026,11:00:00 AM,Northern California,Ocean Beach South,8-12,15-18,,,Surfline Cam,Garrett,,4,2026-02-02 11:00:00-08:00,10.0,16.5,SF017,37.735434,-122.512323,15.173498586673736,14.285714149475098,264.24603271484375,12.774942398071289,14.285714149475098,9.876543180805538,262.5824279785156,268.24786376953125,266.1777811031288,6.491,-5.173498586673736,0.6590437889375488,1.0874222517469554,12.486416390250604,266.1777811031288
2/2/2026,4:00:00 PM,Northern California,Ocean Beach South,8-12,10-15,,,Surfline Cam,Garrett,,4,2026-02-02 16:00:00-08:00,10.0,12.5,SF017,37.735434,-122.512323,11.107330602607727,13.333333015441895,261.6764221191406,12.178610801696777,14.285714149475098,11.111110669595242,273.835205078125,274.97802734375,274.66243214907945,0.245,-1.1073306026077265,0.9003063254146993,1.125382906768374,12.368112876693091,274.66243214907945
2/2/2026,8:00:00 AM,Northern California,Ocean Beach Central,12-15,15-18,,,Surfline Cam,Garrett,,3,2026-02-02 08:00:00-08:00,13.5,16.5,SF026,37.745319,-122.514099,14.964416124210357,15.384615898132324,266.5373840332031,13.378262519836426,15.384615898132324,13.33333280351429,268.032958984375,266.89013671875,269.00451798452764,4.135,-1.4644161242103575,0.9021401094399444,1.1026156893154875,13.14904292518244,269.00451798452764
2/2/2026,11:00:00 AM,Northern California,Ocean Beach Central,10-15,10-15,,,Surfline Cam,Garrett,,3,2026-02-02 11:00:00-08:00,12.5,12.5,SF026,37.745319,-122.514099,13.361346805038451,14.285714149475098,267.6421813964844,12.726486206054688,14.285714149475098,9.876543180805538,262.5824279785156,268.24786376953125,266.1777811031288,6.491,-0.8613468050384512,0.9355344324485579,0.9355344324485579,12.486416390250604,266.1777811031288
2/2/2026,4:00:00 PM,Northern California,Ocean Beach Central,10-12,10-15,,,Surfline Cam,Garrett,,3,2026-02-02 16:00:00-08:00,11.0,12.5,SF026,37.745319,-122.514099,11.824517647218704,15.384615898132324,265.19677734375,12.44874382019043,14.285714149475098,11.111110669595242,273.835205078125,274.97802734375,274.66243214907945,0.245,-0.8245176472187037,0.9302705047412533,1.057125573569606,12.368112876693091,274.66243214907945
2/2/2026,8:00:00 AM,Northern California,Ocean Beach North,12-15,10-15,,,Surfline Cam,Garrett,,2,2026-02-02 08:00:00-08:00,13.5,12.5,SF036,37.764885,-122.516658,9.237610275278092,15.384615898132324,283.0343322753906,12.662915229797363,15.384615898132324,13.33333280351429,268.032958984375,266.89013671875,269.00451798452764,4.135,4.262389724721908,1.4614169246919861,1.3531638191592463,13.14904292518244,269.00451798452764
2/2/2026,11:00:00 AM,Northern California,Ocean Beach North,10-15,8-12,,,Surfline Cam,Garrett,,2,2026-02-02 11:00:00-08:00,12.5,10.0,SF036,37.764885,-122.516658,8.486996913518906,14.285714149475098,281.108642578125,11.82844352722168,14.285714149475098,9.876543180805538,262.5824279785156,268.24786376953125,266.1777811031288,6.491,4.013003086481094,1.472841350995285,1.178273080796228,12.486416390250604,266.1777811031288
2/2/2026,4:00:00 PM,Northern California,Ocean Beach North,10-12,8-12,,,Surfline Cam,Garrett,,2,2026-02-02 16:00:00-08:00,11.0,10.0,SF036,37.764885,-122.516658,7.898941536855697,15.384615898132324,279.4108581542969,11.847758293151855,14.285714149475098,11.111110669595242,273.835205078125,274.97802734375,274.66243214907945,0.245,3.1010584631443026,1.3925916464471935,1.265992405861085,12.368112876693091,274.66243214907945
2/3/2026,8:00:00 AM,Northern California,Ocean Beach South,8-10,8-10,,,Surfline Cam,Garrett,,4,2026-02-03 08:00:00-08:00,9.0,9.0,SF017,37.735434,-122.512323,9.32544343232155,12.30012321472168,263.2319030761719,11.146931648254395,13.333333015441895,10.526315921561542,282.3626403808594,275.4176025390625,279.15457292953187,3.0,-0.32544343232154915,0.9651015595469082,0.9651015595469082,10.881770537815154,279.15457292953187
2/3/2026,11:00:00 AM,Northern California,Ocean Beach South,6-10,6-8,,,Surfline Cam,Garrett,,4,2026-02-03 11:00:00-08:00,8.0,7.0,SF017,37.735434,-122.512323,8.646746753187179,12.30012321472168,263.690673828125,11.03128719329834,12.5,3.225806426803478,275.857177734375,54.230770111083984,279.3594139090134,5.784,-0.6467467531871787,0.9252034584048864,0.8095530261042756,10.725221311885308,279.3594139090134
2/3/2026,4:00:00 PM,Northern California,Ocean Beach South,8-10,5-7,,,Surfline Cam,Garrett,,4,2026-02-03 16:00:00-08:00,9.0,6.0,SF017,37.735434,-122.512323,7.07563240811348,12.30012321472168,262.2718505859375,10.696521759033203,11.764705657958984,14.28571422489322,273.65936279296875,268.912109375,272.3211054977805,1.463,1.9243675918865204,1.2719711088552152,0.8479807392368102,10.56383287187012,272.3211054977805
2/3/2026,8:00:00 AM,Northern California,Ocean Beach Central,8-10,8-10,,,Surfline Cam,Garrett,,3,2026-02-03 08:00:00-08:00,9.0,9.0,SF026,37.745319,-122.514099,8.697952776622772,12.30012321472168,265.480224609375,10.947010040283203,13.333333015441895,10.526315921561542,282.3626403808594,275.4176025390625,279.15457292953187,3.0,0.3020472233772278,1.0347262431901252,1.0347262431901252,10.881770537815154,279.15457292953187
2/3/2026,11:00:00 AM,Northern California,Ocean Beach Central,6-8,6-8,,,Surfline Cam,Garrett,,3,2026-02-03 11:00:00-08:00,7.0,7.0,SF026,37.745319,-122.514099,7.680460000448227,12.30012321472168,265.14166259765625,10.9320650100708,12.5,3.225806426803478,275.857177734375,54.230770111083984,279.3594139090134,5.784,-0.6804600004482273,0.9114037439933915,0.9114037439933915,10.725221311885308,279.3594139090134
2/3/2026,4:00:00 PM,Northern California,Ocean Beach Central,8-10,4-6,,,Surfline Cam,Garrett,,3,2026-02-03 16:00:00-08:00,9.0,5.0,SF026,37.745319,-122.514099,6.697362703590393,12.30012321472168,263.8314514160156,10.699433326721191,11.764705657958984,14.28571422489322,273.65936279296875,268.912109375,272.3211054977805,1.463,2.302637296409607,1.343812542088423,0.7465625233824572,10.56383287187012,272.3211054977805
2/3/2026,8:00:00 AM,Northern California,Ocean Beach North,8-10,6-8,,,Surfline Cam,Garrett,,2,2026-02-03 08:00:00-08:00,9.0,7.0,SF036,37.764885,-122.516658,5.762897166490554,13.333333015441895,275.1448974609375,10.419404983520508,13.333333015441895,10.526315921561542,282.3626403808594,275.4176025390625,279.15457292953187,3.0,3.2371028335094456,1.5617144883882688,1.214666824301987,10.881770537815154,279.15457292953187
2/3/2026,11:00:00 AM,Northern California,Ocean Beach North,6-8,5-7,,,Surfline Cam,Garrett,,2,2026-02-03 11:00:00-08:00,7.0,6.0,SF036,37.764885,-122.516658,5.357925049581528,13.333333015441895,272.57977294921875,10.528677940368652,12.5,3.225806426803478,275.857177734375,54.230770111083984,279.3594139090134,5.784,1.642074950418472,1.3064759090922191,1.1198364935076164,10.725221311885308,279.3594139090134
2/3/2026,4:00:00 PM,Northern California,Ocean Beach North,5-8,4-6,,,Surfline Cam,Garrett,,2,2026-02-03 16:00:00-08:00,6.5,5.0,SF036,37.764885,-122.516658,4.920489128880501,12.30012321472168,270.1675720214844,10.72960376739502,11.764705657958984,14.28571422489322,273.65936279296875,268.912109375,272.3211054977805,1.463,1.5795108711194992,1.3210068815818858,1.0161591396783736,10.56383287187012,272.3211054977805
2/4/2026,8:00:00 AM,Northern California,Ocean Beach South,7-10,4-6,,,Surfline Cam,Garrett,,4,2026-02-04 08:00:00-08:00,8.5,5.0,SF017,37.735434,-122.512323,5.901712242884636,18.18181800842285,270.0643615722656,12.943990707397461,18.18181800842285,13.33333280351429,274.97802734375,265.83514404296875,278.58869456065565,2.103,2.598287757115364,1.4402599873024942,0.8472117572367612,11.868284458393616,278.58869456065565
2/4/2026,8:00:00 AM,Northern California,Ocean Beach Central,8-10,4-6,,,Surfline Cam,Garrett,,3,2026-02-04 08:00:00-08:00,9.0,5.0,SF026,37.745319,-122.514099,5.655139474534988,18.18181800842285,265.9974670410156,12.57967472076416,18.18181800842285,13.33333280351429,274.97802734375,265.83514404296875,278.58869456065565,2.103,3.3448605254650117,1.5914726843655882,0.8841514913142157,11.868284458393616,278.58869456065565
2/4/2026,8:00:00 AM,Northern California,Ocean Beach North,6-7,4-5,,,Surfline Cam,Garrett,,2,2026-02-04 08:00:00-08:00,6.5,4.5,SF036,37.764885,-122.516658,4.103539002437592,18.18181800842285,284.1258544921875,12.183633804321289,18.18181800842285,13.33333280351429,274.97802734375,265.83514404296875,278.58869456065565,2.103,2.396460997562408,1.5839985914935517,1.096614409495536,11.868284458393616,278.58869456065565
2/4/2026,7:00:00 AM,Northern California,Steamer Lane Middle Peak,3-5,4-5,,,Surfline Cam,Garrett,,21,2026-02-04 07:00:00-08:00,4.0,4.5,SC149,36.95054306508662,-122.02346205711366,1.8770173988223076,13.333333015441895,203.4815216064453,10.634238243103027,11.11111068725586,19.99999970197678,284.40625,288.625,280.71868671334965,2.016,2.1229826011776924,2.1310404488044226,2.3974205049049755,9.97850131782942,280.71868671334965
2/4/2026,7:00:00 AM,Northern California,Steamer Lane Point,3-5,4-5,,,Surfline Cam,Garrett,,20,2026-02-04 07:00:00-08:00,4.0,4.5,SC149,36.95072345524198,-122.02609062194826,1.8770173988223076,13.333333015441895,203.4815216064453,10.634238243103027,11.11111068725586,19.99999970197678,284.40625,288.625,280.71868671334965,2.016,2.1229826011776924,2.1310404488044226,2.3974205049049755,9.97850131782942,280.71868671334965
2/5/2026,8:00:00 AM,Northern California,Moss Landing,8-10,,,,Surfling,Garrett,Dunes (North of Jetty),35,2026-02-05 08:00:00-08:00,9.0,,MO900,36.814221,-121.79356,6.021663074374199,12.30012321472168,238.84414672851562,11.262248039245605,14.285714149475098,11.111110669595242,277.375,268.9375,273.8740054985595,1.91,2.9783369256258014,1.4946037147611957,,12.335001433113439,273.8740054985595
2/5/2026,7:00:00 AM,Northern California,Manresa,6-8,5-7,,,Surfline Cam,Garrett,,34,2026-02-05 07:00:00-08:00,7.0,6.0,SC052,36.93121,-121.863854,6.454994331250191,14.285714149475098,237.65597534179688,12.581245422363281,13.333333015441895,2.5641026581532893,277.375,83.3125,274.20658438439074,1.6,0.545005668749809,1.0844316262388187,0.929512822490416,12.102791646819597,274.20658438439074
2/5/2026,5:00:00 PM,Northern California,Manresa,5-8,5-7,,,Surfline Cam,Garrett,,34,2026-02-05 17:00:00-08:00,6.5,6.0,SC052,36.93121,-121.863854,7.00727948887825,13.333333015441895,237.77374267578125,12.248860359191895,13.333333015441895,10.526315921561542,263.3125,260.5,265.0618082567292,1.311,-0.5072794888782504,0.9276067852462015,0.8562524171503398,11.8874388998067,265.0618082567292
2/5/2026,7:00:00 AM,Northern California,Capitola,1-3,1-2,,,Surfline Cam,Garrett,,33,2026-02-05 07:00:00-08:00,2.0,1.5,SC101,36.9716260648133,-121.94900125265124,2.7525373038697243,13.333333015441895,219.94332885742188,12.131057739257812,13.333333015441895,2.5641026581532893,277.375,83.3125,274.20658438439074,1.6,-0.7525373038697243,0.726602323313929,0.5449517424854468,12.102791646819597,274.20658438439074
2/5/2026,5:00:00 PM,Northern California,Capitola,2-4,1-2,,,Surfline Cam,Garrett,,33,2026-02-05 17:00:00-08:00,3.0,1.5,SC101,36.9716260648133,-121.94900125265124,3.1848943141913413,13.333333015441895,220.3732452392578,11.785385131835938,13.333333015441895,10.526315921561542,263.3125,260.5,265.0618082567292,1.311,-0.18489431419134128,0.9419464836344854,0.4709732418172427,11.8874388998067,265.0618082567292
2/5/2026,7:00:00 AM,Northern California,Pleasure Point Jacks,3-4,2-3,,,Surfline Cam,Garrett,,31,2026-02-05 07:00:00-08:00,3.5,2.5,SC113,36.95709362590695,-121.96802616119386,2.538974519686699,13.333333015441895,209.4008331298828,11.476059913635254,13.333333015441895,2.5641026581532893,277.375,83.3125,274.20658438439074,1.6,0.9610254803133009,1.3785093047849446,0.9846495034178175,12.102791646819597,274.20658438439074
2/5/2026,5:00:00 PM,Northern California,Pleasure Point Jacks,3-4,2-3,,,Surfline Cam,Garrett,,31,2026-02-05 17:00:00-08:00,3.5,2.5,SC113,36.95709362590695,-121.96802616119386,2.9308561029553415,13.333333015441895,209.6564483642578,11.362648963928223,13.333333015441895,10.526315921561542,263.3125,260.5,265.0618082567292,1.311,0.5691438970446585,1.1941903242778653,0.8529930887699039,11.8874388998067,265.0618082567292
2/5/2026,7:00:00 AM,Northern California,Pleasure Point First Peak,8,4-6,,,Surfline Cam,Garrett,,28,2026-02-05 07:00:00-08:00,8.0,5.0,SC117,36.95385698447019,-121.97144329547884,2.9683919727611543,13.333333015441895,211.2369842529297,11.332768440246582,13.333333015441895,2.5641026581532893,277.375,83.3125,274.20658438439074,1.6,5.031608027238846,2.6950618629245646,1.6844136643278529,12.102791646819597,274.20658438439074
2/5/2026,5:00:00 PM,Northern California,Pleasure Point First Peak,8,4-6,,,Surfline Cam,Garrett,,28,2026-02-05 17:00:00-08:00,8.0,5.0,SC117,36.95385698447019,-121.97144329547884,3.416245800113678,13.333333015441895,211.4941864013672,11.29890251159668,13.333333015441895,10.526315921561542,263.3125,260.5,265.0618082567292,1.311,4.583754199886322,2.341751872694229,1.4635949204338932,11.8874388998067,265.0618082567292
2/5/2026,7:00:00 AM,Northern California,Pleasure Point Second Peak,7,4-6,,,Surfline Cam,Garrett,,29,2026-02-05 07:00:00-08:00,7.0,5.0,SC116,36.95534464417764,-121.9701397418976,2.800004739263058,13.333333015441895,209.9168243408203,11.585967063903809,13.333333015441895,2.5641026581532893,277.375,83.3125,274.20658438439074,1.6,4.199995260736943,2.499995768522289,1.7857112632302066,12.102791646819597,274.20658438439074
2/5/2026,5:00:00 PM,Northern California,Pleasure Point Second Peak,8,4-6,,,Surfline Cam,Garrett,,29,2026-02-05 17:00:00-08:00,8.0,5.0,SC116,36.95534464417764,-121.9701397418976,3.2426026804971695,13.333333015441895,210.17288208007812,11.468235969543457,13.333333015441895,10.526315921561542,263.3125,260.5,265.0618082567292,1.311,4.7573973195028305,2.467153946462971,1.5419712165393569,11.8874388998067,265.0618082567292
2/5/2026,7:00:00 AM,Northern California,Pleasure Point Sewers,10,4-6,,,Surfline Cam,Garrett,,27,2026-02-05 07:00:00-08:00,10.0,5.0,SC117,36.95359559940877,-121.97298824787141,2.9683919727611543,13.333333015441895,211.2369842529297,11.332768440246582,13.333333015441895,2.5641026581532893,277.375,83.3125,274.20658438439074,1.6,7.031608027238846,3.3688273286557058,1.6844136643278529,12.102791646819597,274.20658438439074
2/5/2026,5:00:00 PM,Northern California,Pleasure Point Sewers,10,4-6,,,Surfline Cam,Garrett,,27,2026-02-05 17:00:00-08:00,10.0,5.0,SC117,36.95359559940877,-121.97298824787141,3.416245800113678,13.333333015441895,211.4941864013672,11.29890251159668,13.333333015441895,10.526315921561542,263.3125,260.5,265.0618082567292,1.311,6.583754199886322,2.9271898408677863,1.4635949204338932,11.8874388998067,265.0618082567292
2/5/2026,7:00:00 AM,Northern California,26th Ave,7,8-10,,,Surfline Cam,Garrett,,24,2026-02-05 07:00:00-08:00,7.0,9.0,SC121,36.9562363298356,-121.98080420494081,4.219627265090942,14.285714149475098,227.49703979492188,12.090609550476074,13.333333015441895,2.5641026581532893,277.375,83.3125,274.20658438439074,1.6,2.780372734909058,1.658914297457298,2.132889811016526,12.102791646819597,274.20658438439074
2/5/2026,5:00:00 PM,Northern California,26th Ave,8,4-6,,,Surfline Cam,Garrett,,24,2026-02-05 17:00:00-08:00,8.0,5.0,SC121,36.9562363298356,-121.98080420494081,4.785902305998802,13.333333015441895,227.1395263671875,11.907215118408203,13.333333015441895,10.526315921561542,263.3125,260.5,265.0618082567292,1.311,3.2140976940011976,1.671576118462039,1.0447350740387744,11.8874388998067,265.0618082567292
2/5/2026,7:00:00 AM,Northern California,Cowells,1-2,1-2,,,Surfline Cam,Garrett,,23,2026-02-05 07:00:00-08:00,1.5,1.5,SC145,36.95844832786912,-122.02330112457277,2.9959495397400855,13.333333015441895,220.0088348388672,10.944035530090332,13.333333015441895,2.5641026581532893,277.375,83.3125,274.20658438439074,1.6,-1.4959495397400855,0.5006759893993852,0.5006759893993852,12.102791646819597,274.20658438439074
2/5/2026,5:00:00 PM,Northern California,Cowells,2-3,1-2,,,Surfline Cam,Garrett,,23,2026-02-05 17:00:00-08:00,2.5,1.5,SC145,36.95844832786912,-122.02330112457277,3.358721058359146,13.333333015441895,220.0523223876953,11.051878929138184,13.333333015441895,10.526315921561542,263.3125,260.5,265.0618082567292,1.311,-0.858721058359146,0.744330939235942,0.44659856354156513,11.8874388998067,265.0618082567292
2/5/2026,7:00:00 AM,Northern California,Steamer Lane Middle Peak,10,8-10,,,Surfline Cam,Garrett,,21,2026-02-05 07:00:00-08:00,10.0,9.0,SC149,36.95054306508662,-122.02346205711366,3.6827595298528673,14.285714149475098,204.14381408691406,12.264851570129395,13.333333015441895,2.5641026581532893,277.375,83.3125,274.20658438439074,1.6,6.317240470147133,2.7153551349032874,2.443819621412959,12.102791646819597,274.20658438439074
2/5/2026,5:00:00 PM,Northern California,Steamer Lane Middle Peak,10,6-8,,,Surfline Cam,Garrett,,21,2026-02-05 17:00:00-08:00,10.0,7.0,SC149,36.95054306508662,-122.02346205711366,3.9375611811828612,13.333333015441895,205.32025146484375,11.973227500915527,13.333333015441895,10.526315921561542,263.3125,260.5,265.0618082567292,1.311,6.062438818817139,2.539643078509819,1.777750154956873,11.8874388998067,265.0618082567292
2/5/2026,7:00:00 AM,Northern California,Steamer Lane Point,7,8-10,,,Surfline Cam,Garrett,,20,2026-02-05 07:00:00-08:00,7.0,9.0,SC149,36.95072345524198,-122.02609062194826,3.6827595298528673,14.285714149475098,204.14381408691406,12.264851570129395,13.333333015441895,2.5641026581532893,277.375,83.3125,274.20658438439074,1.6,3.3172404701471327,1.9007485944323013,2.443819621412959,12.102791646819597,274.20658438439074
2/5/2026,5:00:00 PM,Northern California,Steamer Lane Point,8,6-8,,,Surfline Cam,Garrett,,20,2026-02-05 17:00:00-08:00,8.0,7.0,SC149,36.95072345524198,-122.02609062194826,3.9375611811828612,13.333333015441895,205.32025146484375,11.973227500915527,13.333333015441895,10.526315921561542,263.3125,260.5,265.0618082567292,1.311,4.062438818817139,2.031714462807855,1.777750154956873,11.8874388998067,265.0618082567292
2/5/2026,7:00:00 AM,Northern California,Steamer Lane Indicators,3-4,,,,Surfline Cam,Garrett,,22,2026-02-05 07:00:00-08:00,3.5,,SC148,36.95383582150793,-122.02346205711366,3.2828761009883882,13.333333015441895,221.5784149169922,11.035795211791992,13.333333015441895,2.5641026581532893,277.375,83.3125,274.20658438439074,1.6,0.21712389901161178,1.0661383166261564,,12.102791646819597,274.20658438439074
2/5/2026,5:00:00 PM,Northern California,Steamer Lane Indicators,3-5,,,,Surfline Cam,Garrett,,22,2026-02-05 17:00:00-08:00,4.0,,SC148,36.95383582150793,-122.02346205711366,3.5287311887168884,13.333333015441895,220.7637176513672,11.038372039794922,13.333333015441895,10.526315921561542,263.3125,260.5,265.0618082567292,1.311,0.4712688112831116,1.1335519159946195,,11.8874388998067,265.0618082567292
2/6/2026,9:00:00 AM,Northern California,Pleasure Point Jacks,3-5,3-4,,,Standing on Shore,Garrett,,31,2026-02-06 09:00:00-08:00,4.0,3.5,SC113,36.95709362590695,-121.96802616119386,3.7276476171827317,16.666667938232422,200.78143310546875,12.525857925415039,13.333333015441895,11.764705758606276,280.1875,263.3125,269.0576103946293,1.773,0.27235238281726826,1.0730628028147966,0.938929952462947,12.61784126900319,269.0576103946293
2/6/2026,9:00:00 AM,Northern California,Pleasure Point First Peak,6-8,6-8,,,Standing on Shore,Garrett,,28,2026-02-06 09:00:00-08:00,7.0,7.0,SC117,36.95385698447019,-121.97144329547884,4.3083052124023435,16.666667938232422,207.34994506835938,12.386805534362793,13.333333015441895,11.764705758606276,280.1875,263.3125,269.0576103946293,1.773,2.6916947875976565,1.6247688255347041,1.6247688255347041,12.61784126900319,269.0576103946293
2/6/2026,9:00:00 AM,Northern California,Pleasure Point Second Peak,5-7,6-8,,,Standing on Shore,Garrett,,29,2026-02-06 09:00:00-08:00,6.0,7.0,SC116,36.95534464417764,-121.9701397418976,4.0962335221529,16.666667938232422,202.91351318359375,12.564909934997559,13.333333015441895,11.764705758606276,280.1875,263.3125,269.0576103946293,1.773,1.9037664778470997,1.464760240731226,1.7088869475197637,12.61784126900319,269.0576103946293
2/6/2026,9:00:00 AM,Northern California,Pleasure Point Sewers,10,6-8,,,Standing on Shore,Garrett,,27,2026-02-06 09:00:00-08:00,10.0,7.0,SC117,36.95359559940877,-121.97298824787141,4.3083052124023435,16.666667938232422,207.34994506835938,12.386805534362793,13.333333015441895,11.764705758606276,280.1875,263.3125,269.0576103946293,1.773,5.6916947875976565,2.3210983221924346,1.6247688255347041,12.61784126900319,269.0576103946293
2/6/2026,9:00:00 AM,Northern California,Pleasure Point Rockview,9,6-8,,,Standing on Shore,Garrett,,26,2026-02-06 09:00:00-08:00,9.0,7.0,SC118,36.953994,-121.974802,4.988477145652771,12.30012321472168,218.28262329101562,12.181824684143066,13.333333015441895,11.764705758606276,280.1875,263.3125,269.0576103946293,1.773,4.011522854347229,1.8041578095317299,1.403233851858012,12.61784126900319,269.0576103946293
2/7/2026,3:00:00 PM,Northern California,Swift Street,4-6,4-5,,,Standing on Shore,Garrett,,18,2026-02-07 15:00:00-08:00,5.0,4.5,SC161,36.94894004665775,-122.04866409301759,4.448345234684944,14.285714149475098,225.34022521972656,10.701948165893555,13.333333015441895,9.876543180805538,271.75,271.75,276.92863993181925,3.115,0.5516547653150559,1.1240134783185567,1.011612130486701,11.430705985190526,276.92863993181925
2/7/2026,3:00:00 PM,Northern California,Natural Bridges,3-5,4-5,,,Surfing,Garrett,,17,2026-02-07 15:00:00-08:00,4.0,4.5,SC167,36.94894852799567,-122.06106662750246,4.5812686811733245,14.285714149475098,227.06777954101562,10.6311616897583,13.333333015441895,9.876543180805538,271.75,271.75,276.92863993181925,3.115,-0.5812686811733245,0.8731205869758213,0.982260660347799,11.430705985190526,276.92863993181925
2/8/2026,7:00:00 AM,Northern California,Waddell Creek Reef,6-8,4-6,,,Surfing,Garrett,,12,2026-02-08 07:00:00-08:00,7.0,5.0,SC315,37.088274,-122.277196,5.414899895448684,12.30012321472168,250.1538848876953,10.593466758728027,12.5,9.876543180805538,283.0,278.78125,279.90256529781584,5.716,1.5851001045513158,1.2927293459078752,0.923378104219911,10.756126784375889,279.90256529781584
2/8/2026,7:00:00 AM,Northern California,Waddell Creek Beach,6-8,4-6,,,Standing on Shore,Garrett,,11,2026-02-08 07:00:00-08:00,7.0,5.0,SC320,37.096511,-122.28278,5.185011343784332,12.30012321472168,247.6837615966797,10.590560913085938,12.5,9.876543180805538,283.0,278.78125,279.90256529781584,5.716,1.814988656215668,1.3500452623679278,0.9643180445485198,10.756126784375889,279.90256529781584
2/10/2026,10:30:00 AM,Northern California,Ocean Beach Central,8-12,8-12,,,Surfing,Garrett,,3,2026-02-10 10:30:00-08:00,10.0,10.0,SF026,37.745319,-122.514099,7.47171858294487,13.333333015441895,265.363037109375,11.333468437194824,13.333333015441895,10.526315921561542,276.3846130371094,279.3736572265625,275.5191348950667,2.095,2.5282814170551298,1.3383801717085875,1.3383801717085875,11.85672414918196,275.5191348950667
2/17/2026,8:00:00 AM,Northern California,Pleasure Point Jacks,2,1-2,,,Surfline Cam,Garrett,,31,2026-02-17 08:00:00-08:00,2.0,1.5,SC113,36.95709362590695,-121.96802616119386,3.6624145553398133,11.11111068725586,212.7985382080078,5.226195335388184,11.11111068725586,8.333333519597852,294.25,290.03125,287.2386494683782,4.732,-1.6624145553398133,0.5460878253347898,0.4095658690010924,8.952101205784842,287.2386494683782
2/17/2026,4:00:00 PM,Northern California,Pleasure Point Jacks,4,2-3,,,Surfline Cam,Garrett,,31,2026-02-17 16:00:00-08:00,4.0,2.5,SC113,36.95709362590695,-121.96802616119386,5.444343182926178,7.142857074737549,209.77757263183594,5.808753490447998,9.876543045043945,8.333333519597852,294.25,273.15625,277.640866656244,-0.376,-1.4443431829261781,0.7347075424165519,0.45919221401034493,8.3888715659032,277.640866656244
2/17/2026,4:00:00 PM,Northern California,Pleasure Point First Peak,5,5-7,,,Surfline Cam,Garrett,,28,2026-02-17 16:00:00-08:00,5.0,6.0,SC117,36.95385698447019,-121.97144329547884,6.011521288986206,10.0,220.39430236816406,6.098084449768066,9.876543045043945,8.333333519597852,294.25,273.15625,277.640866656244,-0.376,-1.0115212889862057,0.831736221106057,0.9980834653272684,8.3888715659032,277.640866656244
2/17/2026,4:00:00 PM,Northern California,Pleasure Point Second Peak,4,5-7,,,Surfline Cam,Garrett,,29,2026-02-17 16:00:00-08:00,4.0,6.0,SC116,36.95534464417764,-121.9701397418976,5.696012461452484,7.142857074737549,210.04940795898438,5.926803112030029,9.876543045043945,8.333333519597852,294.25,273.15625,277.640866656244,-0.376,-1.6960124614524839,0.7022456546697933,1.0533684820046898,8.3888715659032,277.640866656244
2/17/2026,4:00:00 PM,Northern California,Pleasure Point Sewers,6,5-7,,,Surfline Cam,Garrett,,27,2026-02-17 16:00:00-08:00,6.0,6.0,SC117,36.95359559940877,-121.97298824787141,6.011521288986206,10.0,220.39430236816406,6.098084449768066,9.876543045043945,8.333333519597852,294.25,273.15625,277.640866656244,-0.376,-0.011521288986205747,0.9980834653272684,0.9980834653272684,8.3888715659032,277.640866656244
2/17/2026,4:00:00 PM,Northern California,26th Ave,5,6-8,,,Surfline Cam,Garrett,,24,2026-02-17 16:00:00-08:00,5.0,7.0,SC121,36.9562363298356,-121.98080420494081,6.440715029082298,8.163265228271484,225.38369750976562,6.313042163848877,9.876543045043945,8.333333519597852,294.25,273.15625,277.640866656244,-0.376,-1.4407150290822983,0.7763113221782182,1.0868358510495055,8.3888715659032,277.640866656244
2/17/2026,4:00:00 PM,Northern California,Cowells,2,2-3,,,Surfline Cam,Garrett,,23,2026-02-17 16:00:00-08:00,2.0,2.5,SC145,36.95844832786912,-122.02330112457277,6.145158896136284,7.142857074737549,215.24986267089844,6.207036972045898,9.876543045043945,8.333333519597852,294.25,273.15625,277.640866656244,-0.376,-4.145158896136284,0.32545944438596747,0.40682430548245935,8.3888715659032,277.640866656244
2/17/2026,4:00:00 PM,Northern California,Steamer Lane Middle Peak,8,6-8,,,Surfline Cam,Garrett,,21,2026-02-17 16:00:00-08:00,8.0,7.0,SC149,36.95054306508662,-122.02346205711366,5.444099132404327,8.163265228271484,207.8682861328125,5.920409679412842,9.876543045043945,8.333333519597852,294.25,273.15625,277.640866656244,-0.376,2.555900867595673,1.4694809564327105,1.2857958368786218,8.3888715659032,277.640866656244
2/17/2026,4:00:00 PM,Northern California,Steamer Lane Point,6,6-8,,,Surfline Cam,Garrett,,20,2026-02-17 16:00:00-08:00,6.0,7.0,SC149,36.95072345524198,-122.02609062194826,5.444099132404327,8.163265228271484,207.8682861328125,5.920409679412842,9.876543045043945,8.333333519597852,294.25,273.15625,277.640866656244,-0.376,0.5559008675956729,1.1021107173245328,1.2857958368786218,8.3888715659032,277.640866656244
2/17/2026,4:00:00 PM,Northern California,Steamer Lane Indicators,2,,,,Surfline Cam,Garrett,,22,2026-02-17 16:00:00-08:00,2.0,,SC148,36.95383582150793,-122.02346205711366,6.119737748990059,7.142857074737549,214.1680145263672,6.2250142097473145,9.876543045043945,8.333333519597852,294.25,273.15625,277.640866656244,-0.376,-4.119737748990059,0.3268113899701111,,8.3888715659032,277.640866656244
2/17/2026,4:00:00 PM,Northern California,Mitchell's,5,6-8,,,Surfline Cam,Garrett,,19,2026-02-17 16:00:00-08:00,5.0,7.0,SC158,36.951271,-122.04178,6.3356305507755275,8.163265228271484,224.87716674804688,6.3033246994018555,9.876543045043945,8.333333519597852,294.25,273.15625,277.640866656244,-0.376,-1.3356305507755275,0.7891874312948951,1.1048624038128532,8.3888715659032,277.640866656244
2/18/2026,8:00:00 AM,Northern California,Pleasure Point Jacks,4,2-3,,,Surfline Cam,Garrett,,31,2026-02-18 08:00:00-08:00,4.0,2.5,SC113,36.95709362590695,-121.96802616119386,4.437541305813789,9.090909004211426,215.34439086914062,7.166248798370361,11.764705657958984,9.090909140169128,290.03125,281.59375,283.9810228946351,3.887,-0.4375413058137889,0.9014000601548092,0.5633750375967558,10.204669730677482,283.9810228946351
2/18/2026,8:00:00 AM,Northern California,Pleasure Point First Peak,7,6-8,,,Surfline Cam,Garrett,,28,2026-02-18 08:00:00-08:00,7.0,7.0,SC117,36.95385698447019,-121.97144329547884,5.142447994117736,9.090909004211426,219.18946838378906,7.466043472290039,11.764705657958984,9.090909140169128,290.03125,281.59375,283.9810228946351,3.887,1.8575520058822637,1.3612194052340543,1.3612194052340543,10.204669730677482,283.9810228946351
2/18/2026,8:00:00 AM,Northern California,Pleasure Point Second Peak,7,6-8,,,Surfline Cam,Garrett,,29,2026-02-18 08:00:00-08:00,7.0,7.0,SC116,36.95534464417764,-121.9701397418976,4.7278667790174485,9.090909004211426,216.76620483398438,7.3077874183654785,11.764705657958984,9.090909140169128,290.03125,281.59375,283.9810228946351,3.887,2.2721332209825515,1.4805831735924566,1.4805831735924566,10.204669730677482,283.9810228946351
2/18/2026,8:00:00 AM,Northern California,Pleasure Point Sewers,8,6-8,,,Surfline Cam,Garrett,,27,2026-02-18 08:00:00-08:00,8.0,7.0,SC117,36.95359559940877,-121.97298824787141,5.142447994117736,9.090909004211426,219.18946838378906,7.466043472290039,11.764705657958984,9.090909140169128,290.03125,281.59375,283.9810228946351,3.887,2.8575520058822637,1.5556793202674906,1.3612194052340543,10.204669730677482,283.9810228946351
2/18/2026,8:00:00 AM,Northern California,26th Ave,6,6-8,,,Surfline Cam,Garrett,,24,2026-02-18 08:00:00-08:00,6.0,7.0,SC121,36.9562363298356,-121.98080420494081,6.000706409130096,13.333333015441895,227.35894775390625,8.0657958984375,11.764705657958984,9.090909140169128,290.03125,281.59375,283.9810228946351,3.887,-0.0007064091300961195,0.9998822790048483,1.1665293255056564,10.204669730677482,283.9810228946351
2/18/2026,8:00:00 AM,Northern California,Cowells,0,2-3,,,Surfline Cam,Garrett,,23,2026-02-18 08:00:00-08:00,0.0,2.5,SC145,36.95844832786912,-122.02330112457277,5.4170435507535935,12.30012321472168,226.66334533691406,7.8689398765563965,11.764705657958984,9.090909140169128,290.03125,281.59375,283.9810228946351,3.887,-5.4170435507535935,0.0,0.4615063505723914,10.204669730677482,283.9810228946351
2/18/2026,8:00:00 AM,Northern California,Steamer Lane Middle Peak,10,8-12,,,Surfline Cam,Garrett,,21,2026-02-18 08:00:00-08:00,10.0,10.0,SC149,36.95054306508662,-122.02346205711366,4.855104317674637,14.285714149475098,202.44918823242188,8.011725425720215,11.764705657958984,9.090909140169128,290.03125,281.59375,283.9810228946351,3.887,5.144895682325363,2.059687979019475,2.059687979019475,10.204669730677482,283.9810228946351
2/18/2026,8:00:00 AM,Northern California,Steamer Lane Point,6,8-12,,,Surfline Cam,Garrett,,20,2026-02-18 08:00:00-08:00,6.0,10.0,SC149,36.95072345524198,-122.02609062194826,4.855104317674637,14.285714149475098,202.44918823242188,8.011725425720215,11.764705657958984,9.090909140169128,290.03125,281.59375,283.9810228946351,3.887,1.1448956823253633,1.235812787411685,2.059687979019475,10.204669730677482,283.9810228946351
2/18/2026,8:00:00 AM,Northern California,Steamer Lane Indicators,3,,,,Surfline Cam,Garrett,,22,2026-02-18 08:00:00-08:00,3.0,,SC148,36.95383582150793,-122.02346205711366,5.6390595175552365,14.285714149475098,223.93490600585938,8.158950805664062,11.764705657958984,9.090909140169128,290.03125,281.59375,283.9810228946351,3.887,-2.6390595175552365,0.532003606392263,,10.204669730677482,283.9810228946351
2/18/2026,8:00:00 AM,Northern California,Mitchell's,5,6-8,,,Surfline Cam,Garrett,,19,2026-02-18 08:00:00-08:00,5.0,7.0,SC158,36.951271,-122.04178,6.532085745372772,14.285714149475098,233.65139770507812,8.643796920776367,11.764705657958984,9.090909140169128,290.03125,281.59375,283.9810228946351,3.887,-1.5320857453727719,0.7654522911830914,1.071633207656328,10.204669730677482,283.9810228946351
2/19/2026,10:00:00 AM,Northern California,Manresa,6-8,8-10,,,Surfline Cam,Garrett,,34,2026-02-19 10:00:00-08:00,7.0,9.0,SC052,36.93121,-121.863854,6.671504299259186,9.090909004211426,246.943359375,6.6651611328125,8.333333969116211,10.526315921561542,290.03125,285.8125,285.6443206085411,4.494,0.328495700740814,1.0492386253542985,1.3490210897412407,7.920168459215238,285.6443206085411
2/19/2026,10:00:00 AM,Northern California,Capitola,2-4,1-2,,,Surfline Cam,Garrett,,33,2026-02-19 10:00:00-08:00,3.0,1.5,SC101,36.9716260648133,-121.94900125265124,4.9019401159000395,8.163265228271484,224.8546142578125,5.641977787017822,8.333333969116211,10.526315921561542,290.03125,285.8125,285.6443206085411,4.494,-1.9019401159000395,0.6120025804209919,0.30600129021049594,7.920168459215238,285.6443206085411
2/19/2026,10:00:00 AM,Northern California,Pleasure Point Jacks,2-4,2-3,,,Surfline Cam,Garrett,,31,2026-02-19 10:00:00-08:00,3.0,2.5,SC113,36.95709362590695,-121.96802616119386,4.96077467367649,9.090909004211426,217.14755249023438,5.712723731994629,8.333333969116211,10.526315921561542,290.03125,285.8125,285.6443206085411,4.494,-1.9607746736764904,0.6047442581738274,0.5039535484781895,7.920168459215238,285.6443206085411
2/19/2026,10:00:00 AM,Northern California,Pleasure Point First Peak,4-6,5-7,,,Surfline Cam,Garrett,,28,2026-02-19 10:00:00-08:00,5.0,6.0,SC117,36.95385698447019,-121.97144329547884,5.638961740903854,9.090909004211426,222.0329132080078,6.016024589538574,8.333333969116211,10.526315921561542,290.03125,285.8125,285.6443206085411,4.494,-0.6389617409038539,0.8866880517615577,1.0640256621138693,7.920168459215238,285.6443206085411
2/19/2026,10:00:00 AM,Northern California,Pleasure Point Second Peak,4-6,5-7,,,Surfline Cam,Garrett,,29,2026-02-19 10:00:00-08:00,5.0,6.0,SC116,36.95534464417764,-121.9701397418976,5.228053016829491,9.090909004211426,219.0978240966797,5.828026294708252,8.333333969116211,10.526315921561542,290.03125,285.8125,285.6443206085411,4.494,-0.22805301682949075,0.9563789777771244,1.1476547733325493,7.920168459215238,285.6443206085411
2/19/2026,10:00:00 AM,Northern California,Pleasure Point Sewers,5-6,5-7,,,Surfline Cam,Garrett,,27,2026-02-19 10:00:00-08:00,5.5,6.0,SC117,36.95359559940877,-121.97298824787141,5.638961740903854,9.090909004211426,222.0329132080078,6.016024589538574,8.333333969116211,10.526315921561542,290.03125,285.8125,285.6443206085411,4.494,-0.13896174090385394,0.9753568569377135,1.0640256621138693,7.920168459215238,285.6443206085411
2/19/2026,10:00:00 AM,Northern California,26th Ave,4-6,6-8,,,Surfline Cam,Garrett,,24,2026-02-19 10:00:00-08:00,5.0,7.0,SC121,36.9562363298356,-121.98080420494081,6.017576792559623,9.090909004211426,234.2816162109375,6.212550640106201,8.333333969116211,10.526315921561542,290.03125,285.8125,285.6443206085411,4.494,-1.0175767925596233,0.830899242728768,1.1632589398202753,7.920168459215238,285.6443206085411
2/19/2026,10:00:00 AM,Northern California,Cowells,0,1-2,,,Surfline Cam,Garrett,,23,2026-02-19 10:00:00-08:00,0.0,1.5,SC145,36.95844832786912,-122.02330112457277,5.6936963281345365,9.090909004211426,227.30685424804688,6.149872303009033,8.333333969116211,10.526315921561542,290.03125,285.8125,285.6443206085411,4.494,-5.6936963281345365,0.0,0.26344924519208684,7.920168459215238,285.6443206085411
2/19/2026,10:00:00 AM,Northern California,Steamer Lane Middle Peak,5-7,6-8,,,Surfline Cam,Garrett,,21,2026-02-19 10:00:00-08:00,6.0,7.0,SC149,36.95054306508662,-122.02346205711366,4.809137167220116,9.090909004211426,211.8623504638672,5.856176376342773,8.333333969116211,10.526315921561542,290.03125,285.8125,285.6443206085411,4.494,1.1908628327798843,1.2476250502682695,1.4555625586463143,7.920168459215238,285.6443206085411
2/19/2026,10:00:00 AM,Northern California,Steamer Lane Point,4-5,6-8,,,Surfline Cam,Garrett,,20,2026-02-19 10:00:00-08:00,4.5,7.0,SC149,36.95072345524198,-122.02609062194826,4.809137167220116,9.090909004211426,211.8623504638672,5.856176376342773,8.333333969116211,10.526315921561542,290.03125,285.8125,285.6443206085411,4.494,-0.30913716722011575,0.9357187877012021,1.4555625586463143,7.920168459215238,285.6443206085411
2/19/2026,10:00:00 AM,Northern California,Steamer Lane Indicators,0,,,,Surfline Cam,Garrett,,22,2026-02-19 10:00:00-08:00,0.0,,SC148,36.95383582150793,-122.02346205711366,5.747958458585739,9.090909004211426,226.39073181152344,6.200258255004883,8.333333969116211,10.526315921561542,290.03125,285.8125,285.6443206085411,4.494,-5.747958458585739,0.0,,7.920168459215238,285.6443206085411
2/19/2026,10:00:00 AM,Northern California,Mitchell's,3-4,5-7,,,Surfline Cam,Garrett,,19,2026-02-19 10:00:00-08:00,3.5,6.0,SC158,36.951271,-122.04178,5.995715888843536,9.090909004211426,233.1156768798828,6.207271575927734,8.333333969116211,10.526315921561542,290.03125,285.8125,285.6443206085411,4.494,-2.4957158888435362,0.5837501417491424,1.0007145287128156,7.920168459215238,285.6443206085411
2/20/2026,10:40:00 AM,Northern California,Pleasure Point First Peak,3-4,3-4,,,Surfline Cam,Garrett,,28,2026-02-20 10:40:00-08:00,3.5,3.5,SC117,36.95385698447019,-121.97144329547884,2.4363364131975174,11.11111068725586,216.64707946777344,7.081325531005859,10.526315689086914,5.882352879303138,297.0625,284.40625,291.37877978754125,4.081,1.0636635868024826,1.436583216111153,1.436583216111153,8.970487178412181,291.37877978754125
2/20/2026,10:40:00 AM,Northern California,Pleasure Point Second Peak,2-4,3-4,,,Surfline Cam,Garrett,,29,2026-02-20 10:40:00-08:00,3.0,3.5,SC116,36.95534464417764,-121.9701397418976,2.171692759692669,11.11111068725586,212.15432739257812,6.811525821685791,10.526315689086914,5.882352879303138,297.0625,284.40625,291.37877978754125,4.081,0.828307240307331,1.3814108771189855,1.611646023305483,8.970487178412181,291.37877978754125
2/21/2026,1:00:00 PM,Northern California,Scott Creek,3-5,2-3,,,Standing on Shore,Garrett,,13,2026-02-21 13:00:00-08:00,4.0,2.5,SC281,37.041051,-122.236232,3.3166203878068923,6.25,202.86727905273438,5.189344882965088,5.0,13.33333280351429,207.0625,246.4375,224.57254503770787,5.298,0.6833796121931077,1.2060469792399096,0.7537793620249436,5.591499810353398,224.57254503770787
2/21/2026,1:00:00 PM,Northern California,Waddell Creek Beach,2-4,2-3,,,Standing on Shore,Garrett,,11,2026-02-21 13:00:00-08:00,3.0,2.5,SC320,37.096511,-122.28278,3.3136143424367903,6.25,199.0746612548828,5.193113327026367,5.0,13.33333280351429,207.0625,246.4375,224.57254503770787,5.298,-0.3136143424367903,0.9053558108979688,0.7544631757483073,5.591499810353398,224.57254503770787
2/22/2026,1:45:00 PM,Northern California,Waddell Creek Beach,5-6,4-6,,,Standing on Shore,Garrett,,11,2026-02-22 13:45:00-08:00,5.5,5.0,SC320,37.096511,-122.28278,5.425394850101471,10.0,247.9749298095703,6.888526439666748,9.876543045043945,12.50000027939678,271.75,277.375,254.28496157873266,4.729,0.07460514989852918,1.0137511005115385,0.9215919095559442,8.01690673971424,254.28496157873266
2/23/2026,7:00:00 AM,Northern California,Princeton Jetty,1-3,,,,Standing on Shore,Garrett,,9,2026-02-23 07:00:00-08:00,2.0,,SM296,37.500063,-122.470624,4.746083351383209,9.090909004211426,248.6857147216797,7.838831901550293,14.285714149475098,9.876543180805538,283.06597900390625,265.3658447265625,270.334789430582,5.11,-2.7460833513832092,0.4214001002357271,,10.355770178009308,270.334789430582
2/23/2026,7:15:00 AM,Northern California,Montara,6-8,,,,Standing on Shore,Garrett,,8,2026-02-23 07:15:00-08:00,7.0,,SM340,37.545929,-122.516613,5.957044832115173,15.384615898132324,277.17041015625,9.201066970825195,14.285714149475098,9.876543180805538,283.06597900390625,265.3658447265625,270.334789430582,5.11,1.042955167884827,1.1750792880157834,,10.355770178009308,270.334789430582
2/23/2026,8:15:00 AM,Northern California,Waddell Creek Beach,4-5,4-6,,,Standing on Shore,Garrett,,11,2026-02-23 08:15:00-08:00,4.5,5.0,SC320,37.096511,-122.28278,4.91531752623558,10.0,250.74594116210938,8.61428165435791,9.090909004211426,13.33333280351429,283.0,295.65625,284.3675944489047,3.491,-0.4153175262355804,0.9155054533061563,1.0172282814512847,9.369406304664196,284.3675944489047
2/23/2026,8:15:00 AM,Northern California,Waddell Creek Reef,5-6,4-6,,,Standing on Shore,Garrett,,12,2026-02-23 08:15:00-08:00,5.5,5.0,SC315,37.088274,-122.277196,5.031565360383987,15.384615898132324,251.70266723632812,8.670846939086914,9.090909004211426,13.33333280351429,283.0,295.65625,284.3675944489047,3.491,0.46843463961601284,1.093099186051369,0.9937265327739719,9.369406304664196,284.3675944489047
2/25/2026,11:20:00 AM,Northern California,Pleasure Point First Peak,4,2-3,,,Standing on Shore,Garrett,,28,2026-02-25 11:20:00-08:00,4.0,2.5,SC117,36.95385698447019,-121.97144329547884,2.603019790768623,8.163265228271484,219.81626892089844,6.775760173797607,8.333333969116211,10.526315921561542,260.5,273.15625,258.19082326878754,-0.073,1.3969802092313768,1.5366767529719298,0.9604229706074561,8.149092386895898,258.19082326878754
2/25/2026,11:20:00 AM,Northern California,Pleasure Point Sewers,4-5,2-3,,,Standing on Shore,Garrett,,27,2026-02-25 11:20:00-08:00,4.5,2.5,SC117,36.95359559940877,-121.97298824787141,2.603019790768623,8.163265228271484,219.81626892089844,6.775760173797607,8.333333969116211,10.526315921561542,260.5,273.15625,258.19082326878754,-0.073,1.8969802092313768,1.728761347093421,0.9604229706074561,8.149092386895898,258.19082326878754
2/25/2026,11:20:00 AM,Northern California,26th Ave,4,2-3,,,Standing on Shore,Garrett,,24,2026-02-25 11:20:00-08:00,4.0,2.5,SC121,36.9562363298356,-121.98080420494081,2.904395590004921,8.163265228271484,229.88111877441406,7.075533866882324,8.333333969116211,10.526315921561542,260.5,273.15625,258.19082326878754,-0.073,1.095604409995079,1.3772228596426228,0.8607642872766392,8.149092386895898,258.19082326878754
2/26/2026,8:45:00 AM,Northern California,Ocean Beach Central,3-5,2-3,,,Surfline Cam,Garrett,,3,2026-02-26 08:45:00-08:00,4.0,2.5,SF026,37.745319,-122.514099,3.567983038754463,15.384615898132324,264.1779479980469,8.712712287902832,15.384615898132324,8.333333519597852,278.23077392578125,260.9234619140625,269.0397469457028,4.136,0.4320169612455369,1.1210815624830852,0.7006759765519283,9.28873720653138,269.0397469457028
2/25/2026,12:30:00 PM,Northern California,Ocean Beach Central,5-7,4-5,,,Surfline Cam,Garrett,,3,2026-02-25 12:30:00-08:00,6.0,4.5,SF026,37.745319,-122.514099,5.134835104041099,16.666667938232422,266.769775390625,8.541370391845703,9.090909004211426,16.666667039195705,271.35052490234375,280.5164794921875,262.1047482447257,-0.077,0.8651648959589009,1.168489324083264,0.8763669930624479,8.193481712965625,262.1047482447257
2/27/2026,7:45:00 AM,Northern California,Pleasure Point Sewers,2-3,1-2,,,Standing on Shore,Garrett,,27,2026-02-27 07:45:00-08:00,2.5,1.5,SC117,36.95359559940877,-121.97298824787141,1.358870861247778,18.18181800842285,190.9143524169922,9.00558853149414,13.333333015441895,8.333333519597852,274.5625,242.21875,266.9342949759287,5.108,1.141129138752222,1.839762755457413,1.1038576532744477,8.9599777777174,266.9342949759287
2/27/2026,7:45:00 AM,Northern California,Pleasure Point First Peak,2,1-2,,,Standing on Shore,Garrett,,28,2026-02-27 07:45:00-08:00,2.0,1.5,SC117,36.95385698447019,-121.97144329547884,1.358870861247778,18.18181800842285,190.9143524169922,9.00558853149414,13.333333015441895,8.333333519597852,274.5625,242.21875,266.9342949759287,5.108,0.641129138752222,1.4718102043659305,1.1038576532744477,8.9599777777174,266.9342949759287
2/27/2026,7:45:00 AM,Northern California,Pleasure Point Second Peak,1,1-2,,,Standing on Shore,Garrett,,29,2026-02-27 07:45:00-08:00,1.0,1.5,SC116,36.95534464417764,-121.9701397418976,1.2707839737939834,18.18181800842285,192.03713989257812,8.944260597229004,13.333333015441895,8.333333519597852,274.5625,242.21875,266.9342949759287,5.108,-0.27078397379398345,0.7869158099424676,1.1803737149137015,8.9599777777174,266.9342949759287
2/27/2026,7:56:00 AM,Northern California,Ocean Beach Central,2-3,2-3,,,Surfline Cam,Garrett,,3,2026-02-27 07:56:00-08:00,2.5,2.5,SF026,37.745319,-122.514099,2.1625895578956604,13.333333015441895,258.58184814453125,8.8463134765625,13.333333015441895,18.181818280338256,268.3846435546875,243.59339904785156,258.8809667911361,6.026,0.33741044210433957,1.1560214886234177,1.1560214886234177,9.748434330358224,258.8809667911361
2/27/2026,7:30:00 AM,Northern California,Ocean Beach North,2-3,2-3,,,Surfline Cam,Garrett,,2,2026-02-27 07:30:00-08:00,2.5,2.5,SF036,37.764885,-122.516658,2.3206834521961213,18.18181800842285,239.18040466308594,9.623043060302734,13.333333015441895,18.181818280338256,269.7912292480469,253.52748107910156,262.29213723561077,6.048,0.17931654780387873,1.0772688526882832,1.0772688526882832,9.740256985387731,262.29213723561077
3/7/2026,7:30:00 AM,Northern California,Swift Street,0-1,1-2,,,Standing on Shore,Garrett,,18,2026-03-07 07:30:00-08:00,0.5,1.5,SC161,36.94894004665775,-122.04866409301759,1.7914784731268882,10.0,232.25852966308594,7.765674114227295,10.526315689086914,7.14285711244661,291.4375,287.21875,286.5410512881293,0.707,-1.2914784731268882,0.2790990835224988,0.8372972505674964,8.464603309536692,286.5410512881293
3/7/2026,7:30:00 AM,Northern California,Natural Bridges,1,2-3,,,Standing on Shore,Garrett,,17,2026-03-07 07:30:00-08:00,1.0,2.5,SC167,36.94894852799567,-122.06106662750246,1.7869660806655883,14.285714149475098,202.31394958496094,7.156298637390137,10.526315689086914,7.14285711244661,291.4375,287.21875,286.5410512881293,0.707,-0.7869660806655883,0.5596077120991192,1.399019280247798,8.464603309536692,286.5410512881293
3/7/2026,7:45:00 AM,Northern California,Four Mile,3-4,3-4,,,Standing on Shore,Garrett,,15,2026-03-07 07:45:00-08:00,3.5,3.5,SC203,36.96507499144963,-122.12460279464723,3.0744643863534926,10.0,252.64553833007812,7.42350435256958,10.526315689086914,7.14285711244661,291.4375,287.21875,286.5410512881293,0.844,0.4255356136465074,1.1384096740672347,1.1384096740672347,8.464603309536692,286.5410512881293
3/7/2026,7:45:00 AM,Northern California,Three Mile,3-4,,,,Standing on Shore,Garrett,,16,2026-03-07 07:45:00-08:00,3.5,,SC198,36.96175745480028,-122.1174466609955,2.830857966053486,10.0,245.89166259765625,7.289103984832764,10.526315689086914,7.14285711244661,291.4375,287.21875,286.5410512881293,0.844,0.669142033946514,1.2363742872198453,,8.464603309536692,286.5410512881293
3/7/2026,8:00:00 AM,Northern California,Laguna Creek,3-4,,,,Standing on Shore,Garrett,,42,2026-03-07 08:00:00-08:00,3.5,,SC225,36.981369209632604,-122.1561884880066,3.418620599422455,10.0,254.73138427734375,7.471700191497803,,,,,,0.844,0.081379400577545,1.02380474761993,,,
3/7/2026,8:20:00 AM,Northern California,Davenport Landing,3-4,3-4,,,Standing on Shore,Garrett,,14,2026-03-07 08:20:00-08:00,3.5,3.5,SC266,37.020048,-122.217566,3.7991184382772447,10.0,261.2835693359375,7.652815341949463,9.876543045043945,6.25000013969839,292.84375,280.1875,287.60925493148363,1.153,-0.2991184382772447,0.9212663560936828,0.9212663560936828,8.783432545866546,287.60925493148363
3/7/2026,8:30:00 AM,Northern California,Scott Creek,3-5,4-5,,,Standing on Shore,Garrett,,13,2026-03-07 08:30:00-08:00,4.0,4.5,SC281,37.041051,-122.236232,3.78328018517971,10.0,264.3606872558594,7.300990104675293,9.876543045043945,6.25000013969839,292.84375,280.1875,287.60925493148363,1.153,0.2167198148202898,1.0572835751550331,1.1894440220494122,8.783432545866546,287.60925493148363
3/7/2026,8:45:00 AM,Northern California,Waddell Creek Beach,3-4,4-5,,,Standing on Shore,Garrett,,11,2026-03-07 08:45:00-08:00,3.5,4.5,SC320,37.096511,-122.28278,3.0650623791098592,10.0,257.04083251953125,7.875975131988525,9.876543045043945,6.25000013969839,292.84375,280.1875,287.60925493148363,0.704,0.43493762089014076,1.141901719147541,1.4681593531896955,8.783432545866546,287.60925493148363
3/7/2026,8:45:00 AM,Northern California,Waddell Creek Reef,2-4,4-5,,,Standing on Shore,Garrett,,12,2026-03-07 08:45:00-08:00,3.0,4.5,SC315,37.088274,-122.277196,3.0916846146416663,10.0,258.6772155761719,7.570916175842285,9.876543045043945,6.25000013969839,292.84375,280.1875,287.60925493148363,0.704,-0.09168461464166633,0.9703447711944924,1.4555171567917384,8.783432545866546,287.60925493148363
3/7/2026,2:00:00 PM,Northern California,Pleasure Point First Peak,3-4,1-2,,,Standing on Shore,Garrett,,28,2026-03-07 14:00:00-08:00,3.5,1.5,SC117,36.95385698447019,-121.97144329547884,1.723913829255104,10.0,222.03778076171875,7.268910884857178,10.526315689086914,6.25000013969839,284.40625,283.0,281.92036911413504,3.326,1.776086170744896,2.0302638917354328,0.8701130964580427,8.548574809358865,281.92036911413504
3/7/2026,2:00:00 PM,Northern California,Pleasure Point Second Peak,2-4,1-2,,,Standing on Shore,Garrett,,29,2026-03-07 14:00:00-08:00,3.0,1.5,SC116,36.95534464417764,-121.9701397418976,1.559811364173889,10.0,217.23666381835938,7.207390308380127,10.526315689086914,6.25000013969839,284.40625,283.0,281.92036911413504,3.326,1.440188635826111,1.9233094904324324,0.9616547452162162,8.548574809358865,281.92036911413504
3/7/2026,2:00:00 PM,Northern California,Pleasure Point Sewers,2-4,1-2,,,Standing on Shore,Garrett,,27,2026-03-07 14:00:00-08:00,3.0,1.5,SC117,36.95359559940877,-121.97298824787141,1.723913829255104,10.0,222.03778076171875,7.268910884857178,10.526315689086914,6.25000013969839,284.40625,283.0,281.92036911413504,3.326,1.276086170744896,1.7402261929160854,0.8701130964580427,8.548574809358865,281.92036911413504
3/11/2026,7:30:00 AM,Northern California,Pleasure Point Sewers,3-5,1-2,,,Surfline Cam,Garrett,,27,2026-03-11 07:30:00-07:00,4.0,1.5,SC117,36.95359559940877,-121.97298824787141,2.203535095088482,22.22222137451172,192.99557495117188,8.591028213500977,9.090909004211426,13.33333280351429,294.25,290.03125,293.41750201373463,3.615,1.796464904911518,1.8152649390135454,0.6807243521300795,8.338657448189583,293.41750201373463
3/11/2026,8:00:00 AM,Northern California,Waddell Creek Reef,3-5,4-6,,,Standing on Shore,Garrett,,12,2026-03-11 08:00:00-07:00,4.0,5.0,SC315,37.088274,-122.277196,3.668686340866089,14.285714149475098,250.6650848388672,8.701761245727539,8.333333969116211,12.50000027939678,297.0625,291.4375,292.87991250658973,5.981,0.3313136591339112,1.0903085269087616,1.362885658635952,8.699754974000719,292.87991250658973
3/11/2026,8:10:00 AM,Northern California,Scott Creek,4-5,5-7,,,Standing on Shore,Garrett,,13,2026-03-11 08:10:00-07:00,4.5,6.0,SC281,37.041051,-122.236232,4.554420386023521,13.333333015441895,258.28924560546875,7.878666877746582,8.333333969116211,12.50000027939678,297.0625,291.4375,292.87991250658973,5.981,-0.05442038602352106,0.9880510841312486,1.3174014455083316,8.699754974000719,292.87991250658973
3/11/2026,10:00:00 AM,Northern California,Ocean Beach Central,5-6,,,,Standing on shore,Dean,,3,2026-03-11 10:00:00-07:00,5.5,,SF026,37.745319,-122.514099,5.850634502415657,13.333333015441895,267.40460205078125,8.693209648132324,14.285714149475098,7.14285711244661,281.0439758300781,286.7582702636719,279.5339933965065,1.968,-0.35063450241565697,0.9400689784550916,,10.34273313637045,279.5339933965065
3/12/2026,8:25:00 AM,Northern California,Ocean Beach Central,4-5,,,,Standing on shore,Dean,,3,2026-03-12 08:25:00-07:00,4.5,,SF026,37.745319,-122.514099,5.643890075240135,12.30012321472168,266.6165771484375,8.570734977722168,18.18181800842285,12.50000027939678,235.94505310058594,276.82421875,267.2818593147469,4.517,-1.1438900752401349,0.7973224035212159,,10.447017409706618,267.2818593147469
3/12/2026,8:25:00 AM,Northern California,Ocean Beach North,4-5,,,,Standing on shore,Dean,,2,2026-03-12 08:25:00-07:00,4.5,,SF036,37.764885,-122.516658,5.915366556696892,18.18181800842285,225.80043029785156,10.999046325683594,18.18181800842285,12.50000027939678,235.94505310058594,276.82421875,267.2818593147469,4.517,-1.4153665566968918,0.7607305408496571,,10.447017409706618,267.2818593147469
3/12/2026,8:00:00 AM,Northern California,Manresa,3-4,3-4,,,Surfline Cam,Garrett,,34,2026-03-12 08:00:00-07:00,3.5,3.5,SC052,36.93121,-121.863854,2.242502415070534,18.18181800842285,216.47763061523438,9.169946670532227,11.11111068725586,7.14285711244661,292.84375,291.4375,291.27835274896665,3.684,1.257497584929466,1.5607564016335356,1.5607564016335356,8.24000989191892,291.27835274896665
3/12/2026,5:00:00 PM,Northern California,Manresa,3-4,3-4,,,Surfline Cam,Garrett,,34,2026-03-12 17:00:00-07:00,3.5,3.5,SC052,36.93121,-121.863854,2.4906855648684503,18.18181800842285,215.744384765625,8.369283676147461,12.5,7.14285711244661,291.4375,299.875,290.44860168493597,1.678,1.0093144351315497,1.4052355903001583,1.4052355903001583,8.000015093357069,290.44860168493597
3/12/2026,8:00:00 AM,Northern California,Capitola,1,1-2,,,Surfline Cam,Garrett,,33,2026-03-12 08:00:00-07:00,1.0,1.5,SC101,36.9716260648133,-121.94900125265124,1.824138612434864,18.18181800842285,207.82203674316406,10.8363676071167,11.11111068725586,7.14285711244661,292.84375,291.4375,291.27835274896665,3.684,-0.824138612434864,0.5482039540104894,0.822305931015734,8.24000989191892,291.27835274896665
3/12/2026,5:00:00 PM,Northern California,Capitola,2,0-1,,,Surfline Cam,Garrett,,33,2026-03-12 17:00:00-07:00,2.0,0.5,SC101,36.9716260648133,-121.94900125265124,1.982105201535225,16.666667938232422,207.28353881835938,10.530773162841797,12.5,7.14285711244661,291.4375,299.875,290.44860168493597,1.678,0.01789479846477504,1.0090281779448007,0.2522570444862002,8.000015093357069,290.44860168493597
3/12/2026,8:00:00 AM,Northern California,Pleasure Point Jacks,3-4,1-2,,,Surfline Cam,Garrett,,31,2026-03-12 08:00:00-07:00,3.5,1.5,SC113,36.95709362590695,-121.96802616119386,2.0691350256109238,18.18181800842285,193.4179229736328,11.537285804748535,11.11111068725586,7.14285711244661,292.84375,291.4375,291.27835274896665,3.684,1.4308649743890762,1.6915280813858946,0.7249406063082406,8.24000989191892,291.27835274896665
3/12/2026,5:00:00 PM,Northern California,Pleasure Point Jacks,4,1-2,,,Surfline Cam,Garrett,,31,2026-03-12 17:00:00-07:00,4.0,1.5,SC113,36.95709362590695,-121.96802616119386,2.399820744972229,16.666667938232422,192.7766876220703,11.705801010131836,12.5,7.14285711244661,291.4375,299.875,290.44860168493597,1.678,1.6001792550277711,1.6667911586230948,0.6250466844836605,8.000015093357069,290.44860168493597
3/12/2026,8:00:00 AM,Northern California,Pleasure Point First Peak,4-5,4-5,,,Surfline Cam,Garrett,,28,2026-03-12 08:00:00-07:00,4.5,4.5,SC117,36.95385698447019,-121.97144329547884,2.428278443803787,18.18181800842285,190.32981872558594,11.756831169128418,11.11111068725586,7.14285711244661,292.84375,291.4375,291.27835274896665,3.684,2.071721556196213,1.853164743723111,1.853164743723111,8.24000989191892,291.27835274896665
3/12/2026,5:00:00 PM,Northern California,Pleasure Point First Peak,4-5,4-5,,,Surfline Cam,Garrett,,28,2026-03-12 17:00:00-07:00,4.5,4.5,SC117,36.95385698447019,-121.97144329547884,2.8083558430576323,18.18181800842285,189.3818359375,11.57681941986084,12.5,7.14285711244661,291.4375,299.875,290.44860168493597,1.678,1.6916441569423677,1.6023610437844547,1.6023610437844547,8.000015093357069,290.44860168493597
3/12/2026,8:00:00 AM,Northern California,Pleasure Point Second Peak,3-5,4-5,,,Surfline Cam,Garrett,,29,2026-03-12 08:00:00-07:00,4.0,4.5,SC116,36.95534464417764,-121.9701397418976,2.141817494969368,18.18181800842285,192.26646423339844,11.367782592773438,11.11111068725586,7.14285711244661,292.84375,291.4375,291.27835274896665,3.684,1.8581825050306322,1.8675727550993826,2.1010193494868052,8.24000989191892,291.27835274896665
3/12/2026,5:00:00 PM,Northern California,Pleasure Point Second Peak,3-5,4-5,,,Surfline Cam,Garrett,,29,2026-03-12 17:00:00-07:00,4.0,4.5,SC116,36.95534464417764,-121.9701397418976,2.4699011820840835,18.18181800842285,191.36517333984375,11.363293647766113,12.5,7.14285711244661,291.4375,299.875,290.44860168493597,1.678,1.5300988179159165,1.6194979900470476,1.8219352388029284,8.000015093357069,290.44860168493597
3/12/2026,8:00:00 AM,Northern California,Pleasure Point Sewers,5-6,4-5,,,Surfline Cam,Garrett,,27,2026-03-12 08:00:00-07:00,5.5,4.5,SC117,36.95359559940877,-121.97298824787141,2.428278443803787,18.18181800842285,190.32981872558594,11.756831169128418,11.11111068725586,7.14285711244661,292.84375,291.4375,291.27835274896665,3.684,3.071721556196213,2.2649791312171357,1.853164743723111,8.24000989191892,291.27835274896665
3/12/2026,5:00:00 PM,Northern California,Pleasure Point Sewers,6,4-5,,,Surfline Cam,Garrett,,27,2026-03-12 17:00:00-07:00,6.0,4.5,SC117,36.95359559940877,-121.97298824787141,2.8083558430576323,18.18181800842285,189.3818359375,11.57681941986084,12.5,7.14285711244661,291.4375,299.875,290.44860168493597,1.678,3.1916441569423677,2.136481391712606,1.6023610437844547,8.000015093357069,290.44860168493597
3/12/2026,8:00:00 AM,Northern California,26th Ave,3-5,3-4,,,Surfline Cam,Garrett,,24,2026-03-12 08:00:00-07:00,4.0,3.5,SC121,36.9562363298356,-121.98080420494081,2.9701717033696173,18.18181800842285,196.15199279785156,12.85704517364502,11.11111068725586,7.14285711244661,292.84375,291.4375,291.27835274896665,3.684,1.0298282966303827,1.3467234892387054,1.1783830530838673,8.24000989191892,291.27835274896665
3/12/2026,5:00:00 PM,Northern California,26th Ave,4-6,3-4,,,Surfline Cam,Garrett,,24,2026-03-12 17:00:00-07:00,5.0,3.5,SC121,36.9562363298356,-121.98080420494081,3.4065236721134187,18.18181800842285,195.3041534423828,12.440783500671387,12.5,7.14285711244661,291.4375,299.875,290.44860168493597,1.678,1.5934763278865813,1.4677719814282058,1.027440386999744,8.000015093357069,290.44860168493597
3/12/2026,8:00:00 AM,Northern California,Cowells,0,0-1,,,Surfline Cam,Garrett,,23,2026-03-12 08:00:00-07:00,0.0,0.5,SC145,36.95844832786912,-122.02330112457277,3.1081965488672254,18.18181800842285,196.34634399414062,13.699870109558105,11.11111068725586,7.14285711244661,292.84375,291.4375,291.27835274896665,3.684,-3.1081965488672254,0.0,0.16086498782782052,8.24000989191892,291.27835274896665
3/12/2026,5:00:00 PM,Northern California,Cowells,2,0-1,,,Surfline Cam,Garrett,,23,2026-03-12 17:00:00-07:00,2.0,0.5,SC145,36.95844832786912,-122.02330112457277,3.5039811805057526,18.18181800842285,196.00906372070312,13.435218811035156,12.5,7.14285711244661,291.4375,299.875,290.44860168493597,1.678,-1.5039811805057526,0.5707793212837196,0.1426948303209299,8.000015093357069,290.44860168493597
3/12/2026,8:00:00 AM,Northern California,Steamer Lane Indicators,1,,,,Surfline Cam,Garrett,,22,2026-03-12 08:00:00-07:00,1.0,,SC148,36.95383582150793,-122.02346205711366,3.0609434398937223,18.18181800842285,193.84024047851562,13.785309791564941,11.11111068725586,7.14285711244661,292.84375,291.4375,291.27835274896665,3.684,-2.0609434398937223,0.3266966605677368,,8.24000989191892,291.27835274896665
3/12/2026,5:00:00 PM,Northern California,Steamer Lane Indicators,2-3,,,,Surfline Cam,Garrett,,22,2026-03-12 17:00:00-07:00,2.5,,SC148,36.95383582150793,-122.02346205711366,3.387496726861,18.18181800842285,193.92042541503906,13.420792579650879,12.5,7.14285711244661,291.4375,299.875,290.44860168493597,1.678,-0.8874967268609999,0.7380080931669586,,8.000015093357069,290.44860168493597
3/12/2026,10:30:00 AM,Northern California,Steamer Lane Middle Peak,8-10,4-6,,,Surfline Cam,Garrett,,21,2026-03-12 10:30:00-07:00,9.0,5.0,SC149,36.95054306508662,-122.02346205711366,2.3878483851170538,18.18181800842285,193.23023986816406,13.677983283996582,10.526315689086914,6.666666401757145,294.25,298.46875,292.2942550862522,2.136,6.612151614882946,3.769083521422494,2.093935289679163,7.92565908976515,292.2942550862522
3/12/2026,5:00:00 PM,Northern California,Steamer Lane Middle Peak,10,4-5,,,Surfline Cam,Garrett,,21,2026-03-12 17:00:00-07:00,10.0,4.5,SC149,36.95054306508662,-122.02346205711366,2.683911978883743,18.18181800842285,191.6752166748047,13.365450859069824,12.5,7.14285711244661,291.4375,299.875,290.44860168493597,1.678,7.316088021116257,3.7259046044271042,1.676657071992197,8.000015093357069,290.44860168493597
3/12/2026,8:00:00 AM,Northern California,Steamer Lane Point,8-10,4-6,,,Surfline Cam,Garrett,,20,2026-03-12 08:00:00-07:00,9.0,5.0,SC149,36.95072345524198,-122.02609062194826,2.376219612414837,18.18181800842285,191.84255981445312,13.388214111328125,11.11111068725586,7.14285711244661,292.84375,291.4375,291.27835274896665,3.684,6.623780387585163,3.787528708617019,2.1041826158983437,8.24000989191892,291.27835274896665
3/12/2026,5:00:00 PM,Northern California,Steamer Lane Point,8-10,4-5,,,Surfline Cam,Garrett,,20,2026-03-12 17:00:00-07:00,9.0,4.5,SC149,36.95072345524198,-122.02609062194826,2.683911978883743,18.18181800842285,191.6752166748047,13.365450859069824,12.5,7.14285711244661,291.4375,299.875,290.44860168493597,1.678,6.316088021116257,3.353314143984394,1.676657071992197,8.000015093357069,290.44860168493597
3/12/2026,8:00:00 AM,Northern California,Mitchell's,4-5,4-5,,,Surfline Cam,Garrett,,19,2026-03-12 08:00:00-07:00,4.5,4.5,SC158,36.951271,-122.04178,2.9050978219151498,18.18181800842285,202.77357482910156,12.656867027282715,11.11111068725586,7.14285711244661,292.84375,291.4375,291.27835274896665,3.684,1.5949021780848502,1.5490011957784715,1.5490011957784715,8.24000989191892,291.27835274896665
3/12/2026,5:00:00 PM,Northern California,Mitchell's,4-6,4-5,,,Surfline Cam,Garrett,,19,2026-03-12 17:00:00-07:00,5.0,4.5,SC158,36.951271,-122.04178,3.30995632235527,18.18181800842285,202.49777221679688,12.017672538757324,12.5,7.14285711244661,291.4375,299.875,290.44860168493597,1.678,1.6900436776447298,1.510593951415692,1.359534556274123,8.000015093357069,290.44860168493597
3/12/2026,7:20:00 AM,Northern California,Steamer Lane Point,8-9,4-6,,,Surfline Cam,Garrett,,20,2026-03-12 07:20:00-07:00,8.5,5.0,SC149,36.95072345524198,-122.02609062194826,2.221353129823208,18.18181800842285,192.0609893798828,12.866031646728516,12.5,7.692307974459867,297.0625,294.25,293.35745605280863,4.194,6.278646870176792,3.826496510564484,2.2508803003320494,8.161072035202213,293.35745605280863
3/12/2026,7:25:00 AM,Northern California,Waddell Creek Beach,5-6,4-6,,,Standing on shore,Garrett,,11,2026-03-12 07:25:00-07:00,5.5,5.0,SC320,37.096511,-122.28278,4.104406085782051,18.18181800842285,212.70652770996094,10.760042190551758,12.5,7.692307974459867,297.0625,294.25,293.35745605280863,6.763,1.3955939142179492,1.3400233517468907,1.218203047042628,8.161072035202213,293.35745605280863
3/12/2026,7:25:00 AM,Northern California,Waddell Creek Reef,6-7,4-6,,,Standing on shore,Garrett,,12,2026-03-12 07:25:00-07:00,6.5,5.0,SC315,37.088274,-122.277196,3.854649709663391,18.18181800842285,215.36322021484375,10.04377555847168,12.5,7.692307974459867,297.0625,294.25,293.35745605280863,6.763,2.645350290336609,1.6862751454963245,1.297134727304865,8.161072035202213,293.35745605280863
3/12/2026,7:40:00 AM,Northern California,Scott Creek,4-5,4-6,,,Standing on shore,Garrett,,13,2026-03-12 07:40:00-07:00,4.5,5.0,SC281,37.041051,-122.236232,4.976811608929634,18.18181800842285,216.71702575683594,9.208641052246094,12.5,7.692307974459867,297.0625,294.25,293.35745605280863,6.617,-0.47681160892963437,0.9041933578369501,1.0046592864855,8.161072035202213,293.35745605280863
3/12/2026,7:45:00 AM,Northern California,Davenport Landing,4-5,5-7,,,Standing on shore,Garrett,,14,2026-03-12 07:45:00-07:00,4.5,6.0,SC266,37.020048,-122.217566,5.192641051445007,18.18181800842285,207.260498046875,9.475139617919922,12.5,7.692307974459867,297.0625,294.25,293.35745605280863,6.617,-0.6926410514450074,0.8666110280716863,1.1554813707622484,8.161072035202213,293.35745605280863
3/12/2026,8:00:00 AM,Northern California,Laguna Creek,5-6,,,,Standing on shore,Garrett,,42,2026-03-12 08:00:00-07:00,5.5,,SC225,36.981369209632604,-122.1561884880066,4.519306052765846,18.18181800842285,207.28750610351562,9.192256927490234,,,,,,3.684,0.9806939472341538,1.2170010032035699,,,
3/12/2026,8:25:00 AM,Northern California,Four Mile,5-7,3-4,,,Standing on shore,Garrett,,15,2026-03-12 08:25:00-07:00,6.0,3.5,SC203,36.96507499144963,-122.12460279464723,4.129417744312287,18.18181800842285,207.27960205078125,9.745028495788574,11.11111068725586,6.666666401757145,297.0625,299.875,294.1094013359008,3.684,1.8705822556877134,1.4529893489861099,0.8475771202418975,7.850680651236878,294.1094013359008
3/12/2026,3:00:00 PM,Northern California,Ano Nuevo,5-6,,,,Standing on shore,Garrett,,10,2026-03-12 15:00:00-07:00,5.5,,SM012,37.116448,-122.313657,3.878208016047478,18.18181800842285,190.77127075195312,10.89689826965332,8.333333969116211,11.764705758606276,292.84375,295.65625,291.20215627669836,0.995,1.621791983952522,1.4181807621565876,,7.414481469732244,291.20215627669836
3/12/2026,3:45:00 PM,Northern California,Waddell Creek Beach,6-7,4-6,,,Standing on shore,Garrett,,11,2026-03-12 15:45:00-07:00,6.5,5.0,SC320,37.096511,-122.28278,4.506430041098595,18.18181800842285,212.57859802246094,9.692667007446289,11.764705657958984,7.14285711244661,295.65625,297.0625,291.8738949803244,1.27,1.9935699589014053,1.4423834256207393,1.1095257120159534,7.600324515253043,291.8738949803244
3/12/2026,4:20:00 PM,Northern California,Four Mile,6-7,3-4,,,Standing on shore,Garrett,,15,2026-03-12 16:20:00-07:00,6.5,3.5,SC203,36.96507499144963,-122.12460279464723,4.343261929697991,18.18181800842285,207.64767456054688,8.630465507507324,12.5,7.14285711244661,295.65625,301.28125,291.0043957140257,1.033,2.1567380703020094,1.4965710346766903,0.805845941748987,8.00202981854472,291.0043957140257
3/13/2026,8:10:00 AM,Northern California,Steamer Lane Middle Peak,8-9,4-5,,,Surfline Cam,Garrett,,21,2026-03-13 08:10:00-07:00,8.5,4.5,SC149,36.95054306508662,-122.02346205711366,2.4038518807554246,16.666667938232422,192.6111602783203,11.339441299438477,11.764705657958984,7.14285711244661,292.84375,297.0625,285.28024334701837,4.314,6.0961481192445754,3.5359915758739784,1.8719955401685766,8.127268699643084,285.28024334701837
3/13/2026,8:10:00 AM,Northern California,Steamer Lane Point,8-9,4-5,,,Surfline Cam,Garrett,,20,2026-03-13 08:10:00-07:00,8.5,4.5,SC149,36.95072345524198,-122.02609062194826,2.4038518807554246,16.666667938232422,192.6111602783203,11.339441299438477,11.764705657958984,7.14285711244661,292.84375,297.0625,285.28024334701837,4.314,6.0961481192445754,3.5359915758739784,1.8719955401685766,8.127268699643084,285.28024334701837
3/14/2026,4:00:00 PM,Northern California,Waddell Creek Beach,5-7,4-5,,,Standing on shore,Garrett,,11,2026-03-14 16:00:00-07:00,6.0,4.5,SC320,37.096511,-122.28278,3.34480079205513,14.285714149475098,227.72267150878906,6.814279079437256,7.142857074737549,10.526315921561542,291.4375,288.625,284.88814315407296,0.435,2.65519920794487,1.7938288026754048,1.3453716020065536,7.095381737385732,284.88814315407296
3/14/2026,10:30:00 AM,Northern California,Ocean Beach Central,2-3,3-4,,,Standing on shore,Dean,,3,2026-03-14 10:30:00-07:00,2.5,3.5,SF026,37.745319,-122.514099,4.841697965450287,15.384615898132324,231.97706604003906,6.877105236053467,15.384615898132324,7.14285711244661,227.2417755126953,292.7204284667969,271.6139105306744,4.707,-2.3416979654502867,0.5163477808487162,0.7228868931882028,7.878439530369955,271.6139105306744
3/15/2026,11:30:00 AM,Northern California,Ocean Beach Central,2-3,3-4,,,Standing on shore,Dean,,3,2026-03-15 11:30:00-07:00,2.5,3.5,SF026,37.745319,-122.514099,4.433124538917541,14.285714149475098,232.17977905273438,6.849881172180176,13.333333015441895,7.692307974459867,234.4505615234375,284.3324279785156,261.8019687032517,4.701,-1.933124538917541,0.5639363338550462,0.7895108673970647,8.711532234941599,261.8019687032517
3/15/2026,12:50:00 PM,Northern California,Laguna Creek,4,,,,Standing on shore,Garrett,,42,2026-03-15 12:50:00-07:00,4.0,,SC225,36.981369209632604,-122.1561884880066,3.2087907322359084,14.285714149475098,214.1847381591797,6.485783100128174,,,,,,1.194,0.7912092677640916,1.2465755276015682,,,
3/15/2026,10:50:00 AM,Northern California,Waddell Creek Beach,3,3-4,,,Standing on shore,Garrett,,11,2026-03-15 10:50:00-07:00,3.0,3.5,SC320,37.096511,-122.28278,3.0023374839282035,14.285714149475098,219.9264678955078,7.399715423583984,7.142857074737549,12.50000027939678,292.84375,288.625,287.42677955212207,7.288,-0.002337483928203543,0.9992214453102903,1.1657583528620052,7.562248575344533,287.42677955212207
3/15/2026,11:00:00 AM,Northern California,Scott Creek,3-4,3-4,,,Standing on shore,Garrett,,13,2026-03-15 11:00:00-07:00,3.5,3.5,SC281,37.041051,-122.236232,3.837013148393631,13.333333015441895,231.78602600097656,6.744880199432373,7.142857074737549,12.50000027939678,292.84375,288.625,287.42677955212207,7.288,-0.33701314839363095,0.9121678411410391,0.9121678411410391,7.562248575344533,287.42677955212207
3/15/2026,12:00:00 PM,Northern California,Four Mile,4,2-3,,,Standing on shore,Garrett,,15,2026-03-15 12:00:00-07:00,4.0,2.5,SC203,36.96507499144963,-122.12460279464723,2.9287625092959404,14.285714149475098,213.29612731933594,6.763484954833984,9.876543045043945,7.692307974459867,290.03125,294.25,284.32270867201925,2.345,1.0712374907040596,1.3657645463925239,0.8536028414953274,7.97223985803544,284.32270867201925
3/15/2026,7:00:00 PM,Northern California,Pleasure Point First Peak,3,2-3,,,Standing on shore,Garrett,,28,2026-03-15 19:00:00-07:00,3.0,2.5,SC117,36.95385698447019,-121.97144329547884,1.758100066537857,14.285714149475098,197.7196044921875,7.891282081604004,7.142857074737549,12.50000027939678,287.21875,249.25,276.9606234857329,2.027,1.241899933462143,1.7063875129177133,1.4219895940980944,7.40156677191851,276.9606234857329
3/15/2026,7:00:00 PM,Northern California,Pleasure Point Second Peak,2-3,2-3,,,Standing on shore,Garrett,,29,2026-03-15 19:00:00-07:00,2.5,2.5,SC116,36.95534464417764,-121.9701397418976,1.6563106613826752,14.285714149475098,197.03411865234375,8.016449928283691,7.142857074737549,12.50000027939678,287.21875,249.25,276.9606234857329,2.027,0.8436893386173248,1.5093786801523208,1.5093786801523208,7.40156677191851,276.9606234857329
3/15/2026,7:00:00 PM,Northern California,The Hook,1-2,1-2,,,Standing on shore,Garrett,,32,2026-03-15 19:00:00-07:00,1.5,1.5,SC112,36.95965277904864,-121.96402966976167,1.5680601935911178,14.285714149475098,200.88937377929688,8.365524291992188,7.142857074737549,12.50000027939678,287.21875,249.25,276.9606234857329,2.027,-0.06806019359111781,0.9565959305202125,0.9565959305202125,7.40156677191851,276.9606234857329
3/16/2026,2:00:00 PM,Northern California,Ocean Beach Central,2-3,2-3,,,Standing on shore,Dean,,3,2026-03-16 14:00:00-07:00,2.5,2.5,SF026,37.745319,-122.514099,2.854606154694557,18.18181800842285,221.24314880371094,8.158823013305664,18.18181800842285,13.33333280351429,241.74725341796875,230.75823974609375,254.79559985401966,1.916,-0.35460615469455714,0.8757775554741981,0.8757775554741981,10.589686819357887,254.79559985401966
3/16/2026,2:15:00 PM,Northern California,Ocean Beach North,3-4,2-3,,,Standing on shore,Dean,,2,2026-03-16 14:15:00-07:00,3.5,2.5,SF036,37.764885,-122.516658,3.4718353463840486,18.18181800842285,227.99127197265625,10.894004821777344,18.18181800842285,13.33333280351429,241.74725341796875,230.75823974609375,254.79559985401966,1.916,0.02816465361595144,1.0081123241185055,0.7200802315132183,10.589686819357887,254.79559985401966
3/16/2026,10:37:00 AM,Northern California,The Hook,1-2,1-2,,,Standing on shore,Garrett,,32,2026-03-16 10:37:00-07:00,1.5,1.5,SC112,36.95965277904864,-121.96402966976167,1.4694885202562809,18.18181800842285,199.81231689453125,11.168667793273926,13.333333015441895,10.526315921561542,223.9375,281.59375,269.2103245262562,4.179,0.03051147974371915,1.0207633331755446,1.0207633331755446,7.790479540991071,269.2103245262562
3/16/2026,10:40:00 AM,Northern California,Jacks,0-1,1-2,,,Standing on shore,Garrett,,31,2026-03-16 10:40:00-07:00,0.5,1.5,SC113,36.95709362590695,-121.96802616119386,1.4858377541339398,18.18181800842285,196.0534210205078,10.949739456176758,13.333333015441895,10.526315921561542,223.9375,281.59375,269.2103245262562,4.179,-0.9858377541339398,0.336510496256328,1.0095314887689841,7.790479540991071,269.2103245262562
3/16/2026,10:40:00 AM,Northern California,Pleasure Point First Peak,2-3,2-3,,,Standing on shore,Garrett,,28,2026-03-16 10:40:00-07:00,2.5,2.5,SC117,36.95385698447019,-121.97144329547884,1.6293720206069946,18.18181800842285,194.68788146972656,10.791325569152832,13.333333015441895,10.526315921561542,223.9375,281.59375,269.2103245262562,4.179,0.8706279793930054,1.534333453859523,1.534333453859523,7.790479540991071,269.2103245262562
3/16/2026,10:40:00 AM,Northern California,Pleasure Point Second Peak,1-2,2-3,,,Standing on shore,Garrett,,29,2026-03-16 10:40:00-07:00,1.5,2.5,SC116,36.95534464417764,-121.9701397418976,1.5133223797309399,18.18181800842285,195.50282287597656,10.743339538574219,13.333333015441895,10.526315921561542,223.9375,281.59375,269.2103245262562,4.179,-0.01332237973093986,0.9911966016564768,1.651994336094128,7.790479540991071,269.2103245262562
3/16/2026,10:40:00 AM,Northern California,Pleasure Point Sewers,3-4,2-3,,,Standing on shore,Garrett,,27,2026-03-16 10:40:00-07:00,3.5,2.5,SC117,36.95359559940877,-121.97298824787141,1.6293720206069946,18.18181800842285,194.68788146972656,10.791325569152832,13.333333015441895,10.526315921561542,223.9375,281.59375,269.2103245262562,4.179,1.8706279793930054,2.1480668354033323,1.534333453859523,7.790479540991071,269.2103245262562
3/16/2026,6:00:00 PM,Northern California,Santa Maria,2-3,,,,Standing on shore,Garrett,,44,2026-03-16 18:00:00-07:00,2.5,,SC125,36.95972130832453,-121.9879335165024,2.4836477970552444,18.18181800842285,196.50704956054688,12.385695457458496,6.666666507720947,18.181818280338256,285.8125,235.1875,267.2135798549606,0.668,0.01635220294475559,1.0065839459862802,,7.722577128468654,267.2135798549606
3/16/2026,7:00:00 PM,Northern California,26th Ave,3-4,2-3,,,Standing on shore,Garrett,,24,2026-03-16 19:00:00-07:00,3.5,2.5,SC121,36.9562363298356,-121.98080420494081,2.3623758074522017,18.18181800842285,196.74412536621094,12.117822647094727,16.666667938232422,6.666666401757145,225.34375,284.40625,264.10351058229736,1.705,1.1376241925477983,1.4815593645003986,1.0582566889288563,8.45311140978669,264.10351058229736
3/17/2026,6:45:00 AM,Northern California,Waddell Creek Beach,3-4,3-4,,,Standing on shore,Garrett,,11,2026-03-17 06:45:00-07:00,3.5,3.5,SC320,37.096511,-122.28278,2.704475777542591,16.666667938232422,209.42507934570312,10.657716751098633,16.666667938232422,11.111110669595242,243.625,259.09375,268.69997610050865,1.808,0.7955242224574088,1.294150988174225,1.294150988174225,7.738584930816636,268.69997610050865
3/17/2026,6:45:00 AM,Northern California,Waddell Creek Reef,4-5,3-4,,,Standing on shore,Garrett,,12,2026-03-17 06:45:00-07:00,4.5,3.5,SC315,37.088274,-122.277196,2.600888259768486,16.666667938232422,212.43260192871094,10.089542388916016,16.666667938232422,11.111110669595242,243.625,259.09375,268.69997610050865,1.808,1.8991117402315139,1.7301781355268835,1.3456941054097982,7.738584930816636,268.69997610050865
3/17/2026,7:00:00 AM,Northern California,Scott Creek,2-3,3-4,,,Standing on shore,Garrett,,13,2026-03-17 07:00:00-07:00,2.5,3.5,SC281,37.041051,-122.236232,3.0027587057423593,16.666667938232422,214.7663116455078,9.153474807739258,16.666667938232422,12.50000027939678,233.78125,225.34375,259.57409379531305,1.808,-0.5027587057423593,0.832567730207258,1.1655948222901613,8.231064138966174,259.57409379531305
3/17/2026,7:10:00 AM,Northern California,Davenport Landing,3-4,4-5,,,Standing on shore,Garrett,,14,2026-03-17 07:10:00-07:00,3.5,4.5,SC266,37.020048,-122.217566,3.173484170081615,16.666667938232422,204.65048217773438,9.63148021697998,16.666667938232422,12.50000027939678,233.78125,225.34375,259.57409379531305,1.808,0.3265158299183848,1.1028887533130463,1.4179998256882025,8.231064138966174,259.57409379531305
3/17/2026,7:20:00 AM,Northern California,Laguna Creek,2-3,,,,Standing on shore,Garrett,,42,2026-03-17 07:20:00-07:00,2.5,,SC225,36.981369209632604,-122.1561884880066,2.7340389391946793,16.666667938232422,205.53414916992188,9.21966552734375,,,,,,3.299,-0.23403893919467933,0.9143980958575461,,,
3/17/2026,8:40:00 AM,Northern California,Waddell Creek Reef,3-5,3-4,,,Surfing,Garrett,,12,2026-03-17 08:40:00-07:00,4.0,3.5,SC315,37.088274,-122.277196,2.6607089928507803,16.666667938232422,212.29501342773438,9.703661918640137,16.666667938232422,12.50000027939678,236.59375,228.15625,255.6227066044441,4.672,1.3392910071492197,1.503358695275523,1.3154388583660825,8.614475446864173,255.6227066044441
3/17/2026,12:00:00 PM,Northern California,Ocean Beach Central,2-3,2-3,,,Standing on shore,Dean,,3,2026-03-17 12:00:00-07:00,2.5,2.5,SF026,37.745319,-122.514099,2.8671544190263747,16.666667938232422,218.05621337890625,8.112129211425781,16.670000076293945,5.882353394914286,223.72528076171875,279.02197265625,241.52997620984885,5.224,-0.3671544190263747,0.8719446652088405,0.8719446652088405,12.815284820179208,241.52997620984885
3/17/2026,2:00:00 PM,Northern California,Ocean Beach North,2-3,3-4,,,Standing on shore,Dean,,2,2026-03-17 14:00:00-07:00,2.5,3.5,SF036,37.764885,-122.516658,4.61521321457386,16.666667938232422,220.6044464111328,12.809638977050781,16.670000076293945,5.4054057711315195,226.89010620117188,279.4615478515625,241.3701383879939,2.937,-2.11521321457386,0.541686783203327,0.7583614964846577,13.020479531054479,241.3701383879939
3/17/2026,6:00:00 PM,Northern California,Steamer Lane Middle Peak,8-10,3-4,,,Surfline Cam,Garrett,,21,2026-03-17 18:00:00-07:00,9.0,3.5,SC149,36.95054306508662,-122.02346205711366,1.9796349722146989,15.384615898132324,190.6471405029297,12.429346084594727,15.384615898132324,11.764705758606276,219.71875,246.4375,253.06904399218053,0.434,7.020365027785301,4.546292688460302,1.7680027121790067,8.98192813116669,253.06904399218053
3/17/2026,6:00:00 PM,Northern California,Steamer Lane Point,6-8,3-4,,,Surfline Cam,Garrett,,20,2026-03-17 18:00:00-07:00,7.0,3.5,SC149,36.95072345524198,-122.02609062194826,1.9796349722146989,15.384615898132324,190.6471405029297,12.429346084594727,15.384615898132324,11.764705758606276,219.71875,246.4375,253.06904399218053,0.434,5.020365027785301,3.5360054243580135,1.7680027121790067,8.98192813116669,253.06904399218053
3/17/2026,6:00:00 PM,Northern California,Mitchell's,3-5,3-4,,,Surfline Cam,Garrett,,19,2026-03-17 18:00:00-07:00,4.0,3.5,SC158,36.951271,-122.04178,2.23906693464756,16.666667938232422,200.84527587890625,11.342902183532715,15.384615898132324,11.764705758606276,219.71875,246.4375,253.06904399218053,0.434,1.76093306535244,1.7864584296715629,1.5631511259626176,8.98192813116669,253.06904399218053
3/20/2026,7:00:00 PM,Northern California,Pleasure Point Jacks,3,1-2,,,Surfing,Garrett,,31,2026-03-20 19:00:00-07:00,3.0,1.5,SC113,36.95709362590695,-121.96802616119386,1.6988337270689011,12.30012321472168,197.50953674316406,10.137601852416992,10.526315689086914,12.50000027939678,275.96875,288.625,280.9026466967472,1.261,1.3011662729310989,1.7659173774328571,0.8829586887164286,9.50249521121162,280.9026466967472
3/20/2026,7:00:00 PM,Northern California,Pleasure Point First Peak,4-5,2-3,,,Surfing,Garrett,,28,2026-03-20 19:00:00-07:00,4.5,2.5,SC117,36.95385698447019,-121.97144329547884,1.9064790683102608,12.30012321472168,199.08914184570312,10.16374683380127,10.526315689086914,12.50000027939678,275.96875,288.625,280.9026466967472,1.261,2.5935209316897394,2.360372098912375,1.3113178327290973,9.50249521121162,280.9026466967472
3/20/2026,7:00:00 PM,Northern California,Pleasure Point Second Peak,3-5,2-3,,,Standing on shore,Garrett,,29,2026-03-20 19:00:00-07:00,4.0,2.5,SC116,36.95534464417764,-121.9701397418976,1.7703323167324065,12.30012321472168,197.96656799316406,10.127551078796387,10.526315689086914,12.50000027939678,275.96875,288.625,280.9026466967472,1.261,2.2296676832675937,2.2594627924902855,1.4121642453064285,9.50249521121162,280.9026466967472
3/21/2026,10:00:00 AM,Northern California,Waddell Creek Reef,5,4-6,,,Surfing,Garrett,,12,2026-03-21 10:00:00-07:00,5.0,5.0,SC315,37.088274,-122.277196,3.858577593302727,12.30012321472168,242.99700927734375,8.133231163024902,10.526315689086914,12.50000027939678,270.34375,277.375,277.9885739551467,0.152,1.1414224066972731,1.2958142940233786,1.2958142940233786,9.500679041792397,277.9885739551467
3/21/2026,10:00:00 AM,Northern California,Waddell Creek Beach,4-5,4-6,,,Standing on shore,Garrett,,11,2026-03-21 10:00:00-07:00,4.5,5.0,SC320,37.096511,-122.28278,3.861936807937622,12.30012321472168,243.11367797851562,8.37733268737793,10.526315689086914,12.50000027939678,270.34375,277.375,277.9885739551467,0.152,0.6380631920623778,1.1652184444734923,1.2946871605261026,9.500679041792397,277.9885739551467
3/21/2026,11:00:00 AM,Northern California,Scott Creek,5,4-6,,,Standing on shore,Garrett,,13,2026-03-21 11:00:00-07:00,5.0,5.0,SC281,37.041051,-122.236232,4.78732593404293,11.11111068725586,251.2789306640625,7.144127368927002,11.11111068725586,7.692307974459867,287.21875,292.84375,284.8213696449955,1.535,0.21267406595706984,1.0444243966020224,1.0444243966020224,8.798083812013441,284.8213696449955
3/21/2026,5:00:00 PM,Northern California,The Hook,2-3,1-2,,,Standing on shore,Garrett,,32,2026-03-21 17:00:00-07:00,2.5,1.5,SC112,36.95965277904864,-121.96402966976167,1.8850159200119971,10.0,212.43463134765625,6.801474571228027,9.876543045043945,5.882352879303138,285.8125,299.875,289.27992508810485,2.005,0.6149840799880029,1.3262487459437948,0.795749247566277,7.361990997210468,289.27992508810485
3/22/2026,7:00:00 AM,Northern California,Waddell Creek Reef,4,4-6,,,Surfing,Garrett,,12,2026-03-22 07:00:00-07:00,4.0,5.0,SC315,37.088274,-122.277196,4.268636442723274,10.0,259.9618835449219,7.731982707977295,9.876543045043945,14.28571422489322,294.25,245.03125,294.354777296772,2.769,-0.2686364427232739,0.9370673876007367,1.1713342345009208,8.654158467868605,294.354777296772
3/22/2026,8:00:00 AM,Northern California,Scott Creek,5,4-6,,,Standing on shore,Garrett,,13,2026-03-22 08:00:00-07:00,5.0,5.0,SC281,37.041051,-122.236232,5.090203191537857,10.0,264.76702880859375,7.367452144622803,10.526315689086914,4.166666759798926,295.65625,287.21875,294.5214312333482,1.08,-0.09020319153785739,0.9822790587833872,0.9822790587833872,9.197071413938831,294.5214312333482
3/22/2026,8:15:00 AM,Northern California,Davenport Landing,4,4-5,,,Standing on shore,Garrett,,14,2026-03-22 08:15:00-07:00,4.0,4.5,SC266,37.020048,-122.217566,5.09888732260704,10.0,261.4209899902344,7.421095848083496,10.526315689086914,4.166666759798926,295.65625,287.21875,294.5214312333482,1.08,-1.0988873226070401,0.784484878154714,0.8825454879240533,9.197071413938831,294.5214312333482
3/23/2026,8:30:00 AM,Northern California,Ocean Beach Central,4-5,3-4,,,Standing on shore,Dean,,3,2026-03-23 08:30:00-07:00,4.5,3.5,SF026,37.745319,-122.514099,5.093728626480103,12.30012321472168,266.9263916015625,7.039140224456787,11.109999656677246,7.407407930685533,270.8461608886719,280.16485595703125,276.52266479282224,0.263,-0.5937286264801029,0.8834392897584761,0.6871194475899258,8.278112550357042,276.52266479282224
3/23/2026,8:30:00 AM,Northern California,Ocean Beach North,3-4,2-3,,,Standing on shore,Dean,,2,2026-03-23 08:30:00-07:00,3.5,2.5,SF036,37.764885,-122.516658,4.354370921721459,13.333333015441895,245.92579650878906,6.825746536254883,11.109999656677246,7.407407930685533,270.8461608886719,280.16485595703125,276.52266479282224,0.263,-0.8543709217214586,0.8037900452027428,0.5741357465733877,8.278112550357042,276.52266479282224
3/23/2026,10:00:00 AM,Northern California,Pleasure Point First Peak,3-4,1-2,,,Surfing,Garrett,,28,2026-03-23 10:00:00-07:00,3.5,1.5,SC117,36.95385698447019,-121.97144329547884,1.503593211811781,13.333333015441895,200.58387756347656,7.468421459197998,11.764705657958984,7.14285711244661,290.03125,292.84375,285.52402838465633,-0.177,1.996406788188219,2.3277572501026484,0.9976102500439921,8.2075210249381,285.52402838465633
3/23/2026,10:00:00 AM,Northern California,Pleasure Point Second Peak,2-3,1-2,,,Surfing,Garrett,,29,2026-03-23 10:00:00-07:00,2.5,1.5,SC116,36.95534464417764,-121.9701397418976,1.3831710968625546,13.333333015441895,199.6798553466797,7.483481407165527,11.764705657958984,7.14285711244661,290.03125,292.84375,285.52402838465633,-0.177,1.1168289031374454,1.807440891203371,1.0844645347220228,8.2075210249381,285.52402838465633
3/23/2026,10:00:00 AM,Northern California,Pleasure Point Sewers,3,1-2,,,Surfing,Garrett,,27,2026-03-23 10:00:00-07:00,3.0,1.5,SC117,36.95359559940877,-121.97298824787141,1.503593211811781,13.333333015441895,200.58387756347656,7.468421459197998,11.764705657958984,7.14285711244661,290.03125,292.84375,285.52402838465633,-0.177,1.496406788188219,1.9952205000879841,0.9976102500439921,8.2075210249381,285.52402838465633
3/26/2026,6:45:00 AM,Northern California,Waddell Creek Reef,5-6,5-7,,,Standing on shore,Garrett,,12,2026-03-26 06:45:00-07:00,5.5,6.0,SC315,37.088274,-122.277196,4.491440880441665,10.0,260.1117248535156,7.43204402923584,9.876543045043945,16.666667039195705,294.25,254.875,293.79143823115777,7.451,1.0085591195583348,1.2245513514271522,1.3358742015568934,8.878214523116732,293.79143823115777
3/26/2026,6:55:00 AM,Northern California,Scott Creek,5,6-8,,,Standing on shore,Garrett,,13,2026-03-26 06:55:00-07:00,5.0,7.0,SC281,37.041051,-122.236232,5.613768217802048,10.0,265.2270812988281,7.156162738800049,9.090909004211426,11.764705758606276,299.875,294.25,294.38508152051287,7.451,-0.6137682178020478,0.8906673389443293,1.246934274522061,8.576714786378705,294.38508152051287
3/26/2026,7:00:00 AM,Northern California,Davenport Landing,4-5,5-7,,,Standing on shore,Garrett,,14,2026-03-26 07:00:00-07:00,4.5,6.0,SC266,37.020048,-122.217566,5.719684188752175,10.0,262.11334228515625,7.317878723144531,9.090909004211426,11.764705758606276,299.875,294.25,294.38508152051287,7.451,-1.2196841887521748,0.7867567249340972,1.0490089665787963,8.576714786378705,294.38508152051287
3/26/2026,7:30:00 AM,Northern California,Four Mile,3-4,4-5,,,Standing on shore,Garrett,,15,2026-03-26 07:30:00-07:00,3.5,4.5,SC203,36.96507499144963,-122.12460279464723,4.342685047454834,10.0,253.10629272460938,7.004040718078613,10.526315689086914,8.333333519597852,298.46875,297.0625,294.7531637678711,4.174,-0.8426850474548342,0.805952990316736,1.0362252732643749,8.443799027851218,294.7531637678711
3/26/2026,7:00:00 AM,Northern California,26th Ave,1-3,3-4,,,Surfline Cam,Garrett,,24,2026-03-26 07:00:00-07:00,2.0,3.5,SC121,36.9562363298356,-121.98080420494081,2.428039086561203,11.11111068725586,229.4259490966797,7.212584495544434,9.090909004211426,11.764705758606276,299.875,294.25,294.38508152051287,4.174,-0.42803908656120315,0.8237099687025925,1.441492445229537,8.576714786378705,294.38508152051287
3/26/2026,10:00:00 AM,Northern California,Pleasure Point First Peak,2-4,3-4,,,Surfline Cam,Garrett,,28,2026-03-26 10:00:00-07:00,3.0,3.5,SC117,36.95385698447019,-121.97144329547884,2.3595868262481687,10.0,225.02528381347656,7.606012344360352,9.876543045043945,7.692307974459867,297.0625,298.46875,293.86954861270675,1.021,0.6404131737518313,1.2714090308641501,1.483310536008175,8.657020413344908,293.86954861270675
3/26/2026,10:00:00 AM,Northern California,Pleasure Point Second Peak,2-3,3-4,,,Surfline Cam,Garrett,,29,2026-03-26 10:00:00-07:00,2.5,3.5,SC116,36.95534464417764,-121.9701397418976,2.048913054125309,10.0,219.38275146484375,7.366904258728027,9.876543045043945,7.692307974459867,297.0625,298.46875,293.86954861270675,1.021,0.4510869458746911,1.2201591448531535,1.708222802794415,8.657020413344908,293.86954861270675
3/26/2026,10:00:00 AM,Northern California,Pleasure Point Sewers,3-4,3-4,,,Surfline Cam,Garrett,,27,2026-03-26 10:00:00-07:00,3.5,3.5,SC117,36.95359559940877,-121.97298824787141,2.3595868262481687,10.0,225.02528381347656,7.606012344360352,9.876543045043945,7.692307974459867,297.0625,298.46875,293.86954861270675,1.021,1.1404131737518313,1.483310536008175,1.483310536008175,8.657020413344908,293.86954861270675
3/27/2026,10:30:00 AM,Northern California,Waddell Creek Reef,4-5,4-6,,,Surfing,Garrett,,12,2026-03-27 10:30:00-07:00,4.5,5.0,SC315,37.088274,-122.277196,3.3182470001792908,10.0,259.86444091796875,8.130928039550781,11.764705657958984,9.090909140169128,302.6875,297.0625,295.4623873276152,6.345,1.1817529998207092,1.3561377437414566,1.5068197152682852,9.015624915235922,295.4623873276152
3/27/2026,10:30:00 AM,Northern California,Waddell Creek Beach,4,4-6,,,Surfing,Garrett,,11,2026-03-27 10:30:00-07:00,4.0,5.0,SC320,37.096511,-122.28278,3.33051953435421,11.11111068725586,255.19398498535156,8.38062572479248,11.764705657958984,9.090909140169128,302.6875,297.0625,295.4623873276152,6.345,0.66948046564579,1.2010138234410934,1.5012672793013668,9.015624915235922,295.4623873276152
3/27/2026,10:45:00 AM,Northern California,Davenport Landing,3-4,4-5,,,Standing on shore,Garrett,,14,2026-03-27 10:45:00-07:00,3.5,4.5,SC266,37.020048,-122.217566,3.992036073627472,11.11111068725586,256.9575500488281,7.612166881561279,11.764705657958984,9.090909140169128,302.6875,297.0625,295.4623873276152,5.087,-0.4920360736274718,0.8767455843202414,1.1272443226974533,9.015624915235922,295.4623873276152
3/26/2026,9:00:00 AM,Northern California,Ocean Beach North,4-5,4-6,,,Surfline Cam,Garrett,,2,2026-03-26 09:00:00-07:00,4.5,5.0,SF036,37.764885,-122.516658,5.847647230162621,10.0,283.85888671875,7.705660343170166,10.529999732971191,8.0,281.6593322753906,285.0,280.7197590134224,3.233,-1.3476472301626208,0.7695402651494859,0.8550447390549843,8.743126915261314,280.7197590134224
3/26/2026,11:45:00 AM,Northern California,Ocean Beach North,4-5,4-5,,,Surfline Cam,Garrett,,2,2026-03-26 11:45:00-07:00,4.5,4.5,SF036,37.764885,-122.516658,5.670206074299812,10.0,282.7291259765625,8.036341667175293,10.529999732971191,8.695652579540134,283.3296813964844,282.8022155761719,283.67433601988364,0.024,-1.170206074299812,0.7936219497199993,0.7936219497199993,8.703140589445193,283.67433601988364
3/27/2026,9:30:00 AM,Northern California,Ocean Beach North,4-5,3-4,,,Surfline Cam,Garrett,,2,2026-03-27 09:30:00-07:00,4.5,3.5,SF036,37.764885,-122.516658,4.423328491768837,10.0,288.0958251953125,8.882389068603516,10.529999732971191,15.384615948919734,283.24176025390625,250.1868133544922,279.402164877819,4.549,0.07667150823116309,1.0173334420841313,0.7912593438432133,9.141318269685813,279.402164877819
3/27/2026,1:00:00 PM,Northern California,Ocean Beach North,4-5,3-4,,,Surfline Cam,Garrett,,2,2026-03-27 13:00:00-07:00,4.5,3.5,SF036,37.764885,-122.516658,3.995881042666435,11.11111068725586,277.43170166015625,8.720236778259277,10.0,7.692307974459867,285.70330810546875,287.4615478515625,280.41354862640674,0.067,0.5041189573335649,1.1261596508881977,0.8759019506908204,8.859105427473146,280.41354862640674
3/25/2026,8:45:00 AM,Northern California,Ocean Beach North,4,2-3,,,Surfline Cam,Garrett,,2,2026-03-25 08:45:00-07:00,4.0,2.5,SF036,37.764885,-122.516658,3.6491141930055617,16.666667938232422,242.45669555664062,9.352632522583008,16.670000076293945,12.50000027939678,252.64834594726562,254.4945068359375,269.53952840159394,1.686,0.3508858069944383,1.096156433708487,0.6850977710678043,8.328473790481626,269.53952840159394
3/24/2026,8:00:00 AM,Northern California,Ocean Beach North,5-6,3-4,,,Surfline Cam,Garrett,,2,2026-03-24 08:00:00-07:00,5.5,3.5,SF036,37.764885,-122.516658,4.426581716513634,18.18181800842285,251.8944549560547,10.725532531738281,11.109999656677246,18.181818280338256,279.6373596191406,247.90110778808594,272.84739576138384,1.499,1.0734182834863661,1.2424937236517997,0.7906778241420543,10.699689010702734,272.84739576138384
3/24/2026,11:45:00 AM,Northern California,Ocean Beach North,5,3-4,,,Surfline Cam,Garrett,,2,2026-03-24 11:45:00-07:00,5.0,3.5,SF036,37.764885,-122.516658,4.140676921272278,18.18181800842285,253.95361328125,11.349008560180664,11.760000228881836,9.52380914536735,272.6044006347656,280.5164794921875,272.51078132287705,-0.013,0.859323078727722,1.2075320279911343,0.845272419593794,10.327126335639838,272.51078132287705
3/23/2026,9:30:00 AM,Northern California,Ocean Beach North,3-5,2-3,,,Surfline Cam,Garrett,,2,2026-03-23 09:30:00-07:00,4.0,2.5,SF036,37.764885,-122.516658,4.263925954766274,13.333333015441895,247.39361572265625,6.919632434844971,7.139999866485596,11.111110669595242,278.9340515136719,273.0439758300781,276.235633972253,-0.385,-0.26392595476627356,0.9381025942837367,0.5863141214273354,8.28789241528026,276.235633972253
4/17/2026,8:30:00 AM,Northern California,Ocean Beach North,2-3,3-4,,,Standing on shore,Dean,,2,2026-04-17 08:30:00-07:00,2.5,3.5,SF036,37.764885,-122.516658,3.296244906978607,14.285714149475098,239.1546630859375,6.908516883850098,9.09000015258789,15.384615948919734,289.30767822265625,224.9560546875,276.4874992211689,0.607,-0.7962449069786071,0.7584387903663207,1.061814306512849,8.633428913599152,276.4874992211689
4/17/2026,8:30:00 AM,Northern California,Ocean Beach Central ,3-4,3-4,,,Standing on shore,Dean,,3,2026-04-17 08:30:00-07:00,3.5,3.5,SF026,37.745319,-122.514099,3.7086891155862807,9.090909004211426,287.0396423339844,6.942383289337158,9.09000015258789,15.384615948919734,289.30767822265625,224.9560546875,276.4874992211689,0.607,-0.20868911558628067,0.9437296820838297,0.9437296820838297,8.633428913599152,276.4874992211689
4/18/2026,10:00:00 AM,Northern California,Ocean Beach North,2-3,2-3,,,Standing on shore,Dean,,2,2026-04-18 10:00:00-07:00,2.5,2.5,SF036,37.764885,-122.516658,3.001127595643997,15.384615898132324,226.45455932617188,6.345509052276611,15.380000114440918,8.695652579540134,212.2087860107422,280.9560546875,261.27047481539466,1.71,-0.5011275956439971,0.8330202300057613,0.8330202300057613,8.671150329937914,261.27047481539466
4/18/2026,10:00:00 AM,Northern California,Ocean Beach Central ,2-3,2-3,,,Standing on shore,Dean,,3,2026-04-18 10:00:00-07:00,2.5,2.5,SF026,37.745319,-122.514099,3.0981724865674973,14.285714149475098,232.35972595214844,5.890132427215576,15.380000114440918,8.695652579540134,212.2087860107422,280.9560546875,261.27047481539466,1.71,-0.5981724865674973,0.8069273130657035,0.8069273130657035,8.671150329937914,261.27047481539466
4/19/2026,8:30:00 AM,Northern California,Ocean Beach North,2-3,1-2,,,Standing on shore,Dean,,2,2026-04-19 08:30:00-07:00,2.5,1.5,SF036,37.764885,-122.516658,2.7921663762283324,14.285714149475098,225.9497528076172,11.747233390808105,14.289999961853027,10.000000596046483,230.84616088867188,245.2637481689453,237.32394792992952,-1.236,-0.2921663762283324,0.8953621178466479,0.5372172707079887,12.217980856578484,237.32394792992952
4/19/2026,8:30:00 AM,Northern California,Ocean Beach Central ,1-2,1-2,,,Standing on shore,Dean,,3,2026-04-19 08:30:00-07:00,1.5,1.5,SF026,37.745319,-122.514099,1.940097027695179,14.285714149475098,220.59559631347656,9.528777122497559,14.289999961853027,10.000000596046483,230.84616088867188,245.2637481689453,237.32394792992952,-1.236,-0.440097027695179,0.773157207390802,0.773157207390802,12.217980856578484,237.32394792992952
4/19/2026,8:30:00 AM,Northern California,Ocean Beach South ,1-2,1-2,,,Surfline Cam,Dean,,4,2026-04-19 08:30:00-07:00,1.5,1.5,SF017,37.735434,-122.512323,1.6733945890188218,14.285714149475098,223.5707550048828,8.724220275878906,14.289999961853027,10.000000596046483,230.84616088867188,245.2637481689453,237.32394792992952,-1.236,-0.17339458901882177,0.8963815288057732,0.8963815288057732,12.217980856578484,237.32394792992952
4/17/2026,8:00:00 AM,Northern California,Manresa,1-3,3-4,,,Surfline Cam,Garrett,,34,2026-04-17 08:00:00-07:00,2.0,3.5,SC052,36.93121,-121.863854,1.6242401152825356,12.30012321472168,234.89981079101562,7.593254089355469,9.876543045043945,7.14285711244661,298.46875,295.65625,288.23386310170423,1.433,0.37575988471746435,1.231345034014322,2.1548538095250636,8.023623671656706,288.23386310170423
4/17/2026,5:00:00 PM,Northern California,Manresa,1-3,2-3,,,Surfline Cam,Garrett,,34,2026-04-17 17:00:00-07:00,2.0,2.5,SC052,36.93121,-121.863854,1.5313461365401744,14.285714149475098,228.1460418701172,6.439986228942871,10.526315689086914,13.33333280351429,292.84375,233.78125,284.7020796218596,1.409,0.4686538634598256,1.306040451780988,1.632550564726235,7.409276516975237,284.7020796218596
4/17/2026,8:00:00 AM,Northern California,Capitola,0-1,0-1,,,Surfline Cam,Garrett,,33,2026-04-17 08:00:00-07:00,0.5,0.5,SC101,36.9716260648133,-121.94900125265124,1.1590593853151798,13.333333015441895,205.71630859375,8.21596908569336,9.876543045043945,7.14285711244661,298.46875,295.65625,288.23386310170423,1.433,-0.6590593853151798,0.431384281370567,0.431384281370567,8.023623671656706,288.23386310170423
4/17/2026,5:00:00 PM,Northern California,Capitola,0,0-1,,,Surfline Cam,Garrett,,33,2026-04-17 17:00:00-07:00,0.0,0.5,SC101,36.9716260648133,-121.94900125265124,1.1487686860871316,14.285714149475098,206.67279052734375,7.792852401733398,10.526315689086914,13.33333280351429,292.84375,233.78125,284.7020796218596,1.409,-1.1487686860871316,0.0,0.4352486327800862,7.409276516975237,284.7020796218596
4/17/2026,8:00:00 AM,Northern California,The Hook,1-2,1-2,,,Surfline Cam,Garrett,,32,2026-04-17 08:00:00-07:00,1.5,1.5,SC112,36.95965277904864,-121.96402966976167,1.237940894371271,13.333333015441895,195.78402709960938,8.61620807647705,9.876543045043945,7.14285711244661,298.46875,295.65625,288.23386310170423,1.433,0.2620591056287289,1.2116895134656847,1.2116895134656847,8.023623671656706,288.23386310170423
4/17/2026,5:00:00 PM,Northern California,The Hook,0-2,1-2,,,Surfline Cam,Garrett,,32,2026-04-17 17:00:00-07:00,1.0,1.5,SC112,36.95965277904864,-121.96402966976167,1.216009982572794,14.285714149475098,197.2046661376953,8.177903175354004,10.526315689086914,13.33333280351429,292.84375,233.78125,284.7020796218596,1.409,-0.2160099825727939,0.822361669995696,1.233542504993544,7.409276516975237,284.7020796218596
4/17/2026,8:00:00 AM,Northern California,Pleasure Point Jacks,1-2,1-2,,,Surfline Cam,Garrett,,31,2026-04-17 08:00:00-07:00,1.5,1.5,SC113,36.95709362590695,-121.96802616119386,1.3088217311513424,13.333333015441895,192.29885864257812,8.812335968017578,9.876543045043945,7.14285711244661,298.46875,295.65625,288.23386310170423,1.433,0.19117826884865763,1.1460689903738703,1.1460689903738703,8.023623671656706,288.23386310170423
4/17/2026,5:00:00 PM,Northern California,Pleasure Point Jacks,1-2,0-1,,,Surfline Cam,Garrett,,31,2026-04-17 17:00:00-07:00,1.5,0.5,SC113,36.95709362590695,-121.96802616119386,1.2775666423237324,14.285714149475098,193.7368621826172,8.335538864135742,10.526315689086914,13.33333280351429,292.84375,233.78125,284.7020796218596,1.409,0.2224333576762676,1.1741070487498715,0.3913690162499571,7.409276516975237,284.7020796218596
4/17/2026,8:00:00 AM,Northern California,Pleasure Point First Peak,2-3,2-3,,,Surfline Cam,Garrett,,28,2026-04-17 08:00:00-07:00,2.5,2.5,SC117,36.95385698447019,-121.97144329547884,1.4999195474660396,13.333333015441895,191.9720916748047,8.732847213745117,9.876543045043945,7.14285711244661,298.46875,295.65625,288.23386310170423,1.433,1.0000804525339604,1.6667560631658505,1.6667560631658505,8.023623671656706,288.23386310170423
4/17/2026,5:00:00 PM,Northern California,Pleasure Point First Peak,2-3,2-3,,,Surfline Cam,Garrett,,28,2026-04-17 17:00:00-07:00,2.5,2.5,SC117,36.95385698447019,-121.97144329547884,1.4198228701865674,14.285714149475098,193.19644165039062,8.032342910766602,10.526315689086914,13.33333280351429,292.84375,233.78125,284.7020796218596,1.409,1.0801771298134326,1.760783019132165,1.760783019132165,7.409276516975237,284.7020796218596
4/17/2026,8:00:00 AM,Northern California,Pleasure Point Second Peak,2-3,2-3,,,Surfline Cam,Garrett,,29,2026-04-17 08:00:00-07:00,2.5,2.5,SC116,36.95534464417764,-121.9701397418976,1.355509495526552,13.333333015441895,192.11785888671875,8.669818878173828,9.876543045043945,7.14285711244661,298.46875,295.65625,288.23386310170423,1.433,1.144490504473448,1.8443249628648797,1.8443249628648797,8.023623671656706,288.23386310170423
4/17/2026,5:00:00 PM,Northern California,Pleasure Point Second Peak,2-3,2-3,,,Surfline Cam,Garrett,,29,2026-04-17 17:00:00-07:00,2.5,2.5,SC116,36.95534464417764,-121.9701397418976,1.301732630596161,14.285714149475098,193.28028869628906,8.097627639770508,10.526315689086914,13.33333280351429,292.84375,233.78125,284.7020796218596,1.409,1.198267369403839,1.9205172715498902,1.9205172715498902,7.409276516975237,284.7020796218596
4/17/2026,8:00:00 AM,Northern California,Pleasure Point Sewers,2-3,2-3,,,Surfline Cam,Garrett,,27,2026-04-17 08:00:00-07:00,2.5,2.5,SC117,36.95359559940877,-121.97298824787141,1.4999195474660396,13.333333015441895,191.9720916748047,8.732847213745117,9.876543045043945,7.14285711244661,298.46875,295.65625,288.23386310170423,1.433,1.0000804525339604,1.6667560631658505,1.6667560631658505,8.023623671656706,288.23386310170423
4/17/2026,5:00:00 PM,Northern California,Pleasure Point Sewers,2-3,2-3,,,Surfline Cam,Garrett,,27,2026-04-17 17:00:00-07:00,2.5,2.5,SC117,36.95359559940877,-121.97298824787141,1.4198228701865674,14.285714149475098,193.19644165039062,8.032342910766602,10.526315689086914,13.33333280351429,292.84375,233.78125,284.7020796218596,1.409,1.0801771298134326,1.760783019132165,1.760783019132165,7.409276516975237,284.7020796218596
4/17/2026,8:00:00 AM,Northern California,26th Ave,1-2,2-3,,,Surfline Cam,Garrett,,24,2026-04-17 08:00:00-07:00,1.5,2.5,SC121,36.9562363298356,-121.98080420494081,1.644079780061245,14.285714149475098,199.90109252929688,8.913036346435547,9.876543045043945,7.14285711244661,298.46875,295.65625,288.23386310170423,1.433,-0.144079780061245,0.9123644838841837,1.520607473140306,8.023623671656706,288.23386310170423
4/17/2026,5:00:00 PM,Northern California,26th Ave,0-1,2-3,,,Surfline Cam,Garrett,,24,2026-04-17 17:00:00-07:00,0.5,2.5,SC121,36.9562363298356,-121.98080420494081,1.5240297052705287,14.285714149475098,204.4629364013672,7.90455436706543,10.526315689086914,13.33333280351429,292.84375,233.78125,284.7020796218596,1.409,-1.0240297052705287,0.3280775947285395,1.6403879736426974,7.409276516975237,284.7020796218596
4/17/2026,8:00:00 AM,Northern California,Cowells,0,0-1,,,Surfline Cam,Garrett,,23,2026-04-17 08:00:00-07:00,0.0,0.5,SC145,36.95844832786912,-122.02330112457277,1.5793348192620278,14.285714149475098,197.50906372070312,9.281450271606445,9.876543045043945,7.14285711244661,298.46875,295.65625,288.23386310170423,1.433,-1.5793348192620278,0.0,0.31658898031111216,8.023623671656706,288.23386310170423
4/17/2026,5:00:00 PM,Northern California,Cowells,0,0-1,,,Surfline Cam,Garrett,,23,2026-04-17 17:00:00-07:00,0.0,0.5,SC145,36.95844832786912,-122.02330112457277,1.4064040025508404,14.285714149475098,200.84779357910156,8.33770751953125,10.526315689086914,13.33333280351429,292.84375,233.78125,284.7020796218596,1.409,-1.4064040025508404,0.0,0.35551662189039124,7.409276516975237,284.7020796218596
4/17/2026,8:00:00 AM,Northern California,Steamer Lane Middle Peak,0,2-3,,,Surfline Cam,Garrett,,21,2026-04-17 08:00:00-07:00,0.0,2.5,SC149,36.95054306508662,-122.02346205711366,1.3602932181954384,14.285714149475098,191.3253173828125,9.591487884521484,9.876543045043945,7.14285711244661,298.46875,295.65625,288.23386310170423,1.433,-1.3602932181954384,0.0,1.8378390530509987,8.023623671656706,288.23386310170423
4/17/2026,5:00:00 PM,Northern California,Steamer Lane Middle Peak,0,2-3,,,Surfline Cam,Garrett,,21,2026-04-17 17:00:00-07:00,0.0,2.5,SC149,36.95054306508662,-122.02346205711366,1.2221239565837383,14.285714149475098,193.89833068847656,8.586946487426758,10.526315689086914,13.33333280351429,292.84375,233.78125,284.7020796218596,1.409,-1.2221239565837383,0.0,2.045619011502213,7.409276516975237,284.7020796218596
4/17/2026,8:00:00 AM,Northern California,Steamer Lane Point,2-3,2-3,,,Surfline Cam,Garrett,,20,2026-04-17 08:00:00-07:00,2.5,2.5,SC149,36.95072345524198,-122.02609062194826,1.3602932181954384,14.285714149475098,191.3253173828125,9.591487884521484,9.876543045043945,7.14285711244661,298.46875,295.65625,288.23386310170423,1.433,1.1397067818045616,1.8378390530509987,1.8378390530509987,8.023623671656706,288.23386310170423
4/17/2026,5:00:00 PM,Northern California,Steamer Lane Point,2-3,2-3,,,Surfline Cam,Garrett,,20,2026-04-17 17:00:00-07:00,2.5,2.5,SC149,36.95072345524198,-122.02609062194826,1.2221239565837383,14.285714149475098,193.89833068847656,8.586946487426758,10.526315689086914,13.33333280351429,292.84375,233.78125,284.7020796218596,1.409,1.2778760434162617,2.045619011502213,2.045619011502213,7.409276516975237,284.7020796218596
4/17/2026,8:00:00 AM,Northern California,Steamer Lane Indicators,0,,,,Surfline Cam,Garrett,,22,2026-04-17 08:00:00-07:00,0.0,,SC148,36.95383582150793,-122.02346205711366,1.5775989903700351,14.285714149475098,196.66793823242188,9.435015678405762,9.876543045043945,7.14285711244661,298.46875,295.65625,288.23386310170423,1.433,-1.5775989903700351,0.0,,8.023623671656706,288.23386310170423
4/17/2026,5:00:00 PM,Northern California,Steamer Lane Indicators,0,,,,Surfline Cam,Garrett,,22,2026-04-17 17:00:00-07:00,0.0,,SC148,36.95383582150793,-122.02346205711366,1.4164205360484123,14.285714149475098,200.68336486816406,8.525596618652344,10.526315689086914,13.33333280351429,292.84375,233.78125,284.7020796218596,1.409,-1.4164205360484123,0.0,,7.409276516975237,284.7020796218596
4/17/2026,8:00:00 AM,Northern California,Mitchell's,1-2,2-3,,,Surfline Cam,Garrett,,19,2026-04-17 08:00:00-07:00,1.5,2.5,SC158,36.951271,-122.04178,1.6622572417664527,14.285714149475098,206.33502197265625,8.806110382080078,9.876543045043945,7.14285711244661,298.46875,295.65625,288.23386310170423,1.433,-0.16225724176645273,0.902387405697794,1.5039790094963232,8.023623671656706,288.23386310170423
4/17/2026,5:00:00 PM,Northern California,Mitchell's,2-3,2-3,,,Surfline Cam,Garrett,,19,2026-04-17 17:00:00-07:00,2.5,2.5,SC158,36.951271,-122.04178,1.5359457457745076,14.285714149475098,211.88462829589844,7.434180736541748,10.526315689086914,13.33333280351429,292.84375,233.78125,284.7020796218596,1.409,0.9640542542254924,1.6276616585433905,1.6276616585433905,7.409276516975237,284.7020796218596
4/18/2026,8:00:00 AM,Northern California,Manresa,1-2,2-3,,,Surfline Cam,Garrett,,34,2026-04-18 08:00:00-07:00,1.5,2.5,SC052,36.93121,-121.863854,1.2881545825719833,14.285714149475098,223.9119415283203,7.456009864807129,9.090909004211426,5.882352879303138,291.4375,294.25,277.6771449009018,0.161,0.21184541742801666,1.1644565181028486,1.9407608635047475,6.98346062049729,277.6771449009018
4/18/2026,5:00:00 PM,Northern California,Manresa,1-2,1-2,,,Surfline Cam,Garrett,,34,2026-04-18 17:00:00-07:00,1.5,1.5,SC052,36.93121,-121.863854,1.3717632993924618,14.285714149475098,224.0430908203125,6.846298694610596,9.090909004211426,7.14285711244661,294.25,288.625,277.80539247021704,1.859,0.12823670060753822,1.093483110872213,1.093483110872213,6.45570972729722,277.80539247021704
4/18/2026,8:00:00 AM,Northern California,Capitola,0-1,0-1,,,Surfline Cam,Garrett,,33,2026-04-18 08:00:00-07:00,0.5,0.5,SC101,36.9716260648133,-121.94900125265124,1.0171568156003952,14.285714149475098,207.02197265625,8.571752548217773,9.090909004211426,5.882352879303138,291.4375,294.25,277.6771449009018,0.161,-0.5171568156003952,0.4915662878440882,0.4915662878440882,6.98346062049729,277.6771449009018
4/18/2026,5:00:00 PM,Northern California,Capitola,0,0-1,,,Surfline Cam,Garrett,,33,2026-04-18 17:00:00-07:00,0.0,0.5,SC101,36.9716260648133,-121.94900125265124,1.1080478396391868,15.384615898132324,207.2294921875,8.637389183044434,9.090909004211426,7.14285711244661,294.25,288.625,277.80539247021704,1.859,-1.1080478396391868,0.0,0.4512440547357728,6.45570972729722,277.80539247021704
4/18/2026,8:00:00 AM,Northern California,The Hook,1,1-2,,,Surfline Cam,Garrett,,32,2026-04-18 08:00:00-07:00,1.0,1.5,SC112,36.95965277904864,-121.96402966976167,1.093370097616911,14.285714149475098,195.87765502929688,9.084061622619629,9.090909004211426,5.882352879303138,291.4375,294.25,277.6771449009018,0.161,-0.09337009761691095,0.9146033920075017,1.3719050880112524,6.98346062049729,277.6771449009018
4/18/2026,5:00:00 PM,Northern California,The Hook,0-1,0-1,,,Surfline Cam,Garrett,,32,2026-04-18 17:00:00-07:00,0.5,0.5,SC112,36.95965277904864,-121.96402966976167,1.207541449019909,15.384615898132324,195.93011474609375,9.25744915008545,9.090909004211426,7.14285711244661,294.25,288.625,277.80539247021704,1.859,-0.707541449019909,0.41406446164296956,0.41406446164296956,6.45570972729722,277.80539247021704
4/18/2026,8:00:00 AM,Northern California,Pleasure Point Jacks,1-2,0-1,,,Surfline Cam,Garrett,,31,2026-04-18 08:00:00-07:00,1.5,0.5,SC113,36.95709362590695,-121.96802616119386,1.1846447972357272,14.285714149475098,191.8510284423828,9.389647483825684,9.090909004211426,5.882352879303138,291.4375,294.25,277.6771449009018,0.161,0.31535520276427276,1.2662023279046417,0.42206744263488055,6.98346062049729,277.6771449009018
4/18/2026,5:00:00 PM,Northern California,Pleasure Point Jacks,1-2,0-1,,,Surfline Cam,Garrett,,31,2026-04-18 17:00:00-07:00,1.5,0.5,SC113,36.95709362590695,-121.96802616119386,1.3263184718096257,15.384615898132324,192.0677490234375,9.684656143188477,9.090909004211426,7.14285711244661,294.25,288.625,277.80539247021704,1.859,0.1736815281903743,1.1309500937232697,0.3769833645744232,6.45570972729722,277.80539247021704
4/18/2026,8:00:00 AM,Northern California,Pleasure Point First Peak,1-3,2-3,,,Surfline Cam,Garrett,,28,2026-04-18 08:00:00-07:00,2.0,2.5,SC117,36.95385698447019,-121.97144329547884,1.3327298823940754,15.384615898132324,189.3516082763672,9.284343719482422,9.090909004211426,5.882352879303138,291.4375,294.25,277.6771449009018,0.161,0.6672701176059246,1.5006791896999119,1.8758489871248898,6.98346062049729,277.6771449009018
4/18/2026,5:00:00 PM,Northern California,Pleasure Point First Peak,1-3,1-2,,,Surfline Cam,Garrett,,28,2026-04-18 17:00:00-07:00,2.0,1.5,SC117,36.95385698447019,-121.97144329547884,1.4556190978109838,14.285714149475098,188.6998291015625,9.596426010131836,9.090909004211426,7.14285711244661,294.25,288.625,277.80539247021704,1.859,0.5443809021890162,1.373985820196834,1.0304893651476255,6.45570972729722,277.80539247021704
4/18/2026,8:00:00 AM,Northern California,Pleasure Point Second Peak,1-3,2-3,,,Surfline Cam,Garrett,,29,2026-04-18 08:00:00-07:00,2.0,2.5,SC116,36.95534464417764,-121.9701397418976,1.219373206050396,14.285714149475098,190.70265197753906,9.227415084838867,9.090909004211426,5.882352879303138,291.4375,294.25,277.6771449009018,0.161,0.7806267939496041,1.6401869338084678,2.050233667260585,6.98346062049729,277.6771449009018
4/18/2026,5:00:00 PM,Northern California,Pleasure Point Second Peak,1-3,1-2,,,Surfline Cam,Garrett,,29,2026-04-18 17:00:00-07:00,2.0,1.5,SC116,36.95534464417764,-121.9701397418976,1.3454092652153968,14.285714149475098,189.7217254638672,9.541158676147461,9.090909004211426,7.14285711244661,294.25,288.625,277.80539247021704,1.859,0.6545907347846032,1.486536514730932,1.114902386048199,6.45570972729722,277.80539247021704
4/18/2026,8:00:00 AM,Northern California,Pleasure Point Sewers,1-3,2-3,,,Surfline Cam,Garrett,,27,2026-04-18 08:00:00-07:00,2.0,2.5,SC117,36.95359559940877,-121.97298824787141,1.3327298823940754,15.384615898132324,189.3516082763672,9.284343719482422,9.090909004211426,5.882352879303138,291.4375,294.25,277.6771449009018,0.161,0.6672701176059246,1.5006791896999119,1.8758489871248898,6.98346062049729,277.6771449009018
4/18/2026,5:00:00 PM,Northern California,Pleasure Point Sewers,1-3,1-2,,,Surfline Cam,Garrett,,27,2026-04-18 17:00:00-07:00,2.0,1.5,SC117,36.95359559940877,-121.97298824787141,1.4556190978109838,14.285714149475098,188.6998291015625,9.596426010131836,9.090909004211426,7.14285711244661,294.25,288.625,277.80539247021704,1.859,0.5443809021890162,1.373985820196834,1.0304893651476255,6.45570972729722,277.80539247021704
4/18/2026,8:00:00 AM,Northern California,26th Ave,1-2,2-3,,,Surfline Cam,Garrett,,24,2026-04-18 08:00:00-07:00,1.5,2.5,SC121,36.9562363298356,-121.98080420494081,1.4942003955733776,15.384615898132324,197.40554809570312,9.532722473144531,9.090909004211426,5.882352879303138,291.4375,294.25,277.6771449009018,0.161,0.005799604426622418,1.0038814100463391,1.6731356834105653,6.98346062049729,277.6771449009018
4/18/2026,5:00:00 PM,Northern California,26th Ave,0-1,1-2,,,Surfline Cam,Garrett,,24,2026-04-18 17:00:00-07:00,0.5,1.5,SC121,36.9562363298356,-121.98080420494081,1.617922570283413,14.285714149475098,197.60470581054688,9.774170875549316,9.090909004211426,7.14285711244661,294.25,288.625,277.80539247021704,1.859,-1.117922570283413,0.3090382748739419,0.9271148246218257,6.45570972729722,277.80539247021704
4/18/2026,8:00:00 AM,Northern California,Cowells,0,0-1,,,Surfline Cam,Garrett,,23,2026-04-18 08:00:00-07:00,0.0,0.5,SC145,36.95844832786912,-122.02330112457277,1.4677997219336032,15.384615898132324,195.77711486816406,10.073145866394043,9.090909004211426,5.882352879303138,291.4375,294.25,277.6771449009018,0.161,-1.4677997219336032,0.0,0.3406459290926462,6.98346062049729,277.6771449009018
4/18/2026,5:00:00 PM,Northern California,Cowells,0,0,,,Surfline Cam,Garrett,,23,2026-04-18 17:00:00-07:00,0.0,0.0,SC145,36.95844832786912,-122.02330112457277,1.553829877525568,14.285714149475098,195.71275329589844,10.338141441345215,9.090909004211426,7.14285711244661,294.25,288.625,277.80539247021704,1.859,-1.553829877525568,0.0,0.0,6.45570972729722,277.80539247021704
4/18/2026,8:00:00 AM,Northern California,Steamer Lane Middle Peak,0,2-3,,,Surfline Cam,Garrett,,21,2026-04-18 08:00:00-07:00,0.0,2.5,SC149,36.95054306508662,-122.02346205711366,1.4062285912382602,15.384615898132324,189.19505310058594,10.868813514709473,9.090909004211426,5.882352879303138,291.4375,294.25,277.6771449009018,0.161,-1.4062285912382602,0.0,1.7778048430935507,6.98346062049729,277.6771449009018
4/18/2026,5:00:00 PM,Northern California,Steamer Lane Middle Peak,0,1-2,,,Surfline Cam,Garrett,,21,2026-04-18 17:00:00-07:00,0.0,1.5,SC149,36.95054306508662,-122.02346205711366,1.5157034367454052,14.285714149475098,189.06686401367188,11.048948287963867,9.090909004211426,7.14285711244661,294.25,288.625,277.80539247021704,1.859,-1.5157034367454052,0.0,0.9896395057471635,6.45570972729722,277.80539247021704
4/18/2026,8:00:00 AM,Northern California,Steamer Lane Point,2-3,2-3,,,Surfline Cam,Garrett,,20,2026-04-18 08:00:00-07:00,2.5,2.5,SC149,36.95072345524198,-122.02609062194826,1.4062285912382602,15.384615898132324,189.19505310058594,10.868813514709473,9.090909004211426,5.882352879303138,291.4375,294.25,277.6771449009018,0.161,1.0937714087617398,1.7778048430935507,1.7778048430935507,6.98346062049729,277.6771449009018
4/18/2026,5:00:00 PM,Northern California,Steamer Lane Point,2-3,1-2,,,Surfline Cam,Garrett,,20,2026-04-18 17:00:00-07:00,2.5,1.5,SC149,36.95072345524198,-122.02609062194826,1.5157034367454052,14.285714149475098,189.06686401367188,11.048948287963867,9.090909004211426,7.14285711244661,294.25,288.625,277.80539247021704,1.859,0.9842965632545948,1.6493991762452727,0.9896395057471635,6.45570972729722,277.80539247021704
4/18/2026,8:00:00 AM,Northern California,Steamer Lane Indicators,0,,,,Surfline Cam,Garrett,,22,2026-04-18 08:00:00-07:00,0.0,,SC148,36.95383582150793,-122.02346205711366,1.5264512418186664,15.384615898132324,193.17721557617188,10.47116470336914,9.090909004211426,5.882352879303138,291.4375,294.25,277.6771449009018,0.161,-1.5264512418186664,0.0,,6.98346062049729,277.6771449009018
4/18/2026,5:00:00 PM,Northern California,Steamer Lane Indicators,0-1,,,,Surfline Cam,Garrett,,22,2026-04-18 17:00:00-07:00,0.5,,SC148,36.95383582150793,-122.02346205711366,1.6006165918719768,14.285714149475098,193.72897338867188,10.642374992370605,9.090909004211426,7.14285711244661,294.25,288.625,277.80539247021704,1.859,-1.1006165918719768,0.3123796182914939,,6.45570972729722,277.80539247021704
4/18/2026,8:00:00 AM,Northern California,Mitchell's,1-2,2-3,,,Surfline Cam,Garrett,,19,2026-04-18 08:00:00-07:00,1.5,2.5,SC158,36.951271,-122.04178,1.5326868499839306,15.384615898132324,200.66407775878906,9.53062629699707,9.090909004211426,5.882352879303138,291.4375,294.25,277.6771449009018,0.161,-0.032686849983930566,0.978673497469967,1.6311224957832784,6.98346062049729,277.6771449009018
4/18/2026,5:00:00 PM,Northern California,Mitchell's,1-2,1-2,,,Surfline Cam,Garrett,,19,2026-04-18 17:00:00-07:00,1.5,1.5,SC158,36.951271,-122.04178,1.6134707015693188,15.384615898132324,202.5553741455078,9.689790725708008,9.090909004211426,7.14285711244661,294.25,288.625,277.80539247021704,1.859,-0.11347070156931882,0.9296729085573396,0.9296729085573396,6.45570972729722,277.80539247021704
4/19/2026,8:00:00 AM,Northern California,Manresa,0-1,1-2,,,Surfline Cam,Garrett,,34,2026-04-19 08:00:00-07:00,0.5,1.5,SC052,36.93121,-121.863854,1.3136831862580776,14.285714149475098,218.58433532714844,8.987092971801758,14.285714149475098,12.50000027939678,219.71875,236.59375,244.77848349504586,-0.823,-0.8136831862580776,0.3806092711167373,1.141827813350212,9.745233223547583,244.77848349504586
4/19/2026,5:00:00 PM,Northern California,Manresa,0-1,1-2,,,Surfline Cam,Garrett,,34,2026-04-19 17:00:00-07:00,0.5,1.5,SC052,36.93121,-121.863854,1.1656346695673465,14.285714149475098,219.5109405517578,6.891486644744873,14.285714149475098,12.50000027939678,219.71875,233.78125,234.3294528753376,2.413,-0.6656346695673465,0.42895086518453257,1.2868525955535977,8.078854589347646,234.3294528753376
4/19/2026,8:00:00 AM,Northern California,Capitola,0-1,0-1,,,Surfline Cam,Garrett,,33,2026-04-19 08:00:00-07:00,0.5,0.5,SC101,36.9716260648133,-121.94900125265124,1.2454125949633121,13.333333015441895,204.44801330566406,9.979074478149414,14.285714149475098,12.50000027939678,219.71875,236.59375,244.77848349504586,-0.823,-0.7454125949633121,0.40147337679263567,0.40147337679263567,9.745233223547583,244.77848349504586
4/19/2026,5:00:00 PM,Northern California,Capitola,0,0-1,,,Surfline Cam,Garrett,,33,2026-04-19 17:00:00-07:00,0.0,0.5,SC101,36.9716260648133,-121.94900125265124,1.1245500939762592,14.285714149475098,205.7353515625,7.823261737823486,14.285714149475098,12.50000027939678,219.71875,233.78125,234.3294528753376,2.413,-1.1245500939762592,0.0,0.44462225620564994,8.078854589347646,234.3294528753376
4/19/2026,8:00:00 AM,Northern California,The Hook,1,0-1,,,Surfline Cam,Garrett,,32,2026-04-19 08:00:00-07:00,1.0,0.5,SC112,36.95965277904864,-121.96402966976167,1.3879218687999249,14.285714149475098,194.090087890625,10.68734359741211,14.285714149475098,12.50000027939678,219.71875,236.59375,244.77848349504586,-0.823,-0.38792186879992485,0.7205016524919059,0.36025082624595295,9.745233223547583,244.77848349504586
4/19/2026,5:00:00 PM,Northern California,The Hook,0-1,1-2,,,Surfline Cam,Garrett,,32,2026-04-19 17:00:00-07:00,0.5,1.5,SC112,36.95965277904864,-121.96402966976167,1.2256069564592837,14.285714149475098,194.54295349121094,8.518147468566895,14.285714149475098,12.50000027939678,219.71875,233.78125,234.3294528753376,2.413,-0.7256069564592837,0.40796113090323394,1.223883392709702,8.078854589347646,234.3294528753376
4/19/2026,8:00:00 AM,Northern California,Pleasure Point Jacks,0-2,0-1,,,Surfline Cam,Garrett,,31,2026-04-19 08:00:00-07:00,1.0,0.5,SC113,36.95709362590695,-121.96802616119386,1.543625906187296,14.285714149475098,190.23074340820312,11.096007347106934,14.285714149475098,12.50000027939678,219.71875,236.59375,244.77848349504586,-0.823,-0.5436259061872959,0.6478253545705037,0.32391267728525186,9.745233223547583,244.77848349504586
4/19/2026,5:00:00 PM,Northern California,Pleasure Point Jacks,0-2,0-1,,,Surfline Cam,Garrett,,31,2026-04-19 17:00:00-07:00,1.0,0.5,SC113,36.95709362590695,-121.96802616119386,1.3366202197992803,14.285714149475098,190.762451171875,9.057662010192871,14.285714149475098,12.50000027939678,219.71875,233.78125,234.3294528753376,2.413,-0.33662021979928025,0.748155672933161,0.3740778364665805,8.078854589347646,234.3294528753376
4/19/2026,8:00:00 AM,Northern California,Pleasure Point First Peak,1-3,1-2,,,Surfline Cam,Garrett,,28,2026-04-19 08:00:00-07:00,2.0,1.5,SC117,36.95385698447019,-121.97144329547884,1.7188020659208298,14.285714149475098,188.02813720703125,11.312068939208984,14.285714149475098,12.50000027939678,219.71875,236.59375,244.77848349504586,-0.823,0.28119793407917015,1.163601114784861,0.8727008360886459,9.745233223547583,244.77848349504586
4/19/2026,5:00:00 PM,Northern California,Pleasure Point First Peak,1-3,1-2,,,Surfline Cam,Garrett,,28,2026-04-19 17:00:00-07:00,2.0,1.5,SC117,36.95385698447019,-121.97144329547884,1.4386632575881482,14.285714149475098,188.61883544921875,9.433209419250488,14.285714149475098,12.50000027939678,219.71875,233.78125,234.3294528753376,2.413,0.5613367424118518,1.3901793831538498,1.0426345373653874,8.078854589347646,234.3294528753376
4/19/2026,8:00:00 AM,Northern California,Pleasure Point Second Peak,1-3,1-2,,,Surfline Cam,Garrett,,29,2026-04-19 08:00:00-07:00,2.0,1.5,SC116,36.95534464417764,-121.9701397418976,1.569019969201088,14.285714149475098,188.97366333007812,11.06650161743164,14.285714149475098,12.50000027939678,219.71875,236.59375,244.77848349504586,-0.823,0.430980030798912,1.2746810360981944,0.9560107770736458,9.745233223547583,244.77848349504586
4/19/2026,5:00:00 PM,Northern California,Pleasure Point Second Peak,1-3,1-2,,,Surfline Cam,Garrett,,29,2026-04-19 17:00:00-07:00,2.0,1.5,SC116,36.95534464417764,-121.9701397418976,1.3431388913702964,14.285714149475098,189.47317504882812,9.05935001373291,14.285714149475098,12.50000027939678,219.71875,233.78125,234.3294528753376,2.413,0.6568611086297036,1.4890492806440598,1.116786960483045,8.078854589347646,234.3294528753376
4/19/2026,8:00:00 AM,Northern California,Pleasure Point Sewers,1,1-2,,,Surfline Cam,Garrett,,27,2026-04-19 08:00:00-07:00,1.0,1.5,SC117,36.95359559940877,-121.97298824787141,1.7188020659208298,14.285714149475098,188.02813720703125,11.312068939208984,14.285714149475098,12.50000027939678,219.71875,236.59375,244.77848349504586,-0.823,-0.7188020659208298,0.5818005573924305,0.8727008360886459,9.745233223547583,244.77848349504586
4/19/2026,5:00:00 PM,Northern California,Pleasure Point Sewers,1-2,1-2,,,Surfline Cam,Garrett,,27,2026-04-19 17:00:00-07:00,1.5,1.5,SC117,36.95359559940877,-121.97298824787141,1.4386632575881482,14.285714149475098,188.61883544921875,9.433209419250488,14.285714149475098,12.50000027939678,219.71875,233.78125,234.3294528753376,2.413,0.06133674241185183,1.0426345373653874,1.0426345373653874,8.078854589347646,234.3294528753376
4/19/2026,8:00:00 AM,Northern California,26th Ave,1-2,1-2,,,Surfline Cam,Garrett,,24,2026-04-19 08:00:00-07:00,1.5,1.5,SC121,36.9562363298356,-121.98080420494081,1.9230840859079361,14.285714149475098,196.3861541748047,11.61175537109375,14.285714149475098,12.50000027939678,219.71875,236.59375,244.77848349504586,-0.823,-0.4230840859079361,0.7799970947665622,0.7799970947665622,9.745233223547583,244.77848349504586
4/19/2026,5:00:00 PM,Northern California,26th Ave,0-1,1-2,,,Surfline Cam,Garrett,,24,2026-04-19 17:00:00-07:00,0.5,1.5,SC121,36.9562363298356,-121.98080420494081,1.6065321770572663,14.285714149475098,196.88865661621094,10.055519104003906,14.285714149475098,12.50000027939678,219.71875,233.78125,234.3294528753376,2.413,-1.1065321770572663,0.31122937164935294,0.9336881149480588,8.078854589347646,234.3294528753376
4/19/2026,8:00:00 AM,Northern California,Cowells,0,0,,,Surfline Cam,Garrett,,23,2026-04-19 08:00:00-07:00,0.0,0.0,SC145,36.95844832786912,-122.02330112457277,1.9269251438808441,14.285714149475098,196.1637420654297,11.944897651672363,14.285714149475098,12.50000027939678,219.71875,236.59375,244.77848349504586,-0.823,-1.9269251438808441,0.0,0.0,9.745233223547583,244.77848349504586
4/19/2026,5:00:00 PM,Northern California,Cowells,0,0,,,Surfline Cam,Garrett,,23,2026-04-19 17:00:00-07:00,0.0,0.0,SC145,36.95844832786912,-122.02330112457277,1.586862056992054,14.285714149475098,196.27586364746094,10.316123962402344,14.285714149475098,12.50000027939678,219.71875,233.78125,234.3294528753376,2.413,-1.586862056992054,0.0,0.0,8.078854589347646,234.3294528753376
4/19/2026,8:00:00 AM,Northern California,Steamer Lane Middle Peak,3-4,1-2,,,Surfline Cam,Garrett,,21,2026-04-19 08:00:00-07:00,3.5,1.5,SC149,36.95054306508662,-122.02346205711366,1.707746068842411,14.285714149475098,190.65814208984375,11.826788902282715,14.285714149475098,12.50000027939678,219.71875,236.59375,244.77848349504586,-0.823,1.792253931157589,2.049485028164908,0.8783507263563892,9.745233223547583,244.77848349504586
4/19/2026,5:00:00 PM,Northern California,Steamer Lane Middle Peak,0,1-2,,,Surfline Cam,Garrett,,21,2026-04-19 17:00:00-07:00,0.0,1.5,SC149,36.95054306508662,-122.02346205711366,1.5356611179423332,14.285714149475098,189.9192352294922,10.427836418151855,14.285714149475098,12.50000027939678,219.71875,233.78125,234.3294528753376,2.413,-1.5356611179423332,0.0,0.97677800295542,8.078854589347646,234.3294528753376
4/19/2026,8:00:00 AM,Northern California,Steamer Lane Point,3-4,1-2,,,Surfline Cam,Garrett,,20,2026-04-19 08:00:00-07:00,3.5,1.5,SC149,36.95072345524198,-122.02609062194826,1.707746068842411,14.285714149475098,190.65814208984375,11.826788902282715,14.285714149475098,12.50000027939678,219.71875,236.59375,244.77848349504586,-0.823,1.792253931157589,2.049485028164908,0.8783507263563892,9.745233223547583,244.77848349504586
4/19/2026,5:00:00 PM,Northern California,Steamer Lane Point,2-4,1-2,,,Surfline Cam,Garrett,,20,2026-04-19 17:00:00-07:00,3.0,1.5,SC149,36.95072345524198,-122.02609062194826,1.5356611179423332,14.285714149475098,189.9192352294922,10.427836418151855,14.285714149475098,12.50000027939678,219.71875,233.78125,234.3294528753376,2.413,1.4643388820576668,1.95355600591084,0.97677800295542,8.078854589347646,234.3294528753376
4/19/2026,8:00:00 AM,Northern California,Steamer Lane Indicators,0,,,,Surfline Cam,Garrett,,22,2026-04-19 08:00:00-07:00,0.0,,SC148,36.95383582150793,-122.02346205711366,1.8313748668503762,14.285714149475098,195.50021362304688,11.731241226196289,14.285714149475098,12.50000027939678,219.71875,236.59375,244.77848349504586,-0.823,-1.8313748668503762,0.0,,9.745233223547583,244.77848349504586
4/19/2026,5:00:00 PM,Northern California,Steamer Lane Indicators,0,,,,Surfline Cam,Garrett,,22,2026-04-19 17:00:00-07:00,0.0,,SC148,36.95383582150793,-122.02346205711366,1.6221636325371265,14.285714149475098,194.95863342285156,10.46459674835205,14.285714149475098,12.50000027939678,219.71875,233.78125,234.3294528753376,2.413,-1.6221636325371265,0.0,,8.078854589347646,234.3294528753376
4/19/2026,8:00:00 AM,Northern California,Mitchell's,2-3,1-2,,,Surfline Cam,Garrett,,19,2026-04-19 08:00:00-07:00,2.5,1.5,SC158,36.951271,-122.04178,1.8359543340945244,14.285714149475098,201.75718688964844,11.404340744018555,14.285714149475098,12.50000027939678,219.71875,236.59375,244.77848349504586,-0.823,0.6640456659054756,1.3616896420427456,0.8170137852256473,9.745233223547583,244.77848349504586
4/19/2026,5:00:00 PM,Northern California,Mitchell's,1-2,1-2,,,Surfline Cam,Garrett,,19,2026-04-19 17:00:00-07:00,1.5,1.5,SC158,36.951271,-122.04178,1.6053160310673713,14.285714149475098,201.70477294921875,10.298664093017578,14.285714149475098,12.50000027939678,219.71875,233.78125,234.3294528753376,2.413,-0.10531603106737131,0.9343954529642696,0.9343954529642696,8.078854589347646,234.3294528753376
4/21/2026,10:00:00 AM,Northern California,Cowells,1-2,1-2,,,Surfline Cam,Garrett,,23,2026-04-21 10:00:00-07:00,1.5,1.5,SC145,36.95844832786912,-122.02330112457277,3.5464142916727064,12.30012321472168,219.39633178710938,7.399742126464844,11.764705657958984,5.263157960780771,291.4375,249.25,280.75972557540075,-0.788,-2.0464142916727064,0.42296242814104723,0.42296242814104723,9.79035997975518,280.75972557540075
4/21/2026,10:00:00 AM,Northern California,Steamer Lane Indicators,0-1,,,,Surfline Cam,Garrett,,22,2026-04-21 10:00:00-07:00,0.5,,SC148,36.95383582150793,-122.02346205711366,3.5160675479364394,12.30012321472168,217.23193359375,7.343965530395508,11.764705657958984,5.263157960780771,291.4375,249.25,280.75972557540075,-0.788,-3.0160675479364394,0.1422043214992975,,9.79035997975518,280.75972557540075
4/23/2026,6:00:00 AM,Northern California,Waddell Creek Reef,3-5,3-4,,,Surfing,Garrett,,12,2026-04-23 06:00:00-07:00,4.0,3.5,SC315,37.088274,-122.277196,3.5431117874956133,16.666667938232422,221.72598266601562,9.073480606079102,13.333333015441895,9.090909140169128,280.1875,292.84375,283.02894174817624,7.354,0.4568882125043867,1.1289511141355577,0.987832224868613,8.295206444384686,283.02894174817624
4/23/2026,6:00:00 AM,Northern California,Waddell Creek Beach,3-4,3-4,,,Surfing,Garrett,,11,2026-04-23 06:00:00-07:00,3.5,3.5,SC320,37.096511,-122.28278,3.511089934167862,16.666667938232422,218.16490173339844,9.318613052368164,13.333333015441895,9.090909140169128,280.1875,292.84375,283.02894174817624,7.354,-0.011089934167861859,0.9968414553953913,0.9968414553953913,8.295206444384686,283.02894174817624
4/23/2026,6:00:00 AM,Northern California,Scott Creek,3-5,3-4,,,Standing on shore,Garrett,,13,2026-04-23 06:00:00-07:00,4.0,3.5,SC281,37.041051,-122.236232,4.082912431168556,16.666667938232422,222.42506408691406,8.550050735473633,13.333333015441895,9.090909140169128,280.1875,292.84375,283.02894174817624,7.354,-0.08291243116855629,0.9796928215908793,0.8572312188920195,8.295206444384686,283.02894174817624
4/23/2026,7:30:00 AM,Northern California,Davenport Landing,3-4,3-4,,,Standing on shore,Garrett,,14,2026-04-23 07:30:00-07:00,3.5,3.5,SC266,37.020048,-122.217566,4.42498443713665,16.666667938232422,206.50978088378906,9.214515686035156,9.090909004211426,7.14285711244661,291.4375,283.0,285.0023484684383,6.585,-0.9249844371366498,0.7909632338198244,0.7909632338198244,8.054382098458152,285.0023484684383
4/23/2026,9:00:00 AM,Northern California,Manresa,3-4,2-3,,,Surfline Cam,Garrett,,34,2026-04-23 09:00:00-07:00,3.5,2.5,SC052,36.93121,-121.863854,2.499295385682583,15.384615898132324,234.80096435546875,8.621853828430176,9.876543045043945,8.333333519597852,284.40625,287.21875,284.17472592422405,0.236,1.0007046143174172,1.4003946952609263,1.000281925186376,8.02056206711354,284.17472592422405
4/23/2026,5:00:00 PM,Northern California,Manresa,3-4,3-4,,,Surfline Cam,Garrett,,34,2026-04-23 17:00:00-07:00,3.5,3.5,SC052,36.93121,-121.863854,2.3199098433303833,14.285714149475098,239.8820037841797,7.700711727142334,11.11111068725586,5.263157960780771,295.65625,301.28125,296.7941625486975,3.356,1.1800901566696167,1.5086793178891467,1.5086793178891467,7.2834986672315996,296.7941625486975
4/23/2026,9:00:00 AM,Northern California,Capitola,0-1,0-1,,,Surfline Cam,Garrett,,33,2026-04-23 09:00:00-07:00,0.5,0.5,SC101,36.9716260648133,-121.94900125265124,1.8736943615484238,15.384615898132324,210.13412475585938,9.043924331665039,9.876543045043945,8.333333519597852,284.40625,287.21875,284.17472592422405,0.236,-1.3736943615484238,0.2668524868627983,0.2668524868627983,8.02056206711354,284.17472592422405
4/23/2026,5:00:00 PM,Northern California,Capitola,0-1,0-1,,,Surfline Cam,Garrett,,33,2026-04-23 17:00:00-07:00,0.5,0.5,SC101,36.9716260648133,-121.94900125265124,1.5485150320863723,14.285714149475098,212.2587127685547,8.953194618225098,11.11111068725586,5.263157960780771,295.65625,301.28125,296.7941625486975,3.356,-1.0485150320863723,0.3228899879172185,0.3228899879172185,7.2834986672315996,296.7941625486975
4/23/2026,9:00:00 AM,Northern California,The Hook,1-3,1-2,,,Surfline Cam,Garrett,,32,2026-04-23 09:00:00-07:00,2.0,1.5,SC112,36.95965277904864,-121.96402966976167,1.9203964013147354,15.384615898132324,200.06973266601562,9.41911506652832,9.876543045043945,8.333333519597852,284.40625,287.21875,284.17472592422405,0.236,0.07960359868526456,1.0414516495817043,0.7810887371862782,8.02056206711354,284.17472592422405
4/23/2026,5:00:00 PM,Northern California,The Hook,0-1,1-2,,,Surfline Cam,Garrett,,32,2026-04-23 17:00:00-07:00,0.5,1.5,SC112,36.95965277904864,-121.96402966976167,1.6130114446377755,14.285714149475098,200.82772827148438,9.238548278808594,11.11111068725586,5.263157960780771,295.65625,301.28125,296.7941625486975,3.356,-1.1130114446377755,0.3099792017360931,0.9299376052082794,7.2834986672315996,296.7941625486975
4/23/2026,9:00:00 AM,Northern California,Pleasure Point Jacks,1-3,1-2,,,Surfline Cam,Garrett,,31,2026-04-23 09:00:00-07:00,2.0,1.5,SC113,36.95709362590695,-121.96802616119386,2.0127914258050916,15.384615898132324,196.30087280273438,9.479789733886719,9.876543045043945,8.333333519597852,284.40625,287.21875,284.17472592422405,0.236,-0.012791425805091627,0.993644932286029,0.7452336992145218,8.02056206711354,284.17472592422405
4/23/2026,5:00:00 PM,Northern California,Pleasure Point Jacks,1-3,1-2,,,Surfline Cam,Garrett,,31,2026-04-23 17:00:00-07:00,2.0,1.5,SC113,36.95709362590695,-121.96802616119386,1.7030021412706375,15.384615898132324,194.10357666015625,9.34868049621582,11.11111068725586,5.263157960780771,295.65625,301.28125,296.7941625486975,3.356,0.29699785872936246,1.1743966443329117,0.8807974832496838,7.2834986672315996,296.7941625486975
4/23/2026,9:00:00 AM,Northern California,Pleasure Point Second Peak,3-4,2-3,,,Surfline Cam,Garrett,,29,2026-04-23 09:00:00-07:00,3.5,2.5,SC116,36.95534464417764,-121.9701397418976,2.0882546631288528,15.384615898132324,196.66578674316406,9.338189125061035,9.876543045043945,8.333333519597852,284.40625,287.21875,284.17472592422405,0.236,1.4117453368711472,1.6760407922450968,1.1971719944607835,8.02056206711354,284.17472592422405
4/23/2026,5:00:00 PM,Northern California,Pleasure Point Second Peak,3-4,3-4,,,Surfline Cam,Garrett,,29,2026-04-23 17:00:00-07:00,3.5,3.5,SC116,36.95534464417764,-121.9701397418976,1.7736086167669296,14.285714149475098,196.99754333496094,9.2144136428833,11.11111068725586,5.263157960780771,295.65625,301.28125,296.7941625486975,3.356,1.7263913832330704,1.9733778731747873,1.9733778731747873,7.2834986672315996,296.7941625486975
4/23/2026,9:00:00 AM,Northern California,Pleasure Point First Peak,3-5,2-3,,,Surfline Cam,Garrett,,28,2026-04-23 09:00:00-07:00,4.0,2.5,SC117,36.95385698447019,-121.97144329547884,2.260175544807911,15.384615898132324,196.22325134277344,9.374521255493164,9.876543045043945,8.333333519597852,284.40625,287.21875,284.17472592422405,0.236,1.739824455192089,1.7697740377683602,1.106108773605225,8.02056206711354,284.17472592422405
4/23/2026,5:00:00 PM,Northern California,Pleasure Point First Peak,3-5,3-4,,,Surfline Cam,Garrett,,28,2026-04-23 17:00:00-07:00,4.0,3.5,SC117,36.95385698447019,-121.97144329547884,1.9518493900847436,15.384615898132324,192.41571044921875,9.130574226379395,11.11111068725586,5.263157960780771,295.65625,301.28125,296.7941625486975,3.356,2.0481506099152567,2.0493384480993853,1.793171142086962,7.2834986672315996,296.7941625486975
4/23/2026,9:00:00 AM,Northern California,Pleasure Point Sewers,3-5,2-3,,,Surfline Cam,Garrett,,27,2026-04-23 09:00:00-07:00,4.0,2.5,SC117,36.95359559940877,-121.97298824787141,2.260175544807911,15.384615898132324,196.22325134277344,9.374521255493164,9.876543045043945,8.333333519597852,284.40625,287.21875,284.17472592422405,0.236,1.739824455192089,1.7697740377683602,1.106108773605225,8.02056206711354,284.17472592422405
4/23/2026,5:00:00 PM,Northern California,Pleasure Point Sewers,3-5,3-4,,,Surfline Cam,Garrett,,27,2026-04-23 17:00:00-07:00,4.0,3.5,SC117,36.95359559940877,-121.97298824787141,1.9518493900847436,15.384615898132324,192.41571044921875,9.130574226379395,11.11111068725586,5.263157960780771,295.65625,301.28125,296.7941625486975,3.356,2.0481506099152567,2.0493384480993853,1.793171142086962,7.2834986672315996,296.7941625486975
4/23/2026,9:00:00 AM,Northern California,26th Ave,3-4,2-3,,,Surfline Cam,Garrett,,24,2026-04-23 09:00:00-07:00,3.5,2.5,SC121,36.9562363298356,-121.98080420494081,2.591410182290077,15.384615898132324,209.6791534423828,9.926801681518555,9.876543045043945,8.333333519597852,284.40625,287.21875,284.17472592422405,0.236,0.908589817709923,1.3506159788671455,0.9647256991908181,8.02056206711354,284.17472592422405
4/23/2026,5:00:00 PM,Northern California,26th Ave,1-2,2-3,,,Surfline Cam,Garrett,,24,2026-04-23 17:00:00-07:00,1.5,2.5,SC121,36.9562363298356,-121.98080420494081,2.242019985072613,15.384615898132324,203.47525024414062,9.287555694580078,11.11111068725586,5.263157960780771,295.65625,301.28125,296.7941625486975,3.356,-0.7420199850726128,0.6690395313097172,1.1150658855161952,7.2834986672315996,296.7941625486975
4/23/2026,9:00:00 AM,Northern California,Cowells,0-1,0-1,,,Surfline Cam,Garrett,,23,2026-04-23 09:00:00-07:00,0.5,0.5,SC145,36.95844832786912,-122.02330112457277,2.4883023567676545,16.666667938232422,197.3292694091797,10.213082313537598,9.876543045043945,8.333333519597852,284.40625,287.21875,284.17472592422405,0.236,-1.9883023567676545,0.20094021075859453,0.20094021075859453,8.02056206711354,284.17472592422405
4/23/2026,5:00:00 PM,Northern California,Cowells,0-1,0-1,,,Surfline Cam,Garrett,,23,2026-04-23 17:00:00-07:00,0.5,0.5,SC145,36.95844832786912,-122.02330112457277,2.111058915977478,16.666667938232422,196.44052124023438,10.02244758605957,11.11111068725586,5.263157960780771,295.65625,301.28125,296.7941625486975,3.356,-1.6110589159774782,0.23684796109467474,0.23684796109467474,7.2834986672315996,296.7941625486975
4/23/2026,9:00:00 AM,Northern California,Steamer Lane Middle Peak,4-6,4-5,,,Surfline Cam,Garrett,,21,2026-04-23 09:00:00-07:00,5.0,4.5,SC149,36.95054306508662,-122.02346205711366,2.3366271085238455,16.666667938232422,192.34324645996094,10.997578620910645,9.876543045043945,8.333333519597852,284.40625,287.21875,284.17472592422405,0.236,2.6633728914761545,2.13983651125178,1.925852860126602,8.02056206711354,284.17472592422405
4/23/2026,5:00:00 PM,Northern California,Steamer Lane Middle Peak,0,3-4,,,Surfline Cam,Garrett,,21,2026-04-23 17:00:00-07:00,0.0,3.5,SC149,36.95054306508662,-122.02346205711366,1.9714561508798598,15.384615898132324,192.5881805419922,10.719697952270508,11.11111068725586,5.263157960780771,295.65625,301.28125,296.7941625486975,3.356,-1.9714561508798598,0.0,1.7753374826206263,7.2834986672315996,296.7941625486975
4/23/2026,9:00:00 AM,Northern California,Steamer Lane Point,4-6,4-5,,,Surfline Cam,Garrett,,20,2026-04-23 09:00:00-07:00,5.0,4.5,SC149,36.95072345524198,-122.02609062194826,2.3366271085238455,16.666667938232422,192.34324645996094,10.997578620910645,9.876543045043945,8.333333519597852,284.40625,287.21875,284.17472592422405,0.236,2.6633728914761545,2.13983651125178,1.925852860126602,8.02056206711354,284.17472592422405
4/23/2026,5:00:00 PM,Northern California,Steamer Lane Point,3-5,3-4,,,Surfline Cam,Garrett,,20,2026-04-23 17:00:00-07:00,4.0,3.5,SC149,36.95072345524198,-122.02609062194826,1.9714561508798598,15.384615898132324,192.5881805419922,10.719697952270508,11.11111068725586,5.263157960780771,295.65625,301.28125,296.7941625486975,3.356,2.0285438491201404,2.0289571229950014,1.7753374826206263,7.2834986672315996,296.7941625486975
4/23/2026,9:00:00 AM,Northern California,Steamer Lane Indicators,1-2,,,,Surfline Cam,Garrett,,22,2026-04-23 09:00:00-07:00,1.5,,SC148,36.95383582150793,-122.02346205711366,2.6689627111005785,16.666667938232422,193.7760772705078,10.76563835144043,9.876543045043945,8.333333519597852,284.40625,287.21875,284.17472592422405,0.236,-1.1689627111005785,0.5620160947776813,,8.02056206711354,284.17472592422405
4/23/2026,5:00:00 PM,Northern California,Steamer Lane Indicators,0-1,,,,Surfline Cam,Garrett,,22,2026-04-23 17:00:00-07:00,0.5,,SC148,36.95383582150793,-122.02346205711366,2.223189570889473,16.666667938232422,193.4983367919922,10.506484031677246,11.11111068725586,5.263157960780771,295.65625,301.28125,296.7941625486975,3.356,-1.723189570889473,0.2249020985646112,,7.2834986672315996,296.7941625486975
4/23/2026,9:00:00 AM,Northern California,Mitchell's,2-4,2-3,,,Surfline Cam,Garrett,,19,2026-04-23 09:00:00-07:00,3.0,2.5,SC158,36.951271,-122.04178,2.788782521877289,16.666667938232422,202.3190460205078,10.477681159973145,9.876543045043945,8.333333519597852,284.40625,287.21875,284.17472592422405,0.236,0.2112174781227112,1.0757382393448625,0.8964485327873853,8.02056206711354,284.17472592422405
4/23/2026,5:00:00 PM,Northern California,Mitchell's,1-2,3-4,,,Surfline Cam,Garrett,,19,2026-04-23 17:00:00-07:00,1.5,3.5,SC158,36.951271,-122.04178,2.4363262444257736,14.285714149475098,222.62442016601562,9.451977729797363,11.11111068725586,5.263157960780771,295.65625,301.28125,296.7941625486975,3.356,-0.9363262444257736,0.6156810909179121,1.436589212141795,7.2834986672315996,296.7941625486975
4/24/2026,7:00:00 AM,Northern California,Manresa,1-3,2-3,,,Surfline Cam,Garrett,,34,2026-04-24 07:00:00-07:00,2.0,2.5,SC052,36.93121,-121.863854,2.1132084378814695,13.333333015441895,239.17413330078125,7.867289066314697,7.692307949066162,12.50000027939678,295.65625,295.65625,293.594644080884,3.536,-0.1132084378814695,0.9464281725114807,1.1830352156393509,8.021740431867572,293.594644080884
4/24/2026,5:00:00 PM,Northern California,Manresa,1-3,2-3,,,Surfline Cam,Garrett,,34,2026-04-24 17:00:00-07:00,2.0,2.5,SC052,36.93121,-121.863854,1.8506112496900557,14.285714149475098,228.29835510253906,7.702888488769531,11.764705657958984,7.14285711244661,298.46875,299.875,290.3888046914503,3.006,0.14938875030994425,1.0807240042094006,1.3509050052617508,7.1807681297710335,290.3888046914503
4/24/2026,7:00:00 AM,Northern California,Capitola,0-1,1-2,,,Surfline Cam,Garrett,,33,2026-04-24 07:00:00-07:00,0.5,1.5,SC101,36.9716260648133,-121.94900125265124,1.4126962233972549,15.384615898132324,208.49911499023438,9.29672908782959,7.692307949066162,12.50000027939678,295.65625,295.65625,293.594644080884,3.536,-0.9126962233972549,0.35393313277046845,1.0617993983114054,8.021740431867572,293.594644080884
4/24/2026,5:00:00 PM,Northern California,Capitola,0-1,2-3,,,Surfline Cam,Garrett,,33,2026-04-24 17:00:00-07:00,0.5,2.5,SC101,36.9716260648133,-121.94900125265124,1.3068354962551594,15.384615898132324,208.20362854003906,8.618297576904297,11.764705657958984,7.14285711244661,298.46875,299.875,290.3888046914503,3.006,-0.8068354962551594,0.3826036264187724,1.913018132093862,7.1807681297710335,290.3888046914503
4/24/2026,7:00:00 AM,Northern California,The Hook,0-2,1-2,,,Surfline Cam,Garrett,,32,2026-04-24 07:00:00-07:00,1.0,1.5,SC112,36.95965277904864,-121.96402966976167,1.5049636493575573,15.384615898132324,197.37765502929688,9.603833198547363,7.692307949066162,12.50000027939678,295.65625,295.65625,293.594644080884,3.536,-0.5049636493575573,0.6644678763017847,0.9967018144526771,8.021740431867572,293.594644080884
4/24/2026,5:00:00 PM,Northern California,The Hook,1-3,1-2,,,Surfline Cam,Garrett,,32,2026-04-24 17:00:00-07:00,2.0,1.5,SC112,36.95965277904864,-121.96402966976167,1.4201351688110828,14.285714149475098,195.27633666992188,9.2093505859375,11.764705657958984,7.14285711244661,298.46875,299.875,290.3888046914503,3.006,0.5798648311889172,1.408316647544453,1.0562374856583399,7.1807681297710335,290.3888046914503
4/24/2026,7:00:00 AM,Northern California,Pleasure Point Jacks,1-3,2-3,,,Surfline Cam,Garrett,,31,2026-04-24 07:00:00-07:00,2.0,2.5,SC113,36.95709362590695,-121.96802616119386,1.6014174804234504,15.384615898132324,193.12771606445312,9.766654968261719,7.692307949066162,12.50000027939678,295.65625,295.65625,293.594644080884,3.536,0.39858251957654955,1.2488935736302538,1.5611169670378173,8.021740431867572,293.594644080884
4/24/2026,5:00:00 PM,Northern California,Pleasure Point Jacks,1-3,1-2,,,Surfline Cam,Garrett,,31,2026-04-24 17:00:00-07:00,2.0,1.5,SC113,36.95709362590695,-121.96802616119386,1.5740001251626015,14.285714149475098,190.9726104736328,9.561482429504395,11.764705657958984,7.14285711244661,298.46875,299.875,290.3888046914503,3.006,0.42599987483739854,1.2706479294551458,0.9529859470913594,7.1807681297710335,290.3888046914503
4/24/2026,7:00:00 AM,Northern California,Pleasure Point Second Peak,2-3,3-4,,,Surfline Cam,Garrett,,29,2026-04-24 07:00:00-07:00,2.5,3.5,SC116,36.95534464417764,-121.9701397418976,1.6638169749093055,15.384615898132324,192.24363708496094,9.61897087097168,7.692307949066162,12.50000027939678,295.65625,295.65625,293.594644080884,3.536,0.8361830250906945,1.5025691152936307,2.103596761411083,8.021740431867572,293.594644080884
4/24/2026,5:00:00 PM,Northern California,Pleasure Point Second Peak,2-4,3-4,,,Surfline Cam,Garrett,,29,2026-04-24 17:00:00-07:00,3.0,3.5,SC116,36.95534464417764,-121.9701397418976,1.6421688331866264,14.285714149475098,189.56427001953125,9.436161994934082,11.764705657958984,7.14285711244661,298.46875,299.875,290.3888046914503,3.006,1.3578311668133736,1.826852354869325,2.131327747347546,7.1807681297710335,290.3888046914503
4/24/2026,7:00:00 AM,Northern California,Pleasure Point First Peak,3-4,3-4,,,Surfline Cam,Garrett,,28,2026-04-24 07:00:00-07:00,3.5,3.5,SC117,36.95385698447019,-121.97144329547884,1.8487718753242492,15.384615898132324,190.7881622314453,9.563431739807129,7.692307949066162,12.50000027939678,295.65625,295.65625,293.594644080884,3.536,1.6512281246757508,1.8931486608568988,1.8931486608568988,8.021740431867572,293.594644080884
4/24/2026,5:00:00 PM,Northern California,Pleasure Point First Peak,3-4,3-4,,,Surfline Cam,Garrett,,28,2026-04-24 17:00:00-07:00,3.5,3.5,SC117,36.95385698447019,-121.97144329547884,1.8429054717946052,14.285714149475098,187.98660278320312,9.516222953796387,11.764705657958984,7.14285711244661,298.46875,299.875,290.3888046914503,3.006,1.6570945282053948,1.8991750003280041,1.8991750003280041,7.1807681297710335,290.3888046914503
4/24/2026,7:00:00 AM,Northern California,Pleasure Point Sewers,3-4,3-4,,,Surfline Cam,Garrett,,27,2026-04-24 07:00:00-07:00,3.5,3.5,SC117,36.95359559940877,-121.97298824787141,1.8487718753242492,15.384615898132324,190.7881622314453,9.563431739807129,7.692307949066162,12.50000027939678,295.65625,295.65625,293.594644080884,3.536,1.6512281246757508,1.8931486608568988,1.8931486608568988,8.021740431867572,293.594644080884
4/24/2026,5:00:00 PM,Northern California,Pleasure Point Sewers,3-4,3-4,,,Surfline Cam,Garrett,,27,2026-04-24 17:00:00-07:00,3.5,3.5,SC117,36.95359559940877,-121.97298824787141,1.8429054717946052,14.285714149475098,187.98660278320312,9.516222953796387,11.764705657958984,7.14285711244661,298.46875,299.875,290.3888046914503,3.006,1.6570945282053948,1.8991750003280041,1.8991750003280041,7.1807681297710335,290.3888046914503
4/24/2026,7:00:00 AM,Northern California,26th Ave,1-2,2-3,,,Surfline Cam,Garrett,,24,2026-04-24 07:00:00-07:00,1.5,2.5,SC121,36.9562363298356,-121.98080420494081,2.112082246410847,15.384615898132324,200.03294372558594,9.828383445739746,7.692307949066162,12.50000027939678,295.65625,295.65625,293.594644080884,3.536,-0.6120822464108469,0.7101996158288889,1.1836660263814813,8.021740431867572,293.594644080884
4/24/2026,5:00:00 PM,Northern California,26th Ave,2-4,3-4,,,Surfline Cam,Garrett,,24,2026-04-24 17:00:00-07:00,3.0,3.5,SC121,36.9562363298356,-121.98080420494081,2.106109852991104,14.285714149475098,197.10154724121094,9.859344482421875,11.764705657958984,7.14285711244661,298.46875,299.875,290.3888046914503,3.006,0.893890147008896,1.4244271236561523,1.661831644265511,7.1807681297710335,290.3888046914503
4/24/2026,7:00:00 AM,Northern California,Cowells,0,0-1,,,Surfline Cam,Garrett,,23,2026-04-24 07:00:00-07:00,0.0,0.5,SC145,36.95844832786912,-122.02330112457277,2.054043395023346,15.384615898132324,196.51194763183594,10.435275077819824,7.692307949066162,12.50000027939678,295.65625,295.65625,293.594644080884,3.536,-2.054043395023346,0.0,0.24342231581447044,8.021740431867572,293.594644080884
4/24/2026,5:00:00 PM,Northern California,Cowells,0,0-1,,,Surfline Cam,Garrett,,23,2026-04-24 17:00:00-07:00,0.0,0.5,SC145,36.95844832786912,-122.02330112457277,2.090883681731224,15.384615898132324,195.2398681640625,10.673157691955566,11.764705657958984,7.14285711244661,298.46875,299.875,290.3888046914503,3.006,-2.090883681731224,0.0,0.23913334078249948,7.1807681297710335,290.3888046914503
4/24/2026,7:00:00 AM,Northern California,Steamer Lane Middle Peak,0,3-4,,,Surfline Cam,Garrett,,21,2026-04-24 07:00:00-07:00,0.0,3.5,SC149,36.95054306508662,-122.02346205711366,1.8760969294261933,15.384615898132324,190.45973205566406,11.293669700622559,7.692307949066162,12.50000027939678,295.65625,295.65625,293.594644080884,3.536,-1.8760969294261933,0.0,1.8655752509922179,8.021740431867572,293.594644080884
4/24/2026,5:00:00 PM,Northern California,Steamer Lane Middle Peak,0,3-4,,,Surfline Cam,Garrett,,21,2026-04-24 17:00:00-07:00,0.0,3.5,SC149,36.95054306508662,-122.02346205711366,2.0059079495477676,14.285714149475098,189.44622802734375,11.483880043029785,11.764705657958984,7.14285711244661,298.46875,299.875,290.3888046914503,3.006,-2.0059079495477676,0.0,1.7448457696122475,7.1807681297710335,290.3888046914503
4/24/2026,7:00:00 AM,Northern California,Steamer Lane Point,3-4,3-4,,,Surfline Cam,Garrett,,20,2026-04-24 07:00:00-07:00,3.5,3.5,SC149,36.95072345524198,-122.02609062194826,1.8760969294261933,15.384615898132324,190.45973205566406,11.293669700622559,7.692307949066162,12.50000027939678,295.65625,295.65625,293.594644080884,3.536,1.6239030705738067,1.8655752509922179,1.8655752509922179,8.021740431867572,293.594644080884
4/24/2026,5:00:00 PM,Northern California,Steamer Lane Point,3-4,3-4,,,Surfline Cam,Garrett,,20,2026-04-24 17:00:00-07:00,3.5,3.5,SC149,36.95072345524198,-122.02609062194826,2.0059079495477676,14.285714149475098,189.44622802734375,11.483880043029785,11.764705657958984,7.14285711244661,298.46875,299.875,290.3888046914503,3.006,1.4940920504522324,1.7448457696122475,1.7448457696122475,7.1807681297710335,290.3888046914503
4/24/2026,7:00:00 AM,Northern California,Steamer Lane Indicators,0-1,,,,Surfline Cam,Garrett,,22,2026-04-24 07:00:00-07:00,0.5,,SC148,36.95383582150793,-122.02346205711366,2.1259362201452254,15.384615898132324,194.06332397460938,10.844101905822754,7.692307949066162,12.50000027939678,295.65625,295.65625,293.594644080884,3.536,-1.6259362201452254,0.23519049878450463,,8.021740431867572,293.594644080884
4/24/2026,5:00:00 PM,Northern California,Steamer Lane Indicators,0-1,,,,Surfline Cam,Garrett,,22,2026-04-24 17:00:00-07:00,0.5,,SC148,36.95383582150793,-122.02346205711366,2.169816816859245,15.384615898132324,193.35391235351562,11.003437995910645,11.764705657958984,7.14285711244661,298.46875,299.875,290.3888046914503,3.006,-1.669816816859245,0.2304341989217953,,7.1807681297710335,290.3888046914503
4/24/2026,7:00:00 AM,Northern California,Mitchell's,1-2,2-3,,,Surfline Cam,Garrett,,19,2026-04-24 07:00:00-07:00,1.5,2.5,SC158,36.951271,-122.04178,2.219435925242901,15.384615898132324,203.8646240234375,9.873777389526367,7.692307949066162,12.50000027939678,295.65625,295.65625,293.594644080884,3.536,-0.7194359252429008,0.6758474002063547,1.126412333677258,8.021740431867572,293.594644080884
4/24/2026,10:00:00 AM,Northern California,Mitchell's,3-4,2-3,,,Surfline Cam,Garrett,,19,2026-04-24 10:00:00-07:00,3.5,2.5,SC158,36.951271,-122.04178,2.268922057380676,15.384615898132324,202.93023681640625,10.220223426818848,13.333333015441895,7.14285711244661,274.5625,299.875,287.33286292988737,0.484,1.231077942619324,1.5425827381838422,1.1018448129884586,8.41640959572983,287.33286292988737
4/24/2026,5:00:00 PM,Northern California,Mitchell's,,,,,,,,19,2026-04-24 17:00:00-07:00,,,SC158,36.951271,-122.04178,2.1562008314943313,15.384615898132324,202.36236572265625,9.810317039489746,11.764705657958984,7.14285711244661,298.46875,299.875,290.3888046914503,3.006,,,,7.1807681297710335,290.3888046914503
