break_id,wave_time_pst,primary_wave_height,primary_period,primary_direction,primary_is_wind_sea,secondary_wave_height,secondary_period,secondary_direction,secondary_is_wind_sea,tertiary_wave_height,tertiary_period,tertiary_direction,tertiary_is_wind_sea,component_hs_total,cdip_calibrated_hs,anchor_ratio,buoy_component_extraction_method,cdip_obs_time_pst,cdip_significant_wave_height,cdip_primary_wave_height,cdip_primary_period,cdip_primary_direction,cdip_secondary_wave_height,cdip_secondary_period,cdip_secondary_direction,cdip_tertiary_wave_height,cdip_tertiary_period,cdip_tertiary_direction,cdip_source,cdip_ingested_at,cdip_match_delta_seconds
1,2026-03-25 02:00:00-07:00,0.0638,18.18,230.8,False,0.0507,12.5,258.2,False,0.0289,4.0,286.7,True,1.002,0.0865,0.086315,1d_transect,2026-03-25 02:00:00-07:00,0.0864834412932396,0.0359791196764124,16.666667039195705,358.59246826171875,0.0374964642689467,12.50000027939678,350.2298889160156,0.0529429886836583,6.666666401757145,317.77154541015625,cdip,2026-03-25 20:06:18,0.0
1,2026-03-25 05:00:00-07:00,0.0619,18.18,232.4,False,0.0594,12.5,258.5,False,0.0235,4.17,297.1,True,0.998,0.0889,0.089101,1d_transect,2026-03-25 05:00:00-07:00,0.0889235287904739,0.0371977625556965,16.666667039195705,358.57568359375,0.0368168352112203,12.50000027939678,350.2728881835937,0.0373932107053475,10.526315921561542,340.7450561523437,cdip,2026-03-25 20:06:18,0.0
1,2026-03-25 08:00:00-07:00,0.0605,16.67,233.2,False,0.0634,13.33,262.4,False,0.0259,4.0,291.8,True,1.0584,0.0914,0.086364,1d_transect,2026-03-25 08:00:00-07:00,0.0914110094308853,0.0417248269922436,16.666667039195705,358.5523986816406,0.0325504239473986,12.50000027939678,350.348388671875,0.0450378183782774,10.526315921561542,340.7586364746094,cdip,2026-03-25 20:06:18,0.0
1,2026-03-25 11:00:00-07:00,0.0681,16.67,236.1,False,0.0789,13.33,263.4,False,0.0362,4.35,298.0,True,1.1496,0.1103,0.095959,1d_transect,2026-03-25 11:00:00-07:00,0.1103129982948303,0.0428932788072195,16.666667039195705,358.5367126464844,0.076133123843262,6.666666401757145,318.3953857421875,0.0327057211881892,12.50000027939678,350.4507141113281,cdip,2026-03-25 20:06:18,0.0
1,2026-03-25 14:00:00-07:00,0.0867,16.67,228.9,False,0.1153,13.33,262.3,False,0.0554,4.76,295.0,True,1.2432,0.1545,0.124263,1d_transect,2026-03-25 14:00:00-07:00,0.1544777005910873,0.0858127605788257,6.666666401757145,318.9670104980469,0.0849934678721123,5.555555334797621,304.4471740722656,0.0440525100356258,16.666667039195705,358.5369567871094,cdip,2026-03-25 20:06:18,0.0
1,2026-03-25 17:00:00-07:00,0.1037,16.67,228.7,False,0.1443,13.33,262.3,False,0.113,5.56,292.3,True,1.4015,0.2106,0.150244,1d_transect,2026-03-25 17:00:00-07:00,0.2105628699064254,0.1887523363522961,7.14285711244661,323.9329528808594,0.0450040345207715,16.666667039195705,358.54852294921875,0.0718205680255977,4.761904910578484,279.7152099609375,cdip,2026-03-25 20:06:18,0.0
1,2026-03-25 20:00:00-07:00,0.1406,16.67,228.6,False,0.1975,13.33,261.1,False,0.2509,6.67,285.6,False,1.6499,0.3489,0.21145,1d_transect,2026-03-25 20:00:00-07:00,0.3488686680793762,0.0358817213814692,7.14285711244661,324.2894287109375,0.0456079752188256,15.384615948919734,356.5329895019531,,,,cdip,2026-03-25 20:06:18,0.0
1,2026-03-25 23:00:00-07:00,0.1414,16.67,228.3,False,0.3929,7.69,283.3,False,0.1385,12.5,266.3,False,1.9409,0.4399,0.22666,1d_transect,2026-03-25 23:00:00-07:00,0.4399327039718628,0.4274585880050304,7.14285711244661,324.0311889648437,0.0578744215558688,15.384615948919734,356.5368347167969,,,,cdip,2026-03-25 20:06:18,0.0
1,2026-03-26 02:00:00-07:00,0.1416,16.67,230.5,False,0.4557,9.09,277.9,False,,,,,2.2155,0.4772,0.215384,1d_transect,2026-03-26 02:00:00-07:00,0.4771813452243805,0.028013981481598,7.14285711244661,323.87451171875,0.3382268956575369,5.555555334797621,303.96466064453125,0.0494066908286623,15.384615948919734,356.5458374023437,cdip,2026-03-25 20:06:18,0.0
1,2026-03-26 05:00:00-07:00,0.4972,9.87,276.6,False,0.1179,15.38,244.1,False,,,,,2.2585,0.511,0.226233,1d_transect,2026-03-26 05:00:00-07:00,0.5109506845474243,0.2841858768936145,7.14285711244661,323.7854309082031,0.4146389176726396,5.555555334797621,303.7440185546875,0.0717525479896156,9.871668200422231,342.3369140625,cdip,2026-03-25 20:06:18,0.0
1,2026-03-26 08:00:00-07:00,0.4842,9.87,274.0,False,0.1024,15.38,241.7,False,,,,,2.3052,0.4949,0.21467,1d_transect,2026-03-26 08:00:00-07:00,0.4948575496673584,0.4121115320610254,5.555555334797621,303.5912170410156,0.2569205635134823,7.14285711244661,323.6409912109375,0.0772949862841363,9.871668200422231,342.4338073730469,cdip,2026-03-25 20:06:18,0.0
1,2026-03-26 11:00:00-07:00,0.447,10.53,276.5,False,0.098,15.38,241.5,False,,,,,2.1005,0.4576,0.217836,1d_transect,2026-03-26 11:00:00-07:00,0.4575635194778442,0.3800647239978733,5.555555334797621,303.5248413085937,0.2380728301120396,6.666666401757145,318.8741149902344,0.0738509237097005,9.871668200422231,342.4579162597656,cdip,2026-03-25 20:06:18,0.0
1,2026-03-26 14:00:00-07:00,0.4288,10.53,270.3,False,,,,,,,,,1.9887,0.4288,0.215632,1d_transect,2026-03-26 14:00:00-07:00,0.4288251996040344,0.3559356252620498,5.555555334797621,303.5416564941406,0.2239080205242243,6.666666401757145,318.9522705078125,0.0675874008702636,9.871668200422231,342.4360656738281,cdip,2026-03-25 20:06:18,0.0
1,2026-03-26 17:00:00-07:00,0.4144,10.53,276.5,False,,,,,,,,,1.76,0.4144,0.235469,1d_transect,2026-03-26 17:00:00-07:00,0.4144324362277984,0.3458432227545004,5.555555334797621,303.5915832519531,0.2147533451411219,6.666666401757145,319.0959777832031,0.0534287234399385,9.871668200422231,342.3749389648437,cdip,2026-03-25 20:06:18,0.0
1,2026-03-26 20:00:00-07:00,0.4125,10.53,271.0,False,,,,,,,,,1.6923,0.4125,0.24377,1d_transect,2026-03-26 20:00:00-07:00,0.4125311970710754,0.3479517868626006,5.555555334797621,303.5158996582031,0.2094072101298573,6.666666401757145,319.11346435546875,0.0472663617150569,9.871668200422231,342.27020263671875,cdip,2026-03-25 20:06:18,0.0
1,2026-03-26 23:00:00-07:00,0.4017,10.53,276.4,False,,,,,,,,,1.5934,0.4017,0.252112,1d_transect,2026-03-26 23:00:00-07:00,0.4017084538936615,0.2578080205817207,5.555555334797621,303.516845703125,0.197621995440581,6.666666401757145,319.1473083496094,0.043510001894591,9.871668200422231,342.17950439453125,cdip,2026-03-25 20:06:18,0.0
1,2026-03-27 02:00:00-07:00,0.3778,10.53,270.2,False,,,,,,,,,0.8703,0.3778,0.434141,1d_transect,2026-03-27 02:00:00-07:00,0.3778299987316131,0.2429218943913565,5.555555334797621,303.5709228515625,0.1833704872727433,6.666666401757145,319.2099914550781,0.0416300284323782,9.871668200422231,342.107666015625,cdip,2026-03-25 20:06:18,0.0
1,2026-03-27 05:00:00-07:00,0.3617,11.76,270.9,False,,,,,,,,,0.8601,0.3617,0.420578,1d_transect,2026-03-27 05:00:00-07:00,0.3617494702339172,0.2305738585227897,5.555555334797621,303.53424072265625,0.1721135508867378,6.666666401757145,319.229736328125,0.0397217258764935,9.871668200422231,342.01568603515625,cdip,2026-03-25 20:06:18,0.0
1,2026-03-27 08:00:00-07:00,0.3471,10.53,268.9,False,,,,,,,,,0.8336,0.3471,0.416429,1d_transect,2026-03-27 08:00:00-07:00,0.3471307456493377,0.2195560111305346,5.555555334797621,303.4749450683594,0.1615331845041057,6.666666401757145,319.2312316894531,0.0505391089817399,13.33333280351429,352.1396179199219,cdip,2026-03-25 20:06:18,0.0
1,2026-03-27 11:00:00-07:00,0.3199,10.53,276.1,False,0.101,18.18,231.7,False,,,,,0.7566,0.3355,0.443446,1d_transect,2026-03-27 11:00:00-07:00,0.3355082869529724,0.1549394904987404,5.882352879303138,307.21734619140625,0.2108800553762817,4.761904910578484,282.2267761230469,0.0497823207789546,13.33333280351429,352.0833435058594,cdip,2026-03-25 20:06:18,0.0
1,2026-03-27 14:00:00-07:00,0.3271,10.53,271.9,False,,,,,,,,,0.7631,0.3271,0.428638,1d_transect,2026-03-27 14:00:00-07:00,0.3271087408065796,0.15166667662769,5.882352879303138,307.1418762207031,0.2049501155790243,4.761904910578484,282.0828857421875,0.0499428864885388,13.33333280351429,352.0171813964844,cdip,2026-03-25 20:06:18,0.0
1,2026-03-27 17:00:00-07:00,0.317,10.53,275.8,False,,,,,,,,,0.7435,0.317,0.42632,1d_transect,2026-03-27 17:00:00-07:00,0.3169587552547455,0.1458864488058217,5.882352879303138,307.1357727050781,0.198515525068718,4.761904910578484,281.98876953125,0.0505627304885606,13.33333280351429,351.9571533203125,cdip,2026-03-25 20:06:18,0.0
1,2026-03-27 20:00:00-07:00,0.3082,11.76,269.4,False,,,,,,,,,0.829,0.3082,0.371712,1d_transect,2026-03-27 20:00:00-07:00,0.3081531226634979,0.1399249435519108,5.882352879303138,307.22686767578125,0.1927306001542495,4.761904910578484,282.0302734375,0.0420260975146403,13.33333280351429,351.9710998535156,cdip,2026-03-25 20:06:18,0.0
1,2026-03-27 23:00:00-07:00,0.2014,12.5,266.2,False,0.2402,10.53,276.5,False,,,,,1.3652,0.3134,0.2296,1d_transect,2026-03-27 23:00:00-07:00,0.3134486675262451,0.1970921877618716,5.555555334797621,303.6035461425781,0.1375933260588268,6.666666401757145,319.3339538574219,0.0433173227681284,13.33333280351429,352.0215148925781,cdip,2026-03-25 20:06:18,0.0
1,2026-03-28 02:00:00-07:00,0.1974,12.5,264.6,False,0.2375,10.53,271.3,False,,,,,1.4334,0.3088,0.215431,1d_transect,2026-03-28 02:00:00-07:00,0.3087940514087677,0.1960195938318999,5.555555334797621,303.7682800292969,0.1364222705125837,6.666666401757145,319.43341064453125,0.0446363329577154,13.33333280351429,352.00469970703125,cdip,2026-03-25 20:06:18,0.0
1,2026-03-28 05:00:00-07:00,0.1939,12.5,265.1,False,0.2344,10.53,276.8,False,,,,,1.4308,0.3043,0.212646,1d_transect,2026-03-28 05:00:00-07:00,0.3042547404766083,0.1927602389009792,5.555555334797621,303.9685363769531,0.1343504457457426,6.666666401757145,319.44659423828125,0.0457546665889263,13.33333280351429,351.9476928710937,cdip,2026-03-25 20:06:18,0.0
1,2026-03-28 08:00:00-07:00,0.2341,10.53,271.7,False,0.1194,14.29,249.0,False,0.142,12.5,265.0,False,1.4673,0.2987,0.203571,1d_transect,2026-03-28 08:00:00-07:00,0.2987089455127716,0.1859656426826072,5.555555334797621,304.0244140625,0.1296219687019331,6.666666401757145,319.45037841796875,0.047063163319764,13.33333280351429,351.8718566894531,cdip,2026-03-25 20:06:18,0.0
1,2026-03-28 11:00:00-07:00,0.225,10.53,277.2,False,0.1185,14.29,250.4,False,0.1375,12.5,265.1,False,1.4012,0.2891,0.206343,1d_transect,2026-03-28 11:00:00-07:00,0.2891214787960052,0.177062115146045,5.555555334797621,304.1116943359375,0.1227926969218017,6.666666401757145,319.4577941894531,0.1802316361976946,4.545454570084564,282.47528076171875,cdip,2026-03-25 20:06:18,0.0
1,2026-03-28 14:00:00-07:00,0.1677,12.5,265.9,False,0.216,10.53,266.7,False,,,,,1.3753,0.2735,0.198878,1d_transect,2026-03-28 14:00:00-07:00,0.2735088765621185,0.1143459630581729,5.263157960780771,301.923583984375,0.0335949440296189,6.666666401757145,319.44287109375,0.0584404682062281,13.33333280351429,351.755615234375,cdip,2026-03-25 20:06:18,0.0
1,2026-03-28 17:00:00-07:00,0.1674,13.33,249.2,False,0.1936,10.53,276.4,False,,,,,1.2637,0.2559,0.202502,1d_transect,2026-03-28 17:00:00-07:00,0.2559107542037964,0.1524498208037223,5.263157960780771,301.9541015625,0.109371737395314,6.666666401757145,319.3905334472656,0.0591561552406966,13.33333280351429,351.7550964355469,cdip,2026-03-25 20:06:18,0.0
1,2026-03-28 20:00:00-07:00,0.1556,13.33,250.0,False,0.1807,10.53,265.7,False,,,,,1.2258,0.2385,0.194545,1d_transect,2026-03-28 20:00:00-07:00,0.2384753078222274,0.1524163586641387,5.263157960780771,301.9964294433594,0.1015461700950438,6.666666401757145,319.3825378417969,0.0599342517858327,13.33333280351429,351.7817687988281,cdip,2026-03-25 20:06:18,0.0
1,2026-03-28 23:00:00-07:00,0.1464,13.33,251.4,False,0.16,9.87,277.6,False,,,,,1.1432,0.2169,0.189702,1d_transect,2026-03-28 23:00:00-07:00,0.2168644368648529,0.1330993268897259,5.263157960780771,302.0152893066406,0.1287397669645012,4.166666759798926,282.3433837890625,0.0840199230335619,6.666666401757145,319.359619140625,cdip,2026-03-25 20:06:18,0.0
1,2026-03-29 02:00:00-07:00,0.1331,13.33,247.6,False,0.0954,9.87,249.6,False,0.1107,7.69,280.8,False,1.1266,0.1976,0.175414,1d_transect,2026-03-29 02:00:00-07:00,0.1976253092288971,0.1060345317943747,5.263157960780771,301.87628173828125,0.1254782737645287,4.166666759798926,282.70343017578125,0.061390578722924,13.33333280351429,351.8419494628906,cdip,2026-03-25 20:06:18,0.0
1,2026-03-29 05:00:00-07:00,0.128,13.33,248.0,False,0.0813,9.87,277.9,False,0.0967,7.69,286.4,False,1.0511,0.1799,0.171125,1d_transect,2026-03-29 05:00:00-07:00,0.1798613220453262,0.0902696032929284,5.263157960780771,301.69097900390625,0.0616135426422576,13.33333280351429,351.8534240722656,0.0754096495449053,6.666666401757145,319.1772766113281,cdip,2026-03-25 20:06:18,0.0
1,2026-03-29 08:00:00-07:00,0.1175,13.33,247.3,False,0.0849,9.87,247.2,False,0.0841,6.25,277.8,False,1.0558,0.1676,0.158769,1d_transect,2026-03-29 08:00:00-07:00,0.1676323115825653,0.0616930037047598,13.33333280351429,351.86151123046875,0.0814924926202624,5.263157960780771,301.6419677734375,0.070529678086758,7.14285711244661,323.01190185546875,cdip,2026-03-25 20:06:18,0.0
1,2026-03-29 11:00:00-07:00,0.1169,13.33,245.7,False,0.0744,9.87,277.1,False,0.0708,6.25,285.4,False,0.9744,0.1556,0.159678,1d_transect,2026-03-29 11:00:00-07:00,0.1555939316749572,0.0610750924536102,13.33333280351429,351.8842163085937,0.0716489483642792,5.263157960780771,301.6322326660156,0.0660090929247611,7.14285711244661,322.96490478515625,cdip,2026-03-25 20:06:18,0.0
1,2026-03-29 14:00:00-07:00,0.1214,13.33,249.9,False,0.0275,18.18,228.4,False,0.0713,9.87,249.1,False,0.8613,0.1435,0.166552,1d_transect,2026-03-29 14:00:00-07:00,0.1434595435857772,0.060152398828605,13.33333280351429,351.9156799316406,0.0603502420401326,5.263157960780771,301.56658935546875,0.0733241605990491,7.14285711244661,322.9297180175781,cdip,2026-03-25 20:06:18,0.0
1,2026-03-29 17:00:00-07:00,0.1134,13.33,249.3,False,0.0286,18.18,227.9,False,0.0593,9.87,277.0,False,0.8315,0.1312,0.157756,1d_transect,2026-03-29 17:00:00-07:00,0.1311761438846588,0.0604742630644538,13.33333280351429,351.9385986328125,0.0682463377653093,7.14285711244661,322.85162353515625,0.048760928766224,5.263157960780771,301.430908203125,cdip,2026-03-25 20:06:18,0.0
1,2026-03-29 20:00:00-07:00,0.1054,13.33,248.0,False,0.0283,18.18,227.9,False,0.0509,9.09,256.1,False,0.8273,0.1204,0.145527,1d_transect,2026-03-29 20:00:00-07:00,0.1203998997807502,0.0073168492266022,13.33333280351429,351.9296264648437,0.060031152504819,7.14285711244661,322.7123718261719,0.0626374073934123,5.263157960780771,301.2445983886719,cdip,2026-03-25 20:06:18,0.0
1,2026-03-29 23:00:00-07:00,0.095,12.5,247.3,False,0.0334,18.18,231.3,False,0.0428,9.09,280.6,False,0.7987,0.1094,0.136969,1d_transect,2026-03-29 23:00:00-07:00,0.1094031780958175,0.058341103901751,12.50000027939678,350.2181396484375,0.0581700052766618,7.14285711244661,322.6247863769531,0.0318247879340623,5.263157960780771,300.6014099121094,cdip,2026-03-25 20:06:18,0.0
1,2026-03-30 02:00:00-07:00,0.0888,12.5,247.7,False,0.0335,18.18,232.0,False,0.0385,9.09,280.2,False,0.7727,0.1024,0.132457,1d_transect,2026-03-30 02:00:00-07:00,0.1023562923073768,0.0569802245102368,12.50000027939678,350.2441711425781,0.0557139428329402,7.14285711244661,322.5776672363281,0.0305874877318502,5.263157960780771,300.1640930175781,cdip,2026-03-25 20:06:18,0.0
1,2026-03-30 05:00:00-07:00,0.0831,12.5,247.2,False,0.0308,18.18,231.8,False,0.0408,4.76,294.4,True,0.8402,0.0975,0.116099,1d_transect,2026-03-30 05:00:00-07:00,0.0975461080670356,0.0553994656213405,12.50000027939678,350.2392883300781,0.0531189525016165,7.14285711244661,322.3161926269531,0.0274329253408873,5.263157960780771,299.92156982421875,cdip,2026-03-25 20:06:18,0.0
1,2026-03-30 08:00:00-07:00,0.0785,12.5,245.5,False,0.0323,16.67,230.8,False,0.0286,4.76,295.4,True,0.7864,0.0896,0.11395,1d_transect,2026-03-30 08:00:00-07:00,0.0896156430244445,0.05418426129003,12.50000027939678,350.21075439453125,0.0485462625296978,7.14285711244661,321.74566650390625,0.0127801364234508,16.666667039195705,358.4193420410156,cdip,2026-03-25 20:06:18,0.0
1,2026-03-30 11:00:00-07:00,0.0691,12.5,242.4,False,0.0357,16.67,231.3,False,0.0237,4.55,294.4,True,0.7621,0.0813,0.106684,1d_transect,2026-03-30 11:00:00-07:00,0.081308402121067,0.013793167116966,12.50000027939678,350.1654663085937,0.0261116103067101,7.14285711244661,321.1309814453125,0.0457739740381928,10.526315921561542,341.0741577148437,cdip,2026-03-25 20:06:18,0.0
1,2026-03-30 14:00:00-07:00,0.0369,16.67,232.0,False,0.0636,12.5,238.2,False,0.0187,4.35,294.1,True,0.7352,0.0759,0.103238,1d_transect,2026-03-30 14:00:00-07:00,0.0758991539478302,0.0437497174524492,12.50000027939678,350.11920166015625,0.0461142052583083,7.14285711244661,320.5889892578125,0.0267440600995565,10.526315921561542,341.117431640625,cdip,2026-03-25 20:06:18,0.0
1,2026-03-30 17:00:00-07:00,0.0392,16.67,232.7,False,0.0606,11.76,234.8,False,0.0153,4.17,294.5,True,0.7076,0.0738,0.104283,1d_transect,2026-03-30 17:00:00-07:00,0.0737865939736366,0.0403244705761125,12.50000027939678,350.0838317871094,0.0417259901183284,9.090909140169128,334.2413024902344,0.035783231892968,7.14285711244661,319.9202880859375,cdip,2026-03-25 20:06:18,0.0
1,2026-03-30 20:00:00-07:00,0.0429,16.67,233.3,False,0.0608,11.76,230.8,False,0.0133,4.0,294.3,True,0.6906,0.0756,0.109424,1d_transect,2026-03-30 20:00:00-07:00,0.0755694061517715,0.0384613962633181,12.50000027939678,350.06109619140625,0.0594102943967451,8.333333519597852,326.54937744140625,0.0203334527807652,16.666667039195705,358.369873046875,cdip,2026-03-25 20:06:18,0.0
1,2026-03-30 23:00:00-07:00,0.0474,16.67,234.1,False,0.0619,11.76,227.1,False,0.0211,2.94,283.0,True,0.6888,0.0808,0.117245,1d_transect,2026-03-30 23:00:00-07:00,0.0807603150606155,0.0667911271814851,8.333333519597852,326.41650390625,0.0370400632021894,12.50000027939678,350.0448913574219,0.0213083785733665,16.666667039195705,358.40435791015625,cdip,2026-03-25 20:06:18,0.0
1,2026-03-31 02:00:00-07:00,0.0624,16.67,235.3,False,0.055,11.76,224.4,False,0.0303,8.33,242.6,False,0.6291,0.0885,0.14074,1d_transect,2026-03-31 02:00:00-07:00,0.0885345488786697,0.0766306836450266,8.333333519597852,326.3402709960937,0.0359636961203415,12.50000027939678,350.0342712402344,0.0219628161056459,16.666667039195705,358.4271240234375,cdip,2026-03-25 20:06:18,0.0
1,2026-03-31 05:00:00-07:00,0.0352,15.38,234.7,False,0.0303,11.76,223.7,False,0.0161,8.33,266.3,False,0.6525,0.0492,0.07537,1d_transect,2026-03-31 05:00:00-07:00,0.0491780154407024,0.0366946096419597,12.50000027939678,350.01837158203125,0.027999099002523,15.384615948919734,356.3637084960937,0.011264315781055,8.333333519597852,333.6639709472656,cdip,2026-03-25 20:06:18,0.0
1,2026-03-31 08:00:00-07:00,0.094,15.38,235.9,False,0.0693,11.76,226.1,False,0.0541,7.69,245.9,False,0.6563,0.1287,0.196105,1d_transect,2026-03-31 08:00:00-07:00,0.1287061274051666,0.1209975710149221,7.692307974459867,319.91326904296875,0.0300001224632358,12.50000027939678,350.0451354980469,0.0285250674953209,15.384615948919734,356.3613586425781,cdip,2026-03-25 20:06:18,0.0
1,2026-03-31 11:00:00-07:00,0.0396,15.38,236.1,False,0.0339,11.76,225.4,False,0.0089,3.03,223.8,True,0.68,0.0529,0.077784,1d_transect,2026-03-31 11:00:00-07:00,0.0528962947428226,0.0343602673540862,12.50000027939678,350.0495300292969,0.0308027425353237,15.384615948919734,356.35528564453125,,,,cdip,2026-03-25 20:06:18,0.0
1,2026-03-31 14:00:00-07:00,0.1237,15.38,237.1,False,0.0793,11.76,225.0,False,0.0657,7.69,243.7,False,0.6809,0.161,0.236373,1d_transect,2026-03-31 14:00:00-07:00,0.1609571427106857,0.1206430845153033,7.692307974459867,319.8094482421875,0.0971852652123045,4.761904910578484,274.6380920410156,0.0287425171932711,12.50000027939678,350.0828857421875,cdip,2026-03-25 20:06:18,0.0
2,2026-03-25 02:00:00-07:00,1.3427,18.18,230.8,False,0.9996,12.5,258.2,False,0.5853,4.0,286.7,True,1.198,1.7733,1.480223,1d_transect,2026-03-25 02:00:00-07:00,1.7732864618301392,1.480833886668905,16.666667039195705,240.16531372070312,0.903564432154018,12.50000027939678,247.32073974609372,,,,cdip,2026-03-25 20:06:18,0.0
2,2026-03-25 05:00:00-07:00,1.2992,18.18,232.4,False,1.1694,12.5,258.5,False,0.5183,4.17,297.1,True,1.1953,1.8232,1.525302,1d_transect,2026-03-25 05:00:00-07:00,1.823219656944275,1.5282269918189677,16.666667039195705,240.9769287109375,0.917274142748183,12.50000027939678,253.1719665527344,,,,cdip,2026-03-25 20:06:18,0.0
2,2026-03-25 08:00:00-07:00,1.2771,16.67,233.2,False,1.2977,13.33,262.4,False,0.5611,4.0,291.8,True,1.2571,1.9052,1.515577,1d_transect,2026-03-25 08:00:00-07:00,1.905206322669983,1.5972910447220263,16.666667039195705,242.5941162109375,0.9717244553106495,12.50000027939678,259.478271484375,,,,cdip,2026-03-25 20:06:18,0.0
2,2026-03-25 11:00:00-07:00,1.355,16.67,236.1,False,1.5379,13.33,263.4,False,0.779,4.35,298.0,True,1.3677,2.1927,1.603158,1d_transect,2026-03-25 11:00:00-07:00,2.192687749862671,1.7923295331574822,18.181818280338256,243.4019317626953,1.1414436427002497,12.50000027939678,265.4281005859375,0.5113844401872877,4.347826008084592,292.33935546875,cdip,2026-03-25 20:06:18,0.0
2,2026-03-25 14:00:00-07:00,1.2676,16.67,228.9,False,1.6139,13.33,262.3,False,0.8569,4.76,295.0,True,1.4908,2.2239,1.491774,1d_transect,2026-03-25 14:00:00-07:00,2.2238810062408447,1.7534181813874017,16.666667039195705,243.8275146484375,1.1919135269309928,12.50000027939678,270.4306640625,0.6446801783209507,4.761904910578484,290.1582336425781,cdip,2026-03-25 20:06:18,0.0
2,2026-03-25 17:00:00-07:00,1.2467,16.67,228.7,False,1.6614,13.33,262.3,False,1.375,5.56,292.3,True,1.6794,2.491,1.483317,1d_transect,2026-03-25 17:00:00-07:00,2.4910125732421875,2.2430592997629426,16.666667039195705,242.436279296875,1.0623680912813926,5.263157960780771,290.4888000488281,,,,cdip,2026-03-25 20:06:18,0.0
2,2026-03-25 20:00:00-07:00,1.173,16.67,228.6,False,1.5776,13.33,261.1,False,2.1104,6.67,285.6,False,1.9916,2.8842,1.448159,1d_transect,2026-03-25 20:00:00-07:00,2.8842198848724365,2.37141715765745,16.666667039195705,240.71832275390625,1.6230868009306234,7.14285711244661,287.7868957519531,,,,cdip,2026-03-25 20:06:18,0.0
2,2026-03-25 23:00:00-07:00,1.0839,16.67,228.3,False,2.9881,7.69,283.3,False,1.0153,12.5,266.3,False,2.34,3.3368,1.426007,1d_transect,2026-03-25 23:00:00-07:00,3.336810827255249,2.0059793631005896,16.666667039195705,239.8506774902344,2.1193770521549053,8.333333519597852,290.8304748535156,1.2898313720674286,12.50000027939678,275.2222900390625,cdip,2026-03-25 20:06:18,0.0
2,2026-03-26 02:00:00-07:00,1.0851,16.67,230.5,False,3.4713,9.09,277.9,False,,,,,2.6503,3.6369,1.372286,1d_transect,2026-03-26 02:00:00-07:00,3.636908531188965,2.1274599080180634,16.666667039195705,240.312255859375,2.8943699180388776,9.090909140169128,292.0780944824219,,,,cdip,2026-03-25 20:06:18,0.0
2,2026-03-26 05:00:00-07:00,3.5777,9.87,276.6,False,0.833,15.38,244.1,False,,,,,2.6978,3.6734,1.361648,1d_transect,2026-03-26 05:00:00-07:00,3.673410415649414,1.908707169843881,16.666667039195705,242.16897583007807,2.712299763009389,9.090909140169128,292.229248046875,,,,cdip,2026-03-25 20:06:18,0.0
2,2026-03-26 08:00:00-07:00,3.1854,9.87,274.0,False,0.6918,15.38,241.7,False,,,,,2.6371,3.2597,1.236074,1d_transect,2026-03-26 08:00:00-07:00,3.259682893753052,1.6210233060195505,15.384615948919734,238.0899353027344,2.4464877107669984,9.871668200422231,290.0167541503906,1.285258077328468,5.555555334797621,283.2237548828125,cdip,2026-03-25 20:06:18,0.0
2,2026-03-26 11:00:00-07:00,2.9272,10.53,276.5,False,0.6235,15.38,241.5,False,,,,,2.5341,2.9929,1.181045,1d_transect,2026-03-26 11:00:00-07:00,2.992905378341675,1.514402350448809,15.384615948919734,238.031494140625,2.2416479746954847,9.871668200422231,290.1759338378906,,,,cdip,2026-03-25 20:06:18,0.0
2,2026-03-26 14:00:00-07:00,2.7007,10.53,270.3,False,,,,,,,,,2.2956,2.7007,1.17648,1d_transect,2026-03-26 14:00:00-07:00,2.700704336166382,1.421892450083854,15.384615948919734,237.52932739257807,2.003599630818366,10.526315921561542,289.9317626953125,,,,cdip,2026-03-25 20:06:18,0.0
2,2026-03-26 17:00:00-07:00,2.4466,10.53,276.5,False,,,,,,,,,2.1261,2.4466,1.150739,1d_transect,2026-03-26 17:00:00-07:00,2.446580410003662,1.340569324579851,15.384615948919734,236.5403594970703,2.0061342720355086,10.526315921561542,289.92364501953125,,,,cdip,2026-03-25 20:06:18,0.0
2,2026-03-26 20:00:00-07:00,2.2556,10.53,271.0,False,,,,,,,,,1.9534,2.2556,1.154701,1d_transect,2026-03-26 20:00:00-07:00,2.255647659301758,1.1718526598668717,15.384615948919734,235.408935546875,1.8950161404465464,10.526315921561542,289.8249816894531,,,,cdip,2026-03-25 20:06:18,0.0
2,2026-03-26 23:00:00-07:00,2.1712,10.53,276.4,False,,,,,,,,,1.9248,2.1712,1.12803,1d_transect,2026-03-26 23:00:00-07:00,2.171204090118408,1.1291567425245053,15.384615948919734,234.59323120117188,1.8265051375351664,12.50000027939678,277.44586181640625,,,,cdip,2026-03-25 20:06:18,0.0
2,2026-03-27 02:00:00-07:00,2.1271,10.53,270.2,False,,,,,,,,,1.0046,2.1271,2.117369,1d_transect,2026-03-27 02:00:00-07:00,2.127096652984619,1.0958050666078545,15.384615948919734,233.73410034179688,1.7975910725562927,12.50000027939678,278.9673767089844,,,,cdip,2026-03-25 20:06:18,0.0
2,2026-03-27 05:00:00-07:00,1.6664,11.76,270.9,False,,,,,,,,,1.0071,1.6664,1.654568,1d_transect,2026-03-27 05:00:00-07:00,1.6663566827774048,1.4041649807848056,12.50000027939678,279.06591796875,0.8669046194384142,15.384615948919734,232.5355529785156,,,,cdip,2026-03-25 20:06:18,0.0
2,2026-03-27 08:00:00-07:00,1.7772,10.53,268.9,False,,,,,,,,,0.9289,1.7772,1.913212,1d_transect,2026-03-27 08:00:00-07:00,1.77722430229187,0.9480004030155996,14.28571422489322,232.94027709960935,1.4836328768363516,12.50000027939678,277.211181640625,,,,cdip,2026-03-25 20:06:18,0.0
2,2026-03-27 11:00:00-07:00,1.6137,10.53,276.1,False,0.5176,18.18,231.7,False,,,,,0.9153,1.6947,1.851527,1d_transect,2026-03-27 11:00:00-07:00,1.6946547031402588,1.0450437823137029,14.28571422489322,231.02731323242188,1.2497926746438774,11.764705758606276,280.73590087890625,,,,cdip,2026-03-25 20:06:18,0.0
2,2026-03-27 14:00:00-07:00,1.7944,10.53,271.9,False,,,,,,,,,0.8809,1.7944,2.037063,1d_transect,2026-03-27 14:00:00-07:00,1.794445276260376,1.1388778504624697,15.384615948919734,227.9864196777344,1.3006040015703288,11.764705758606276,279.6073303222656,0.4146913990124408,4.761904910578484,271.91387939453125,cdip,2026-03-25 20:06:18,0.0
2,2026-03-27 17:00:00-07:00,1.7912,10.53,275.8,False,,,,,,,,,0.8981,1.7912,1.994448,1d_transect,2026-03-27 17:00:00-07:00,1.7912338972091677,1.180299403208416,15.384615948919734,227.5762481689453,1.2652620004564932,11.764705758606276,278.3515930175781,0.3978932622991123,4.761904910578484,271.57489013671875,cdip,2026-03-25 20:06:18,0.0
2,2026-03-27 20:00:00-07:00,1.829,11.76,269.4,False,,,,,,,,,0.9488,1.829,1.927722,1d_transect,2026-03-27 20:00:00-07:00,1.829044222831726,1.7693064512655208,15.384615948919734,228.79991149902344,0.4004734801532748,4.761904910578484,272.3641357421875,,,,cdip,2026-03-25 20:06:18,0.0
2,2026-03-27 23:00:00-07:00,1.1921,12.5,266.2,False,1.4738,10.53,276.5,False,,,,,1.6252,1.8955,1.166366,1d_transect,2026-03-27 23:00:00-07:00,1.8955295085906985,1.729391251374769,15.384615948919734,230.48472595214844,,,,,,,cdip,2026-03-25 20:06:18,0.0
2,2026-03-28 02:00:00-07:00,1.2428,12.5,264.6,False,1.4952,10.53,271.3,False,,,,,1.6544,1.9443,1.175227,1d_transect,2026-03-28 02:00:00-07:00,1.9442789554595947,1.8274269980146327,15.384615948919734,231.88522338867188,,,,,,,cdip,2026-03-25 20:06:18,0.0
2,2026-03-28 05:00:00-07:00,1.2408,12.5,265.1,False,1.5554,10.53,276.8,False,,,,,1.7037,1.9897,1.167856,1d_transect,2026-03-28 05:00:00-07:00,1.989650845527649,1.8687510188686016,15.384615948919734,232.9287872314453,0.644293526964558,5.555555334797621,283.00262451171875,,,,cdip,2026-03-25 20:06:18,0.0
2,2026-03-28 08:00:00-07:00,1.5669,10.53,271.7,False,0.8042,14.29,249.0,False,0.9501,12.5,265.0,False,1.6954,2.0012,1.180369,1d_transect,2026-03-28 08:00:00-07:00,2.0011649131774902,1.884787674768125,15.384615948919734,233.5067901611328,0.6321645260034902,5.555555334797621,283.2314758300781,,,,cdip,2026-03-25 20:06:18,0.0
2,2026-03-28 11:00:00-07:00,1.4417,10.53,277.2,False,0.7307,14.29,250.4,False,0.8495,12.5,265.1,False,1.6687,1.8259,1.094252,1d_transect,2026-03-28 11:00:00-07:00,1.8259286880493164,1.7215379662509196,14.28571422489322,232.93508911132807,0.5720100982031476,5.555555334797621,283.7421875,,,,cdip,2026-03-25 20:06:18,0.0
2,2026-03-28 14:00:00-07:00,1.1169,12.5,265.9,False,1.3759,10.53,266.7,False,,,,,1.5591,1.7721,1.136636,1d_transect,2026-03-28 14:00:00-07:00,1.7721284627914429,1.6734320677076575,14.28571422489322,231.2372131347656,0.5495735187793416,5.555555334797621,284.1007995605469,,,,cdip,2026-03-25 20:06:18,0.0
2,2026-03-28 17:00:00-07:00,1.0831,13.33,249.2,False,1.3127,10.53,276.4,False,,,,,1.497,1.7018,1.136842,1d_transect,2026-03-28 17:00:00-07:00,1.7018369436264038,1.57409975712088,14.28571422489322,229.6692657470703,0.3479559263276413,6.666666401757145,290.0722351074219,,,,cdip,2026-03-25 20:06:18,0.0
2,2026-03-28 20:00:00-07:00,1.0905,13.33,250.0,False,1.2245,10.53,265.7,False,,,,,1.3861,1.6397,1.18295,1d_transect,2026-03-28 20:00:00-07:00,1.6396821737289429,1.5247925243955494,14.28571422489322,228.260498046875,0.3192496851219965,6.666666401757145,290.3305053710937,,,,cdip,2026-03-25 20:06:18,0.0
2,2026-03-28 23:00:00-07:00,1.0533,13.33,251.4,False,1.1939,9.87,277.6,False,,,,,1.3451,1.5921,1.183652,1d_transect,2026-03-28 23:00:00-07:00,1.592132329940796,1.486915026477232,14.28571422489322,227.2180938720703,0.2967452168509959,6.25000013969839,289.95587158203125,,,,cdip,2026-03-25 20:06:18,0.0
2,2026-03-29 02:00:00-07:00,0.9835,13.33,247.6,False,0.6688,9.87,249.6,False,0.8578,7.69,280.8,False,1.3038,1.4664,1.124687,1d_transect,2026-03-29 02:00:00-07:00,1.46638023853302,1.2188128183827784,13.33333280351429,228.9916229248047,0.6006282680815183,10.526315921561542,279.4192810058594,0.1498993559737768,19.99999970197678,260.72100830078125,cdip,2026-03-25 20:06:18,0.0
2,2026-03-29 05:00:00-07:00,0.9772,13.33,248.0,False,0.6435,9.87,277.9,False,0.8097,7.69,286.4,False,1.2554,1.4229,1.133409,1d_transect,2026-03-29 05:00:00-07:00,1.42290198802948,1.1841611301113264,13.33333280351429,228.43804931640625,0.5691590508908537,9.871668200422231,282.9266357421875,0.1693556694019762,19.99999970197678,257.9759521484375,cdip,2026-03-25 20:06:18,0.0
2,2026-03-29 08:00:00-07:00,0.9741,13.33,247.3,False,0.6679,9.87,247.2,False,0.6801,6.25,277.8,False,1.1938,1.3629,1.141659,1d_transect,2026-03-29 08:00:00-07:00,1.3629451990127563,1.146913077904992,13.33333280351429,227.90667724609372,0.5229732223456616,9.871668200422231,281.66168212890625,0.1749600388808814,19.99999970197678,256.30914306640625,cdip,2026-03-25 20:06:18,0.0
2,2026-03-29 11:00:00-07:00,0.9498,13.33,245.7,False,0.6277,9.87,277.1,False,0.613,6.25,285.4,False,1.1483,1.293,1.125972,1d_transect,2026-03-29 11:00:00-07:00,1.292987585067749,1.2020966567264746,13.33333280351429,227.77374267578125,0.1554973600429495,19.99999970197678,257.5269470214844,0.2870087356226541,5.882352879303138,289.9085388183594,cdip,2026-03-25 20:06:18,0.0
2,2026-03-29 14:00:00-07:00,1.0563,13.33,249.9,False,0.2578,18.18,228.4,False,0.5882,9.87,249.1,False,0.9834,1.2362,1.257112,1d_transect,2026-03-29 14:00:00-07:00,1.2362414598464966,1.1629341481356517,13.33333280351429,227.60794067382807,0.2640872285632282,5.882352879303138,290.4530029296875,,,,cdip,2026-03-25 20:06:18,0.0
2,2026-03-29 17:00:00-07:00,1.0133,13.33,249.3,False,0.2753,18.18,227.9,False,0.5499,9.87,277.0,False,0.9694,1.1853,1.222779,1d_transect,2026-03-29 17:00:00-07:00,1.1853082180023191,1.1187170014716787,13.33333280351429,227.6407012939453,0.2393259166763651,5.555555334797621,290.21875,,,,cdip,2026-03-25 20:06:18,0.0
2,2026-03-29 20:00:00-07:00,0.993,13.33,248.0,False,0.2866,18.18,227.9,False,0.4731,9.09,256.1,False,0.9555,1.1367,1.189624,1d_transect,2026-03-29 20:00:00-07:00,1.1366827487945557,1.0544582891997047,13.33333280351429,227.13473510742188,0.2466864997509339,18.181818280338256,260.15106201171875,0.2077877685260989,5.555555334797621,290.90625,cdip,2026-03-25 20:06:18,0.0
2,2026-03-29 23:00:00-07:00,0.9301,12.5,247.3,False,0.3515,18.18,231.3,False,0.4589,9.09,280.6,False,0.9331,1.0952,1.17367,1d_transect,2026-03-29 23:00:00-07:00,1.0951507091522217,1.0077373362415385,13.33333280351429,226.2265472412109,0.2573848448538997,18.181818280338256,262.3750305175781,0.3294211803392222,4.761904910578484,288.29425048828125,cdip,2026-03-25 20:06:18,0.0
2,2026-03-30 02:00:00-07:00,0.7701,12.5,247.7,False,0.3116,18.18,232.0,False,0.3652,9.09,280.2,False,0.9026,0.9074,1.005352,1d_transect,2026-03-30 02:00:00-07:00,0.9074373245239258,0.8226454903836986,13.33333280351429,225.0733795166016,0.2230784373219484,18.181818280338256,262.6747436523437,0.3018659282807393,4.761904910578484,291.08819580078125,cdip,2026-03-25 20:06:18,0.0
2,2026-03-30 05:00:00-07:00,0.7291,12.5,247.2,False,0.2897,18.18,231.8,False,0.3859,4.76,294.4,True,0.9811,0.8743,0.891084,1d_transect,2026-03-30 05:00:00-07:00,0.8742865324020386,0.7943683730804444,13.33333280351429,223.9791259765625,0.22521348727704,18.181818280338256,261.7330322265625,0.2779723792561015,4.545454570084564,290.5270690917969,cdip,2026-03-25 20:06:18,0.0
2,2026-03-30 08:00:00-07:00,0.71,12.5,245.5,False,0.3075,16.67,230.8,False,0.2912,4.76,295.4,True,0.9175,0.8267,0.901053,1d_transect,2026-03-30 08:00:00-07:00,0.8267178535461426,0.7958752525379125,13.33333280351429,223.19386291503903,0.211730708636315,4.545454570084564,290.8444519042969,,,,cdip,2026-03-25 20:06:18,0.0
2,2026-03-30 11:00:00-07:00,0.6207,12.5,242.4,False,0.3371,16.67,231.3,False,0.2287,4.55,294.4,True,0.8872,0.7424,0.836854,1d_transect,2026-03-30 11:00:00-07:00,0.742425799369812,0.724251579411207,12.50000027939678,236.7280120849609,0.1479451500094584,4.347826008084592,289.06689453125,,,,cdip,2026-03-25 20:06:18,0.0
2,2026-03-30 14:00:00-07:00,0.3523,16.67,232.0,False,0.5829,12.5,238.2,False,0.1834,4.35,294.1,True,0.8597,0.7053,0.820466,1d_transect,2026-03-30 14:00:00-07:00,0.7053183317184448,0.5797020527842076,12.50000027939678,235.0924072265625,0.3803196363922539,15.384615948919734,239.2821044921875,,,,cdip,2026-03-25 20:06:18,0.0
2,2026-03-30 17:00:00-07:00,0.3829,16.67,232.7,False,0.5691,11.76,234.8,False,0.1529,4.17,294.5,True,0.8296,0.7028,0.847164,1d_transect,2026-03-30 17:00:00-07:00,0.7027668952941895,0.5697976775019425,12.50000027939678,232.63153076171875,0.3963509653236689,16.666667039195705,261.4163513183594,,,,cdip,2026-03-25 20:06:18,0.0
2,2026-03-30 20:00:00-07:00,0.5806,16.67,233.3,False,0.7912,11.76,230.8,False,0.1843,4.0,294.3,True,0.8103,0.9985,1.232273,1d_transect,2026-03-30 20:00:00-07:00,0.998540699481964,0.4871967029759725,16.666667039195705,260.5865173339844,0.7290092075679586,12.50000027939678,229.82408142089844,0.456996456486737,14.28571422489322,228.21292114257807,cdip,2026-03-25 20:06:18,0.0
2,2026-03-30 23:00:00-07:00,0.5967,16.67,234.1,False,0.7544,11.76,227.1,False,0.249,2.94,283.0,True,0.8088,0.9936,1.228557,1d_transect,2026-03-30 23:00:00-07:00,0.9936032295227052,0.4953052023944697,16.666667039195705,258.4230041503906,0.4839951407285143,14.28571422489322,231.0710601806641,0.7016519983994227,12.50000027939678,227.0947113037109,cdip,2026-03-25 20:06:18,0.0
2,2026-03-31 02:00:00-07:00,0.6983,16.67,235.3,False,0.6058,11.76,224.4,False,0.3122,8.33,242.6,False,0.7385,0.9758,1.321251,1d_transect,2026-03-31 02:00:00-07:00,0.9757697582244872,0.5092074239808427,16.666667039195705,257.6293334960937,0.4949195585200672,14.28571422489322,233.1608123779297,0.5855072148917855,12.50000027939678,225.2660217285156,cdip,2026-03-25 20:06:18,0.0
2,2026-03-31 05:00:00-07:00,0.623,15.38,234.7,False,0.5283,11.76,223.7,False,0.2604,8.33,266.3,False,0.7657,0.8573,1.119739,1d_transect,2026-03-31 05:00:00-07:00,0.8573423027992249,0.669934767418469,14.28571422489322,236.03256225585935,0.4994084216694348,12.50000027939678,223.78054809570312,0.1781587779628952,8.333333519597852,255.68641662597656,cdip,2026-03-25 20:06:18,0.0
2,2026-03-31 08:00:00-07:00,0.6674,15.38,235.9,False,0.4843,11.76,226.1,False,0.3448,7.69,245.9,False,0.7577,0.8937,1.1796,1d_transect,2026-03-31 08:00:00-07:00,0.8937489986419678,0.6817277460284463,14.28571422489322,236.6865234375,0.4610341165629746,12.50000027939678,224.6653594970703,0.3394007485715819,8.333333519597852,248.7120819091797,cdip,2026-03-25 20:06:18,0.0
2,2026-03-31 11:00:00-07:00,0.5196,15.38,236.1,False,0.4383,11.76,225.4,False,0.1027,3.03,223.8,True,0.7948,0.6875,0.865013,1d_transect,2026-03-31 11:00:00-07:00,0.6875031590461731,0.6745008742753167,14.28571422489322,239.9873809814453,,,,,,,cdip,2026-03-25 20:06:18,0.0
2,2026-03-31 14:00:00-07:00,0.5761,15.38,237.1,False,0.3642,11.76,225.0,False,0.2795,7.69,243.7,False,0.7892,0.7367,0.933445,1d_transect,2026-03-31 14:00:00-07:00,0.7366965413093567,0.6723751952943365,14.28571422489322,240.5790252685547,0.269497258614504,7.692307974459867,255.62576293945312,0.1247633802929849,4.347826008084592,253.2749938964844,cdip,2026-03-25 20:06:18,0.0
3,2026-03-25 02:00:00-07:00,1.2133,18.18,230.8,False,0.8916,12.5,258.2,False,0.487,4.0,286.7,True,1.4209,1.5825,1.113746,1d_transect,2026-03-25 02:00:00-07:00,1.5824936628341677,1.1149726832736024,18.181818280338256,228.60638427734372,0.7211337612812101,12.50000027939678,248.92726135253903,0.7159356793058185,9.871668200422231,292.50543212890625,cdip,2026-03-25 20:06:18,0.0
3,2026-03-25 05:00:00-07:00,1.1536,18.18,232.4,False,1.0248,12.5,258.5,False,0.4735,4.17,297.1,True,1.4314,1.6141,1.127641,1d_transect,2026-03-25 05:00:00-07:00,1.6140543222427368,1.1289173891722082,18.181818280338256,227.00401306152344,0.7600996670784178,12.50000027939678,250.7032470703125,0.7128471382858375,9.871668200422231,292.4804382324219,cdip,2026-03-25 20:06:18,0.0
3,2026-03-25 08:00:00-07:00,1.1105,16.67,233.2,False,1.1179,13.33,262.4,False,0.4716,4.0,291.8,True,1.4954,1.6448,1.099909,1d_transect,2026-03-25 08:00:00-07:00,1.6448287963867188,1.116579362788311,16.666667039195705,228.36009216308597,0.8030940715883429,12.50000027939678,252.9932861328125,0.7757908962742318,9.871668200422231,292.3436889648437,cdip,2026-03-25 20:06:18,0.0
3,2026-03-25 11:00:00-07:00,1.1134,16.67,236.1,False,1.2522,13.33,263.4,False,0.6602,4.35,298.0,True,1.6377,1.801,1.099722,1d_transect,2026-03-25 11:00:00-07:00,1.8010261058807373,1.2035434295556395,16.666667039195705,227.0179748535156,0.753816438772238,12.50000027939678,255.177978515625,0.9233479333450536,9.871668200422231,291.7284240722656,cdip,2026-03-25 20:06:18,0.0
3,2026-03-25 14:00:00-07:00,1.1416,16.67,228.9,False,1.4395,13.33,262.3,False,0.7956,4.76,295.0,True,1.786,2.0021,1.120958,1d_transect,2026-03-25 14:00:00-07:00,2.002061367034912,1.1363283102288724,16.666667039195705,227.1452178955078,0.9581226768550076,12.50000027939678,257.6414794921875,1.0897220064985471,10.526315921561542,288.41815185546875,cdip,2026-03-25 20:06:18,0.0
3,2026-03-25 17:00:00-07:00,1.1739,16.67,228.7,False,1.5494,13.33,262.3,False,1.2512,5.56,292.3,True,1.9837,2.3117,1.165386,1d_transect,2026-03-25 17:00:00-07:00,2.3117291927337646,1.1382835026695304,16.666667039195705,228.1925506591797,1.0372533714251475,12.50000027939678,260.0751953125,1.136154147451862,10.526315921561542,289.8244934082031,cdip,2026-03-25 20:06:18,0.0
3,2026-03-25 20:00:00-07:00,1.1649,16.67,228.6,False,1.5517,13.33,261.1,False,1.9762,6.67,285.6,False,2.308,2.7695,1.199971,1d_transect,2026-03-25 20:00:00-07:00,2.769500494003296,1.1102606051258876,16.666667039195705,228.91981506347656,1.1895800036818278,9.871668200422231,292.2783203125,1.0696236765068403,11.764705758606276,271.89312744140625,cdip,2026-03-25 20:06:18,0.0
3,2026-03-25 23:00:00-07:00,0.7786,16.67,228.3,False,2.0524,7.69,283.3,False,0.7195,12.5,266.3,False,2.7028,2.31,0.854652,1d_transect,2026-03-25 23:00:00-07:00,2.309965133666992,1.2848113126410368,9.871668200422231,288.2625732421875,1.6921043695232414,7.692307974459867,294.7035522460937,0.8373149947689158,16.666667039195705,228.0686187744141,cdip,2026-03-25 20:06:18,0.0
3,2026-03-26 02:00:00-07:00,0.7668,16.67,230.5,False,2.3825,9.09,277.9,False,,,,,3.0925,2.5029,0.80933,1d_transect,2026-03-26 02:00:00-07:00,2.50285267829895,1.2871587456292617,10.526315921561542,283.89288330078125,1.9577634211041008,8.333333519597852,296.07781982421875,0.7670345140147017,16.666667039195705,227.20828247070312,cdip,2026-03-25 20:06:18,0.0
3,2026-03-26 05:00:00-07:00,2.5216,9.87,276.6,False,0.6032,15.38,244.1,False,,,,,3.144,2.5927,0.824641,1d_transect,2026-03-26 05:00:00-07:00,2.592707395553589,2.450905967012405,10.526315921561542,283.9800109863281,0.6954294394091795,16.666667039195705,227.49710083007807,,,,cdip,2026-03-25 20:06:18,0.0
3,2026-03-26 08:00:00-07:00,2.554,9.87,274.0,False,0.5708,15.38,241.7,False,,,,,3.0681,2.617,0.852958,1d_transect,2026-03-26 08:00:00-07:00,2.616976022720337,1.2408630291779934,10.526315921561542,284.8839111328125,0.6418085670706826,15.384615948919734,230.14556884765625,,,,cdip,2026-03-25 20:06:18,0.0
3,2026-03-26 11:00:00-07:00,2.446,10.53,276.5,False,0.5327,15.38,241.5,False,,,,,2.9666,2.5033,0.843839,1d_transect,2026-03-26 11:00:00-07:00,2.5033233165740967,2.3758595015366284,10.526315921561542,286.608642578125,0.6138516860407129,15.384615948919734,228.91212463378903,,,,cdip,2026-03-25 20:06:18,0.0
3,2026-03-26 14:00:00-07:00,2.3355,10.53,270.3,False,,,,,,,,,2.6804,2.3355,0.871322,1d_transect,2026-03-26 14:00:00-07:00,2.335505962371826,2.20786766114628,10.526315921561542,288.16632080078125,0.598180301353126,15.384615948919734,229.2666015625,,,,cdip,2026-03-25 20:06:18,0.0
3,2026-03-26 17:00:00-07:00,2.1538,10.53,276.5,False,,,,,,,,,2.4865,2.1538,0.86619,1d_transect,2026-03-26 17:00:00-07:00,2.153775453567505,2.026811770118917,10.526315921561542,288.8929443359375,0.5794363573996885,15.384615948919734,230.42697143554688,,,,cdip,2026-03-25 20:06:18,0.0
3,2026-03-26 20:00:00-07:00,1.998,10.53,271.0,False,,,,,,,,,2.2809,1.998,0.87596,1d_transect,2026-03-26 20:00:00-07:00,1.9980010986328125,1.899062423838909,10.526315921561542,289.48486328125,0.4685806066284027,15.384615948919734,232.09915161132807,,,,cdip,2026-03-25 20:06:18,0.0
3,2026-03-26 23:00:00-07:00,1.9361,10.53,276.4,False,,,,,,,,,2.251,1.9361,0.860107,1d_transect,2026-03-26 23:00:00-07:00,1.936142086982727,1.841943033819623,10.526315921561542,290.0906982421875,0.4553912181607264,15.384615948919734,234.2001953125,,,,cdip,2026-03-25 20:06:18,0.0
3,2026-03-27 02:00:00-07:00,1.9159,10.53,270.2,False,,,,,,,,,1.173,1.9159,1.633312,1d_transect,2026-03-27 02:00:00-07:00,1.915884613990784,1.8792113261596968,10.526315921561542,290.4952392578125,,,,,,,cdip,2026-03-25 20:06:18,0.0
3,2026-03-27 05:00:00-07:00,1.8525,11.76,270.9,False,,,,,,,,,1.1841,1.8525,1.564448,1d_transect,2026-03-27 05:00:00-07:00,1.852454423904419,1.8174396116281937,10.526315921561542,290.807373046875,,,,,,,cdip,2026-03-25 20:06:18,0.0
3,2026-03-27 08:00:00-07:00,1.7507,10.53,268.9,False,,,,,,,,,1.0939,1.7507,1.600399,1d_transect,2026-03-27 08:00:00-07:00,1.7507487535476685,1.6967999254614403,10.526315921561542,290.85223388671875,0.2638663575825108,18.181818280338256,247.27490234375,,,,cdip,2026-03-25 20:06:18,0.0
3,2026-03-27 11:00:00-07:00,1.5843,10.53,276.1,False,0.5218,18.18,231.7,False,,,,,1.0731,1.668,1.554331,1d_transect,2026-03-27 11:00:00-07:00,1.6680216789245603,1.611278210989309,10.526315921561542,290.834228515625,0.2781636510479962,18.181818280338256,250.46902465820312,,,,cdip,2026-03-25 20:06:18,0.0
3,2026-03-27 14:00:00-07:00,1.6211,10.53,271.9,False,,,,,,,,,1.0286,1.6211,1.576047,1d_transect,2026-03-27 14:00:00-07:00,1.621079921722412,1.5619443900129029,10.526315921561542,290.7738647460937,0.2855079095560195,18.181818280338256,251.1232147216797,,,,cdip,2026-03-25 20:06:18,0.0
3,2026-03-27 17:00:00-07:00,1.5815,10.53,275.8,False,,,,,,,,,1.0504,1.5815,1.505691,1d_transect,2026-03-27 17:00:00-07:00,1.5815027952194214,1.5487694029882344,10.526315921561542,290.68377685546875,,,,,,,cdip,2026-03-25 20:06:18,0.0
3,2026-03-27 20:00:00-07:00,1.5796,11.76,269.4,False,,,,,,,,,1.1189,1.5796,1.411747,1d_transect,2026-03-27 20:00:00-07:00,1.5796356201171875,1.4955872809830022,9.871668200422231,293.7628479003906,0.3982504020527006,16.666667039195705,249.67393493652344,,,,cdip,2026-03-25 20:06:18,0.0
3,2026-03-27 23:00:00-07:00,1.0151,12.5,266.2,False,1.2414,10.53,276.5,False,,,,,1.9089,1.6036,0.840048,1d_transect,2026-03-27 23:00:00-07:00,1.603590726852417,1.270846767867086,9.871668200422231,293.6451721191406,0.8382055977023694,11.764705758606276,268.7611999511719,0.3978628640154683,16.666667039195705,250.42318725585935,cdip,2026-03-25 20:06:18,0.0
3,2026-03-28 02:00:00-07:00,1.0547,12.5,264.6,False,1.2513,10.53,271.3,False,,,,,1.9429,1.6365,0.842273,1d_transect,2026-03-28 02:00:00-07:00,1.6364643573760986,1.2909762508984974,9.871668200422231,293.6473693847656,0.8083393582257777,11.764705758606276,269.2328796386719,0.5146658264337749,15.384615948919734,246.3275909423828,cdip,2026-03-25 20:06:18,0.0
3,2026-03-28 05:00:00-07:00,1.057,12.5,265.1,False,1.3105,10.53,276.8,False,,,,,2.001,1.6836,0.841383,1d_transect,2026-03-28 05:00:00-07:00,1.6836179494857788,1.3434163377057058,9.871668200422231,293.50506591796875,0.8210991470138306,11.764705758606276,269.5002136230469,0.5110316113861239,15.384615948919734,246.720947265625,cdip,2026-03-25 20:06:18,0.0
3,2026-03-28 08:00:00-07:00,1.3229,10.53,271.7,False,0.6937,14.29,249.0,False,0.8135,12.5,265.0,False,1.9929,1.7008,0.853448,1d_transect,2026-03-28 08:00:00-07:00,1.7008349895477295,1.3700881548804302,10.526315921561542,291.3165588378906,0.734185989290194,11.764705758606276,269.364501953125,0.6160904167377798,15.384615948919734,246.6929626464844,cdip,2026-03-25 20:06:18,0.0
3,2026-03-28 11:00:00-07:00,1.3141,10.53,277.2,False,0.6788,14.29,250.4,False,0.7829,12.5,265.1,False,1.9622,1.6735,0.852876,1d_transect,2026-03-28 11:00:00-07:00,1.673513889312744,1.354159961847232,9.871668200422231,293.1552734375,0.7097953502480352,11.764705758606276,268.9188842773437,0.6071382889097936,15.384615948919734,246.37527465820312,cdip,2026-03-25 20:06:18,0.0
3,2026-03-28 14:00:00-07:00,1.0096,12.5,265.9,False,1.2388,10.53,266.7,False,,,,,1.839,1.5981,0.869024,1d_transect,2026-03-28 14:00:00-07:00,1.598130464553833,1.2238397129937106,9.871668200422231,293.1285705566406,0.5947070271819803,14.28571422489322,245.59300231933597,0.7852579745456434,7.14285711244661,296.7479553222656,cdip,2026-03-25 20:06:18,0.0
3,2026-03-28 17:00:00-07:00,0.9659,13.33,249.2,False,1.1498,10.53,276.4,False,,,,,1.7637,1.5016,0.851394,1d_transect,2026-03-28 17:00:00-07:00,1.5016237497329712,1.0885870149905263,9.871668200422231,293.0868225097656,0.689476390668937,13.33333280351429,244.95437622070312,0.7201052502381469,7.14285711244661,296.44403076171875,cdip,2026-03-25 20:06:18,0.0
3,2026-03-28 20:00:00-07:00,0.9459,13.33,250.0,False,1.0504,10.53,265.7,False,,,,,1.6404,1.4135,0.86167,1d_transect,2026-03-28 20:00:00-07:00,1.4135046005249023,0.882058359454468,9.871668200422231,293.27447509765625,0.6807221067377227,13.33333280351429,244.654541015625,0.4912051019318508,11.764705758606276,265.295166015625,cdip,2026-03-25 20:06:18,0.0
3,2026-03-28 23:00:00-07:00,0.906,13.33,251.4,False,1.0046,9.87,277.6,False,,,,,1.5807,1.3528,0.855809,1d_transect,2026-03-28 23:00:00-07:00,1.352763056755066,0.8422550401814194,9.871668200422231,294.05633544921875,0.6693912169872399,13.33333280351429,244.17449951171875,0.4569746668310137,11.764705758606276,262.6769714355469,cdip,2026-03-25 20:06:18,0.0
3,2026-03-29 02:00:00-07:00,0.905,13.33,247.6,False,0.6076,9.87,249.6,False,0.7597,7.69,280.8,False,1.5287,1.3287,0.869165,1d_transect,2026-03-29 02:00:00-07:00,1.3287019729614258,0.8456058997995277,9.871668200422231,294.63983154296875,0.6602977036268652,13.33333280351429,244.0919952392578,0.4418546342518888,11.764705758606276,259.8835144042969,cdip,2026-03-25 20:06:18,0.0
3,2026-03-29 05:00:00-07:00,0.8935,13.33,248.0,False,0.5751,9.87,277.9,False,0.7125,7.69,286.4,False,1.47,1.2794,0.870324,1d_transect,2026-03-29 05:00:00-07:00,1.2793540954589844,0.7891223467569303,9.871668200422231,294.4814758300781,0.7698362938455344,13.33333280351429,244.091796875,0.5892884962791196,6.25000013969839,297.06597900390625,cdip,2026-03-25 20:06:18,0.0
3,2026-03-29 08:00:00-07:00,0.9957,13.33,247.3,False,0.674,9.87,247.2,False,0.6594,6.25,277.8,False,1.3993,1.3713,0.979977,1d_transect,2026-03-29 08:00:00-07:00,1.371321439743042,0.8592660948034193,13.33333280351429,244.1940155029297,0.8131532328403988,9.871668200422231,294.5259094238281,0.6286104759903658,6.25000013969839,297.2584533691406,cdip,2026-03-25 20:06:18,0.0
3,2026-03-29 11:00:00-07:00,0.9648,13.33,245.7,False,0.6231,9.87,277.1,False,0.5909,6.25,285.4,False,1.3447,1.2917,0.960536,1d_transect,2026-03-29 11:00:00-07:00,1.291669845581055,0.8541607907406028,13.33333280351429,244.92807006835935,0.7626006138124982,9.871668200422231,294.59783935546875,0.550939806823072,5.882352879303138,294.63720703125,cdip,2026-03-25 20:06:18,0.0
3,2026-03-29 14:00:00-07:00,1.0527,13.33,249.9,False,0.259,18.18,228.4,False,0.5787,9.87,249.1,False,1.1681,1.2288,1.052002,1d_transect,2026-03-29 14:00:00-07:00,1.2288373708724976,0.8126960193002045,13.33333280351429,245.74609375,0.7051358056819635,9.871668200422231,294.45660400390625,0.2101323763128793,18.181818280338256,226.46592712402344,cdip,2026-03-25 20:06:18,0.0
3,2026-03-29 17:00:00-07:00,1.0087,13.33,249.3,False,0.2762,18.18,227.9,False,0.5349,9.87,277.0,False,1.1492,1.1747,1.022133,1d_transect,2026-03-29 17:00:00-07:00,1.174673557281494,0.7937857068147725,13.33333280351429,246.39126586914065,0.6718293760892498,9.871668200422231,294.0865173339844,0.2249497107914814,18.181818280338256,225.7967529296875,cdip,2026-03-25 20:06:18,0.0
3,2026-03-29 20:00:00-07:00,0.9807,13.33,248.0,False,0.2854,18.18,227.9,False,0.4592,9.09,256.1,False,1.1351,1.1198,0.986569,1d_transect,2026-03-29 20:00:00-07:00,1.119837999343872,0.8103233570033007,13.33333280351429,245.8822326660156,0.5758656967702046,9.871668200422231,293.4164428710937,0.2291341152815055,18.181818280338256,226.8875274658203,cdip,2026-03-25 20:06:18,0.0
3,2026-03-29 23:00:00-07:00,0.8724,12.5,247.3,False,0.3333,18.18,231.3,False,0.422,9.09,280.6,False,1.106,1.0248,0.92656,1d_transect,2026-03-29 23:00:00-07:00,1.0248154401779177,0.7550363890571897,12.50000027939678,246.8606719970703,0.5059640017827098,9.871668200422231,292.20965576171875,0.2129992781892098,18.181818280338256,229.5782928466797,cdip,2026-03-25 20:06:18,0.0
3,2026-03-30 02:00:00-07:00,0.6905,12.5,247.7,False,0.2824,18.18,232.0,False,0.321,9.09,280.2,False,1.0704,0.8122,0.758811,1d_transect,2026-03-30 02:00:00-07:00,0.8122005462646484,0.5772979364265111,12.50000027939678,247.87130737304688,0.349390103039113,9.871668200422231,290.056396484375,0.2277641783086747,18.181818280338256,230.9776763916016,cdip,2026-03-25 20:06:18,0.0
3,2026-03-30 05:00:00-07:00,0.6576,12.5,247.2,False,0.2642,18.18,231.8,False,0.3393,4.76,294.4,True,1.1614,0.7857,0.676493,1d_transect,2026-03-30 05:00:00-07:00,0.7857027053833008,0.6526386724059997,12.50000027939678,247.6937561035156,0.2464725940039211,16.666667039195705,225.06365966796875,0.3140395989071897,4.761904910578484,293.45703125,cdip,2026-03-25 20:06:18,0.0
3,2026-03-30 08:00:00-07:00,0.6332,12.5,245.5,False,0.2766,16.67,230.8,False,0.2701,4.76,295.4,True,1.0969,0.7419,0.676407,1d_transect,2026-03-30 08:00:00-07:00,0.7419209480285645,0.6416942885258873,12.50000027939678,246.5975341796875,0.2657389781860246,16.666667039195705,224.47462463378903,0.2395049136161001,4.545454570084564,292.3553466796875,cdip,2026-03-25 20:06:18,0.0
3,2026-03-30 11:00:00-07:00,0.5923,12.5,242.4,False,0.3242,16.67,231.3,False,0.2125,4.55,294.4,True,1.0541,0.7078,0.67152,1d_transect,2026-03-30 11:00:00-07:00,0.7078316807746887,0.5974717466367495,12.50000027939678,244.62551879882807,0.3196797844904828,16.666667039195705,224.42355346679688,0.1780386499630187,4.347826008084592,290.2296142578125,cdip,2026-03-25 20:06:18,0.0
3,2026-03-30 14:00:00-07:00,0.3407,16.67,232.0,False,0.5597,12.5,238.2,False,0.1715,4.35,294.1,True,1.0228,0.6773,0.66221,1d_transect,2026-03-30 14:00:00-07:00,0.6773018836975098,0.5656186232482453,12.50000027939678,242.0762176513672,0.3340398436248722,16.666667039195705,225.301025390625,0.1320250432861002,4.166666759798926,291.0465087890625,cdip,2026-03-25 20:06:18,0.0
3,2026-03-30 17:00:00-07:00,0.3779,16.67,232.7,False,0.5559,11.76,234.8,False,0.1459,4.17,294.5,True,0.9858,0.6878,0.697756,1d_transect,2026-03-30 17:00:00-07:00,0.6878275871276855,0.5646560166089961,12.50000027939678,239.31558227539065,0.365586225513887,16.666667039195705,226.43380737304688,,,,cdip,2026-03-25 20:06:18,0.0
3,2026-03-30 20:00:00-07:00,0.5514,16.67,233.3,False,0.7437,11.76,230.8,False,0.1692,4.0,294.3,True,0.9636,0.9412,0.976727,1d_transect,2026-03-30 20:00:00-07:00,0.9412006139755248,0.5341783767360896,16.666667039195705,227.50485229492188,0.6360576930171615,12.50000027939678,236.69747924804688,0.4077870074769789,9.090909140169128,282.3186950683594,cdip,2026-03-25 20:06:18,0.0
3,2026-03-30 23:00:00-07:00,0.5643,16.67,234.1,False,0.7067,11.76,227.1,False,0.2174,2.94,283.0,True,0.9593,0.9301,0.96955,1d_transect,2026-03-30 23:00:00-07:00,0.9301231503486632,0.5989539193347458,16.666667039195705,228.79676818847656,0.5629418218454268,12.50000027939678,234.3482360839844,0.4093328435914521,9.090909140169128,278.7568359375,cdip,2026-03-25 20:06:18,0.0
3,2026-03-31 02:00:00-07:00,0.6491,16.67,235.3,False,0.5583,11.76,224.4,False,0.2828,8.33,242.6,False,0.8794,0.9016,1.025279,1d_transect,2026-03-31 02:00:00-07:00,0.9016433358192444,0.6123049192872264,16.666667039195705,230.53778076171875,0.5065465678355304,12.50000027939678,232.7811279296875,0.4069460889366669,9.090909140169128,277.6958312988281,cdip,2026-03-25 20:06:18,0.0
3,2026-03-31 05:00:00-07:00,0.6137,15.38,234.7,False,0.5163,11.76,223.7,False,0.2493,8.33,266.3,False,0.9114,0.8399,0.921551,1d_transect,2026-03-31 05:00:00-07:00,0.8398580551147461,0.6141585611244831,15.384615948919734,226.6876983642578,0.5642427204654739,12.50000027939678,231.7921295166016,,,,cdip,2026-03-25 20:06:18,0.0
3,2026-03-31 08:00:00-07:00,0.6706,15.38,235.9,False,0.4829,11.76,226.1,False,0.3345,7.69,245.9,False,0.8998,0.8915,0.990824,1d_transect,2026-03-31 08:00:00-07:00,0.8915114998817444,0.6307202130807771,15.384615948919734,227.87744140625,0.4338572835558587,11.764705758606276,241.3341827392578,0.4453561629869367,8.333333519597852,261.8517761230469,cdip,2026-03-25 20:06:18,0.0
3,2026-03-31 11:00:00-07:00,0.4774,15.38,236.1,False,0.3996,11.76,225.4,False,0.0877,3.03,223.8,True,0.9464,0.6287,0.664323,1d_transect,2026-03-31 11:00:00-07:00,0.6287197470664978,0.4749340057435179,15.384615948919734,228.41433715820312,0.4038808371154194,11.111110669595242,254.1065368652344,,,,cdip,2026-03-25 20:06:18,0.0
3,2026-03-31 14:00:00-07:00,0.5197,15.38,237.1,False,0.326,11.76,225.0,False,0.2434,7.69,243.7,False,0.9378,0.66,0.703752,1d_transect,2026-03-31 14:00:00-07:00,0.6599577069282532,0.4840983447549166,15.384615948919734,229.65969848632807,0.305550996739314,11.764705758606276,240.0771331787109,0.2908590892708537,7.692307974459867,249.61892700195312,cdip,2026-03-25 20:06:18,0.0
4,2026-03-25 02:00:00-07:00,0.4889,18.18,230.8,False,0.3601,12.5,258.2,False,0.2019,4.0,286.7,True,1.3187,0.6399,0.485244,1d_transect,2026-03-25 02:00:00-07:00,0.6398893594741821,0.5308713097243116,12.50000027939678,264.64697265625,0.3222931365245717,16.666667039195705,243.52151489257807,,,,cdip,2026-03-25 20:06:18,0.0
4,2026-03-25 05:00:00-07:00,0.484,18.18,232.4,False,0.431,12.5,258.5,False,0.2027,4.17,297.1,True,1.3274,0.679,0.511558,1d_transect,2026-03-25 05:00:00-07:00,0.6790239214897156,0.471289788272356,12.50000027939678,265.3359375,0.3272343696157347,14.28571422489322,261.9703369140625,0.3226792089682909,16.666667039195705,241.5570373535156,cdip,2026-03-25 20:06:18,0.0
4,2026-03-25 08:00:00-07:00,0.4969,16.67,233.2,False,0.5002,13.33,262.4,False,0.2144,4.0,291.8,True,1.386,0.7369,0.531674,1d_transect,2026-03-25 08:00:00-07:00,0.7369222640991211,0.7219433131105472,12.50000027939678,265.89617919921875,,,,,,,cdip,2026-03-25 20:06:18,0.0
4,2026-03-25 11:00:00-07:00,0.5128,16.67,236.1,False,0.5767,13.33,263.4,False,0.31,4.35,298.0,True,1.5199,0.8317,0.547197,1d_transect,2026-03-25 11:00:00-07:00,0.831658661365509,0.8053925914469282,12.50000027939678,266.2364196777344,0.1959056048730164,4.347826008084592,294.3807983398437,,,,cdip,2026-03-25 20:06:18,0.0
4,2026-03-25 14:00:00-07:00,0.54,16.67,228.9,False,0.6808,13.33,262.3,False,0.3836,4.76,295.0,True,1.6584,0.9499,0.572767,1d_transect,2026-03-25 14:00:00-07:00,0.9498645663261414,0.8903092261826264,12.50000027939678,266.47222900390625,0.2637159451540669,4.761904910578484,291.44403076171875,0.1828244511486476,6.25000013969839,279.0321960449219,cdip,2026-03-25 20:06:18,0.0
4,2026-03-25 17:00:00-07:00,0.5386,16.67,228.7,False,0.7107,13.33,262.3,False,0.5831,5.56,292.3,True,1.8448,1.0654,0.577544,1d_transect,2026-03-25 17:00:00-07:00,1.0654433965682983,0.9465651394082076,12.50000027939678,266.58740234375,0.3605735943950011,6.666666401757145,277.7003173828125,0.3170870185073752,4.761904910578484,293.55474853515625,cdip,2026-03-25 20:06:18,0.0
4,2026-03-25 20:00:00-07:00,0.5204,16.67,228.6,False,0.693,13.33,261.1,False,0.8999,6.67,285.6,False,2.1577,1.2493,0.579017,1d_transect,2026-03-25 20:00:00-07:00,1.249337673187256,0.9366604016262168,12.50000027939678,266.5609741210937,0.7465692210621012,7.14285711244661,276.399169921875,0.3359422461432239,4.999999925494195,289.6507568359375,cdip,2026-03-25 20:06:18,0.0
4,2026-03-25 23:00:00-07:00,0.5226,16.67,228.3,False,1.3907,7.69,283.3,False,0.4829,12.5,266.3,False,2.5211,1.5622,0.619663,1d_transect,2026-03-25 23:00:00-07:00,1.5622073411941528,0.8133988126538014,12.50000027939678,266.39013671875,1.3121935895143528,8.333333519597852,272.375,,,,cdip,2026-03-25 20:06:18,0.0
4,2026-03-26 02:00:00-07:00,0.4574,16.67,230.5,False,1.4202,9.09,277.9,False,,,,,2.8611,1.492,0.521494,1d_transect,2026-03-26 02:00:00-07:00,1.4920282363891602,1.3241065591489507,9.090909140169128,271.1788330078125,0.6149413606738646,12.50000027939678,265.9008483886719,,,,cdip,2026-03-25 20:06:18,0.0
4,2026-03-26 05:00:00-07:00,1.5265,9.87,276.6,False,0.3655,15.38,244.1,False,,,,,2.9087,1.5696,0.539627,1d_transect,2026-03-26 05:00:00-07:00,1.5696271657943726,1.529260471647944,9.871668200422231,269.0616149902344,,,,,,,cdip,2026-03-25 20:06:18,0.0
4,2026-03-26 08:00:00-07:00,1.5421,9.87,274.0,False,0.3463,15.38,241.7,False,,,,,2.8284,1.5805,0.558811,1d_transect,2026-03-26 08:00:00-07:00,1.5805405378341677,1.5377228089796846,9.871668200422231,269.57135009765625,,,,,,,cdip,2026-03-25 20:06:18,0.0
4,2026-03-26 11:00:00-07:00,1.5192,10.53,276.5,False,0.3318,15.38,241.5,False,,,,,2.7396,1.555,0.567625,1d_transect,2026-03-26 11:00:00-07:00,1.5550405979156494,1.5155919947599448,10.526315921561542,268.9195556640625,,,,,,,cdip,2026-03-25 20:06:18,0.0
4,2026-03-26 14:00:00-07:00,1.4348,10.53,270.3,False,,,,,,,,,2.4657,1.4348,0.581892,1d_transect,2026-03-26 14:00:00-07:00,1.4347796440124512,1.4019329128056723,10.526315921561542,268.99969482421875,,,,,,,cdip,2026-03-25 20:06:18,0.0
4,2026-03-26 17:00:00-07:00,1.3092,10.53,276.5,False,,,,,,,,,2.2959,1.3092,0.570252,1d_transect,2026-03-26 17:00:00-07:00,1.3092448711395264,1.1380876542739329,10.526315921561542,268.93408203125,0.5903553531865182,6.666666401757145,277.1064147949219,,,,cdip,2026-03-25 20:06:18,0.0
4,2026-03-26 20:00:00-07:00,1.194,10.53,271.0,False,,,,,,,,,2.0982,1.194,0.569039,1d_transect,2026-03-26 20:00:00-07:00,1.1939730644226074,0.6004284855980492,10.526315921561542,268.757080078125,0.8417552424179774,6.666666401757145,277.38262939453125,0.0792631007352054,19.99999970197678,257.5721435546875,cdip,2026-03-25 20:06:18,0.0
4,2026-03-26 23:00:00-07:00,1.2976,10.53,276.4,False,,,,,,,,,2.0785,1.2976,0.624303,1d_transect,2026-03-26 23:00:00-07:00,1.2976188659667969,0.7286179311886585,12.50000027939678,266.4801330566406,0.8657540139804913,10.526315921561542,268.62677001953125,0.5845179423786974,6.666666401757145,277.4163818359375,cdip,2026-03-25 20:06:18,0.0
4,2026-03-27 02:00:00-07:00,1.293,10.53,270.2,False,,,,,,,,,1.079,1.293,1.198267,1d_transect,2026-03-27 02:00:00-07:00,1.2929890155792236,1.146734442396245,12.50000027939678,266.6484680175781,0.5571339604082903,6.666666401757145,277.41748046875,,,,cdip,2026-03-25 20:06:18,0.0
4,2026-03-27 05:00:00-07:00,1.186,11.76,270.9,False,,,,,,,,,1.0943,1.186,1.083796,1d_transect,2026-03-27 05:00:00-07:00,1.1859948635101318,1.0484425794035528,11.764705758606276,267.04443359375,0.4985887812310822,6.666666401757145,277.4794006347656,0.1499570466592704,18.181818280338256,252.43069458007807,cdip,2026-03-25 20:06:18,0.0
4,2026-03-27 08:00:00-07:00,1.0949,10.53,268.9,False,,,,,,,,,1.0229,1.0949,1.070315,1d_transect,2026-03-27 08:00:00-07:00,1.0948750972747805,0.9634403206513532,11.764705758606276,267.0982360839844,0.4620435469736991,6.666666401757145,277.5473022460937,0.1636812705950389,18.181818280338256,255.6341552734375,cdip,2026-03-25 20:06:18,0.0
4,2026-03-27 11:00:00-07:00,0.9757,10.53,276.1,False,0.3219,18.18,231.7,False,,,,,0.991,1.0275,1.036756,1d_transect,2026-03-27 11:00:00-07:00,1.0274728536605835,0.9012468409499732,11.764705758606276,267.3308410644531,0.1743138886825853,18.181818280338256,258.1787109375,0.4314479129639423,6.666666401757145,277.5791015625,cdip,2026-03-25 20:06:18,0.0
4,2026-03-27 14:00:00-07:00,0.9934,10.53,271.9,False,,,,,,,,,0.9462,0.9934,1.049861,1d_transect,2026-03-27 14:00:00-07:00,0.9933632612228394,0.8403463909358333,11.764705758606276,267.6359558105469,0.2374392656647597,18.181818280338256,259.146484375,0.4457059099876256,6.666666401757145,277.573974609375,cdip,2026-03-25 20:06:18,0.0
4,2026-03-27 17:00:00-07:00,0.9397,10.53,275.8,False,,,,,,,,,0.9698,0.9397,0.96893,1d_transect,2026-03-27 17:00:00-07:00,0.9397088289260864,0.8104018860396756,11.111110669595242,268.50311279296875,0.2450124304368025,16.666667039195705,253.5146331787109,0.3801899813148098,6.666666401757145,277.5890197753906,cdip,2026-03-25 20:06:18,0.0
4,2026-03-27 20:00:00-07:00,1.0059,11.76,269.4,False,,,,,,,,,1.0384,1.0059,0.968721,1d_transect,2026-03-27 20:00:00-07:00,1.0059033632278442,0.8758998875408452,11.764705758606276,267.685791015625,0.266650447031988,16.666667039195705,256.328369140625,0.3895184924844508,6.666666401757145,277.6182556152344,cdip,2026-03-25 20:06:18,0.0
4,2026-03-27 23:00:00-07:00,0.7051,12.5,266.2,False,0.86,10.53,276.5,False,,,,,1.7645,1.1121,0.630258,1d_transect,2026-03-27 23:00:00-07:00,1.1120760440826416,0.9715225513221448,12.50000027939678,266.7112121582031,0.2819059544696122,16.666667039195705,257.7231750488281,0.4378904580660137,6.666666401757145,277.6201171875,cdip,2026-03-25 20:06:18,0.0
4,2026-03-28 02:00:00-07:00,0.7447,12.5,264.6,False,0.877,10.53,271.3,False,,,,,1.7928,1.1505,0.641752,1d_transect,2026-03-28 02:00:00-07:00,1.1505241394042969,1.048779604041567,12.50000027939678,266.712890625,0.4515113799509737,6.25000013969839,278.6674194335937,,,,cdip,2026-03-25 20:06:18,0.0
4,2026-03-28 05:00:00-07:00,0.7334,12.5,265.1,False,0.907,10.53,276.8,False,,,,,1.8496,1.1664,0.630655,1d_transect,2026-03-28 05:00:00-07:00,1.1664366722106934,1.0634127834303533,12.50000027939678,266.6991271972656,0.4580382664761542,6.25000013969839,278.8595275878906,,,,cdip,2026-03-25 20:06:18,0.0
4,2026-03-28 08:00:00-07:00,0.8973,10.53,271.7,False,0.4739,14.29,249.0,False,0.5559,12.5,265.0,False,1.8385,1.157,0.629325,1d_transect,2026-03-28 08:00:00-07:00,1.1570345163345337,1.0709341729513169,12.50000027939678,266.5911865234375,0.4139959053472182,5.882352879303138,279.7049560546875,,,,cdip,2026-03-25 20:06:18,0.0
4,2026-03-28 11:00:00-07:00,0.8794,10.53,277.2,False,0.4556,14.29,250.4,False,0.5253,12.5,265.1,False,1.8137,1.1211,0.618147,1d_transect,2026-03-28 11:00:00-07:00,1.1211347579956057,0.9173938604499138,12.50000027939678,266.40631103515625,0.4896136154189313,14.28571422489322,258.9063720703125,0.3957147612165761,5.882352879303138,280.0536804199219,cdip,2026-03-25 20:06:18,0.0
4,2026-03-28 14:00:00-07:00,0.6641,12.5,265.9,False,0.8231,10.53,266.7,False,,,,,1.7128,1.0576,0.617443,1d_transect,2026-03-28 14:00:00-07:00,1.057574987411499,0.4773962054581622,12.50000027939678,266.1566162109375,0.0254553732007767,14.28571422489322,258.6883239746094,0.8573717015140858,5.882352879303138,280.2741394042969,cdip,2026-03-25 20:06:18,0.0
4,2026-03-28 17:00:00-07:00,0.6319,13.33,249.2,False,0.749,10.53,276.4,False,,,,,1.6313,0.9799,0.600695,1d_transect,2026-03-28 17:00:00-07:00,0.9799437522888184,0.7858331892770186,12.50000027939678,265.78533935546875,0.4602110601452257,14.28571422489322,258.6170349121094,0.3429324564456345,5.882352879303138,280.4276733398437,cdip,2026-03-25 20:06:18,0.0
4,2026-03-28 20:00:00-07:00,0.5765,13.33,250.0,False,0.6456,10.53,265.7,False,,,,,1.5282,0.8656,0.566427,1d_transect,2026-03-28 20:00:00-07:00,0.8655982613563538,0.6827060591294855,11.764705758606276,266.341796875,0.42631175453065,14.28571422489322,258.5531921386719,0.3035416677221151,5.882352879303138,280.65216064453125,cdip,2026-03-25 20:06:18,0.0
4,2026-03-28 23:00:00-07:00,0.6215,13.33,251.4,False,0.6879,9.87,277.6,False,,,,,1.4635,0.9271,0.6335,1d_transect,2026-03-28 23:00:00-07:00,0.9271187782287598,0.5827794574898149,14.28571422489322,258.3729248046875,0.6441058430757017,11.764705758606276,266.0497741699219,0.3070735428231534,5.555555334797621,282.7016906738281,cdip,2026-03-25 20:06:18,0.0
4,2026-03-29 02:00:00-07:00,0.5682,13.33,247.6,False,0.386,9.87,249.6,False,0.4808,7.69,280.8,False,1.4246,0.8385,0.588552,1d_transect,2026-03-29 02:00:00-07:00,0.8384660482406616,0.5409413445261129,13.33333280351429,259.7250366210937,0.5694116138644406,11.764705758606276,265.5844421386719,0.277801975020548,5.263157960780771,282.2939453125,cdip,2026-03-25 20:06:18,0.0
4,2026-03-29 05:00:00-07:00,0.5546,13.33,248.0,False,0.3561,9.87,277.9,False,0.4477,7.69,286.4,False,1.3676,0.7967,0.582567,1d_transect,2026-03-29 05:00:00-07:00,0.7967198491096497,0.520712448018916,13.33333280351429,259.6091613769531,0.5335702197162758,11.764705758606276,264.8780822753906,0.260363987769075,5.263157960780771,283.2904052734375,cdip,2026-03-25 20:06:18,0.0
4,2026-03-29 08:00:00-07:00,0.5432,13.33,247.3,False,0.372,9.87,247.2,False,0.3631,6.25,277.8,False,1.304,0.7519,0.576586,1d_transect,2026-03-29 08:00:00-07:00,0.7518596649169922,0.7037167497164378,13.33333280351429,259.60552978515625,0.2455217790908964,4.999999925494195,284.19293212890625,0.0583613162514566,19.99999970197678,228.2403717041016,cdip,2026-03-25 20:06:18,0.0
4,2026-03-29 11:00:00-07:00,0.5285,13.33,245.7,False,0.3405,9.87,277.1,False,0.3294,6.25,285.4,False,1.2509,0.7098,0.567416,1d_transect,2026-03-29 11:00:00-07:00,0.7097641825675964,0.6685609023387528,13.33333280351429,259.8390808105469,0.2273157142116376,4.999999925494195,284.3909912109375,,,,cdip,2026-03-25 20:06:18,0.0
4,2026-03-29 14:00:00-07:00,0.579,13.33,249.9,False,0.1421,18.18,228.4,False,0.322,9.87,249.1,False,1.0858,0.6776,0.624034,1d_transect,2026-03-29 14:00:00-07:00,0.6775643229484558,0.6407242511374779,13.33333280351429,259.8955078125,0.2105653282468788,4.999999925494195,284.9366760253906,,,,cdip,2026-03-25 20:06:18,0.0
4,2026-03-29 17:00:00-07:00,0.56,13.33,249.3,False,0.153,18.18,227.9,False,0.2963,9.87,277.0,False,1.0649,0.6518,0.612024,1d_transect,2026-03-29 17:00:00-07:00,0.6517672538757324,0.6160767565109937,13.33333280351429,259.7881164550781,0.0804230708395934,18.181818280338256,226.74429321289065,0.1875873253748795,4.999999925494195,285.849365234375,cdip,2026-03-25 20:06:18,0.0
4,2026-03-29 20:00:00-07:00,0.5508,13.33,248.0,False,0.1599,18.18,227.9,False,0.2584,9.09,256.1,False,1.0526,0.6291,0.597647,1d_transect,2026-03-29 20:00:00-07:00,0.6290954947471619,0.5650299824211585,13.33333280351429,259.1977844238281,0.082071921700631,18.181818280338256,227.32797241210935,0.1731485731804317,4.999999925494195,286.8653869628906,cdip,2026-03-25 20:06:18,0.0
4,2026-03-29 23:00:00-07:00,0.4993,12.5,247.3,False,0.19,18.18,231.3,False,0.2417,9.09,280.6,False,1.0264,0.5864,0.571296,1d_transect,2026-03-29 23:00:00-07:00,0.5863775610923767,0.5249755539048093,12.50000027939678,262.0282287597656,0.0778101296167501,18.181818280338256,229.60679626464844,0.1545099447878229,8.333333519597852,265.270263671875,cdip,2026-03-25 20:06:18,0.0
4,2026-03-30 02:00:00-07:00,0.6369,12.5,247.7,False,0.2596,18.18,232.0,False,0.2963,9.09,280.2,False,0.9932,0.7489,0.754035,1d_transect,2026-03-30 02:00:00-07:00,0.7489237189292908,0.6577249891322855,12.50000027939678,262.3597106933594,0.1026187988985298,18.181818280338256,231.0339508056641,0.1880475726018431,8.333333519597852,265.0747985839844,cdip,2026-03-25 20:06:18,0.0
4,2026-03-30 05:00:00-07:00,0.6004,12.5,247.2,False,0.2403,18.18,231.8,False,0.3138,4.76,294.4,True,1.0803,0.7188,0.665382,1d_transect,2026-03-30 05:00:00-07:00,0.7188162803649902,0.62589505936625,12.50000027939678,262.4101257324219,0.1441433220637579,16.666667039195705,227.90304565429688,0.1736951519742314,8.333333519597852,264.9513854980469,cdip,2026-03-25 20:06:18,0.0
4,2026-03-30 08:00:00-07:00,0.5744,12.5,245.5,False,0.2502,16.67,230.8,False,0.2491,4.76,295.4,True,1.02,0.6743,0.66101,1d_transect,2026-03-30 08:00:00-07:00,0.6742591857910156,0.5958012319214961,12.50000027939678,262.1745910644531,0.1578394715800698,16.666667039195705,230.00564575195312,0.16702235451959,8.333333519597852,264.80975341796875,cdip,2026-03-25 20:06:18,0.0
4,2026-03-30 11:00:00-07:00,0.5343,12.5,242.4,False,0.2915,16.67,231.3,False,0.1942,4.55,294.4,True,0.9792,0.6389,0.652439,1d_transect,2026-03-30 11:00:00-07:00,0.6389006972312927,0.5666444789759458,12.50000027939678,261.5436096191406,0.1736889209188689,16.666667039195705,231.1174774169922,0.1600310860854157,8.333333519597852,264.6281433105469,cdip,2026-03-25 20:06:18,0.0
4,2026-03-30 14:00:00-07:00,0.306,16.67,232.0,False,0.5041,12.5,238.2,False,0.1565,4.35,294.1,True,0.9496,0.6101,0.642512,1d_transect,2026-03-30 14:00:00-07:00,0.6100990176200867,0.5609506786191182,12.50000027939678,260.3929443359375,0.188473783539357,16.666667039195705,232.16278076171875,0.1299153837747962,4.545454570084564,296.3096923828125,cdip,2026-03-25 20:06:18,0.0
4,2026-03-30 17:00:00-07:00,0.2923,16.67,232.7,False,0.4312,11.76,234.8,False,0.1146,4.17,294.5,True,0.9148,0.5334,0.583034,1d_transect,2026-03-30 17:00:00-07:00,0.5333794951438904,0.47800822286652,11.764705758606276,261.0267944335937,0.211859385524301,16.666667039195705,233.63092041015625,0.0794765892977324,4.999999925494195,296.24005126953125,cdip,2026-03-25 20:06:18,0.0
4,2026-03-30 20:00:00-07:00,0.264,16.67,233.3,False,0.357,11.76,230.8,False,0.0823,4.0,294.3,True,0.894,0.4516,0.505115,1d_transect,2026-03-30 20:00:00-07:00,0.4515891373157501,0.386864213812953,11.111110669595242,262.490234375,0.2183082812207023,16.666667039195705,235.71710205078125,,,,cdip,2026-03-25 20:06:18,0.0
4,2026-03-30 23:00:00-07:00,0.2628,16.67,234.1,False,0.3307,11.76,227.1,False,0.1036,2.94,283.0,True,0.8917,0.435,0.487787,1d_transect,2026-03-30 23:00:00-07:00,0.4349584281444549,0.3578896281284243,11.111110669595242,261.0062561035156,0.2369143891381802,16.666667039195705,238.64730834960935,,,,cdip,2026-03-25 20:06:18,0.0
4,2026-03-31 02:00:00-07:00,0.422,16.67,235.3,False,0.3647,11.76,224.4,False,0.186,8.33,242.6,False,0.8163,0.588,0.720238,1d_transect,2026-03-31 02:00:00-07:00,0.5879537463188171,0.3518515987009671,16.666667039195705,241.9581298828125,0.4630327765095174,11.111110669595242,265.6754150390625,,,,cdip,2026-03-25 20:06:18,0.0
4,2026-03-31 05:00:00-07:00,0.4229,15.38,234.7,False,0.3572,11.76,223.7,False,0.1741,8.33,266.3,False,0.8464,0.5803,0.685586,1d_transect,2026-03-31 05:00:00-07:00,0.5802816152572632,0.3804299924653103,16.666667039195705,244.94046020507807,0.3923836750617467,11.111110669595242,258.41668701171875,0.1810001802186237,8.333333519597852,265.88531494140625,cdip,2026-03-25 20:06:18,0.0
4,2026-03-31 08:00:00-07:00,0.4481,15.38,235.9,False,0.3241,11.76,226.1,False,0.2276,7.69,245.9,False,0.8366,0.598,0.714838,1d_transect,2026-03-31 08:00:00-07:00,0.5980112552642822,0.3964877324249723,16.666667039195705,246.92340087890625,0.3592341109512128,11.764705758606276,255.4466552734375,0.2565498571636737,8.333333519597852,254.02786254882807,cdip,2026-03-25 20:06:18,0.0
4,2026-03-31 11:00:00-07:00,0.5151,15.38,236.1,False,0.433,11.76,225.4,False,0.0971,3.03,223.8,True,0.8785,0.6799,0.773902,1d_transect,2026-03-31 11:00:00-07:00,0.6798815131187439,0.49222440559591,15.384615948919734,244.638427734375,0.4335028097928964,11.111110669595242,258.4654846191406,0.164211862757713,8.333333519597852,262.05889892578125,cdip,2026-03-25 20:06:18,0.0
4,2026-03-31 14:00:00-07:00,0.5676,15.38,237.1,False,0.3576,11.76,225.0,False,0.2696,7.69,243.7,False,0.8711,0.723,0.829969,1d_transect,2026-03-31 14:00:00-07:00,0.7229946851730347,0.5460173112612894,15.384615948919734,247.55728149414065,0.3467839137164356,11.764705758606276,253.80545043945312,0.2784353781300495,7.692307974459867,247.79708862304688,cdip,2026-03-25 20:06:18,0.0
5,2026-03-25 02:00:00-07:00,0.6435,18.18,230.8,False,0.5802,12.5,258.2,False,0.3478,4.0,286.7,True,1.0852,0.9337,0.860333,1d_transect,2026-03-25 02:00:00-07:00,0.933671534061432,0.5490304098467468,18.181818280338256,243.64385986328125,0.707944039070549,11.111110669595242,283.7325744628906,,,,cdip,2026-03-25 20:06:18,0.0
5,2026-03-25 05:00:00-07:00,0.6077,18.18,232.4,False,0.6624,12.5,258.5,False,0.3193,4.17,297.1,True,1.1026,0.9539,0.86514,1d_transect,2026-03-25 05:00:00-07:00,0.953936755657196,0.5984196031510371,18.181818280338256,242.710205078125,0.6730598817909089,11.111110669595242,283.8111572265625,0.2906007105088273,4.347826008084592,295.685546875,cdip,2026-03-25 20:06:18,0.0
5,2026-03-25 08:00:00-07:00,0.5994,16.67,233.2,False,0.7127,13.33,262.4,False,0.3247,4.0,291.8,True,1.1846,0.9862,0.832539,1d_transect,2026-03-25 08:00:00-07:00,0.986236572265625,0.5316977089905759,16.666667039195705,247.1783142089844,0.7755008914576995,11.764705758606276,281.36944580078125,0.2677734803492583,4.347826008084592,296.36737060546875,cdip,2026-03-25 20:06:18,0.0
5,2026-03-25 11:00:00-07:00,0.6171,16.67,236.1,False,0.7834,13.33,263.4,False,0.4311,4.35,298.0,True,1.3301,1.0865,0.816843,1d_transect,2026-03-25 11:00:00-07:00,1.0864509344100952,0.8627686478231468,11.764705758606276,282.70751953125,0.5244855854346588,16.666667039195705,245.81532287597656,0.372662471648328,4.347826008084592,297.8399658203125,cdip,2026-03-25 20:06:18,0.0
5,2026-03-25 14:00:00-07:00,0.9323,13.33,262.3,False,0.5915,16.67,228.9,False,0.5377,4.76,295.0,True,1.4248,1.2281,0.861912,1d_transect,2026-03-25 14:00:00-07:00,1.228065848350525,1.0260959896683592,11.764705758606276,283.86529541015625,0.4355225938119388,16.666667039195705,245.55735778808597,0.4873228996634801,4.761904910578484,294.67742919921875,cdip,2026-03-25 20:06:18,0.0
5,2026-03-25 17:00:00-07:00,0.9965,13.33,262.3,False,0.6041,16.67,228.7,False,0.8689,5.56,292.3,True,1.6335,1.4536,0.889889,1d_transect,2026-03-25 17:00:00-07:00,1.4535996913909912,1.1336832218891757,11.764705758606276,284.64453125,0.4278278537149541,16.666667039195705,245.6396331787109,0.7809605539101016,5.263157960780771,295.92156982421875,cdip,2026-03-25 20:06:18,0.0
5,2026-03-25 20:00:00-07:00,0.971,13.33,261.1,False,0.5832,16.67,228.6,False,1.3281,6.67,285.6,False,1.9579,1.7455,0.891534,1d_transect,2026-03-25 20:00:00-07:00,1.7455395460128784,1.2360845426431464,11.764705758606276,284.64892578125,1.2134143540176283,6.25000013969839,291.6029663085937,,,,cdip,2026-03-25 20:06:18,0.0
5,2026-03-25 23:00:00-07:00,0.5483,16.67,228.3,False,1.8566,7.69,283.3,False,0.6366,12.5,266.3,False,2.2819,2.0379,0.893055,1d_transect,2026-03-25 23:00:00-07:00,2.037885904312134,1.2430798546258923,11.111110669595242,285.8075561523437,1.5103895149311724,7.692307974459867,288.0172424316406,0.4840282650231412,15.384615948919734,251.5375061035156,cdip,2026-03-25 20:06:18,0.0
5,2026-03-26 02:00:00-07:00,2.1619,9.09,277.9,False,0.5948,16.67,230.5,False,,,,,2.5472,2.2423,0.880277,1d_transect,2026-03-26 02:00:00-07:00,2.2422611713409424,2.159488079695825,9.871668200422231,284.6535339355469,0.4460866171067818,15.384615948919734,248.52978515625,,,,cdip,2026-03-25 20:06:18,0.0
5,2026-03-26 05:00:00-07:00,2.2792,9.87,276.6,False,0.5143,15.38,244.1,False,,,,,2.6152,2.3365,0.893422,1d_transect,2026-03-26 05:00:00-07:00,2.33650016784668,0.4054042017913588,9.871668200422231,284.9882202148437,,,,,,,cdip,2026-03-25 20:06:18,0.0
5,2026-03-26 08:00:00-07:00,2.3325,9.87,274.0,False,0.4748,15.38,241.7,False,,,,,2.6402,2.3803,0.90156,1d_transect,2026-03-26 08:00:00-07:00,2.3803086280822754,2.327131385756759,9.871668200422231,285.26776123046875,,,,,,,cdip,2026-03-25 20:06:18,0.0
5,2026-03-26 11:00:00-07:00,2.2367,10.53,276.5,False,0.4617,15.38,241.5,False,,,,,2.4575,2.2839,0.929344,1d_transect,2026-03-26 11:00:00-07:00,2.283872127532959,2.231627800687359,9.871668200422231,285.8523254394531,,,,,,,cdip,2026-03-25 20:06:18,0.0
5,2026-03-26 14:00:00-07:00,2.1315,10.53,270.3,False,,,,,,,,,2.3051,2.1315,0.924689,1d_transect,2026-03-26 14:00:00-07:00,2.1314961910247803,2.0819914950557314,9.871668200422231,286.6127319335937,,,,,,,cdip,2026-03-25 20:06:18,0.0
5,2026-03-26 17:00:00-07:00,1.962,10.53,276.5,False,,,,,,,,,2.0646,1.962,0.950325,1d_transect,2026-03-26 17:00:00-07:00,1.962002277374268,1.916142357235307,9.871668200422231,287.1459350585937,,,,,,,cdip,2026-03-25 20:06:18,0.0
5,2026-03-26 20:00:00-07:00,1.8213,10.53,271.0,False,,,,,,,,,1.9615,1.8213,0.928499,1d_transect,2026-03-26 20:00:00-07:00,1.8212909698486328,1.7802107625868675,9.871668200422231,287.6368103027344,,,,,,,cdip,2026-03-25 20:06:18,0.0
5,2026-03-26 23:00:00-07:00,1.7691,10.53,276.4,False,,,,,,,,,1.8691,1.7691,0.946524,1d_transect,2026-03-26 23:00:00-07:00,1.7691150903701782,0.9913231333412388,11.111110669595242,285.5936279296875,,,,,,,cdip,2026-03-25 20:06:18,0.0
5,2026-03-27 02:00:00-07:00,1.763,10.53,270.2,False,,,,,,,,,1.0088,1.763,1.747658,1d_transect,2026-03-27 02:00:00-07:00,1.7629635334014893,1.7285415238996775,11.111110669595242,286.089111328125,,,,,,,cdip,2026-03-25 20:06:18,0.0
5,2026-03-27 05:00:00-07:00,1.7187,11.76,270.9,False,,,,,,,,,1.0076,1.7187,1.705713,1d_transect,2026-03-27 05:00:00-07:00,1.718726396560669,1.6865790821254762,11.111110669595242,286.45562744140625,,,,,,,cdip,2026-03-25 20:06:18,0.0
5,2026-03-27 08:00:00-07:00,1.6317,10.53,268.9,False,,,,,,,,,0.9537,1.6317,1.710829,1d_transect,2026-03-27 08:00:00-07:00,1.6316708326339722,1.588646284876995,11.111110669595242,286.6067810058594,0.2032479705733331,18.181818280338256,263.58184814453125,,,,cdip,2026-03-25 20:06:18,0.0
5,2026-03-27 11:00:00-07:00,1.5003,10.53,276.1,False,0.4086,18.18,231.7,False,,,,,0.8771,1.5549,1.772706,1d_transect,2026-03-27 11:00:00-07:00,1.5549219846725464,1.5103627599490783,11.111110669595242,286.5966796875,0.2177805994282374,18.181818280338256,265.9965209960937,,,,cdip,2026-03-25 20:06:18,0.0
5,2026-03-27 14:00:00-07:00,1.5077,10.53,271.9,False,,,,,,,,,0.8845,1.5077,1.70451,1d_transect,2026-03-27 14:00:00-07:00,1.5077229738235474,1.4462461690575843,11.111110669595242,286.36688232421875,0.3083957243480525,16.666667039195705,255.64505004882807,,,,cdip,2026-03-25 20:06:18,0.0
5,2026-03-27 17:00:00-07:00,1.4669,10.53,275.8,False,,,,,,,,,0.8721,1.4669,1.682006,1d_transect,2026-03-27 17:00:00-07:00,1.4669034481048584,1.401134810636769,11.111110669595242,285.9742431640625,0.3261879514398537,16.666667039195705,258.4714660644531,,,,cdip,2026-03-25 20:06:18,0.0
5,2026-03-27 20:00:00-07:00,1.4664,11.76,269.4,False,,,,,,,,,0.9561,1.4664,1.53361,1d_transect,2026-03-27 20:00:00-07:00,1.4663599729537964,1.400046537402274,10.526315921561542,287.0537109375,0.3336272207922812,16.666667039195705,261.4754333496094,,,,cdip,2026-03-25 20:06:18,0.0
5,2026-03-27 23:00:00-07:00,0.9627,12.5,266.2,False,1.1543,10.53,276.5,False,,,,,1.5977,1.5031,0.940789,1d_transect,2026-03-27 23:00:00-07:00,1.503088116645813,1.44053649280077,11.111110669595242,286.5550537109375,0.330992852279847,16.666667039195705,263.1591186523437,,,,cdip,2026-03-25 20:06:18,0.0
5,2026-03-28 02:00:00-07:00,0.9816,12.5,264.6,False,1.186,10.53,271.3,False,,,,,1.6584,1.5395,0.928296,1d_transect,2026-03-28 02:00:00-07:00,1.5395054817199707,1.5161514664704068,11.111110669595242,287.05694580078125,,,,,,,cdip,2026-03-25 20:06:18,0.0
5,2026-03-28 05:00:00-07:00,1.0065,12.5,265.1,False,1.2237,10.53,276.8,False,,,,,1.6745,1.5844,0.946185,1d_transect,2026-03-28 05:00:00-07:00,1.5844262838363647,1.5614797337116728,11.111110669595242,287.27294921875,,,,,,,cdip,2026-03-25 20:06:18,0.0
5,2026-03-28 08:00:00-07:00,1.2633,10.53,271.7,False,0.6298,14.29,249.0,False,0.7628,12.5,265.0,False,1.693,1.6045,0.947731,1d_transect,2026-03-28 08:00:00-07:00,1.6045230627059937,1.48770729114958,11.111110669595242,287.2619323730469,0.5351481653519953,14.28571422489322,265.7723388671875,,,,cdip,2026-03-25 20:06:18,0.0
5,2026-03-28 11:00:00-07:00,1.2413,10.53,277.2,False,0.6399,14.29,250.4,False,0.7542,12.5,265.1,False,1.6358,1.5871,0.970224,1d_transect,2026-03-28 11:00:00-07:00,1.5871124267578125,1.4699701379845558,11.111110669595242,287.1805114746094,0.5335370786359545,14.28571422489322,265.2636413574219,,,,cdip,2026-03-25 20:06:18,0.0
5,2026-03-28 14:00:00-07:00,0.9475,12.5,265.9,False,1.1969,10.53,266.7,False,,,,,1.5851,1.5265,0.963057,1d_transect,2026-03-28 14:00:00-07:00,1.5265171527862549,1.4096887938438123,11.111110669595242,287.1363220214844,0.5259556859827133,14.28571422489322,264.5579833984375,,,,cdip,2026-03-25 20:06:18,0.0
5,2026-03-28 17:00:00-07:00,0.9256,13.33,249.2,False,1.105,10.53,276.4,False,,,,,1.4627,1.4415,0.985475,1d_transect,2026-03-28 17:00:00-07:00,1.4414620399475098,1.3254737016936569,11.111110669595242,287.1126708984375,0.5124423026043874,14.28571422489322,264.1085510253906,,,,cdip,2026-03-25 20:06:18,0.0
5,2026-03-28 20:00:00-07:00,0.8783,13.33,250.0,False,1.027,10.53,265.7,False,,,,,1.3984,1.3513,0.966352,1d_transect,2026-03-28 20:00:00-07:00,1.3513330221176147,1.1890272652848186,11.111110669595242,286.8656921386719,0.6014011215169134,14.28571422489322,263.84881591796875,,,,cdip,2026-03-25 20:06:18,0.0
5,2026-03-28 23:00:00-07:00,0.8584,13.33,251.4,False,0.9499,9.87,277.6,False,,,,,1.3199,1.2802,0.969924,1d_transect,2026-03-28 23:00:00-07:00,1.2802411317825315,1.113862853214875,11.111110669595242,286.43853759765625,0.5925493718311747,13.33333280351429,265.2724304199219,,,,cdip,2026-03-25 20:06:18,0.0
5,2026-03-29 02:00:00-07:00,0.8314,13.33,247.6,False,0.5873,9.87,249.6,False,0.7297,7.69,280.8,False,1.2987,1.2525,0.964356,1d_transect,2026-03-29 02:00:00-07:00,1.2524536848068235,1.086691607839755,10.526315921561542,287.4732360839844,0.5840719010263964,13.33333280351429,265.0492553710937,,,,cdip,2026-03-25 20:06:18,0.0
5,2026-03-29 05:00:00-07:00,0.8253,13.33,248.0,False,0.5353,9.87,277.9,False,0.7092,7.69,286.4,False,1.249,1.2127,0.97095,1d_transect,2026-03-29 05:00:00-07:00,1.2126851081848145,0.5684791270365022,13.33333280351429,264.9589538574219,1.0510462192859606,10.526315921561542,287.1974182128906,,,,cdip,2026-03-25 20:06:18,0.0
5,2026-03-29 08:00:00-07:00,0.8069,13.33,247.3,False,0.5748,9.87,247.2,False,0.5549,6.25,277.8,False,1.1838,1.1355,0.959235,1d_transect,2026-03-29 08:00:00-07:00,1.1355206966400146,0.6573773445785326,13.33333280351429,264.9803466796875,0.9060294308342028,10.526315921561542,286.9665832519531,,,,cdip,2026-03-25 20:06:18,0.0
5,2026-03-29 11:00:00-07:00,0.7751,13.33,245.7,False,0.5044,9.87,277.1,False,0.5187,6.25,285.4,False,1.1377,1.0603,0.932024,1d_transect,2026-03-29 11:00:00-07:00,1.06032133102417,0.6338338346373957,13.33333280351429,265.2102966308594,0.8315978130145132,10.526315921561542,286.70318603515625,,,,cdip,2026-03-25 20:06:18,0.0
5,2026-03-29 14:00:00-07:00,0.8565,13.33,249.9,False,0.1657,18.18,228.4,False,0.4954,9.87,249.1,False,0.9704,1.0033,1.033904,1d_transect,2026-03-29 14:00:00-07:00,1.0032894611358645,0.5989472899593699,13.33333280351429,265.10699462890625,0.5694818129884163,9.871668200422231,288.21978759765625,0.5303911988112958,6.666666401757145,298.1909484863281,cdip,2026-03-25 20:06:18,0.0
5,2026-03-29 17:00:00-07:00,0.826,13.33,249.3,False,0.1779,18.18,227.9,False,0.4414,9.87,277.0,False,0.9429,0.9533,1.011036,1d_transect,2026-03-29 17:00:00-07:00,0.953340709209442,0.5743041352120718,13.33333280351429,264.781494140625,0.5634914145008133,9.871668200422231,288.1458435058594,0.4686470822760109,6.666666401757145,298.5294189453125,cdip,2026-03-25 20:06:18,0.0
5,2026-03-29 20:00:00-07:00,0.8026,13.33,248.0,False,0.1836,18.18,227.9,False,0.3773,9.09,256.1,False,0.9287,0.9056,0.97521,1d_transect,2026-03-29 20:00:00-07:00,0.9056478142738342,0.5489854349604111,13.33333280351429,263.7425842285156,0.5317347537817831,9.090909140169128,292.5440368652344,0.1454655991146139,18.181818280338256,240.4289093017578,cdip,2026-03-25 20:06:18,0.0
5,2026-03-29 23:00:00-07:00,0.7635,12.5,247.3,False,0.2391,18.18,231.3,False,0.3757,9.09,280.6,False,0.9131,0.8839,0.968067,1d_transect,2026-03-29 23:00:00-07:00,0.8839048743247986,0.5551747462146408,13.33333280351429,262.35418701171875,0.4715164644561453,9.090909140169128,292.5678100585937,0.1489151625787847,18.181818280338256,240.93019104003903,cdip,2026-03-25 20:06:18,0.0
5,2026-03-30 02:00:00-07:00,0.7703,12.5,247.7,False,0.2582,18.18,232.0,False,0.3643,9.09,280.2,False,0.8811,0.8904,1.010474,1d_transect,2026-03-30 02:00:00-07:00,0.8903540372848511,0.529465772454646,12.50000027939678,266.3397216796875,0.4483333403544207,8.333333519597852,295.91375732421875,0.1492380585911488,18.181818280338256,241.29067993164065,cdip,2026-03-25 20:06:18,0.0
5,2026-03-30 05:00:00-07:00,0.7126,12.5,247.2,False,0.2346,18.18,231.8,False,0.3992,4.76,294.4,True,0.9711,0.8498,0.875095,1d_transect,2026-03-30 05:00:00-07:00,0.8497755527496338,0.5538048092762068,12.50000027939678,266.646728515625,0.3466396093708297,8.333333519597852,296.0353698730469,0.187718257388885,18.181818280338256,241.5660552978516,cdip,2026-03-25 20:06:18,0.0
5,2026-03-30 08:00:00-07:00,0.6692,12.5,245.5,False,0.2488,16.67,230.8,False,0.2995,4.76,295.4,True,0.9073,0.7742,0.853327,1d_transect,2026-03-30 08:00:00-07:00,0.7742347717285156,0.5268570084147189,12.50000027939678,266.779296875,0.3259321833960523,8.333333519597852,296.0814819335937,0.1984329288716894,16.666667039195705,241.01092529296875,cdip,2026-03-25 20:06:18,0.0
5,2026-03-30 11:00:00-07:00,0.6078,12.5,242.4,False,0.2874,16.67,231.3,False,0.2404,4.55,294.4,True,0.8551,0.714,0.835003,1d_transect,2026-03-30 11:00:00-07:00,0.7140443325042725,0.500243630509049,12.50000027939678,266.3489990234375,0.3237499113271474,8.333333519597852,296.0462341308594,0.2116780853281933,16.666667039195705,241.21469116210935,cdip,2026-03-25 20:06:18,0.0
5,2026-03-30 14:00:00-07:00,0.5642,12.5,238.2,False,0.305,16.67,232.0,False,0.1958,4.35,294.1,True,0.8067,0.6706,0.83133,1d_transect,2026-03-30 14:00:00-07:00,0.6706007719039917,0.4581687935116478,12.50000027939678,265.2678527832031,0.2537959036918931,16.666667039195705,241.4483337402344,0.3080529849878083,8.333333519597852,295.7597045898437,cdip,2026-03-25 20:06:18,0.0
5,2026-03-30 17:00:00-07:00,0.3242,16.67,232.7,False,0.523,11.76,234.8,False,0.1597,4.17,294.5,True,0.7571,0.6357,0.839614,1d_transect,2026-03-30 17:00:00-07:00,0.635688841342926,0.4254161478955829,12.50000027939678,263.3157653808594,0.2686129324678888,16.666667039195705,242.1366271972656,0.2933006258588995,8.333333519597852,294.7582397460937,cdip,2026-03-25 20:06:18,0.0
5,2026-03-30 20:00:00-07:00,0.3316,16.67,233.3,False,0.4903,11.76,230.8,False,0.1298,4.0,294.3,True,0.7357,0.606,0.823717,1d_transect,2026-03-30 20:00:00-07:00,0.6060182452201843,0.3052020747659411,16.666667039195705,243.7445373535156,0.3774639359791014,12.50000027939678,260.61529541015625,0.2798477788482869,8.333333519597852,292.4483642578125,cdip,2026-03-25 20:06:18,0.0
5,2026-03-30 23:00:00-07:00,0.3405,16.67,234.1,False,0.4412,11.76,227.1,False,0.1651,2.94,283.0,True,0.7084,0.5813,0.820563,1d_transect,2026-03-30 23:00:00-07:00,0.5812808275222778,0.322615976376586,16.666667039195705,246.5482482910156,0.3181485153553922,12.50000027939678,256.76763916015625,0.2982190538488969,8.333333519597852,288.4417419433594,cdip,2026-03-25 20:06:18,0.0
5,2026-03-31 02:00:00-07:00,0.42,16.67,235.3,False,0.3289,11.76,224.4,False,0.2087,8.33,242.6,False,0.6443,0.5728,0.88907,1d_transect,2026-03-31 02:00:00-07:00,0.5728214979171753,0.3367432753908902,16.666667039195705,249.6602783203125,0.3012372962609771,11.111110669595242,270.7620544433594,0.2962175967682702,8.333333519597852,284.565673828125,cdip,2026-03-25 20:06:18,0.0
5,2026-03-31 05:00:00-07:00,0.4024,15.38,234.7,False,0.316,11.76,223.7,False,0.1981,8.33,266.3,False,0.6609,0.5487,0.830242,1d_transect,2026-03-31 05:00:00-07:00,0.5486730337142944,0.3563712354883856,16.666667039195705,252.7759704589844,0.3116009744277805,11.111110669595242,271.9174194335937,0.2674116464483278,8.333333519597852,276.3568115234375,cdip,2026-03-25 20:06:18,0.0
5,2026-03-31 08:00:00-07:00,0.4227,15.38,235.9,False,0.295,11.76,226.1,False,0.2455,7.69,245.9,False,0.6958,0.571,0.820615,1d_transect,2026-03-31 08:00:00-07:00,0.5709518194198608,0.3667485895659219,15.384615948919734,248.0861053466797,0.3086894390981206,11.111110669595242,272.2774963378906,0.298378513732419,8.333333519597852,273.8314819335937,cdip,2026-03-25 20:06:18,0.0
5,2026-03-31 11:00:00-07:00,0.4452,15.38,236.1,False,0.3612,11.76,225.4,False,0.0788,3.03,223.8,True,0.7109,0.5787,0.81403,1d_transect,2026-03-31 11:00:00-07:00,0.578667938709259,0.3912381382138488,15.384615948919734,249.3696746826172,0.4161265409641435,11.111110669595242,275.1183776855469,,,,cdip,2026-03-25 20:06:18,0.0
5,2026-03-31 14:00:00-07:00,0.4918,15.38,237.1,False,0.299,11.76,225.0,False,0.2603,7.69,243.7,False,0.7218,0.6317,0.875186,1d_transect,2026-03-31 14:00:00-07:00,0.6317256689071655,0.4202255709082906,15.384615948919734,251.2922515869141,0.3376718264742089,11.111110669595242,275.04351806640625,0.2759149743023839,7.692307974459867,263.13531494140625,cdip,2026-03-25 20:06:18,0.0
6,2026-03-25 02:00:00-07:00,0.4026,18.18,230.8,False,0.4184,12.5,258.2,False,0.2598,4.0,286.7,True,1.0613,0.6361,0.599412,1d_transect,2026-03-25 02:00:00-07:00,0.6361439228057861,0.3308575803614619,18.181818280338256,244.6557159423828,0.5088851568153787,11.111110669595242,284.7485046386719,,,,cdip,2026-03-25 20:06:18,0.0
6,2026-03-25 05:00:00-07:00,0.3783,18.18,232.4,False,0.4753,12.5,258.5,False,0.2407,4.17,297.1,True,1.0895,0.6534,0.59977,1d_transect,2026-03-25 05:00:00-07:00,0.6534241437911987,0.4098705347459261,16.666667039195705,249.70350646972656,0.4560033223175225,11.111110669595242,284.4774780273437,0.2035797666507207,4.347826008084592,295.7901916503906,cdip,2026-03-25 20:06:18,0.0
6,2026-03-25 08:00:00-07:00,0.3663,16.67,233.2,False,0.5284,13.33,262.4,False,0.245,4.0,291.8,True,1.1829,0.6881,0.581654,1d_transect,2026-03-25 08:00:00-07:00,0.6880634427070618,0.4959311780745587,11.111110669595242,284.8465576171875,0.2773922979042267,16.666667039195705,248.78854370117188,0.3224060907283078,14.28571422489322,271.2486572265625,cdip,2026-03-25 20:06:18,0.0
6,2026-03-25 11:00:00-07:00,0.3857,16.67,236.1,False,0.5775,13.33,263.4,False,0.3256,4.35,298.0,True,1.3517,0.767,0.567458,1d_transect,2026-03-25 11:00:00-07:00,0.767006516456604,0.5590492060157805,11.111110669595242,285.4874267578125,0.4394626041133055,13.33333280351429,276.5985717773437,0.2604552666895571,4.347826008084592,297.9649963378906,cdip,2026-03-25 20:06:18,0.0
6,2026-03-25 14:00:00-07:00,0.682,13.33,262.3,False,0.3477,16.67,228.9,False,0.4031,4.76,295.0,True,1.456,0.8652,0.594208,1d_transect,2026-03-25 14:00:00-07:00,0.8651766180992126,0.7842242275839073,11.111110669595242,286.24444580078125,0.3397877647472783,4.761904910578484,294.80487060546875,,,,cdip,2026-03-25 20:06:18,0.0
6,2026-03-25 17:00:00-07:00,0.7206,13.33,262.3,False,0.351,16.67,228.7,False,0.6396,5.56,292.3,True,1.6911,1.0254,0.606371,1d_transect,2026-03-25 17:00:00-07:00,1.0254117250442505,0.8547882535315379,11.111110669595242,286.97613525390625,0.5462149863231833,5.263157960780771,295.9779357910156,,,,cdip,2026-03-25 20:06:18,0.0
6,2026-03-25 20:00:00-07:00,0.6878,13.33,261.1,False,0.3319,16.67,228.6,False,0.9715,6.67,285.6,False,2.0767,1.2357,0.595056,1d_transect,2026-03-25 20:00:00-07:00,1.2357343435287476,0.9108019312325112,11.111110669595242,287.1571655273437,0.8177328012067155,6.25000013969839,291.3591613769531,,,,cdip,2026-03-25 20:06:18,0.0
6,2026-03-25 23:00:00-07:00,0.3039,16.67,228.3,False,1.3301,7.69,283.3,False,0.4522,12.5,266.3,False,2.4763,1.4374,0.580459,1d_transect,2026-03-25 23:00:00-07:00,1.4373708963394165,0.9446868526676592,11.111110669595242,286.7301025390625,1.0608448591537771,7.692307974459867,287.7702331542969,,,,cdip,2026-03-25 20:06:18,0.0
6,2026-03-26 02:00:00-07:00,1.5431,9.09,277.9,False,0.3368,16.67,230.5,False,,,,,2.7714,1.5794,0.569907,1d_transect,2026-03-26 02:00:00-07:00,1.5794228315353394,1.552860674725016,10.526315921561542,283.3635559082031,,,,,,,cdip,2026-03-25 20:06:18,0.0
6,2026-03-26 05:00:00-07:00,1.6167,9.87,276.6,False,0.3039,15.38,244.1,False,,,,,2.8617,1.6451,0.574854,1d_transect,2026-03-26 05:00:00-07:00,1.6450575590133667,1.6125032818629803,9.090909140169128,286.317138671875,,,,,,,cdip,2026-03-25 20:06:18,0.0
6,2026-03-26 08:00:00-07:00,1.6487,9.87,274.0,False,0.2814,15.38,241.7,False,,,,,2.8736,1.6725,0.582036,1d_transect,2026-03-26 08:00:00-07:00,1.6725116968154907,1.6363373440243665,9.871668200422231,284.45233154296875,,,,,,,cdip,2026-03-25 20:06:18,0.0
6,2026-03-26 11:00:00-07:00,1.58,10.53,276.5,False,0.2703,15.38,241.5,False,,,,,2.705,1.603,0.59261,1d_transect,2026-03-26 11:00:00-07:00,1.6030068397521973,1.5678585671621967,10.526315921561542,284.1199645996094,,,,,,,cdip,2026-03-25 20:06:18,0.0
6,2026-03-26 14:00:00-07:00,1.4984,10.53,270.3,False,,,,,,,,,2.5359,1.4984,0.590883,1d_transect,2026-03-26 14:00:00-07:00,1.498443841934204,1.4650159754061252,10.526315921561542,285.0443725585937,,,,,,,cdip,2026-03-25 20:06:18,0.0
6,2026-03-26 17:00:00-07:00,1.3839,10.53,276.5,False,,,,,,,,,2.2871,1.3839,0.605091,1d_transect,2026-03-26 17:00:00-07:00,1.383931279182434,1.3525891471499736,10.526315921561542,285.5558166503906,,,,,,,cdip,2026-03-25 20:06:18,0.0
6,2026-03-26 20:00:00-07:00,1.2905,10.53,271.0,False,,,,,,,,,2.158,1.2905,0.598006,1d_transect,2026-03-26 20:00:00-07:00,1.2904874086380005,1.2619642854462552,11.111110669595242,285.3704833984375,,,,,,,cdip,2026-03-25 20:06:18,0.0
6,2026-03-26 23:00:00-07:00,1.2575,10.53,276.4,False,,,,,,,,,2.0706,1.2575,0.607297,1d_transect,2026-03-26 23:00:00-07:00,1.257455825805664,1.2312859393564028,11.111110669595242,285.97039794921875,,,,,,,cdip,2026-03-25 20:06:18,0.0
6,2026-03-27 02:00:00-07:00,1.2559,10.53,270.2,False,,,,,,,,,1.1098,1.2559,1.13164,1d_transect,2026-03-27 02:00:00-07:00,1.2558708190917969,1.2312184127033157,11.111110669595242,286.366455078125,,,,,,,cdip,2026-03-25 20:06:18,0.0
6,2026-03-27 05:00:00-07:00,1.2278,11.76,270.9,False,,,,,,,,,1.1128,1.2278,1.103334,1d_transect,2026-03-27 05:00:00-07:00,1.2278110980987549,1.2042773994994769,11.111110669595242,286.5834350585937,,,,,,,cdip,2026-03-25 20:06:18,0.0
6,2026-03-27 08:00:00-07:00,1.1643,10.53,268.9,False,,,,,,,,,1.0412,1.1643,1.11827,1d_transect,2026-03-27 08:00:00-07:00,1.1643261909484863,1.1349188369133394,11.111110669595242,286.3956298828125,0.1246280171583155,18.181818280338256,261.6766662597656,,,,cdip,2026-03-25 20:06:18,0.0
6,2026-03-27 11:00:00-07:00,1.0794,10.53,276.1,False,0.2383,18.18,231.7,False,,,,,0.9601,1.1054,1.151305,1d_transect,2026-03-27 11:00:00-07:00,1.1054133176803589,1.0748067093465714,11.111110669595242,285.9904479980469,0.1353475505813464,18.181818280338256,263.7593078613281,,,,cdip,2026-03-25 20:06:18,0.0
6,2026-03-27 14:00:00-07:00,1.0696,10.53,271.9,False,,,,,,,,,0.9731,1.0696,1.099174,1d_transect,2026-03-27 14:00:00-07:00,1.069641351699829,1.037532385970008,10.526315921561542,287.32769775390625,0.1421417601483149,18.181818280338256,264.4429931640625,,,,cdip,2026-03-25 20:06:18,0.0
6,2026-03-27 17:00:00-07:00,1.0411,10.53,275.8,False,,,,,,,,,0.9661,1.0411,1.07757,1d_transect,2026-03-27 17:00:00-07:00,1.0410847663879397,0.997678210447882,10.526315921561542,287.32489013671875,0.2069167031155343,16.666667039195705,261.7160339355469,,,,cdip,2026-03-25 20:06:18,0.0
6,2026-03-27 20:00:00-07:00,1.0441,11.76,269.4,False,,,,,,,,,1.0466,1.0441,0.997641,1d_transect,2026-03-27 20:00:00-07:00,1.0440993309020996,0.9990655058359008,10.526315921561542,287.38525390625,0.2181657949038562,16.666667039195705,264.0564270019531,,,,cdip,2026-03-25 20:06:18,0.0
6,2026-03-27 23:00:00-07:00,0.6819,12.5,266.2,False,0.8289,10.53,276.5,False,,,,,1.7602,1.0734,0.609796,1d_transect,2026-03-27 23:00:00-07:00,1.073350191116333,1.0298640572467703,10.526315921561542,287.5130920410156,0.2210599860031408,16.666667039195705,265.24725341796875,,,,cdip,2026-03-25 20:06:18,0.0
6,2026-03-28 02:00:00-07:00,0.6906,12.5,264.6,False,0.8574,10.53,271.3,False,,,,,1.8048,1.101,0.610012,1d_transect,2026-03-28 02:00:00-07:00,1.1009552478790283,1.082106579368876,10.526315921561542,287.7042236328125,,,,,,,cdip,2026-03-25 20:06:18,0.0
6,2026-03-28 05:00:00-07:00,0.7146,12.5,265.1,False,0.8807,10.53,276.8,False,,,,,1.845,1.1342,0.614724,1d_transect,2026-03-28 05:00:00-07:00,1.1341745853424072,1.0525806492492995,11.111110669595242,286.4916687011719,0.3702434871142274,14.28571422489322,270.1382141113281,,,,cdip,2026-03-25 20:06:18,0.0
6,2026-03-28 08:00:00-07:00,0.9299,10.53,271.7,False,0.5465,12.5,265.0,False,0.3982,14.29,249.0,False,1.8132,1.1498,0.634108,1d_transect,2026-03-28 08:00:00-07:00,1.1497591733932495,1.068585804027066,11.111110669595242,286.5490417480469,0.3710952638121522,14.28571422489322,269.9485778808594,,,,cdip,2026-03-25 20:06:18,0.0
6,2026-03-28 11:00:00-07:00,0.9085,10.53,277.2,False,0.5445,12.5,265.1,False,0.4158,14.29,250.4,False,1.7751,1.1379,0.641001,1d_transect,2026-03-28 11:00:00-07:00,1.1378536224365234,1.0573553361336476,11.111110669595242,286.4365539550781,0.3674817381794322,14.28571422489322,269.5615539550781,,,,cdip,2026-03-25 20:06:18,0.0
6,2026-03-28 14:00:00-07:00,0.6793,12.5,265.9,False,0.8572,10.53,266.7,False,,,,,1.7311,1.0937,0.631765,1d_transect,2026-03-28 14:00:00-07:00,1.0936685800552368,1.0151592123063402,11.111110669595242,286.3788146972656,0.3571984577726476,14.28571422489322,268.69122314453125,,,,cdip,2026-03-25 20:06:18,0.0
6,2026-03-28 17:00:00-07:00,0.5965,13.33,249.2,False,0.8404,10.53,276.4,False,,,,,1.5233,1.0306,0.676546,1d_transect,2026-03-28 17:00:00-07:00,1.0305808782577517,0.9289021423636428,11.111110669595242,286.3453369140625,0.4070949419108153,14.28571422489322,267.78387451171875,,,,cdip,2026-03-25 20:06:18,0.0
6,2026-03-28 20:00:00-07:00,0.5715,13.33,250.0,False,0.7772,10.53,265.7,False,,,,,1.4401,0.9647,0.669855,1d_transect,2026-03-28 20:00:00-07:00,0.9646807312965392,0.8619692710299325,10.526315921561542,288.0723876953125,0.3969850056256424,13.33333280351429,267.64849853515625,,,,cdip,2026-03-25 20:06:18,0.0
6,2026-03-28 23:00:00-07:00,0.5738,13.33,251.4,False,0.7115,9.87,277.6,False,,,,,1.387,0.914,0.659,1d_transect,2026-03-28 23:00:00-07:00,0.9140474796295166,0.8114317370728833,10.526315921561542,288.10906982421875,0.3844621142621434,13.33333280351429,266.93121337890625,,,,cdip,2026-03-25 20:06:18,0.0
6,2026-03-29 02:00:00-07:00,0.5623,13.33,247.6,False,0.3852,9.87,249.6,False,0.5795,7.69,280.8,False,1.2876,0.8946,0.694793,1d_transect,2026-03-29 02:00:00-07:00,0.894635796546936,0.7938964343128156,10.526315921561542,288.023681640625,0.3747087978124762,13.33333280351429,266.8717041015625,,,,cdip,2026-03-25 20:06:18,0.0
6,2026-03-29 05:00:00-07:00,0.5339,13.33,248.0,False,0.4067,9.87,277.9,False,0.5433,7.69,286.4,False,1.2905,0.8635,0.669094,1d_transect,2026-03-29 05:00:00-07:00,0.8634685277938843,0.7663982905877208,9.871668200422231,289.42218017578125,0.3616514698800072,13.33333280351429,266.8822021484375,,,,cdip,2026-03-25 20:06:18,0.0
6,2026-03-29 08:00:00-07:00,0.5557,13.33,247.3,False,0.3839,9.87,247.2,False,0.4358,6.25,277.8,False,1.1422,0.8038,0.703689,1d_transect,2026-03-29 08:00:00-07:00,0.8037512898445129,0.6672682504663132,9.871668200422231,289.4532470703125,0.4213341520326133,13.33333280351429,266.9471435546875,,,,cdip,2026-03-25 20:06:18,0.0
6,2026-03-29 11:00:00-07:00,0.5041,13.33,245.7,False,0.3853,9.87,277.1,False,0.3938,6.25,285.4,False,1.1565,0.7468,0.645714,1d_transect,2026-03-29 11:00:00-07:00,0.7467721104621887,0.6102161437755389,9.871668200422231,289.4456787109375,0.4070664120769615,13.33333280351429,267.09295654296875,,,,cdip,2026-03-25 20:06:18,0.0
6,2026-03-29 14:00:00-07:00,0.6071,13.33,249.9,False,0.1098,18.18,228.4,False,0.3405,9.87,249.1,False,0.9027,0.7047,0.780591,1d_transect,2026-03-29 14:00:00-07:00,0.7046645879745483,0.3883094882686834,13.33333280351429,267.0084533691406,0.5689266536853548,9.871668200422231,289.42010498046875,0.0722654928447024,18.181818280338256,242.4740295410156,cdip,2026-03-25 20:06:18,0.0
6,2026-03-29 17:00:00-07:00,0.5577,13.33,249.3,False,0.1123,18.18,227.9,False,0.35,9.87,277.0,False,0.9186,0.6679,0.727126,1d_transect,2026-03-29 17:00:00-07:00,0.6679297685623169,0.3754132531872732,13.33333280351429,266.7966613769531,0.4185533175310293,9.871668200422231,289.3590087890625,0.3302556725610501,6.666666401757145,298.53448486328125,cdip,2026-03-25 20:06:18,0.0
6,2026-03-29 20:00:00-07:00,0.5493,13.33,248.0,False,0.1175,18.18,227.9,False,0.2914,9.09,256.1,False,0.8901,0.6328,0.710953,1d_transect,2026-03-29 20:00:00-07:00,0.6327835321426392,0.3615958850868091,13.33333280351429,266.0006408691406,0.391101178066514,9.871668200422231,289.2259521484375,0.3111379970581341,6.25000013969839,299.5481872558594,cdip,2026-03-25 20:06:18,0.0
6,2026-03-29 23:00:00-07:00,0.5127,12.5,247.3,False,0.1548,18.18,231.3,False,0.3036,9.09,280.6,False,0.8818,0.6156,0.698131,1d_transect,2026-03-29 23:00:00-07:00,0.6156309843063354,0.3476626418428897,13.33333280351429,264.8136901855469,0.3670381275168422,9.871668200422231,288.9214782714844,0.3234844028775486,6.25000013969839,301.2391357421875,cdip,2026-03-25 20:06:18,0.0
6,2026-03-30 02:00:00-07:00,0.5174,12.5,247.7,False,0.1673,18.18,232.0,False,0.2946,9.09,280.2,False,0.8483,0.6185,0.729032,1d_transect,2026-03-30 02:00:00-07:00,0.6184593439102173,0.3526673743559544,12.50000027939678,267.397216796875,0.3245163124544546,9.871668200422231,288.2915954589844,0.3681475131972389,5.882352879303138,301.67645263671875,cdip,2026-03-25 20:06:18,0.0
6,2026-03-30 05:00:00-07:00,0.4759,12.5,247.2,False,0.1512,18.18,231.8,False,0.3093,4.76,294.4,True,0.9357,0.5874,0.62777,1d_transect,2026-03-30 05:00:00-07:00,0.5874049663543701,0.3323519592718365,12.50000027939678,267.61138916015625,0.3041502495258743,9.871668200422231,287.32135009765625,0.3491464900536521,5.555555334797621,302.5330505371094,cdip,2026-03-25 20:06:18,0.0
6,2026-03-30 08:00:00-07:00,0.4501,12.5,245.5,False,0.1572,16.67,230.8,False,0.2353,4.76,295.4,True,0.8625,0.5317,0.616456,1d_transect,2026-03-30 08:00:00-07:00,0.5316753387451172,0.3150427414412645,12.50000027939678,267.5082092285156,0.2864305673349594,9.871668200422231,285.98297119140625,0.1175469577014425,16.666667039195705,242.40045166015625,cdip,2026-03-25 20:06:18,0.0
6,2026-03-30 11:00:00-07:00,0.4043,12.5,242.4,False,0.1895,16.67,231.3,False,0.1957,4.55,294.4,True,0.7745,0.4875,0.629407,1d_transect,2026-03-30 11:00:00-07:00,0.4875018000602722,0.297195077656861,12.50000027939678,266.8681030273437,0.2729966422017393,9.871668200422231,284.3966979980469,0.12451283571233,16.666667039195705,242.6124420166016,cdip,2026-03-25 20:06:18,0.0
6,2026-03-30 14:00:00-07:00,0.3712,12.5,238.2,False,0.2073,16.67,232.0,False,0.1643,4.35,294.1,True,0.7056,0.4558,0.645949,1d_transect,2026-03-30 14:00:00-07:00,0.4558081328868866,0.3802573552451118,12.50000027939678,265.72088623046875,0.1517643603059053,16.666667039195705,242.8787078857422,0.1871284209748674,6.25000013969839,302.5189514160156,cdip,2026-03-25 20:06:18,0.0
6,2026-03-30 17:00:00-07:00,0.2256,16.67,232.7,False,0.3395,11.76,234.8,False,0.1372,4.17,294.5,True,0.6439,0.4301,0.667922,1d_transect,2026-03-30 17:00:00-07:00,0.4300804734230041,0.2660139239252628,12.50000027939678,263.9689636230469,0.1606179853351956,16.666667039195705,243.4443817138672,0.2366358797760803,9.090909140169128,288.3586120605469,cdip,2026-03-25 20:06:18,0.0
6,2026-03-30 20:00:00-07:00,0.2298,16.67,233.3,False,0.317,11.76,230.8,False,0.1111,4.0,294.3,True,0.6237,0.407,0.652575,1d_transect,2026-03-30 20:00:00-07:00,0.4069810807704925,0.2453685215137527,12.50000027939678,261.7209777832031,0.1690054275000859,16.666667039195705,244.94583129882807,0.2242716732602235,9.090909140169128,286.3450012207031,cdip,2026-03-25 20:06:18,0.0
6,2026-03-30 23:00:00-07:00,0.2324,16.67,234.1,False,0.2772,11.76,227.1,False,0.137,2.94,283.0,True,0.6042,0.3868,0.640151,1d_transect,2026-03-30 23:00:00-07:00,0.3867954313755035,0.193069824927519,16.666667039195705,247.87034606933597,0.21429308433184,12.50000027939678,258.5341796875,0.2113959121308666,9.090909140169128,284.7287292480469,cdip,2026-03-25 20:06:18,0.0
6,2026-03-31 02:00:00-07:00,0.2918,16.67,235.3,False,0.2019,11.76,224.4,False,0.1346,8.33,242.6,False,0.5528,0.3795,0.686581,1d_transect,2026-03-31 02:00:00-07:00,0.3795101940631866,0.2031666258773166,16.666667039195705,251.2387542724609,0.1197576764378038,12.50000027939678,256.7254638671875,0.1636534345601631,8.333333519597852,286.5346984863281,cdip,2026-03-25 20:06:18,0.0
6,2026-03-31 05:00:00-07:00,0.2596,15.38,234.7,False,0.188,11.76,223.7,False,0.16,8.33,266.3,False,0.5766,0.3583,0.621304,1d_transect,2026-03-31 05:00:00-07:00,0.3582655489444732,0.2164751281262908,16.666667039195705,254.3170166015625,0.2080198281135437,11.111110669595242,272.8201904296875,0.1886967179449629,8.333333519597852,279.3096008300781,cdip,2026-03-25 20:06:18,0.0
6,2026-03-31 08:00:00-07:00,0.2832,15.38,235.9,False,0.1792,11.76,226.1,False,0.1661,7.69,245.9,False,0.6044,0.374,0.618811,1d_transect,2026-03-31 08:00:00-07:00,0.3739795684814453,0.225445266695841,16.666667039195705,256.5868530273437,0.2061762061600111,11.111110669595242,273.4111633300781,0.2076096779709666,8.333333519597852,276.931884765625,cdip,2026-03-25 20:06:18,0.0
6,2026-03-31 11:00:00-07:00,0.3071,15.38,236.1,False,0.2258,11.76,225.4,False,0.0467,3.03,223.8,True,0.6076,0.384,0.632022,1d_transect,2026-03-31 11:00:00-07:00,0.3840247988700866,0.2426889039999868,15.384615948919734,252.1669921875,0.289627789653807,10.526315921561542,282.710205078125,,,,cdip,2026-03-25 20:06:18,0.0
6,2026-03-31 14:00:00-07:00,0.3384,15.38,237.1,False,0.1865,11.76,225.0,False,0.167,7.69,243.7,False,0.621,0.421,0.677891,1d_transect,2026-03-31 14:00:00-07:00,0.4209532141685486,0.2520306984047167,15.384615948919734,254.2298583984375,0.2476663648332813,10.526315921561542,282.95196533203125,0.1904797425202453,7.692307974459867,266.6351013183594,cdip,2026-03-25 20:06:18,0.0
7,2026-03-25 02:00:00-07:00,0.2914,18.18,230.8,False,0.3541,12.5,258.2,False,0.3037,4.0,286.7,True,0.8062,0.55,0.682194,1d_transect,2026-03-25 02:00:00-07:00,0.5500165224075317,0.2841167572549057,18.181818280338256,245.53146362304688,0.4409516507334257,10.526315921561542,287.121826171875,,,,cdip,2026-03-25 20:06:18,0.0
7,2026-03-25 05:00:00-07:00,0.2736,18.18,232.4,False,0.402,12.5,258.5,False,0.2955,4.17,297.1,True,0.8341,0.569,0.68213,1d_transect,2026-03-25 05:00:00-07:00,0.5689820647239685,0.2491662800173591,16.666667039195705,250.56382751464844,0.3017159264391404,13.33333280351429,275.87066650390625,0.3638288579093394,10.526315921561542,286.8652648925781,cdip,2026-03-25 20:06:18,0.0
7,2026-03-25 08:00:00-07:00,0.4704,13.33,262.4,False,0.2411,16.67,233.2,False,0.2877,4.0,291.8,True,0.9282,0.6018,0.64836,1d_transect,2026-03-25 08:00:00-07:00,0.601794421672821,0.3369269194430329,13.33333280351429,277.1496276855469,0.2436299637856392,16.666667039195705,249.3530731201172,0.392874577099337,11.111110669595242,283.7618103027344,cdip,2026-03-25 20:06:18,0.0
7,2026-03-25 11:00:00-07:00,0.4897,13.33,263.4,False,0.2567,16.67,236.1,False,0.3732,4.35,298.0,True,1.1071,0.6671,0.602549,1d_transect,2026-03-25 11:00:00-07:00,0.6670960187911987,0.3978026810294084,14.28571422489322,273.16070556640625,0.4750407444974565,11.111110669595242,284.4971618652344,0.2228036267264589,4.347826008084592,298.0444030761719,cdip,2026-03-25 20:06:18,0.0
7,2026-03-25 14:00:00-07:00,0.5608,13.33,262.3,False,0.1994,16.67,228.9,False,0.4479,4.76,295.0,True,1.2176,0.7449,0.611781,1d_transect,2026-03-25 14:00:00-07:00,0.7449070811271667,0.5378134475765602,11.764705758606276,282.6669311523437,0.4092561540641365,14.28571422489322,272.9617919921875,0.2904524596700877,4.761904910578484,294.9067077636719,cdip,2026-03-25 20:06:18,0.0
7,2026-03-25 17:00:00-07:00,0.5568,13.33,262.3,False,0.1892,16.67,228.7,False,0.6518,5.56,292.3,True,1.4962,0.8779,0.586721,1d_transect,2026-03-25 17:00:00-07:00,0.8778766393661499,0.7316910741911934,11.111110669595242,286.34918212890625,0.4668813791758417,5.263157960780771,296.0021667480469,,,,cdip,2026-03-25 20:06:18,0.0
7,2026-03-25 20:00:00-07:00,0.5007,13.33,261.1,False,0.1686,16.67,228.6,False,0.9173,6.67,285.6,False,1.9512,1.0586,0.542509,1d_transect,2026-03-25 20:00:00-07:00,1.058569312095642,0.7804545050580333,11.111110669595242,286.7206420898437,0.6993844643609537,6.25000013969839,291.5546264648437,,,,cdip,2026-03-25 20:06:18,0.0
7,2026-03-25 23:00:00-07:00,1.1747,7.69,283.3,False,0.3303,12.5,266.3,False,0.1474,16.67,228.3,False,2.4317,1.2291,0.505468,1d_transect,2026-03-25 23:00:00-07:00,1.229142665863037,0.7307909836499182,11.111110669595242,286.54364013671875,0.9702879688368548,8.333333519597852,285.5477294921875,,,,cdip,2026-03-25 20:06:18,0.0
7,2026-03-26 02:00:00-07:00,1.3389,9.09,277.9,False,0.1741,16.67,230.5,False,,,,,2.7069,1.3502,0.498792,1d_transect,2026-03-26 02:00:00-07:00,1.3501739501953125,0.6604220060593533,9.090909140169128,285.30548095703125,,,,,,,cdip,2026-03-25 20:06:18,0.0
7,2026-03-26 05:00:00-07:00,1.3932,9.87,276.6,False,0.1726,15.38,244.1,False,,,,,2.8095,1.4039,0.499687,1d_transect,2026-03-26 05:00:00-07:00,1.403890609741211,1.3761872385334346,9.090909140169128,285.82257080078125,,,,,,,cdip,2026-03-25 20:06:18,0.0
7,2026-03-26 08:00:00-07:00,1.4131,9.87,274.0,False,0.1752,15.38,241.7,False,,,,,2.5683,1.4239,0.554426,1d_transect,2026-03-26 08:00:00-07:00,1.4239492416381836,1.3933394213575965,10.526315921561542,283.1000366210937,,,,,,,cdip,2026-03-25 20:06:18,0.0
7,2026-03-26 11:00:00-07:00,1.3553,10.53,276.5,False,0.1525,15.38,241.5,False,,,,,2.6657,1.3638,0.511626,1d_transect,2026-03-26 11:00:00-07:00,1.3638217449188232,1.334124636378157,10.526315921561542,283.931640625,,,,,,,cdip,2026-03-25 20:06:18,0.0
7,2026-03-26 14:00:00-07:00,1.2753,10.53,270.3,False,,,,,,,,,2.2866,1.2753,0.557755,1d_transect,2026-03-26 14:00:00-07:00,1.2753483057022097,1.2471113779510377,10.526315921561542,284.85986328125,,,,,,,cdip,2026-03-25 20:06:18,0.0
7,2026-03-26 17:00:00-07:00,1.1796,10.53,276.5,False,,,,,,,,,2.2723,1.1796,0.519105,1d_transect,2026-03-26 17:00:00-07:00,1.1795583963394165,1.1530705423478158,10.526315921561542,285.3885498046875,,,,,,,cdip,2026-03-25 20:06:18,0.0
7,2026-03-26 20:00:00-07:00,1.1026,10.53,271.0,False,,,,,,,,,1.9458,1.1026,0.566646,1d_transect,2026-03-26 20:00:00-07:00,1.102568745613098,1.0784635343967317,11.111110669595242,285.1819763183594,,,,,,,cdip,2026-03-25 20:06:18,0.0
7,2026-03-26 23:00:00-07:00,1.0755,10.53,276.4,False,,,,,,,,,2.0571,1.0755,0.52284,1d_transect,2026-03-26 23:00:00-07:00,1.0755497217178345,0.0592008209499393,11.111110669595242,285.7367553710937,,,,,,,cdip,2026-03-25 20:06:18,0.0
7,2026-03-27 02:00:00-07:00,1.0743,10.53,270.2,False,,,,,,,,,1.0007,1.0743,1.073566,1d_transect,2026-03-27 02:00:00-07:00,1.0742653608322144,1.0533596945519328,11.111110669595242,286.0765380859375,,,,,,,cdip,2026-03-25 20:06:18,0.0
7,2026-03-27 05:00:00-07:00,1.0509,11.76,270.9,False,,,,,,,,,1.0045,1.0509,1.046201,1d_transect,2026-03-27 05:00:00-07:00,1.0508763790130615,1.030833146228498,11.111110669595242,286.2117919921875,,,,,,,cdip,2026-03-25 20:06:18,0.0
7,2026-03-27 08:00:00-07:00,0.9957,10.53,268.9,False,,,,,,,,,0.8491,0.9957,1.172584,1d_transect,2026-03-27 08:00:00-07:00,0.9956793785095216,0.969653022605285,11.111110669595242,285.816162109375,0.1136397451532963,18.181818280338256,260.8558959960937,,,,cdip,2026-03-25 20:06:18,0.0
7,2026-03-27 11:00:00-07:00,0.9351,10.53,276.1,False,0.1321,18.18,231.7,False,,,,,0.9407,0.9444,1.003895,1d_transect,2026-03-27 11:00:00-07:00,0.944391429424286,0.9169460529385538,10.526315921561542,287.3154296875,0.1239928685365871,18.181818280338256,262.46173095703125,,,,cdip,2026-03-25 20:06:18,0.0
7,2026-03-27 14:00:00-07:00,0.9155,10.53,271.9,False,,,,,,,,,0.8774,0.9155,1.043359,1d_transect,2026-03-27 14:00:00-07:00,0.9154868125915528,0.8796524704256673,10.526315921561542,287.3069763183594,0.1708292150222126,18.181818280338256,263.0122375488281,,,,cdip,2026-03-25 20:06:18,0.0
7,2026-03-27 17:00:00-07:00,0.8964,10.53,275.8,False,,,,,,,,,0.9599,0.8964,0.933929,1d_transect,2026-03-27 17:00:00-07:00,0.8964475393295288,0.8573264646560481,10.526315921561542,287.28564453125,0.1860073362409897,16.666667039195705,261.57720947265625,,,,cdip,2026-03-25 20:06:18,0.0
7,2026-03-27 20:00:00-07:00,0.9039,11.76,269.4,False,,,,,,,,,0.8657,0.9039,1.044079,1d_transect,2026-03-27 20:00:00-07:00,0.9039068222045898,0.8636099131910792,10.526315921561542,287.3189392089844,0.1948127707186872,16.666667039195705,264.0233764648437,,,,cdip,2026-03-25 20:06:18,0.0
7,2026-03-27 23:00:00-07:00,0.7625,10.53,276.5,False,0.5296,12.5,266.2,False,,,,,1.6443,0.9284,0.564607,1d_transect,2026-03-27 23:00:00-07:00,0.9283657073974608,0.8895161504618124,10.526315921561542,287.4476318359375,0.1962557124427446,16.666667039195705,265.2374267578125,,,,cdip,2026-03-25 20:06:18,0.0
7,2026-03-28 02:00:00-07:00,0.7776,10.53,271.3,False,0.545,12.5,264.6,False,,,,,1.5476,0.9496,0.613596,1d_transect,2026-03-28 02:00:00-07:00,0.949613094329834,0.9330504041897326,10.526315921561542,287.6489562988281,,,,,,,cdip,2026-03-25 20:06:18,0.0
7,2026-03-28 05:00:00-07:00,0.8051,10.53,276.8,False,0.5516,12.5,265.1,False,,,,,1.7254,0.976,0.565658,1d_transect,2026-03-28 05:00:00-07:00,0.9759730100631714,0.8980655679420715,10.526315921561542,287.7877197265625,0.3386788610769882,14.28571422489322,271.83990478515625,,,,cdip,2026-03-25 20:06:18,0.0
7,2026-03-28 08:00:00-07:00,0.8452,10.53,271.7,False,0.4322,12.5,265.0,False,0.2756,14.29,249.0,False,1.5465,0.9885,0.639184,1d_transect,2026-03-28 08:00:00-07:00,0.9884685277938844,0.911089271474052,10.526315921561542,287.8182983398437,0.3391842321914374,14.28571422489322,271.6981811523437,,,,cdip,2026-03-25 20:06:18,0.0
7,2026-03-28 11:00:00-07:00,0.8364,10.53,277.2,False,0.4232,12.5,265.1,False,0.2797,14.29,250.4,False,1.6469,0.9782,0.593977,1d_transect,2026-03-28 11:00:00-07:00,0.9781948924064636,0.9019274172871588,10.526315921561542,287.8237609863281,0.3345056644844995,14.28571422489322,271.32110595703125,,,,cdip,2026-03-25 20:06:18,0.0
7,2026-03-28 14:00:00-07:00,0.5941,12.5,265.9,False,0.7289,10.53,266.7,False,,,,,1.4275,0.9403,0.658731,1d_transect,2026-03-28 14:00:00-07:00,0.9403267502784728,0.8667395752658318,10.526315921561542,287.948486328125,0.3226760379873535,14.28571422489322,270.361328125,,,,cdip,2026-03-25 20:06:18,0.0
7,2026-03-28 17:00:00-07:00,0.7963,10.53,276.4,False,0.3885,13.33,249.2,False,,,,,1.3731,0.886,0.645275,1d_transect,2026-03-28 17:00:00-07:00,0.8860384225845337,0.7906483153441137,10.526315921561542,288.0577697753906,0.3665994010615408,14.28571422489322,269.23614501953125,,,,cdip,2026-03-25 20:06:18,0.0
7,2026-03-28 20:00:00-07:00,0.7072,10.53,265.7,False,0.4354,13.33,250.0,False,,,,,1.1111,0.8304,0.747376,1d_transect,2026-03-28 20:00:00-07:00,0.8304416537284851,0.7355245804611321,10.526315921561542,288.0294494628906,0.3542221644638835,13.33333280351429,269.1778564453125,,,,cdip,2026-03-25 20:06:18,0.0
7,2026-03-28 23:00:00-07:00,0.3982,13.33,251.4,False,0.6814,9.87,277.6,False,,,,,1.2397,0.7892,0.636638,1d_transect,2026-03-28 23:00:00-07:00,0.789247989654541,0.696347990953146,10.526315921561542,288.0212097167969,0.3392656550526259,13.33333280351429,268.1827087402344,,,,cdip,2026-03-25 20:06:18,0.0
7,2026-03-29 02:00:00-07:00,0.3968,13.33,247.6,False,0.6074,7.69,280.8,False,0.2729,9.87,249.6,False,1.0795,0.7751,0.718068,1d_transect,2026-03-29 02:00:00-07:00,0.7751256227493286,0.6851953798688422,9.871668200422231,289.6309814453125,0.3284214393330681,13.33333280351429,267.9305419921875,,,,cdip,2026-03-25 20:06:18,0.0
7,2026-03-29 05:00:00-07:00,0.3483,13.33,248.0,False,0.3851,9.87,277.9,False,0.5404,7.69,286.4,False,1.1724,0.7494,0.639204,1d_transect,2026-03-29 05:00:00-07:00,0.7494334578514099,0.6284410501789557,9.871668200422231,289.6062927246094,0.3143528771538042,13.33333280351429,267.75994873046875,0.2147599636038008,11.764705758606276,276.3951721191406,cdip,2026-03-25 20:06:18,0.0
7,2026-03-29 08:00:00-07:00,0.4207,13.33,247.3,False,0.2917,9.87,247.2,False,0.4728,6.25,277.8,False,0.8932,0.6969,0.780189,1d_transect,2026-03-29 08:00:00-07:00,0.6968608498573303,0.5786706428584241,9.871668200422231,289.5850524902344,0.363687193405606,13.33333280351429,267.64117431640625,,,,cdip,2026-03-25 20:06:18,0.0
7,2026-03-29 11:00:00-07:00,0.3387,13.33,245.7,False,0.3759,9.87,277.1,False,0.4013,6.25,285.4,False,1.0164,0.6458,0.63537,1d_transect,2026-03-29 11:00:00-07:00,0.6457782983779907,0.5295841592015478,9.871668200422231,289.5308837890625,0.3478644018381317,13.33333280351429,267.5647277832031,,,,cdip,2026-03-25 20:06:18,0.0
7,2026-03-29 14:00:00-07:00,0.5242,13.33,249.9,False,0.2952,9.87,249.1,False,0.0848,18.18,228.4,False,0.6154,0.6075,0.987198,1d_transect,2026-03-29 14:00:00-07:00,0.6075356006622314,0.3289369555771794,13.33333280351429,267.1999206542969,0.4937822452862502,9.871668200422231,289.4861755371094,0.0609443242064352,18.181818280338256,243.48358154296875,cdip,2026-03-25 20:06:18,0.0
7,2026-03-29 17:00:00-07:00,0.4205,13.33,249.3,False,0.3832,9.87,277.0,False,0.0757,18.18,227.9,False,0.7147,0.574,0.803035,1d_transect,2026-03-29 17:00:00-07:00,0.5739656090736389,0.3158674237706891,13.33333280351429,266.738525390625,0.364197703456708,9.871668200422231,289.420654296875,0.2845560751019374,6.666666401757145,298.52960205078125,cdip,2026-03-25 20:06:18,0.0
7,2026-03-29 20:00:00-07:00,0.4656,13.33,248.0,False,0.0891,18.18,227.9,False,0.2632,9.09,256.1,False,0.6143,0.5422,0.882579,1d_transect,2026-03-29 20:00:00-07:00,0.5421952605247498,0.3033227592205005,13.33333280351429,265.7491760253906,0.3393581163042378,9.871668200422231,289.2977294921875,0.267959116430308,6.25000013969839,299.59228515625,cdip,2026-03-25 20:06:18,0.0
7,2026-03-29 23:00:00-07:00,0.3856,12.5,247.3,False,0.1085,18.18,231.3,False,0.3413,9.09,280.6,False,0.6844,0.5263,0.769029,1d_transect,2026-03-29 23:00:00-07:00,0.5263016819953918,0.2917874886255491,13.33333280351429,264.5239562988281,0.3172583159192121,9.871668200422231,288.9890441894531,0.2783468049139666,6.25000013969839,301.2527770996094,cdip,2026-03-25 20:06:18,0.0
7,2026-03-30 02:00:00-07:00,0.3922,12.5,247.7,False,0.1181,18.18,232.0,False,0.3337,9.09,280.2,False,0.6529,0.5283,0.809182,1d_transect,2026-03-30 02:00:00-07:00,0.5282829999923706,0.2965470208262591,12.50000027939678,267.90045166015625,0.2799377081436538,9.090909140169128,292.02935791015625,0.3169342515148376,5.882352879303138,301.7138061523437,cdip,2026-03-25 20:06:18,0.0
7,2026-03-30 05:00:00-07:00,0.3466,12.5,247.2,False,0.1025,18.18,231.8,False,0.3474,4.76,294.4,True,0.7489,0.5013,0.669458,1d_transect,2026-03-30 05:00:00-07:00,0.501331627368927,0.2797555048943616,12.50000027939678,268.18341064453125,0.2609027462503685,9.090909140169128,292.01812744140625,0.3005847562800169,5.555555334797621,302.5906982421875,cdip,2026-03-25 20:06:18,0.0
7,2026-03-30 08:00:00-07:00,0.3406,12.5,245.5,False,0.1029,16.67,230.8,False,0.2814,4.76,295.4,True,0.6641,0.4536,0.683081,1d_transect,2026-03-30 08:00:00-07:00,0.453626811504364,0.2661454069012226,12.50000027939678,268.29888916015625,0.2449946409485982,9.090909140169128,291.8517761230469,0.1001034031330757,16.666667039195705,243.59413146972656,cdip,2026-03-25 20:06:18,0.0
7,2026-03-30 11:00:00-07:00,0.3098,12.5,242.4,False,0.1326,16.67,231.3,False,0.2442,4.55,294.4,True,0.5582,0.4162,0.745557,1d_transect,2026-03-30 11:00:00-07:00,0.4161726534366607,0.2520307306046641,12.50000027939678,267.9365539550781,0.2408275081088558,9.090909140169128,291.3129577636719,0.1059178193259384,16.666667039195705,244.13839721679688,cdip,2026-03-25 20:06:18,0.0
7,2026-03-30 14:00:00-07:00,0.2821,12.5,238.2,False,0.1549,16.67,232.0,False,0.219,4.35,294.1,True,0.4763,0.3892,0.817198,1d_transect,2026-03-30 14:00:00-07:00,0.3892124891281128,0.2439612720115963,12.50000027939678,267.0345153808594,0.2138115549235294,9.090909140169128,290.1855163574219,0.1287701233882439,16.666667039195705,244.7777404785156,cdip,2026-03-25 20:06:18,0.0
7,2026-03-30 17:00:00-07:00,0.1819,16.67,232.7,False,0.2507,11.76,234.8,False,0.1973,4.17,294.5,True,0.4027,0.3673,0.911985,1d_transect,2026-03-30 17:00:00-07:00,0.367269903421402,0.2252362486198687,12.50000027939678,265.3703308105469,0.13646730012798,16.666667039195705,245.539794921875,0.2038393001154029,9.090909140169128,288.4486694335937,cdip,2026-03-25 20:06:18,0.0
7,2026-03-30 20:00:00-07:00,0.1901,16.67,233.3,False,0.2402,11.76,230.8,False,0.1639,4.0,294.3,True,0.38,0.3474,0.914122,1d_transect,2026-03-30 20:00:00-07:00,0.3473913669586181,0.2068444774366786,12.50000027939678,262.9583740234375,0.1443782810333601,16.666667039195705,246.92633056640625,0.19337149885489,9.090909140169128,286.4864501953125,cdip,2026-03-25 20:06:18,0.0
7,2026-03-30 23:00:00-07:00,0.1932,16.67,234.1,False,0.186,11.76,227.1,False,0.1929,2.94,283.0,True,0.3666,0.3303,0.900978,1d_transect,2026-03-30 23:00:00-07:00,0.330294519662857,0.1665153523391143,16.666667039195705,249.35037231445312,0.1793367388297532,12.50000027939678,259.29998779296875,0.1820425034695447,9.090909140169128,284.93267822265625,cdip,2026-03-25 20:06:18,0.0
7,2026-03-31 02:00:00-07:00,0.2696,16.67,235.3,False,0.1234,11.76,224.4,False,0.1313,8.33,242.6,False,0.3204,0.3243,1.011876,1d_transect,2026-03-31 02:00:00-07:00,0.3242526054382324,0.1759831451697103,16.666667039195705,252.27569580078125,0.1692885205430375,11.111110669595242,272.51715087890625,0.1794198815693384,8.333333519597852,287.21246337890625,cdip,2026-03-25 20:06:18,0.0
7,2026-03-31 05:00:00-07:00,0.2144,15.38,234.7,False,0.1125,11.76,223.7,False,0.1874,8.33,266.3,False,0.3416,0.3061,0.896209,1d_transect,2026-03-31 05:00:00-07:00,0.3061282634735107,0.1884912326362807,16.666667039195705,254.59600830078125,0.1730765766073849,11.111110669595242,273.12548828125,0.1623537944570814,8.333333519597852,279.98876953125,cdip,2026-03-25 20:06:18,0.0
7,2026-03-31 08:00:00-07:00,0.2471,15.38,235.9,False,0.1216,11.76,226.1,False,0.1616,7.69,245.9,False,0.3624,0.3193,0.881005,1d_transect,2026-03-31 08:00:00-07:00,0.3192638158798218,0.1963348506324686,16.666667039195705,256.65533447265625,0.1716408942858146,11.111110669595242,273.7725830078125,0.1773635770069374,8.333333519597852,277.8683776855469,cdip,2026-03-25 20:06:18,0.0
7,2026-03-31 11:00:00-07:00,0.2848,15.38,236.1,False,0.1629,11.76,225.4,False,0.0282,3.03,223.8,True,0.3443,0.3293,0.956312,1d_transect,2026-03-31 11:00:00-07:00,0.3292593657970428,0.2106806076490093,15.384615948919734,252.86932373046875,0.2459347142492484,10.526315921561542,282.6650390625,,,,cdip,2026-03-25 20:06:18,0.0
7,2026-03-31 14:00:00-07:00,0.2973,15.38,237.1,False,0.1275,11.76,225.0,False,0.1582,7.69,243.7,False,0.3706,0.3601,0.971709,1d_transect,2026-03-31 14:00:00-07:00,0.3600692451000213,0.2273353536983069,15.384615948919734,254.95034790039065,0.199662439828927,10.526315921561542,282.9252319335937,0.1621364460023625,7.692307974459867,268.21319580078125,cdip,2026-03-25 20:06:18,0.0
8,2026-03-25 02:00:00-07:00,0.6604,18.18,230.8,False,0.4955,12.5,258.2,False,0.2614,4.0,286.7,True,1.8555,0.866,0.466707,1d_transect,2026-03-25 02:00:00-07:00,0.8659687042236328,0.4989902493870523,15.384615948919734,260.6246643066406,0.3956585011090952,12.50000027939678,275.85369873046875,0.5155298679607847,9.871668200422231,285.6748962402344,cdip,2026-03-25 20:06:18,0.0
8,2026-03-25 05:00:00-07:00,0.6397,18.18,232.4,False,0.5803,12.5,258.5,False,0.2544,4.17,297.1,True,1.8701,0.9003,0.481449,1d_transect,2026-03-25 05:00:00-07:00,0.9003449082374573,0.5230217342939725,15.384615948919734,261.9480895996094,0.6576922911417563,12.50000027939678,276.93914794921875,0.2960869609936026,4.166666759798926,296.50054931640625,cdip,2026-03-25 20:06:18,0.0
8,2026-03-25 08:00:00-07:00,0.5334,16.67,233.2,False,0.5496,13.33,262.4,False,0.2234,4.0,291.8,True,1.9631,0.7978,0.406413,1d_transect,2026-03-25 08:00:00-07:00,0.7978335022926331,0.6015637362569334,12.50000027939678,278.5770568847656,0.4568142746942678,14.28571422489322,271.70330810546875,0.2307534217293004,4.347826008084592,297.3801574707031,cdip,2026-03-25 20:06:18,0.0
8,2026-03-25 11:00:00-07:00,0.5425,16.67,236.1,False,0.6206,13.33,263.4,False,0.3094,4.35,298.0,True,2.1496,0.8804,0.40958,1d_transect,2026-03-25 11:00:00-07:00,0.8804343938827515,0.8140808976382439,12.50000027939678,279.6192626953125,0.3124301097542261,4.347826008084592,299.1737060546875,,,,cdip,2026-03-25 20:06:18,0.0
8,2026-03-25 14:00:00-07:00,0.5558,16.67,228.9,False,0.7224,13.33,262.3,False,0.3775,4.76,295.0,True,2.3335,0.9865,0.422755,1d_transect,2026-03-25 14:00:00-07:00,0.9865148067474364,0.8849901387195632,12.50000027939678,280.1298828125,0.4147987130867918,4.761904910578484,295.62176513671875,,,,cdip,2026-03-25 20:06:18,0.0
8,2026-03-25 17:00:00-07:00,0.5823,16.67,228.7,False,0.7923,13.33,262.3,False,0.6163,5.56,292.3,True,2.5912,1.1604,0.447835,1d_transect,2026-03-25 17:00:00-07:00,1.1604433059692385,0.9435889375315376,12.50000027939678,280.0734558105469,0.6583376652499374,5.263157960780771,296.89111328125,,,,cdip,2026-03-25 20:06:18,0.0
8,2026-03-25 20:00:00-07:00,0.6,16.67,228.6,False,0.8238,13.33,261.1,False,1.0274,6.67,285.6,False,3.0226,1.4472,0.478791,1d_transect,2026-03-25 20:00:00-07:00,1.4471948146820068,0.7585477357919224,12.50000027939678,279.8835754394531,0.6040762498200896,10.526315921561542,284.1041259765625,1.0581193592082043,6.25000013969839,292.53253173828125,cdip,2026-03-25 20:06:18,0.0
8,2026-03-25 23:00:00-07:00,0.5078,16.67,228.3,False,1.3169,7.69,283.3,False,0.4836,12.5,266.3,False,3.455,1.492,0.431833,1d_transect,2026-03-25 23:00:00-07:00,1.491962432861328,0.5555784817276638,9.871668200422231,285.3775329589844,1.2119890867485468,8.333333519597852,286.5802307128906,0.6295466771557979,12.50000027939678,279.4620361328125,cdip,2026-03-25 20:06:18,0.0
8,2026-03-26 02:00:00-07:00,0.5008,16.67,230.5,False,1.5718,9.09,277.9,False,,,,,4.057,1.6497,0.406632,1d_transect,2026-03-26 02:00:00-07:00,1.6497052907943726,1.577069112543161,9.871668200422231,284.0057067871094,0.3814017325703065,14.28571422489322,261.7024841308594,,,,cdip,2026-03-25 20:06:18,0.0
8,2026-03-26 05:00:00-07:00,1.6521,9.87,276.6,False,0.3965,15.38,244.1,False,,,,,4.1292,1.699,0.411453,1d_transect,2026-03-26 05:00:00-07:00,1.6989635229110718,1.6281316520027174,9.871668200422231,284.114990234375,0.2706256068347489,14.28571422489322,258.96337890625,0.2370627795620583,16.666667039195705,247.11476135253903,cdip,2026-03-25 20:06:18,0.0
8,2026-03-26 08:00:00-07:00,1.6585,9.87,274.0,False,0.3648,15.38,241.7,False,,,,,4.1028,1.6981,0.413892,1d_transect,2026-03-26 08:00:00-07:00,1.698122262954712,1.6499301166940763,9.871668200422231,284.4586181640625,0.2236255592387779,16.666667039195705,246.62014770507807,,,,cdip,2026-03-25 20:06:18,0.0
8,2026-03-26 11:00:00-07:00,1.6399,10.53,276.5,False,0.3567,15.38,241.5,False,,,,,3.9124,1.6782,0.428942,1d_transect,2026-03-26 11:00:00-07:00,1.6781902313232422,1.630146119655464,10.526315921561542,283.6244506835937,0.2201930672247564,16.666667039195705,246.3204803466797,,,,cdip,2026-03-25 20:06:18,0.0
8,2026-03-26 14:00:00-07:00,1.5666,10.53,270.3,False,,,,,,,,,3.6029,1.5666,0.43483,1d_transect,2026-03-26 14:00:00-07:00,1.5666483640670776,1.5203430872027537,10.526315921561542,284.6153869628906,0.2067756240836251,16.666667039195705,246.36520385742188,,,,cdip,2026-03-25 20:06:18,0.0
8,2026-03-26 17:00:00-07:00,1.4504,10.53,276.5,False,,,,,,,,,3.2794,1.4504,0.442277,1d_transect,2026-03-26 17:00:00-07:00,1.4504154920578003,1.419506099449598,10.526315921561542,285.14764404296875,,,,,,,cdip,2026-03-25 20:06:18,0.0
8,2026-03-26 20:00:00-07:00,1.3595,10.53,271.0,False,,,,,,,,,3.0659,1.3595,0.443411,1d_transect,2026-03-26 20:00:00-07:00,1.3594661951065063,1.3304732459891442,10.526315921561542,285.6151733398437,,,,,,,cdip,2026-03-25 20:06:18,0.0
8,2026-03-26 23:00:00-07:00,1.3271,10.53,276.4,False,,,,,,,,,2.9689,1.3271,0.447007,1d_transect,2026-03-26 23:00:00-07:00,1.3271178007125854,1.2996261175988315,10.526315921561542,285.974853515625,,,,,,,cdip,2026-03-25 20:06:18,0.0
8,2026-03-27 02:00:00-07:00,1.3239,10.53,270.2,False,,,,,,,,,1.5767,1.3239,0.839669,1d_transect,2026-03-27 02:00:00-07:00,1.3239094018936155,0.630690649920751,10.526315921561542,286.1062316894531,,,,,,,cdip,2026-03-25 20:06:18,0.0
8,2026-03-27 05:00:00-07:00,1.2434,11.76,270.9,False,,,,,,,,,1.5811,1.2434,0.78641,1d_transect,2026-03-27 05:00:00-07:00,1.2434031963348389,1.0541513610906736,9.871668200422231,288.0206298828125,0.6106518099172955,11.764705758606276,280.5125732421875,,,,cdip,2026-03-25 20:06:18,0.0
8,2026-03-27 08:00:00-07:00,1.1791,10.53,268.9,False,,,,,,,,,1.4649,1.1791,0.804915,1d_transect,2026-03-27 08:00:00-07:00,1.1791232824325562,1.003522793676796,9.871668200422231,288.0233154296875,0.5547320460776554,11.764705758606276,280.5680236816406,0.1366383522883792,18.181818280338256,266.5019836425781,cdip,2026-03-25 20:06:18,0.0
8,2026-03-27 11:00:00-07:00,1.0691,10.53,276.1,False,0.3468,18.18,231.7,False,,,,,1.4133,1.1239,0.795261,1d_transect,2026-03-27 11:00:00-07:00,1.1239163875579834,1.0902364131748823,9.871668200422231,287.89141845703125,0.1491797770285987,18.181818280338256,268.8270874023437,,,,cdip,2026-03-25 20:06:18,0.0
8,2026-03-27 14:00:00-07:00,1.0965,10.53,271.9,False,,,,,,,,,1.3826,1.0965,0.793111,1d_transect,2026-03-27 14:00:00-07:00,1.096528172492981,1.0504567435334753,9.871668200422231,287.71905517578125,0.2204237265807892,16.666667039195705,257.42608642578125,,,,cdip,2026-03-25 20:06:18,0.0
8,2026-03-27 17:00:00-07:00,1.0784,10.53,275.8,False,,,,,,,,,1.3853,1.0784,0.77849,1d_transect,2026-03-27 17:00:00-07:00,1.0784435272216797,1.0276726132169405,9.871668200422231,287.5161437988281,0.2434936772329878,16.666667039195705,262.4286193847656,,,,cdip,2026-03-25 20:06:18,0.0
8,2026-03-27 20:00:00-07:00,1.0877,11.76,269.4,False,,,,,,,,,1.4879,1.0877,0.731042,1d_transect,2026-03-27 20:00:00-07:00,1.087709903717041,0.6026646266020319,9.871668200422231,287.292724609375,0.2571134311588356,16.666667039195705,266.35107421875,,,,cdip,2026-03-25 20:06:18,0.0
8,2026-03-27 23:00:00-07:00,0.7141,12.5,266.2,False,0.8658,10.53,276.5,False,,,,,2.5264,1.1223,0.444244,1d_transect,2026-03-27 23:00:00-07:00,1.1223430633544922,1.0714971853343571,9.871668200422231,287.1890869140625,0.2619206682904597,16.666667039195705,268.19976806640625,,,,cdip,2026-03-25 20:06:18,0.0
8,2026-03-28 02:00:00-07:00,0.8574,12.5,264.6,False,1.0303,10.53,271.3,False,,,,,2.5979,1.3404,0.51596,1d_transect,2026-03-28 02:00:00-07:00,1.3404041528701782,0.8606178080276505,12.50000027939678,279.9766540527344,0.9997566862054637,9.871668200422231,287.22198486328125,,,,cdip,2026-03-25 20:06:18,0.0
8,2026-03-28 05:00:00-07:00,0.8677,12.5,265.1,False,1.0666,10.53,276.8,False,,,,,2.6481,1.375,0.519216,1d_transect,2026-03-28 05:00:00-07:00,1.374950885772705,0.714272677147679,12.50000027939678,280.0859680175781,1.0324295793820637,9.871668200422231,287.42303466796875,0.5061082797325597,14.28571422489322,269.7613525390625,cdip,2026-03-25 20:06:18,0.0
8,2026-03-28 08:00:00-07:00,1.0898,10.53,271.7,False,0.5629,14.29,249.0,False,0.6617,12.5,265.0,False,2.6644,1.3937,0.523072,1d_transect,2026-03-28 08:00:00-07:00,1.3936703205108645,0.710497379330174,12.50000027939678,279.9543151855469,1.0564353585228254,9.871668200422231,287.6545104980469,0.5095295553670621,14.28571422489322,269.58624267578125,cdip,2026-03-25 20:06:18,0.0
8,2026-03-28 11:00:00-07:00,1.0359,10.53,277.2,False,0.5387,14.29,250.4,False,0.6225,12.5,265.1,False,2.5957,1.3231,0.509752,1d_transect,2026-03-28 11:00:00-07:00,1.3231486082077026,0.4849172905697128,11.764705758606276,280.96905517578125,0.6626545597109286,9.871668200422231,287.64813232421875,0.0291883997434309,14.28571422489322,269.1332702636719,cdip,2026-03-25 20:06:18,0.0
8,2026-03-28 14:00:00-07:00,0.8022,12.5,265.9,False,0.9909,10.53,266.7,False,,,,,2.4561,1.2749,0.519068,1d_transect,2026-03-28 14:00:00-07:00,1.2749029397964478,0.6318003866887808,11.764705758606276,280.78369140625,0.9747454930322382,9.871668200422231,287.6654663085937,0.4725520002343027,14.28571422489322,268.00164794921875,cdip,2026-03-25 20:06:18,0.0
8,2026-03-28 17:00:00-07:00,0.7757,13.33,249.2,False,0.9199,10.53,276.4,False,,,,,2.3298,1.2033,0.516476,1d_transect,2026-03-28 17:00:00-07:00,1.203292727470398,0.5923536574876724,11.764705758606276,280.5033874511719,0.919297625822746,9.871668200422231,287.6929931640625,0.4525048956447441,14.28571422489322,266.7552490234375,cdip,2026-03-25 20:06:18,0.0
8,2026-03-28 20:00:00-07:00,0.8675,13.33,250.0,False,0.9743,10.53,265.7,False,,,,,2.1856,1.3045,0.596879,1d_transect,2026-03-28 20:00:00-07:00,1.3045120239257812,0.5907989406664137,14.28571422489322,265.6670227050781,0.999554759735134,9.871668200422231,287.36346435546875,0.5484629296112,11.764705758606276,280.02490234375,cdip,2026-03-25 20:06:18,0.0
8,2026-03-28 23:00:00-07:00,0.8288,13.33,251.4,False,0.9095,9.87,277.6,False,,,,,2.0853,1.2305,0.590058,1d_transect,2026-03-28 23:00:00-07:00,1.23045814037323,0.5692111568438334,14.28571422489322,264.6076354980469,0.9963052940023612,9.871668200422231,287.1539306640625,0.3870530972976465,11.764705758606276,279.30255126953125,cdip,2026-03-25 20:06:18,0.0
8,2026-03-29 02:00:00-07:00,0.8306,13.33,247.6,False,0.559,9.87,249.6,False,0.6688,7.69,280.8,False,1.9983,1.204,0.60251,1d_transect,2026-03-29 02:00:00-07:00,1.2039752006530762,0.5541271082903988,14.28571422489322,263.95684814453125,1.047273897524822,9.871668200422231,286.9287414550781,,,,cdip,2026-03-25 20:06:18,0.0
8,2026-03-29 05:00:00-07:00,0.8239,13.33,248.0,False,0.526,9.87,277.9,False,0.6542,7.69,286.4,False,1.9403,1.1762,0.606186,1d_transect,2026-03-29 05:00:00-07:00,1.1762036085128784,0.5312853814589773,14.28571422489322,263.3265075683594,0.9754919373952688,9.090909140169128,291.8174133300781,0.3203243872188894,11.764705758606276,276.6431884765625,cdip,2026-03-25 20:06:18,0.0
8,2026-03-29 08:00:00-07:00,0.7628,13.33,247.3,False,0.5176,9.87,247.2,False,0.4885,6.25,277.8,False,1.8397,1.0433,0.567106,1d_transect,2026-03-29 08:00:00-07:00,1.0432826280593872,0.4811074630504087,13.33333280351429,265.0557556152344,0.8590528761716243,9.090909140169128,291.5227966308594,0.285931488645992,11.764705758606276,274.634033203125,cdip,2026-03-25 20:06:18,0.0
8,2026-03-29 11:00:00-07:00,0.7283,13.33,245.7,False,0.4665,9.87,277.1,False,0.439,6.25,285.4,False,1.7711,0.9699,0.547648,1d_transect,2026-03-29 11:00:00-07:00,0.96992826461792,0.536286101337427,13.33333280351429,265.0365905761719,0.7911101002042116,9.090909140169128,291.30438232421875,,,,cdip,2026-03-25 20:06:18,0.0
8,2026-03-29 14:00:00-07:00,0.7831,13.33,249.9,False,0.1878,18.18,228.4,False,0.4315,9.87,249.1,False,1.5455,0.9136,0.591116,1d_transect,2026-03-29 14:00:00-07:00,0.9135949015617372,0.5112907363564104,13.33333280351429,264.8613586425781,0.7412591878724619,9.090909140169128,291.17529296875,,,,cdip,2026-03-25 20:06:18,0.0
8,2026-03-29 17:00:00-07:00,0.7429,13.33,249.3,False,0.1984,18.18,227.9,False,0.3908,9.87,277.0,False,1.5168,0.8625,0.568656,1d_transect,2026-03-29 17:00:00-07:00,0.8625430464744568,0.480812816353055,13.33333280351429,264.56768798828125,0.6965011123778564,9.090909140169128,291.0362854003906,0.0848751956403993,18.181818280338256,248.1705322265625,cdip,2026-03-25 20:06:18,0.0
8,2026-03-29 20:00:00-07:00,0.7131,13.33,248.0,False,0.2023,18.18,227.9,False,0.3302,9.09,256.1,False,1.4975,0.8114,0.541868,1d_transect,2026-03-29 20:00:00-07:00,0.8114473819732666,0.4544588720585755,13.33333280351429,263.821533203125,0.6528127033256432,9.090909140169128,290.9132995605469,0.0912469958882114,18.181818280338256,248.632568359375,cdip,2026-03-25 20:06:18,0.0
8,2026-03-29 23:00:00-07:00,0.6727,12.5,247.3,False,0.2524,18.18,231.3,False,0.3168,9.09,280.6,False,1.4536,0.7852,0.540212,1d_transect,2026-03-29 23:00:00-07:00,0.7852427959442139,0.4273958557907404,13.33333280351429,262.8941955566406,0.2053960721099985,9.090909140169128,290.83837890625,0.4496473648092488,6.25000013969839,301.8841247558594,cdip,2026-03-25 20:06:18,0.0
8,2026-03-30 02:00:00-07:00,0.872,12.5,247.7,False,0.3502,18.18,232.0,False,0.3947,9.09,280.2,False,1.4068,1.0192,0.724488,1d_transect,2026-03-30 02:00:00-07:00,1.0192047357559204,0.5148806250836654,13.33333280351429,261.5166320800781,0.5141711426027749,9.090909140169128,290.7948303222656,0.2552187088408499,10.526315921561542,276.8715209960937,cdip,2026-03-25 20:06:18,0.0
8,2026-03-30 05:00:00-07:00,0.7703,12.5,247.2,False,0.3039,18.18,231.8,False,0.3852,4.76,294.4,True,1.5243,0.9133,0.599163,1d_transect,2026-03-30 05:00:00-07:00,0.9132791757583618,0.4554859756696854,12.50000027939678,266.59832763671875,0.4900247565004991,9.090909140169128,290.73370361328125,0.2341835297106702,10.526315921561542,274.7544860839844,cdip,2026-03-25 20:06:18,0.0
8,2026-03-30 08:00:00-07:00,0.706,12.5,245.5,False,0.3031,16.67,230.8,False,0.2865,4.76,295.4,True,1.4381,0.82,0.570238,1d_transect,2026-03-30 08:00:00-07:00,0.8200377225875854,0.4824123899882273,12.50000027939678,266.8893737792969,0.4595240819845939,9.090909140169128,290.5200500488281,0.447784375649808,5.555555334797621,304.2638854980469,cdip,2026-03-25 20:06:18,0.0
8,2026-03-30 11:00:00-07:00,0.6297,12.5,242.4,False,0.34,16.67,231.3,False,0.2198,4.55,294.4,True,1.3818,0.7486,0.541763,1d_transect,2026-03-30 11:00:00-07:00,0.7486057281494141,0.4474382898388894,12.50000027939678,266.804443359375,0.4358872570628034,8.333333519597852,294.87615966796875,0.1599551273991759,16.666667039195705,250.31466674804688,cdip,2026-03-25 20:06:18,0.0
8,2026-03-30 14:00:00-07:00,0.3512,16.67,232.0,False,0.5836,12.5,238.2,False,0.1743,4.35,294.1,True,1.3389,0.7031,0.525112,1d_transect,2026-03-30 14:00:00-07:00,0.7030596137046814,0.4254935001068233,12.50000027939678,266.2355651855469,0.5214129830310466,8.333333519597852,294.6885070800781,0.173625842268441,16.666667039195705,250.8399810791016,cdip,2026-03-25 20:06:18,0.0
8,2026-03-30 17:00:00-07:00,0.35,16.67,232.7,False,0.5224,11.76,234.8,False,0.1333,4.17,294.5,True,1.2928,0.6427,0.497187,1d_transect,2026-03-30 17:00:00-07:00,0.6427456140518188,0.3872298586072264,12.50000027939678,264.9814453125,0.3836765969003927,8.333333519597852,293.9674072265625,0.1807190397949775,16.666667039195705,251.547607421875,cdip,2026-03-25 20:06:18,0.0
8,2026-03-30 20:00:00-07:00,0.3298,16.67,233.3,False,0.4512,11.76,230.8,False,0.0998,4.0,294.3,True,1.2634,0.5677,0.449362,1d_transect,2026-03-30 20:00:00-07:00,0.5677334666252136,0.3071558786213413,12.50000027939678,263.1202087402344,0.3390116275177361,8.333333519597852,292.24761962890625,0.1785209351129529,16.666667039195705,253.3929748535156,cdip,2026-03-25 20:06:18,0.0
8,2026-03-30 23:00:00-07:00,0.3066,16.67,234.1,False,0.3855,11.76,227.1,False,0.1122,2.94,283.0,True,1.2465,0.5052,0.405262,1d_transect,2026-03-30 23:00:00-07:00,0.5051534175872803,0.2647795614021046,11.111110669595242,259.0892333984375,0.1776124423447577,16.666667039195705,256.7807922363281,0.2972028207467054,8.333333519597852,289.39208984375,cdip,2026-03-25 20:06:18,0.0
8,2026-03-31 02:00:00-07:00,0.5087,16.67,235.3,False,0.4236,11.76,224.4,False,0.2148,8.33,242.6,False,1.1332,0.696,0.614168,1d_transect,2026-03-31 02:00:00-07:00,0.6959637999534607,0.2686041302420733,16.666667039195705,260.1734619140625,0.3559129473231021,11.111110669595242,258.0221862792969,0.4711313262170637,8.333333519597852,286.4176330566406,cdip,2026-03-25 20:06:18,0.0
8,2026-03-31 05:00:00-07:00,0.4802,15.38,234.7,False,0.3935,11.76,223.7,False,0.1988,8.33,266.3,False,1.1758,0.6519,0.554395,1d_transect,2026-03-31 05:00:00-07:00,0.6518617868423462,0.3748791738898029,16.666667039195705,262.6028747558594,0.3748002687913783,11.111110669595242,257.2088317871094,0.3683781958904701,8.333333519597852,275.3934631347656,cdip,2026-03-25 20:06:18,0.0
8,2026-03-31 08:00:00-07:00,0.5013,15.38,235.9,False,0.3596,11.76,226.1,False,0.2502,7.69,245.9,False,1.1773,0.6658,0.565504,1d_transect,2026-03-31 08:00:00-07:00,0.6657552123069763,0.386661103582664,16.666667039195705,264.3280944824219,0.3679622255389633,11.111110669595242,257.4412841796875,0.3843788654995466,8.333333519597852,275.6446533203125,cdip,2026-03-25 20:06:18,0.0
8,2026-03-31 11:00:00-07:00,0.6127,15.38,236.1,False,0.511,11.76,225.4,False,0.1042,3.03,223.8,True,1.2359,0.8046,0.651023,1d_transect,2026-03-31 11:00:00-07:00,0.8046241998672485,0.5103576134677753,15.384615948919734,261.1573181152344,0.4865768367629717,11.111110669595242,261.14910888671875,0.365115059927205,7.692307974459867,274.3457946777344,cdip,2026-03-25 20:06:18,0.0
8,2026-03-31 14:00:00-07:00,0.6921,15.38,237.1,False,0.4326,11.76,225.0,False,0.3117,7.69,243.7,False,1.2208,0.8737,0.715681,1d_transect,2026-03-31 14:00:00-07:00,0.873684823513031,0.5389982861716858,15.384615948919734,262.7456970214844,0.4817564210465908,11.111110669595242,260.998046875,0.416031248976229,7.692307974459867,269.9309997558594,cdip,2026-03-25 20:06:18,0.0
9,2026-03-25 02:00:00-07:00,0.4387,18.18,230.8,False,0.2645,12.5,258.2,False,0.0504,4.0,286.7,True,1.1223,0.5147,0.458587,1d_transect,2026-03-25 02:00:00-07:00,0.5146920084953308,0.36315823468642,15.384615948919734,226.68235778808597,0.2085437944271018,12.50000027939678,225.05148315429688,0.2686920546040591,9.871668200422231,258.9255676269531,cdip,2026-03-25 20:06:18,0.0
9,2026-03-25 05:00:00-07:00,0.312,18.18,232.4,False,0.2274,12.5,258.5,False,0.0191,4.17,297.1,True,1.1129,0.3866,0.347347,1d_transect,2026-03-25 05:00:00-07:00,0.3865590095520019,0.2735611626821991,15.384615948919734,226.78054809570312,0.168969092678276,12.50000027939678,226.6258850097656,0.1810288045660824,9.871668200422231,257.9088134765625,cdip,2026-03-25 20:06:18,0.0
9,2026-03-25 08:00:00-07:00,0.3035,16.67,233.2,False,0.2154,13.33,262.4,False,0.0264,4.0,291.8,True,1.1256,0.3731,0.331506,1d_transect,2026-03-25 08:00:00-07:00,0.3731303513050079,0.2649980057405069,15.384615948919734,227.1820373535156,0.1634605822344772,12.50000027939678,229.8148498535156,0.1769152081151266,9.871668200422231,257.4578552246094,cdip,2026-03-25 20:06:18,0.0
9,2026-03-25 11:00:00-07:00,0.2915,16.67,236.1,False,0.2391,13.33,263.4,False,0.0259,4.35,298.0,True,1.1505,0.3779,0.328421,1d_transect,2026-03-25 11:00:00-07:00,0.3778609335422516,0.2994012513490822,15.384615948919734,227.82139587402344,0.1979613723326111,9.871668200422231,257.4969787597656,0.1046252899579515,6.25000013969839,274.00225830078125,cdip,2026-03-25 20:06:18,0.0
9,2026-03-25 14:00:00-07:00,0.3084,16.67,228.9,False,0.2672,13.33,262.3,False,0.0303,4.76,295.0,True,1.2573,0.4092,0.325454,1d_transect,2026-03-25 14:00:00-07:00,0.4092048406600952,0.3065174763428567,15.384615948919734,228.56326293945312,0.2138622836519092,10.526315921561542,252.20681762695312,0.156452138436485,4.761904910578484,284.4714660644531,cdip,2026-03-25 20:06:18,0.0
9,2026-03-25 17:00:00-07:00,0.3348,16.67,228.7,False,0.3036,13.33,262.3,False,0.0712,5.56,292.3,True,1.281,0.4575,0.357171,1d_transect,2026-03-25 17:00:00-07:00,0.4575341045856476,0.320804736860462,15.384615948919734,229.0686187744141,0.2288302129991477,9.871668200422231,259.8417053222656,0.1826515117094871,4.761904910578484,285.3031005859375,cdip,2026-03-25 20:06:18,0.0
9,2026-03-25 20:00:00-07:00,0.3951,16.67,228.6,False,0.3616,13.33,261.1,False,0.1799,6.67,285.6,False,1.2919,0.565,0.437342,1d_transect,2026-03-25 20:00:00-07:00,0.5649892687797546,0.3305714537701548,15.384615948919734,229.75132751464844,0.2666739548362252,9.871668200422231,262.1063842773437,0.3643417073797123,6.25000013969839,273.9757995605469,cdip,2026-03-25 20:06:18,0.0
9,2026-03-25 23:00:00-07:00,0.3405,16.67,228.3,False,0.1903,12.5,266.3,False,0.3043,7.69,283.3,False,1.2317,0.4947,0.40163,1d_transect,2026-03-25 23:00:00-07:00,0.494698166847229,0.2756615487898,9.090909140169128,264.4044494628906,0.3063801692266225,6.666666401757145,272.21588134765625,0.2125293551306623,15.384615948919734,229.9195098876953,cdip,2026-03-25 20:06:18,0.0
9,2026-03-26 02:00:00-07:00,0.3291,16.67,230.5,False,0.4406,9.09,277.9,False,,,,,1.4357,0.55,0.38305,1d_transect,2026-03-26 02:00:00-07:00,0.5499534606933594,0.4604316571298616,9.090909140169128,264.6969909667969,0.2116558039582987,15.384615948919734,229.194091796875,0.191761069096859,4.761904910578484,277.54949951171875,cdip,2026-03-25 20:06:18,0.0
9,2026-03-26 05:00:00-07:00,0.2641,15.38,244.1,False,0.5044,9.87,276.6,False,,,,,1.3486,0.5694,0.422208,1d_transect,2026-03-26 05:00:00-07:00,0.5693948864936829,0.4760886070116196,9.090909140169128,265.1582336425781,0.2076320699168313,16.666667039195705,228.27777099609372,0.2093601383359663,4.761904910578484,275.79852294921875,cdip,2026-03-25 20:06:18,0.0
9,2026-03-26 08:00:00-07:00,0.5319,9.87,274.0,False,0.2111,15.38,241.7,False,,,,,1.5514,0.5722,0.368841,1d_transect,2026-03-26 08:00:00-07:00,0.5722330212593079,0.480026315700638,9.871668200422231,262.8558959960937,0.2039668371228654,16.666667039195705,226.97976684570312,0.2101519437356031,4.761904910578484,275.160888671875,cdip,2026-03-25 20:06:18,0.0
9,2026-03-26 11:00:00-07:00,0.2332,15.38,241.5,False,0.4881,10.53,276.5,False,,,,,1.2519,0.5409,0.4321,1d_transect,2026-03-26 11:00:00-07:00,0.5409374833106995,0.4522180653049146,9.871668200422231,263.2763061523437,0.1993358434805112,16.666667039195705,226.59451293945312,0.195799556898784,4.761904910578484,275.3912658691406,cdip,2026-03-25 20:06:18,0.0
9,2026-03-26 14:00:00-07:00,0.504,10.53,270.3,False,,,,,,,,,1.2881,0.504,0.391288,1d_transect,2026-03-26 14:00:00-07:00,0.5040255188941956,0.3510091609619287,9.871668200422231,263.9847717285156,0.1945513159085758,15.384615948919734,226.233154296875,0.2294082581293115,6.666666401757145,270.787841796875,cdip,2026-03-25 20:06:18,0.0
9,2026-03-26 17:00:00-07:00,0.4706,10.53,276.5,False,,,,,,,,,0.9689,0.4706,0.485729,1d_transect,2026-03-26 17:00:00-07:00,0.4706344604492187,0.3268282527001107,9.871668200422231,264.4655456542969,0.1914908963282567,15.384615948919734,225.45120239257807,0.2080792884598402,6.666666401757145,270.5302124023437,cdip,2026-03-25 20:06:18,0.0
9,2026-03-26 20:00:00-07:00,0.4447,10.53,271.0,False,,,,,,,,,1.0961,0.4447,0.405715,1d_transect,2026-03-26 20:00:00-07:00,0.4447201192378998,0.3069798253243412,9.871668200422231,264.8570556640625,0.190504922368415,15.384615948919734,224.86631774902344,0.1749876487455086,6.666666401757145,269.950927734375,cdip,2026-03-25 20:06:18,0.0
9,2026-03-26 23:00:00-07:00,0.4308,10.53,276.4,False,,,,,,,,,0.8772,0.4308,0.491091,1d_transect,2026-03-26 23:00:00-07:00,0.4307735860347748,0.2976592020528643,9.871668200422231,265.19195556640625,0.19064532103503,15.384615948919734,224.5565948486328,0.1646258532359584,6.666666401757145,269.8968505859375,cdip,2026-03-25 20:06:18,0.0
9,2026-03-27 02:00:00-07:00,0.4265,10.53,270.2,False,,,,,,,,,0.5637,0.4265,0.756567,1d_transect,2026-03-27 02:00:00-07:00,0.4264825582504272,0.2971328442274559,9.871668200422231,265.36456298828125,0.1924395486600589,15.384615948919734,224.38584899902344,0.159730797798596,6.666666401757145,270.3170166015625,cdip,2026-03-25 20:06:18,0.0
9,2026-03-27 05:00:00-07:00,0.419,11.76,270.9,False,,,,,,,,,0.5679,0.419,0.737806,1d_transect,2026-03-27 05:00:00-07:00,0.418982595205307,0.2942490947313149,9.871668200422231,265.5171203613281,0.1937862564006934,14.28571422489322,225.75440979003903,0.1503224452711112,6.666666401757145,270.3198547363281,cdip,2026-03-25 20:06:18,0.0
9,2026-03-27 08:00:00-07:00,0.4064,10.53,268.9,False,,,,,,,,,0.6261,0.4064,0.649142,1d_transect,2026-03-27 08:00:00-07:00,0.4064358472824096,0.2850833736648179,9.871668200422231,265.5806579589844,0.1942031142199387,14.28571422489322,225.3138427734375,0.1398309840469517,6.666666401757145,270.1874084472656,cdip,2026-03-25 20:06:18,0.0
9,2026-03-27 11:00:00-07:00,0.2353,18.18,231.7,False,0.3171,10.53,276.1,False,,,,,0.4946,0.3949,0.798308,1d_transect,2026-03-27 11:00:00-07:00,0.3948570191860199,0.2751586632802858,9.871668200422231,265.5336608886719,0.1967415276202518,15.384615948919734,223.65008544921875,0.1310962627933502,6.666666401757145,270.0155944824219,cdip,2026-03-25 20:06:18,0.0
9,2026-03-27 14:00:00-07:00,0.3897,10.53,271.9,False,,,,,,,,,0.4943,0.3897,0.78835,1d_transect,2026-03-27 14:00:00-07:00,0.3896801471710205,0.2698092012649826,9.871668200422231,265.4599609375,0.2018579721459478,15.384615948919734,223.0381622314453,0.1798042454761915,6.666666401757145,269.8630065917969,cdip,2026-03-25 20:06:18,0.0
9,2026-03-27 17:00:00-07:00,0.3788,10.53,275.8,False,,,,,,,,,0.4093,0.3788,0.925504,1d_transect,2026-03-27 17:00:00-07:00,0.3788047432899475,0.2604594562590033,9.090909140169128,267.4785461425781,0.2025615693437668,15.384615948919734,222.52073669433597,0.1702486509621077,6.666666401757145,269.8843994140625,cdip,2026-03-25 20:06:18,0.0
9,2026-03-27 20:00:00-07:00,0.5263,11.76,269.4,False,,,,,,,,,0.6331,0.5263,0.831264,1d_transect,2026-03-27 20:00:00-07:00,0.5262519717216492,0.2980558977373219,15.384615948919734,222.6203155517578,0.3504890568706437,9.090909140169128,267.47088623046875,0.2334790836149157,6.666666401757145,270.0595703125,cdip,2026-03-25 20:06:18,0.0
9,2026-03-27 23:00:00-07:00,0.4069,12.5,266.2,False,0.3445,10.53,276.5,False,,,,,0.8912,0.5331,0.598242,1d_transect,2026-03-27 23:00:00-07:00,0.5331280827522278,0.315331919224446,15.384615948919734,222.98440551757807,0.3363998290195268,9.090909140169128,267.4718933105469,0.1683959068972898,6.666666401757145,270.4498596191406,cdip,2026-03-25 20:06:18,0.0
9,2026-03-28 02:00:00-07:00,0.4058,12.5,264.6,False,0.3594,10.53,271.3,False,,,,,1.0768,0.542,0.503377,1d_transect,2026-03-28 02:00:00-07:00,0.5420260429382324,0.3242566438565098,15.384615948919734,223.41323852539065,0.3354572559272268,9.090909140169128,267.44854736328125,0.179277398523666,6.666666401757145,271.15252685546875,cdip,2026-03-25 20:06:18,0.0
9,2026-03-28 05:00:00-07:00,0.4241,12.5,265.1,False,0.3641,10.53,276.8,False,,,,,0.9318,0.5589,0.59984,1d_transect,2026-03-28 05:00:00-07:00,0.5589315295219421,0.3324158247251996,15.384615948919734,223.78712463378903,0.3447827114427673,9.090909140169128,267.4232177734375,0.1942793475526022,6.666666401757145,271.821533203125,cdip,2026-03-25 20:06:18,0.0
9,2026-03-28 08:00:00-07:00,0.3059,14.29,249.0,False,0.2801,12.5,265.0,False,0.34,10.53,271.7,False,1.175,0.5363,0.456485,1d_transect,2026-03-28 08:00:00-07:00,0.5363497138023376,0.3181001142588054,14.28571422489322,224.61376953125,0.3348304546714883,9.090909140169128,267.4194030761719,0.1851623143833237,6.666666401757145,272.15045166015625,cdip,2026-03-25 20:06:18,0.0
9,2026-03-28 11:00:00-07:00,0.3296,14.29,250.4,False,0.2783,12.5,265.1,False,0.3235,10.53,277.2,False,1.0009,0.5392,0.53875,1d_transect,2026-03-28 11:00:00-07:00,0.5392129421234131,0.3215913321571639,14.28571422489322,224.7144470214844,0.3402065555620892,9.090909140169128,267.424560546875,0.1812593703561485,6.666666401757145,272.3650817871094,cdip,2026-03-25 20:06:18,0.0
9,2026-03-28 14:00:00-07:00,0.3323,12.5,265.9,False,0.4146,10.53,266.7,False,,,,,1.0456,0.5313,0.50812,1d_transect,2026-03-28 14:00:00-07:00,0.5312802195549011,0.3238819844818352,14.28571422489322,224.5015563964844,0.333168207603755,9.090909140169128,267.33642578125,0.1719116328795646,6.666666401757145,272.47833251953125,cdip,2026-03-25 20:06:18,0.0
9,2026-03-28 17:00:00-07:00,0.4504,13.33,249.2,False,0.2491,10.53,276.4,False,,,,,1.0873,0.5147,0.47341,1d_transect,2026-03-28 17:00:00-07:00,0.5147224068641663,0.3241443820342483,14.28571422489322,224.21836853027344,0.3194050271187981,9.090909140169128,267.2010192871094,0.1561461143741926,6.25000013969839,273.9397277832031,cdip,2026-03-25 20:06:18,0.0
9,2026-03-28 20:00:00-07:00,0.3959,13.33,250.0,False,0.3,10.53,265.7,False,,,,,1.1551,0.4968,0.430048,1d_transect,2026-03-28 20:00:00-07:00,0.4967626929283142,0.3244050948723523,14.28571422489322,223.88612365722656,0.3096414470820928,9.090909140169128,267.0295104980469,0.1265764438457703,6.25000013969839,274.0707397460937,cdip,2026-03-25 20:06:18,0.0
9,2026-03-28 23:00:00-07:00,0.4187,13.33,251.4,False,0.2324,9.87,277.6,False,,,,,0.9452,0.4788,0.50662,1d_transect,2026-03-28 23:00:00-07:00,0.4788441359996795,0.3257048699686649,14.28571422489322,223.65164184570312,0.2910227320499736,9.090909140169128,266.858154296875,0.1234739372725467,6.25000013969839,274.301513671875,cdip,2026-03-25 20:06:18,0.0
9,2026-03-29 02:00:00-07:00,0.3722,13.33,247.6,False,0.2607,9.87,249.6,False,0.1175,7.69,280.8,False,1.1013,0.4694,0.426222,1d_transect,2026-03-29 02:00:00-07:00,0.4694012701511383,0.3246241615238614,14.28571422489322,223.5989532470703,0.2826015806781948,9.090909140169128,266.6969909667969,0.1139503226624656,4.761904910578484,277.4644470214844,cdip,2026-03-25 20:06:18,0.0
9,2026-03-29 05:00:00-07:00,0.5714,13.33,248.0,False,0.1713,9.87,277.9,False,0.1348,7.69,286.4,False,0.9216,0.6116,0.663631,1d_transect,2026-03-29 05:00:00-07:00,0.611589789390564,0.4247000549113366,14.28571422489322,223.6568603515625,0.3731561653414599,9.090909140169128,266.4416198730469,0.125171333335108,4.761904910578484,278.5913391113281,cdip,2026-03-25 20:06:18,0.0
9,2026-03-29 08:00:00-07:00,0.4383,13.33,247.3,False,0.3096,9.87,247.2,False,0.1361,6.25,277.8,False,1.0763,0.5536,0.514349,1d_transect,2026-03-29 08:00:00-07:00,0.5535721778869629,0.3950971541133347,13.33333280351429,222.9877777099609,0.3266393182845757,9.090909140169128,266.1962890625,0.1097825569344756,4.761904910578484,279.2206115722656,cdip,2026-03-25 20:06:18,0.0
9,2026-03-29 11:00:00-07:00,0.4958,13.33,245.7,False,0.1492,9.87,277.1,False,0.0905,6.25,285.4,False,0.893,0.5256,0.588578,1d_transect,2026-03-29 11:00:00-07:00,0.5256273150444031,0.3852213420990075,13.33333280351429,223.25921630859372,0.3022037299552877,9.090909140169128,266.075927734375,0.0997072824522521,4.761904910578484,279.45916748046875,cdip,2026-03-25 20:06:18,0.0
9,2026-03-29 14:00:00-07:00,0.428,13.33,249.9,False,0.1137,18.18,228.4,False,0.2455,9.87,249.1,False,0.9927,0.5064,0.510068,1d_transect,2026-03-29 14:00:00-07:00,0.5063697099685669,0.3753780472130757,13.33333280351429,223.64321899414065,0.28878516669827,9.090909140169128,266.1112060546875,0.0907522900149997,4.761904910578484,279.8973999023437,cdip,2026-03-25 20:06:18,0.0
9,2026-03-29 17:00:00-07:00,0.4584,13.33,249.3,False,0.1355,18.18,227.9,False,0.1133,9.87,277.0,False,0.8869,0.4912,0.553851,1d_transect,2026-03-29 17:00:00-07:00,0.4912045300006866,0.3711664562307417,13.33333280351429,224.09664916992188,0.2661415168851964,9.090909140169128,266.1626281738281,0.0625312834333715,18.181818280338256,236.7697906494141,cdip,2026-03-25 20:06:18,0.0
9,2026-03-29 20:00:00-07:00,0.43,13.33,248.0,False,0.135,18.18,227.9,False,0.1734,9.09,256.1,False,0.9362,0.4829,0.515751,1d_transect,2026-03-29 20:00:00-07:00,0.4828691482543945,0.3683276623672312,13.33333280351429,224.11924743652344,0.2572190598077066,9.090909140169128,266.186767578125,0.0680564596475291,18.181818280338256,236.39324951171875,cdip,2026-03-25 20:06:18,0.0
9,2026-03-29 23:00:00-07:00,0.4191,12.5,247.3,False,0.1652,18.18,231.3,False,0.0745,9.09,280.6,False,0.8728,0.4566,0.523184,1d_transect,2026-03-29 23:00:00-07:00,0.456641286611557,0.3487942635951442,13.33333280351429,223.70120239257807,0.2385383758550317,9.090909140169128,266.1092224121094,0.0705078121173725,18.181818280338256,236.1874084472656,cdip,2026-03-25 20:06:18,0.0
9,2026-03-30 02:00:00-07:00,0.4025,12.5,247.7,False,0.1699,18.18,232.0,False,0.0687,9.09,280.2,False,0.8508,0.4423,0.519879,1d_transect,2026-03-30 02:00:00-07:00,0.4422915875911712,0.3336920586496061,13.33333280351429,223.01107788085935,0.2262560872056322,9.090909140169128,265.8991394042969,0.0721192547480282,18.181818280338256,236.22579956054688,cdip,2026-03-25 20:06:18,0.0
9,2026-03-30 05:00:00-07:00,0.394,12.5,247.2,False,0.1634,18.18,231.8,False,0.0443,4.76,294.4,True,0.9002,0.4288,0.476411,1d_transect,2026-03-30 05:00:00-07:00,0.428842544555664,0.331244865882134,13.33333280351429,222.26019287109372,0.2064913707197109,9.090909140169128,265.5194702148437,0.0736861964013978,18.181818280338256,236.3622131347656,cdip,2026-03-25 20:06:18,0.0
9,2026-03-30 08:00:00-07:00,0.3729,12.5,245.5,False,0.1736,16.67,230.8,False,0.0245,4.76,295.4,True,0.8802,0.412,0.468102,1d_transect,2026-03-30 08:00:00-07:00,0.4120139479637146,0.3332255335022729,13.33333280351429,221.66085815429688,0.1982887525130957,9.090909140169128,264.7814025878906,0.0642528678256793,5.263157960780771,281.74859619140625,cdip,2026-03-25 20:06:18,0.0
9,2026-03-30 11:00:00-07:00,0.3219,12.5,242.4,False,0.1778,16.67,231.3,False,0.0239,4.55,294.4,True,0.9072,0.3685,0.406195,1d_transect,2026-03-30 11:00:00-07:00,0.3684865832328796,0.2833691304451775,12.50000027939678,225.68280029296875,0.1109245839805947,16.666667039195705,235.7086639404297,0.1778040819219877,8.333333519597852,266.51593017578125,cdip,2026-03-25 20:06:18,0.0
9,2026-03-30 14:00:00-07:00,0.1774,16.67,232.0,False,0.3,12.5,238.2,False,0.0183,4.35,294.1,True,0.9178,0.349,0.380288,1d_transect,2026-03-30 14:00:00-07:00,0.3490245938301086,0.2659807664881544,12.50000027939678,224.4076232910156,0.1196784858177835,16.666667039195705,235.6631622314453,0.1694402661912517,8.333333519597852,265.73834228515625,cdip,2026-03-25 20:06:18,0.0
9,2026-03-30 17:00:00-07:00,0.1794,16.67,232.7,False,0.2814,11.76,234.8,False,0.0142,4.17,294.5,True,0.9142,0.334,0.365327,1d_transect,2026-03-30 17:00:00-07:00,0.3339993953704834,0.2525241973126783,12.50000027939678,223.2777862548828,0.1251969344752197,16.666667039195705,235.76193237304688,0.1616903651215099,8.333333519597852,264.28985595703125,cdip,2026-03-25 20:06:18,0.0
9,2026-03-30 20:00:00-07:00,0.1847,16.67,233.3,False,0.2656,11.76,230.8,False,0.0116,4.0,294.3,True,0.8972,0.3237,0.360819,1d_transect,2026-03-30 20:00:00-07:00,0.3237312138080597,0.2096098776358217,12.50000027939678,222.421630859375,0.1287875605438328,16.666667039195705,235.99722290039065,0.1248218152377334,14.28571422489322,222.90457153320312,cdip,2026-03-25 20:06:18,0.0
9,2026-03-30 23:00:00-07:00,0.2095,16.67,234.1,False,0.2821,11.76,227.1,False,0.0283,2.94,283.0,True,0.888,0.3525,0.39699,1d_transect,2026-03-30 23:00:00-07:00,0.3525204658508301,0.1481427042197609,14.28571422489322,223.4475250244141,0.2203780235037022,12.50000027939678,221.6373443603516,0.1462353647213804,16.666667039195705,236.32046508789065,cdip,2026-03-25 20:06:18,0.0
9,2026-03-31 02:00:00-07:00,0.2384,16.67,235.3,False,0.2267,11.76,224.4,False,0.1076,8.33,242.6,False,0.8056,0.3461,0.429609,1d_transect,2026-03-31 02:00:00-07:00,0.3461116254329681,0.1523187975189732,14.28571422489322,224.2827606201172,0.1288941842253896,16.666667039195705,236.36509704589844,0.2104411602963654,12.50000027939678,221.4600524902344,cdip,2026-03-25 20:06:18,0.0
9,2026-03-31 05:00:00-07:00,0.2649,15.38,234.7,False,0.2345,11.76,223.7,False,0.0669,8.33,266.3,False,0.8335,0.36,0.431937,1d_transect,2026-03-31 05:00:00-07:00,0.3600147068500519,0.2168909434610682,15.384615948919734,235.7088623046875,0.217567410685582,12.50000027939678,220.3903961181641,0.1828291270362156,8.333333519597852,241.72113037109372,cdip,2026-03-25 20:06:18,0.0
9,2026-03-31 08:00:00-07:00,0.2635,15.38,235.9,False,0.2073,11.76,226.1,False,0.1289,7.69,245.9,False,0.8231,0.3592,0.436396,1d_transect,2026-03-31 08:00:00-07:00,0.3591852486133575,0.2173969694875908,15.384615948919734,235.4678192138672,0.2083373231802514,12.50000027939678,220.8809814453125,0.1907980503347317,8.333333519597852,242.4422607421875,cdip,2026-03-25 20:06:18,0.0
9,2026-03-31 11:00:00-07:00,0.2664,15.38,236.1,False,0.2437,11.76,225.4,False,0.0526,3.03,223.8,True,0.878,0.3649,0.415568,1d_transect,2026-03-31 11:00:00-07:00,0.3648545145988464,0.3070089993798794,15.384615948919734,236.05682373046875,0.189709862801855,9.090909140169128,247.69580078125,,,,cdip,2026-03-25 20:06:18,0.0
9,2026-03-31 14:00:00-07:00,0.3018,15.38,237.1,False,0.2069,11.76,225.0,False,0.1439,7.69,243.7,False,0.8581,0.3932,0.458229,1d_transect,2026-03-31 14:00:00-07:00,0.3932195603847503,0.3144683676439421,15.384615948919734,235.80496215820312,0.1182169404433402,9.090909140169128,248.4458923339844,,,,cdip,2026-03-25 20:06:18,0.0
10,2026-03-25 02:00:00-07:00,0.9276,15.38,260.5,False,0.4009,11.11,306.4,False,0.1944,3.85,332.6,True,0.3175,1.029,3.241069,1d_transect,2026-03-25 02:00:00-07:00,1.0290015935897827,0.6744452638395771,18.181818280338256,194.4705810546875,0.7565160890540666,14.28571422489322,218.6938018798828,,,,cdip,2026-03-25 20:06:18,0.0
10,2026-03-25 05:00:00-07:00,1.4505,15.38,254.7,False,0.4633,11.11,306.8,False,0.2616,3.85,318.5,True,0.3833,1.545,4.031039,1d_transect,2026-03-25 05:00:00-07:00,1.5449892282485962,1.0147264722078586,18.181818280338256,194.193359375,1.1397575424290396,14.28571422489322,219.0136260986328,,,,cdip,2026-03-25 20:06:18,0.0
10,2026-03-25 08:00:00-07:00,1.3069,11.11,305.6,False,0.9215,4.17,326.3,True,,,,,0.1432,1.5991,11.16921,1d_transect,2026-03-25 08:00:00-07:00,1.5991231203079224,1.0063995077673595,18.181818280338256,194.1280212402344,1.2353874350344665,14.28571422489322,219.1372985839844,,,,cdip,2026-03-25 20:06:18,0.0
10,2026-03-25 11:00:00-07:00,1.2795,11.11,304.8,False,0.7559,4.76,322.7,True,,,,,0.1749,1.4861,8.497123,1d_transect,2026-03-25 11:00:00-07:00,1.4861092567443848,1.4785760076670045,16.666667039195705,195.8395233154297,,,,,,,cdip,2026-03-25 20:06:18,0.0
10,2026-03-25 14:00:00-07:00,1.004,11.11,296.8,False,0.5009,4.76,331.5,True,,,,,0.2324,1.122,4.827026,1d_transect,2026-03-25 14:00:00-07:00,1.1220170259475708,1.100135155615511,16.666667039195705,195.447265625,0.2015397543467153,5.882352879303138,244.15478515625,,,,cdip,2026-03-25 20:06:18,0.0
10,2026-03-25 17:00:00-07:00,1.0274,11.11,294.4,False,0.4415,5.0,327.0,True,,,,,0.3159,1.1182,3.540304,1d_transect,2026-03-25 17:00:00-07:00,1.1182386875152588,1.088204499488192,16.666667039195705,195.0857391357422,0.2211069677936023,6.25000013969839,243.05018615722656,,,,cdip,2026-03-25 20:06:18,0.0
10,2026-03-25 20:00:00-07:00,1.1347,11.11,294.2,False,0.4989,5.26,329.5,True,,,,,0.3501,1.2395,3.540095,1d_transect,2026-03-25 20:00:00-07:00,1.2395094633102417,0.5810767708001223,16.666667039195705,194.977294921875,0.9808101824710764,14.28571422489322,216.15245056152344,0.4701121343560501,6.25000013969839,242.75027465820312,cdip,2026-03-25 20:06:18,0.0
10,2026-03-25 23:00:00-07:00,1.0426,11.11,300.3,False,0.9655,6.67,319.1,False,,,,,0.2934,1.4209,4.842526,1d_transect,2026-03-25 23:00:00-07:00,1.4209396839141846,0.5412642396269827,16.666667039195705,194.98898315429688,0.9562967131590294,14.28571422489322,215.14096069335935,0.8826668286808413,9.090909140169128,233.68441772460935,cdip,2026-03-25 20:06:18,0.0
10,2026-03-26 02:00:00-07:00,1.079,8.33,312.0,False,,,,,,,,,0.2961,1.079,3.644121,1d_transect,2026-03-26 02:00:00-07:00,1.0789949893951416,0.8339401926045208,9.871668200422231,231.47027587890625,0.4020743283015615,16.666667039195705,195.281005859375,0.3612164232286279,13.33333280351429,219.9188995361328,cdip,2026-03-25 20:06:18,0.0
10,2026-03-26 05:00:00-07:00,1.21,9.09,310.8,False,,,,,,,,,0.3458,1.21,3.499117,1d_transect,2026-03-26 05:00:00-07:00,1.20999276638031,1.043821467200007,10.526315921561542,229.6545867919922,0.3671918493782176,15.384615948919734,196.491455078125,0.4248285207320715,6.25000013969839,243.0345764160156,cdip,2026-03-25 20:06:18,0.0
10,2026-03-26 08:00:00-07:00,1.2378,9.87,308.3,False,,,,,,,,,0.3686,1.2378,3.358054,1d_transect,2026-03-26 08:00:00-07:00,1.2378222942352295,1.0832936131245965,10.526315921561542,229.9255523681641,0.3300121936453561,15.384615948919734,195.8400421142578,0.4370648091449428,6.25000013969839,242.8423614501953,cdip,2026-03-25 20:06:18,0.0
10,2026-03-26 11:00:00-07:00,1.2073,9.87,311.7,False,,,,,,,,,0.3498,1.2073,3.451569,1d_transect,2026-03-26 11:00:00-07:00,1.2073241472244265,1.0525405992244168,10.526315921561542,230.4600982666016,0.3070577564375408,15.384615948919734,195.56739807128903,0.4526562878347057,6.25000013969839,242.67312622070312,cdip,2026-03-25 20:06:18,0.0
10,2026-03-26 14:00:00-07:00,1.1358,9.87,306.6,False,,,,,,,,,0.3399,1.1358,3.341233,1d_transect,2026-03-26 14:00:00-07:00,1.1357909440994265,1.0507568734680617,10.526315921561542,230.96763610839844,0.3817055537290825,6.25000013969839,242.79244995117188,,,,cdip,2026-03-25 20:06:18,0.0
10,2026-03-26 17:00:00-07:00,1.0961,9.87,311.3,False,,,,,,,,,0.3118,1.0961,3.515769,1d_transect,2026-03-26 17:00:00-07:00,1.096097111701965,0.5616520417403683,11.111110669595242,230.47596740722656,0.8117485551954128,6.25000013969839,243.0579833984375,,,,cdip,2026-03-25 20:06:18,0.0
10,2026-03-26 20:00:00-07:00,1.0966,9.87,310.3,False,,,,,,,,,0.2939,1.0966,3.731581,1d_transect,2026-03-26 20:00:00-07:00,1.096601486206055,0.5861723335834439,12.50000027939678,223.3123016357422,0.7890338640193444,7.14285711244661,241.5448303222656,,,,cdip,2026-03-25 20:06:18,0.0
10,2026-03-26 23:00:00-07:00,1.0339,9.87,312.6,False,,,,,,,,,0.2738,1.0339,3.775471,1d_transect,2026-03-26 23:00:00-07:00,1.0338674783706665,0.926866970516823,12.50000027939678,223.07534790039065,0.2229111067957919,7.14285711244661,241.3988037109375,,,,cdip,2026-03-25 20:06:18,0.0
10,2026-03-27 02:00:00-07:00,1.0174,9.87,313.6,False,,,,,,,,,0.2597,1.0174,3.917533,1d_transect,2026-03-27 02:00:00-07:00,1.0173763036727903,0.9187492905563792,12.50000027939678,223.3497009277344,0.2579184389727751,7.14285711244661,241.3540496826172,,,,cdip,2026-03-25 20:06:18,0.0
10,2026-03-27 05:00:00-07:00,1.0108,10.53,314.7,False,,,,,,,,,0.2682,1.0108,3.768674,1d_transect,2026-03-27 05:00:00-07:00,1.010843276977539,0.91940648101584,12.50000027939678,223.47171020507807,0.2482181407212858,7.14285711244661,241.27313232421875,,,,cdip,2026-03-25 20:06:18,0.0
10,2026-03-27 08:00:00-07:00,0.9748,10.53,313.7,False,,,,,,,,,0.2585,0.9748,3.770345,1d_transect,2026-03-27 08:00:00-07:00,0.9747900366783142,0.8873186618985712,12.50000027939678,223.0851287841797,0.2386392819933878,7.14285711244661,241.1385803222656,,,,cdip,2026-03-25 20:06:18,0.0
10,2026-03-27 11:00:00-07:00,0.926,10.53,314.8,False,,,,,,,,,0.2449,0.926,3.781212,1d_transect,2026-03-27 11:00:00-07:00,0.9259954690933228,0.8404945407793561,12.50000027939678,222.485595703125,0.2310182215635863,7.14285711244661,241.00244140625,,,,cdip,2026-03-25 20:06:18,0.0
10,2026-03-27 14:00:00-07:00,0.8544,10.53,308.6,False,,,,,,,,,0.2378,0.8544,3.592432,1d_transect,2026-03-27 14:00:00-07:00,0.8544058203697205,0.7744672667317899,11.764705758606276,226.08853149414065,0.215116947859163,7.14285711244661,240.94126892089844,,,,cdip,2026-03-25 20:06:18,0.0
10,2026-03-27 17:00:00-07:00,0.8403,10.53,311.1,False,,,,,,,,,0.2258,0.8403,3.72193,1d_transect,2026-03-27 17:00:00-07:00,0.8402650356292725,0.7635801533773308,11.764705758606276,225.54757690429688,0.2089166302511538,7.14285711244661,240.92233276367188,,,,cdip,2026-03-25 20:06:18,0.0
10,2026-03-27 20:00:00-07:00,0.8458,9.87,312.3,False,,,,,,,,,0.2103,0.8458,4.021152,1d_transect,2026-03-27 20:00:00-07:00,0.8457925915718079,0.7737348005367126,11.764705758606276,225.2796936035156,0.2042366365062484,7.14285711244661,240.88882446289065,,,,cdip,2026-03-25 20:06:18,0.0
10,2026-03-27 23:00:00-07:00,0.901,9.87,313.4,False,,,,,,,,,0.2066,0.901,4.361671,1d_transect,2026-03-27 23:00:00-07:00,0.9010350704193116,0.828624620587766,12.50000027939678,221.4345550537109,0.2144147677626042,7.14285711244661,240.91098022460935,,,,cdip,2026-03-25 20:06:18,0.0
10,2026-03-28 02:00:00-07:00,0.9237,9.87,313.0,False,,,,,,,,,0.2045,0.9237,4.517425,1d_transect,2026-03-28 02:00:00-07:00,0.92366361618042,0.7048342413801801,12.50000027939678,221.9977569580078,0.4797764588381014,14.28571422489322,213.7055511474609,0.2195835235916476,7.14285711244661,240.99774169921875,cdip,2026-03-25 20:06:18,0.0
10,2026-03-28 05:00:00-07:00,0.9438,10.53,312.3,False,,,,,,,,,0.2168,0.9438,4.352314,1d_transect,2026-03-28 05:00:00-07:00,0.9437630772590636,0.7125896505013356,12.50000027939678,222.20216369628903,0.5049816816677716,14.28571422489322,214.5763092041016,0.315663021302256,7.14285711244661,241.0550537109375,cdip,2026-03-25 20:06:18,0.0
10,2026-03-28 08:00:00-07:00,1.0637,10.53,311.3,False,,,,,,,,,0.2211,1.0637,4.810849,1d_transect,2026-03-28 08:00:00-07:00,1.0637202262878418,0.5807290678438818,14.28571422489322,215.6747283935547,0.796616193349689,12.50000027939678,222.03456115722656,0.3535245394748645,7.14285711244661,241.091552734375,cdip,2026-03-25 20:06:18,0.0
10,2026-03-28 11:00:00-07:00,0.817,14.29,265.8,False,0.6867,11.11,312.3,False,,,,,0.38,1.0673,2.808893,1d_transect,2026-03-28 11:00:00-07:00,1.067274808883667,0.5919755561495064,14.28571422489322,216.64083862304688,0.7959163593081773,12.50000027939678,221.42868041992188,0.3454336167629754,7.14285711244661,241.06466674804688,cdip,2026-03-25 20:06:18,0.0
10,2026-03-28 14:00:00-07:00,0.8541,14.29,256.8,False,0.61,11.11,308.0,False,,,,,0.466,1.0496,2.252508,1d_transect,2026-03-28 14:00:00-07:00,1.04956316947937,0.9788823069856452,14.28571422489322,216.9922332763672,0.3318997659604258,7.14285711244661,241.00384521484372,0.0483602765962455,22.222221339190483,193.0520782470703,cdip,2026-03-25 20:06:18,0.0
10,2026-03-28 17:00:00-07:00,1.0185,11.11,309.0,False,,,,,,,,,0.2681,1.0185,3.798994,1d_transect,2026-03-28 17:00:00-07:00,1.0185325145721436,0.953563632361196,14.28571422489322,216.93084716796875,0.3141501234645801,7.14285711244661,240.9066467285156,0.0488270114717484,22.222221339190483,193.1000213623047,cdip,2026-03-25 20:06:18,0.0
10,2026-03-28 20:00:00-07:00,0.8252,13.33,264.5,False,0.5202,11.11,307.9,False,,,,,0.4709,0.9755,2.071689,1d_transect,2026-03-28 20:00:00-07:00,0.975483536720276,0.6800697076150654,14.28571422489322,216.91905212402344,0.6165288567743917,11.764705758606276,223.2393798828125,0.2933375953693264,7.14285711244661,240.7803649902344,cdip,2026-03-25 20:06:18,0.0
10,2026-03-28 23:00:00-07:00,0.8414,13.33,264.2,False,0.4138,10.53,311.3,False,,,,,0.4376,0.9377,2.142843,1d_transect,2026-03-28 23:00:00-07:00,0.9376702904701232,0.6717471664260354,14.28571422489322,217.0167236328125,0.5776305398204877,7.14285711244661,240.64495849609372,,,,cdip,2026-03-25 20:06:18,0.0
10,2026-03-29 02:00:00-07:00,0.837,13.33,258.4,False,0.3531,10.53,306.1,False,,,,,0.4795,0.9084,1.894502,1d_transect,2026-03-29 02:00:00-07:00,0.9084035158157348,0.8551356086716367,14.28571422489322,217.1519927978516,0.2668695810334055,7.14285711244661,240.57443237304688,0.0737897257260992,19.99999970197678,194.5194091796875,cdip,2026-03-25 20:06:18,0.0
10,2026-03-29 05:00:00-07:00,0.7817,13.33,260.0,False,0.3087,9.87,307.9,False,,,,,0.4672,0.8405,1.799013,1d_transect,2026-03-29 05:00:00-07:00,0.840467095375061,0.788713763302792,13.33333280351429,214.6984100341797,0.2534678228844362,7.14285711244661,240.57974243164065,0.0773610041777802,19.99999970197678,193.76080322265625,cdip,2026-03-25 20:06:18,0.0
10,2026-03-29 08:00:00-07:00,0.7612,13.33,260.6,False,0.2878,9.87,306.2,False,,,,,0.47,0.8138,1.731602,1d_transect,2026-03-29 08:00:00-07:00,0.813807487487793,0.7630264767742397,13.33333280351429,215.18722534179688,0.2455064296730224,7.14285711244661,240.52301025390625,0.085953707463268,19.99999970197678,193.4654235839844,cdip,2026-03-25 20:06:18,0.0
10,2026-03-29 11:00:00-07:00,0.993,13.33,260.8,False,0.356,9.87,307.2,False,,,,,0.4616,1.0549,2.285376,1d_transect,2026-03-29 11:00:00-07:00,1.054877519607544,0.9987186806527308,13.33333280351429,215.7359313964844,0.3010092549270904,7.14285711244661,240.4005279541016,,,,cdip,2026-03-25 20:06:18,0.0
10,2026-03-29 14:00:00-07:00,0.9366,13.33,265.3,False,0.3617,9.87,306.3,False,,,,,0.3977,1.004,2.524872,1d_transect,2026-03-29 14:00:00-07:00,1.0040271282196045,0.942155360550216,13.33333280351429,216.1784820556641,0.1529974037633381,18.181818280338256,195.5736541748047,0.2767447131652549,7.14285711244661,240.22390747070312,cdip,2026-03-25 20:06:18,0.0
10,2026-03-29 17:00:00-07:00,0.9056,13.33,266.3,False,0.3314,9.87,306.8,False,,,,,0.39,0.9643,2.472562,1d_transect,2026-03-29 17:00:00-07:00,0.9643491506576538,0.90623749146292,13.33333280351429,216.6714324951172,0.1635831464180963,18.181818280338256,195.2667694091797,0.2549541078782938,7.14285711244661,240.0678253173828,cdip,2026-03-25 20:06:18,0.0
10,2026-03-29 20:00:00-07:00,0.8955,13.33,264.5,False,0.2468,9.09,305.8,False,,,,,0.4783,0.9289,1.942291,1d_transect,2026-03-29 20:00:00-07:00,0.9289056062698364,0.8769177818575491,13.33333280351429,216.67898559570312,0.1572913877166752,18.181818280338256,195.32945251464844,0.2331882782135797,7.14285711244661,239.83102416992188,cdip,2026-03-25 20:06:18,0.0
10,2026-03-29 23:00:00-07:00,0.8528,12.5,268.4,False,0.2609,9.09,306.8,False,0.1101,3.7,319.0,True,0.3851,0.8986,2.33314,1d_transect,2026-03-29 23:00:00-07:00,0.8985957503318787,0.8655404224308788,13.33333280351429,216.1705474853516,0.2125449172575756,7.14285711244661,239.5211181640625,,,,cdip,2026-03-25 20:06:18,0.0
10,2026-03-30 02:00:00-07:00,0.8429,12.5,264.4,False,0.2331,9.09,308.0,False,,,,,0.4285,0.8746,2.041159,1d_transect,2026-03-30 02:00:00-07:00,0.8745608925819397,0.8212222335005284,12.50000027939678,215.4268493652344,0.1968548548053245,16.666667039195705,195.48049926757807,0.1996392201079788,7.14285711244661,239.2912750244141,cdip,2026-03-25 20:06:18,0.0
10,2026-03-30 05:00:00-07:00,0.8071,12.5,266.0,False,0.2355,9.09,309.2,False,,,,,0.3922,0.8408,2.143856,1d_transect,2026-03-30 05:00:00-07:00,0.8407844305038452,0.7858370258906466,12.50000027939678,216.3153839111328,0.2082060975795147,16.666667039195705,195.23583984375,0.1874721705895849,7.14285711244661,239.0793609619141,cdip,2026-03-25 20:06:18,0.0
10,2026-03-30 08:00:00-07:00,0.7857,12.5,266.2,False,0.1474,9.09,308.0,False,0.1628,5.88,316.2,True,0.3771,0.8158,2.163376,1d_transect,2026-03-30 08:00:00-07:00,0.8158499002456665,0.7597581151449543,12.50000027939678,216.6466522216797,0.2197302145153706,16.666667039195705,195.16465759277344,0.1732878700316746,7.14285711244661,238.60287475585935,cdip,2026-03-25 20:06:18,0.0
10,2026-03-30 11:00:00-07:00,0.7721,12.5,267.3,False,0.1321,9.09,309.2,False,0.1344,5.56,314.6,True,0.386,0.7948,2.058813,1d_transect,2026-03-30 11:00:00-07:00,0.7948000431060791,0.7889972362805724,12.50000027939678,215.9160919189453,,,,,,,cdip,2026-03-25 20:06:18,0.0
10,2026-03-30 14:00:00-07:00,0.7468,12.5,268.9,False,0.1251,9.09,307.9,False,0.1181,5.56,315.6,True,0.3688,0.7664,2.077978,1d_transect,2026-03-30 14:00:00-07:00,0.7664015889167786,0.7007593952803424,12.50000027939678,214.69094848632807,0.2970317632139404,15.384615948919734,195.3090362548828,,,,cdip,2026-03-25 20:06:18,0.0
10,2026-03-30 17:00:00-07:00,0.5308,15.38,232.6,False,0.4691,11.76,275.9,False,0.1618,9.09,309.4,False,0.3538,0.7266,2.053544,1d_transect,2026-03-30 17:00:00-07:00,0.7265611290931702,0.6558193929212958,12.50000027939678,213.1019287109375,0.3001698340263815,15.384615948919734,195.5219573974609,,,,cdip,2026-03-25 20:06:18,0.0
10,2026-03-30 20:00:00-07:00,0.5941,15.38,233.8,False,0.3266,11.11,286.5,False,0.1515,8.33,308.7,False,0.3212,0.6947,2.16293,1d_transect,2026-03-30 20:00:00-07:00,0.6946987509727478,0.6132512599138344,12.50000027939678,211.2087554931641,0.3148076433744926,15.384615948919734,196.0135803222656,,,,cdip,2026-03-25 20:06:18,0.0
10,2026-03-30 23:00:00-07:00,0.5883,15.38,235.4,False,0.3048,11.11,288.1,False,0.1386,8.33,308.9,False,0.3133,0.6769,2.160305,1d_transect,2026-03-30 23:00:00-07:00,0.6768866777420044,0.5558153551888075,12.50000027939678,208.8510589599609,0.376924314469295,16.666667039195705,196.37399291992188,,,,cdip,2026-03-25 20:06:18,0.0
10,2026-03-31 02:00:00-07:00,0.5671,15.38,242.8,False,0.2257,11.11,287.6,False,0.1536,8.33,300.5,False,0.3476,0.6294,1.810594,1d_transect,2026-03-31 02:00:00-07:00,0.6294063329696655,0.4806827902826525,12.50000027939678,205.94810485839844,0.3985829641400393,15.384615948919734,198.1466827392578,,,,cdip,2026-03-25 20:06:18,0.0
10,2026-03-31 05:00:00-07:00,0.7149,14.29,245.3,False,0.2076,11.11,292.9,False,0.1741,8.33,295.7,False,0.342,0.7645,2.235173,1d_transect,2026-03-31 05:00:00-07:00,0.7645329833030701,0.4990860927905001,14.28571422489322,196.2700042724609,0.4740339701411175,12.50000027939678,203.8853912353516,0.3209070434360673,8.333333519597852,213.7161102294922,cdip,2026-03-25 20:06:18,0.0
10,2026-03-31 08:00:00-07:00,0.6852,14.29,246.6,False,0.1483,11.11,295.5,False,0.2302,8.33,294.6,False,0.3531,0.7379,2.089706,1d_transect,2026-03-31 08:00:00-07:00,0.737902820110321,0.5033413712168985,14.28571422489322,196.9291229248047,0.4205466282848265,12.50000027939678,201.05401611328125,0.3266705312778408,8.333333519597852,212.0673828125,cdip,2026-03-25 20:06:18,0.0
10,2026-03-31 11:00:00-07:00,0.8022,14.29,242.4,False,0.2073,11.11,291.3,False,0.1395,8.33,295.3,False,0.417,0.8402,2.014844,1d_transect,2026-03-31 11:00:00-07:00,0.840226411819458,0.5975323275894467,15.384615948919734,203.0169677734375,0.5002137959671937,11.111110669595242,213.0867156982422,0.2966909602159006,7.692307974459867,218.8242034912109,cdip,2026-03-25 20:06:18,0.0
10,2026-03-31 14:00:00-07:00,0.7146,14.29,245.5,False,0.3189,7.69,278.5,False,0.1218,11.11,303.6,False,0.4136,0.792,1.914947,1d_transect,2026-03-31 14:00:00-07:00,0.7919744253158569,0.5718755077767609,14.28571422489322,200.9486846923828,0.3278385158616198,11.764705758606276,211.6810302734375,0.3003941998017113,10.526315921561542,200.0265655517578,cdip,2026-03-25 20:06:18,0.0
11,2026-03-25 02:00:00-07:00,0.5679,15.38,260.5,False,0.7511,11.11,306.4,False,0.0993,3.85,332.6,True,1.0481,0.9468,0.903404,1d_transect,2026-03-25 02:00:00-07:00,0.9468152523040771,0.6679373425968335,16.666667039195705,225.08995056152344,0.6460558940660445,11.111110669595242,252.4832000732422,,,,cdip,2026-03-25 20:06:18,0.0
11,2026-03-25 05:00:00-07:00,0.8346,15.38,254.7,False,1.0023,11.11,306.8,False,0.3713,3.85,318.5,True,1.0453,1.3561,1.297233,1d_transect,2026-03-25 05:00:00-07:00,1.3560587167739868,0.9753026692228848,16.666667039195705,225.3436737060547,0.8974511307528257,11.111110669595242,251.4336853027344,,,,cdip,2026-03-25 20:06:18,0.0
11,2026-03-25 08:00:00-07:00,1.346,11.11,305.6,False,0.3607,4.17,326.3,True,,,,,0.8143,1.3935,1.711333,1d_transect,2026-03-25 08:00:00-07:00,1.3934627771377563,0.9932738580843208,16.666667039195705,224.65835571289065,0.9290206506392952,11.111110669595242,252.33480834960935,,,,cdip,2026-03-25 20:06:18,0.0
11,2026-03-25 11:00:00-07:00,1.403,11.11,304.8,False,0.4481,4.76,322.7,True,,,,,0.9997,1.4728,1.473313,1d_transect,2026-03-25 11:00:00-07:00,1.4728492498397827,1.0065095361269043,16.666667039195705,223.9395904541016,1.000530426609031,11.111110669595242,254.05596923828125,0.3517431578943674,4.761904910578484,285.1072082519531,cdip,2026-03-25 20:06:18,0.0
11,2026-03-25 14:00:00-07:00,1.1505,11.11,296.8,False,0.189,4.76,331.5,True,,,,,1.1739,1.1659,0.993218,1d_transect,2026-03-25 14:00:00-07:00,1.1659225225448608,0.7400820056213796,16.666667039195705,223.76129150390625,0.7953967510323349,11.111110669595242,255.76025390625,0.3485702970034904,4.761904910578484,284.89630126953125,cdip,2026-03-25 20:06:18,0.0
11,2026-03-25 17:00:00-07:00,0.838,11.11,294.4,False,0.1883,5.0,327.0,True,,,,,1.4532,0.8589,0.591021,1d_transect,2026-03-25 17:00:00-07:00,0.858891487121582,0.6140089949845388,11.111110669595242,257.49755859375,0.5121901321416097,16.666667039195705,223.6873016357422,0.2609207480238211,4.761904910578484,284.5667724609375,cdip,2026-03-25 20:06:18,0.0
11,2026-03-25 20:00:00-07:00,0.9413,11.11,294.2,False,0.2164,5.26,329.5,True,,,,,1.6069,0.9659,0.601079,1d_transect,2026-03-25 20:00:00-07:00,0.9658701419830322,0.6807358486152771,11.111110669595242,258.5150756835937,0.5152452156107118,16.666667039195705,223.30303955078125,0.2984285274867707,6.666666401757145,270.3180236816406,cdip,2026-03-25 20:06:18,0.0
11,2026-03-25 23:00:00-07:00,0.8992,11.11,300.3,False,0.6213,6.67,319.1,False,,,,,1.6549,1.093,0.660462,1d_transect,2026-03-25 23:00:00-07:00,1.0930112600326538,0.7908855919815302,11.111110669595242,258.6951599121094,0.5089709449704697,16.666667039195705,222.4772186279297,0.4239329704277769,6.666666401757145,270.2609558105469,cdip,2026-03-25 20:06:18,0.0
11,2026-03-26 02:00:00-07:00,1.2187,8.33,312.0,False,,,,,,,,,1.9281,1.2187,0.632095,1d_transect,2026-03-26 02:00:00-07:00,1.2187252044677734,1.0143156249588574,11.111110669595242,258.0282287597656,0.4899436840997894,16.666667039195705,221.2754821777344,0.4228430568526021,4.761904910578484,275.80499267578125,cdip,2026-03-25 20:06:18,0.0
11,2026-03-26 05:00:00-07:00,1.2802,9.09,310.8,False,,,,,,,,,2.2719,1.2802,0.563508,1d_transect,2026-03-26 05:00:00-07:00,1.280236840248108,0.9537680920884406,11.111110669595242,257.6515808105469,0.4629614281690568,15.384615948919734,222.66888427734372,0.527777242825317,6.666666401757145,268.9635009765625,cdip,2026-03-25 20:06:18,0.0
11,2026-03-26 08:00:00-07:00,1.2953,9.87,308.3,False,,,,,,,,,2.8459,1.2953,0.455159,1d_transect,2026-03-26 08:00:00-07:00,1.295341968536377,0.9790177322151732,11.111110669595242,258.06671142578125,0.4367325210120908,15.384615948919734,221.4805450439453,0.3932208251167982,6.666666401757145,268.57208251953125,cdip,2026-03-25 20:06:18,0.0
11,2026-03-26 11:00:00-07:00,1.2719,9.87,311.7,False,,,,,,,,,2.2981,1.2719,0.55347,1d_transect,2026-03-26 11:00:00-07:00,1.2719427347183228,0.9833534587701814,11.111110669595242,258.79071044921875,0.4188264301597747,15.384615948919734,220.4430084228516,0.4998176855409151,6.666666401757145,268.52252197265625,cdip,2026-03-25 20:06:18,0.0
11,2026-03-26 14:00:00-07:00,1.2233,9.87,306.6,False,,,,,,,,,2.6245,1.2233,0.466124,1d_transect,2026-03-26 14:00:00-07:00,1.223331093788147,0.9613312264591822,11.111110669595242,259.3700561523437,0.403216414042343,15.384615948919734,219.83351135253903,0.4641822160049648,6.666666401757145,268.5479736328125,cdip,2026-03-25 20:06:18,0.0
11,2026-03-26 17:00:00-07:00,1.173,9.87,311.3,False,,,,,,,,,2.0483,1.173,0.57267,1d_transect,2026-03-26 17:00:00-07:00,1.1730022430419922,0.9232396974147838,11.111110669595242,259.6708068847656,0.3906045603457052,15.384615948919734,219.33026123046875,0.3124171212292582,6.25000013969839,269.7474060058594,cdip,2026-03-25 20:06:18,0.0
11,2026-03-26 20:00:00-07:00,1.1092,9.87,310.3,False,,,,,,,,,1.9307,1.1092,0.574511,1d_transect,2026-03-26 20:00:00-07:00,1.1092262268066406,0.8673885131392252,11.111110669595242,259.7196655273437,0.3809291631172261,15.384615948919734,219.0938262939453,0.286752863079983,5.555555334797621,270.97979736328125,cdip,2026-03-25 20:06:18,0.0
11,2026-03-26 23:00:00-07:00,1.0605,9.87,312.6,False,,,,,,,,,1.7991,1.0605,0.589464,1d_transect,2026-03-26 23:00:00-07:00,1.060516119003296,0.8324851726627683,11.111110669595242,259.897705078125,0.3747966319638481,15.384615948919734,219.0891571044922,0.511507924458161,5.555555334797621,270.8541564941406,cdip,2026-03-25 20:06:18,0.0
11,2026-03-27 02:00:00-07:00,1.0519,9.87,313.6,False,,,,,,,,,1.7062,1.0519,0.616511,1d_transect,2026-03-27 02:00:00-07:00,1.051903247833252,0.8400032730966587,11.111110669595242,260.1976928710937,0.3735308328226372,15.384615948919734,219.0995330810547,0.2522314010555049,5.555555334797621,270.8121643066406,cdip,2026-03-25 20:06:18,0.0
11,2026-03-27 05:00:00-07:00,1.0503,10.53,314.7,False,,,,,,,,,1.7369,1.0503,0.604653,1d_transect,2026-03-27 05:00:00-07:00,1.05025053024292,0.8517204521861228,11.111110669595242,260.419921875,0.3756093210542882,15.384615948919734,218.96408081054688,0.2403607207437634,5.555555334797621,270.7580871582031,cdip,2026-03-25 20:06:18,0.0
11,2026-03-27 08:00:00-07:00,1.0306,10.53,313.7,False,,,,,,,,,1.6743,1.0306,0.615571,1d_transect,2026-03-27 08:00:00-07:00,1.0306220054626465,0.8398681434424511,11.111110669595242,260.5982666015625,0.3784019482870042,14.28571422489322,220.9271240234375,0.2269669673629876,5.555555334797621,270.6811218261719,cdip,2026-03-25 20:06:18,0.0
11,2026-03-27 11:00:00-07:00,1.0022,10.53,314.8,False,,,,,,,,,1.5859,1.0022,0.631924,1d_transect,2026-03-27 11:00:00-07:00,1.0021525621414185,0.8128562666332775,11.111110669595242,260.64813232421875,0.3859591592826016,14.28571422489322,220.57339477539065,0.4150527899577235,5.555555334797621,270.5809326171875,cdip,2026-03-25 20:06:18,0.0
11,2026-03-27 14:00:00-07:00,0.978,10.53,308.6,False,,,,,,,,,1.8308,0.978,0.534176,1d_transect,2026-03-27 14:00:00-07:00,0.9779653549194336,0.7604462002548237,11.111110669595242,260.4484558105469,0.4459429995363861,15.384615948919734,217.20584106445312,0.3967766776274447,5.555555334797621,270.5046691894531,cdip,2026-03-25 20:06:18,0.0
11,2026-03-27 17:00:00-07:00,0.9573,10.53,311.1,False,,,,,,,,,1.462,0.9573,0.654783,1d_transect,2026-03-27 17:00:00-07:00,0.9572755694389344,0.7290046823398304,11.111110669595242,259.9732971191406,0.460306985181884,16.666667039195705,225.2955322265625,0.2611521191438629,5.555555334797621,270.61285400390625,cdip,2026-03-25 20:06:18,0.0
11,2026-03-27 20:00:00-07:00,0.9484,9.87,312.3,False,,,,,,,,,1.3819,0.9484,0.686292,1d_transect,2026-03-27 20:00:00-07:00,0.9483932256698608,0.7066925170355418,11.111110669595242,259.396728515625,0.4737442377321914,16.666667039195705,230.0464782714844,0.2538081150637936,4.761904910578484,269.4793701171875,cdip,2026-03-25 20:06:18,0.0
11,2026-03-27 23:00:00-07:00,0.9619,9.87,313.4,False,,,,,,,,,1.3572,0.9619,0.708702,1d_transect,2026-03-27 23:00:00-07:00,0.9618741869926452,0.7150839630211753,11.111110669595242,259.51922607421875,0.4902449762332959,16.666667039195705,233.36260986328125,0.2558505677617159,5.555555334797621,271.2965087890625,cdip,2026-03-25 20:06:18,0.0
11,2026-03-28 02:00:00-07:00,0.9846,9.87,313.0,False,,,,,,,,,1.3433,0.9846,0.73297,1d_transect,2026-03-28 02:00:00-07:00,0.9846336841583252,0.7361844389614453,11.111110669595242,259.98895263671875,0.5049922271481361,16.666667039195705,234.05096435546875,0.2628233624778002,5.555555334797621,271.9290466308594,cdip,2026-03-25 20:06:18,0.0
11,2026-03-28 05:00:00-07:00,1.0034,10.53,312.3,False,,,,,,,,,1.4042,1.0034,0.714537,1d_transect,2026-03-28 05:00:00-07:00,1.0033642053604126,0.7585214175001854,11.111110669595242,260.31915283203125,0.5097462222987216,15.384615948919734,223.50050354003903,0.2051574663881435,6.25000013969839,271.38427734375,cdip,2026-03-25 20:06:18,0.0
11,2026-03-28 08:00:00-07:00,1.0122,10.53,311.3,False,,,,,,,,,1.4318,1.0122,0.706888,1d_transect,2026-03-28 08:00:00-07:00,1.0121558904647827,0.7797842863452349,11.111110669595242,260.4671936035156,0.5098524236624388,15.384615948919734,224.85317993164065,0.2378396061390494,5.555555334797621,272.9179992675781,cdip,2026-03-25 20:06:18,0.0
11,2026-03-28 11:00:00-07:00,0.9058,11.11,312.3,False,0.4407,14.29,265.8,False,,,,,1.6813,1.0073,0.599108,1d_transect,2026-03-28 11:00:00-07:00,1.00728178024292,0.7973907198314397,11.111110669595242,260.4930725097656,0.5084972720102169,15.384615948919734,225.9579315185547,0.3178402264854074,4.761904910578484,271.00323486328125,cdip,2026-03-25 20:06:18,0.0
11,2026-03-28 14:00:00-07:00,0.91,11.11,308.0,False,0.3784,14.29,256.8,False,,,,,1.9714,0.9855,0.499905,1d_transect,2026-03-28 14:00:00-07:00,0.9855061173439026,0.7723845292909167,11.111110669595242,260.43701171875,0.5045860744444788,15.384615948919734,226.5058441162109,0.3192195565589093,4.761904910578484,271.6166381835937,cdip,2026-03-25 20:06:18,0.0
11,2026-03-28 17:00:00-07:00,0.9507,11.11,309.0,False,,,,,,,,,1.8021,0.9507,0.527531,1d_transect,2026-03-28 17:00:00-07:00,0.9506617188453674,0.741644697669432,11.111110669595242,260.3153686523437,0.4971060827019297,14.28571422489322,218.9407958984375,0.3004219357353587,4.761904910578484,272.448486328125,cdip,2026-03-25 20:06:18,0.0
11,2026-03-28 20:00:00-07:00,0.7926,11.11,307.9,False,0.4284,13.33,264.5,False,,,,,1.9186,0.901,0.469628,1d_transect,2026-03-28 20:00:00-07:00,0.9010093808174132,0.6927410905534679,11.111110669595242,259.99078369140625,0.4873444844965933,13.33333280351429,217.9180603027344,0.2838812171731934,4.761904910578484,273.29595947265625,cdip,2026-03-25 20:06:18,0.0
11,2026-03-28 23:00:00-07:00,0.5012,13.33,264.2,False,0.6968,10.53,311.3,False,,,,,1.5402,0.8583,0.557288,1d_transect,2026-03-28 23:00:00-07:00,0.8583346605300903,0.654067693822952,11.111110669595242,259.3462829589844,0.4771951736280016,13.33333280351429,218.053955078125,0.260381048921913,4.761904910578484,274.16961669921875,cdip,2026-03-25 20:06:18,0.0
11,2026-03-29 02:00:00-07:00,0.6989,10.53,306.1,False,0.4336,13.33,258.4,False,,,,,1.6884,0.8225,0.487157,1d_transect,2026-03-29 02:00:00-07:00,0.8224984407424927,0.6218695748633165,11.111110669595242,257.99322509765625,0.4641388279218821,13.33333280351429,218.29196166992188,0.2454130985873647,4.761904910578484,274.8336486816406,cdip,2026-03-25 20:06:18,0.0
11,2026-03-29 05:00:00-07:00,0.4971,13.33,260.0,False,0.7521,9.87,307.9,False,,,,,1.588,0.9015,0.567729,1d_transect,2026-03-29 05:00:00-07:00,0.901530921459198,0.5109091107143745,13.33333280351429,218.60499572753903,0.6807489445890292,10.526315921561542,258.9096984863281,0.262636157169961,4.761904910578484,275.6741638183594,cdip,2026-03-25 20:06:18,0.0
11,2026-03-29 08:00:00-07:00,0.5281,13.33,260.6,False,0.6731,9.87,306.2,False,,,,,1.6311,0.8555,0.524529,1d_transect,2026-03-29 08:00:00-07:00,0.8555499911308289,0.5478288941008783,13.33333280351429,218.6971435546875,0.5931672008385241,10.526315921561542,257.76220703125,0.2476839022449381,4.761904910578484,276.7462158203125,cdip,2026-03-25 20:06:18,0.0
11,2026-03-29 11:00:00-07:00,0.7008,13.33,260.8,False,0.847,9.87,307.2,False,,,,,1.561,1.0994,0.704265,1d_transect,2026-03-29 11:00:00-07:00,1.09936261177063,0.7788078174333243,13.33333280351429,218.8622131347656,0.6868257179652764,10.526315921561542,256.0475158691406,0.3122969439747067,4.761904910578484,277.8743591308594,cdip,2026-03-25 20:06:18,0.0
11,2026-03-29 14:00:00-07:00,0.6846,13.33,265.3,False,0.7825,9.87,306.3,False,,,,,1.4694,1.0397,0.707586,1d_transect,2026-03-29 14:00:00-07:00,1.0397217273712158,0.7486472548974656,13.33333280351429,219.1669921875,0.6382310886537403,10.526315921561542,253.6038818359375,0.289016436833526,4.761904910578484,278.572998046875,cdip,2026-03-25 20:06:18,0.0
11,2026-03-29 17:00:00-07:00,0.6695,13.33,266.3,False,0.7252,9.87,306.8,False,,,,,1.4083,0.987,0.700815,1d_transect,2026-03-29 17:00:00-07:00,0.9869752526283264,0.7043780828366712,13.33333280351429,219.87159729003903,0.5943980915232675,10.526315921561542,250.2554626464844,0.1637848201268231,18.181818280338256,222.71261596679688,cdip,2026-03-25 20:06:18,0.0
11,2026-03-29 20:00:00-07:00,0.6988,13.33,264.5,False,0.6492,9.09,305.8,False,,,,,1.4413,0.9538,0.661789,1d_transect,2026-03-29 20:00:00-07:00,0.9538173675537108,0.6810967319518799,13.33333280351429,220.22824096679688,0.5662171103720396,10.526315921561542,246.22171020507807,0.1868429630931593,18.181818280338256,222.13792419433597,cdip,2026-03-25 20:06:18,0.0
11,2026-03-29 23:00:00-07:00,0.6896,12.5,268.4,False,0.6057,9.09,306.8,False,0.146,3.7,319.0,True,1.3245,0.9294,0.701673,1d_transect,2026-03-29 23:00:00-07:00,0.929377555847168,0.8585292389597488,13.33333280351429,220.01866149902344,0.2085856495957236,18.181818280338256,221.8598480224609,0.2513626317915895,4.347826008084592,277.71002197265625,cdip,2026-03-25 20:06:18,0.0
11,2026-03-30 02:00:00-07:00,0.7033,12.5,264.4,False,0.6426,9.09,308.0,False,,,,,1.307,0.9527,0.728935,1d_transect,2026-03-30 02:00:00-07:00,0.9526855945587158,0.8764226930990017,13.33333280351429,219.0689697265625,0.2264697875329612,18.181818280338256,221.93614196777344,0.1847281476510356,4.761904910578484,282.5794982910156,cdip,2026-03-25 20:06:18,0.0
11,2026-03-30 05:00:00-07:00,0.6743,12.5,266.0,False,0.5649,9.09,309.2,False,,,,,1.3206,0.8797,0.666094,1d_transect,2026-03-30 05:00:00-07:00,0.8796670436859131,0.7849217015669266,12.50000027939678,217.9259185791016,0.2767165129544033,18.181818280338256,222.18942260742188,0.2551767925907871,4.761904910578484,284.1351623535156,cdip,2026-03-25 20:06:18,0.0
11,2026-03-30 08:00:00-07:00,0.7295,12.5,266.2,False,0.393,9.09,308.0,False,0.2479,5.88,316.2,True,1.1579,0.8649,0.747003,1d_transect,2026-03-30 08:00:00-07:00,0.8649201393127441,0.7643199414018256,12.50000027939678,217.9701232910156,0.3001812473725399,16.666667039195705,221.44515991210935,0.2427436261830349,4.761904910578484,284.5025634765625,cdip,2026-03-25 20:06:18,0.0
11,2026-03-30 11:00:00-07:00,0.7358,12.5,267.3,False,0.3615,9.09,309.2,False,0.2619,5.56,314.6,True,1.1795,0.8606,0.729658,1d_transect,2026-03-30 11:00:00-07:00,0.8606456518173218,0.7547765325782331,12.50000027939678,217.1414794921875,0.3362643064417697,16.666667039195705,221.2242889404297,0.2093431111412357,4.545454570084564,284.18658447265625,cdip,2026-03-25 20:06:18,0.0
11,2026-03-30 14:00:00-07:00,0.7514,12.5,268.9,False,0.3615,9.09,307.9,False,0.1949,5.56,315.6,True,1.1013,0.8563,0.777568,1d_transect,2026-03-30 14:00:00-07:00,0.8563129901885986,0.7438130871102449,12.50000027939678,215.85618591308597,0.3710083970481786,16.666667039195705,221.25440979003903,0.1036765442720329,4.999999925494195,283.35162353515625,cdip,2026-03-25 20:06:18,0.0
11,2026-03-30 17:00:00-07:00,0.811,11.76,275.9,False,0.3485,15.38,232.6,False,0.6206,9.09,309.4,False,1.0577,1.079,1.020191,1d_transect,2026-03-30 17:00:00-07:00,1.0790152549743652,0.5592062517102775,16.666667039195705,221.46075439453125,0.8948745025755219,12.50000027939678,214.41407775878903,0.1113570663028923,4.999999925494195,283.21490478515625,cdip,2026-03-25 20:06:18,0.0
11,2026-03-30 20:00:00-07:00,0.4184,15.38,233.8,False,0.7531,11.11,286.5,False,0.6225,8.33,308.7,False,0.9221,1.0629,1.152665,1d_transect,2026-03-30 20:00:00-07:00,1.0629091262817385,0.5794150622861267,16.666667039195705,221.9237823486328,0.8689427149821863,12.50000027939678,212.90786743164065,0.0988178528485695,5.555555334797621,281.0088195800781,cdip,2026-03-25 20:06:18,0.0
11,2026-03-30 23:00:00-07:00,0.4587,15.38,235.4,False,0.7326,11.11,288.1,False,0.5935,8.33,308.9,False,0.8737,1.0485,1.200083,1d_transect,2026-03-30 23:00:00-07:00,1.0484939813613892,0.6373168790561,16.666667039195705,222.90335083007807,0.8136529300375293,12.50000027939678,211.5979766845703,0.0879033966903092,5.555555334797621,281.0121154785156,cdip,2026-03-25 20:06:18,0.0
11,2026-03-31 02:00:00-07:00,0.5304,15.38,242.8,False,0.6065,11.11,287.6,False,0.6233,8.33,300.5,False,0.9059,1.0187,1.124525,1d_transect,2026-03-31 02:00:00-07:00,1.0186587572097778,0.6498457150971585,16.666667039195705,224.0674743652344,0.7674353979524955,12.50000027939678,210.50881958007807,0.0838991081428608,5.555555334797621,281.08624267578125,cdip,2026-03-25 20:06:18,0.0
11,2026-03-31 05:00:00-07:00,0.6287,14.29,245.3,False,0.5497,11.11,292.9,False,0.5295,8.33,295.7,False,0.8165,0.9889,1.211153,1d_transect,2026-03-31 05:00:00-07:00,0.9888808131217957,0.6289566069733266,15.384615948919734,223.0426788330078,0.6456178133552856,11.111110669595242,206.29644775390625,0.387536032129567,8.333333519597852,234.8248291015625,cdip,2026-03-25 20:06:18,0.0
11,2026-03-31 08:00:00-07:00,0.6096,14.29,246.6,False,0.4529,11.11,295.5,False,0.6174,8.33,294.6,False,0.8544,0.9787,1.14549,1d_transect,2026-03-31 08:00:00-07:00,0.978699505329132,0.6333185827504646,15.384615948919734,223.08151245117188,0.6210128282347102,11.111110669595242,199.8086395263672,0.3956483772932592,8.333333519597852,233.11199951171875,cdip,2026-03-25 20:06:18,0.0
11,2026-03-31 11:00:00-07:00,0.6988,14.29,242.4,False,0.5919,11.11,291.3,False,0.4576,8.33,295.3,False,0.8694,1.0238,1.177524,1d_transect,2026-03-31 11:00:00-07:00,1.0237691402435305,0.6718540388907006,15.384615948919734,224.15684509277344,0.681651087366376,11.111110669595242,208.31790161132807,0.3346991891330324,7.692307974459867,237.93972778320312,cdip,2026-03-25 20:06:18,0.0
11,2026-03-31 14:00:00-07:00,0.6644,14.29,245.5,False,0.4413,11.11,303.6,False,0.6255,7.69,278.5,False,0.9241,1.0137,1.096989,1d_transect,2026-03-31 14:00:00-07:00,1.0136734247207642,0.6759797009048237,15.384615948919734,224.30421447753903,0.643880918862356,11.111110669595242,199.12506103515625,0.3653631444468054,7.692307974459867,236.63430786132807,cdip,2026-03-25 20:06:18,0.0
12,2026-03-25 02:00:00-07:00,0.8369,11.11,306.4,False,0.3957,15.38,260.5,False,0.1965,3.85,332.6,True,1.6799,0.9464,0.563362,1d_transect,2026-03-25 02:00:00-07:00,0.946376621723175,0.9299023575267268,18.181818280338256,227.19406127929688,,,,,,,cdip,2026-03-25 20:06:18,0.0
12,2026-03-25 05:00:00-07:00,0.8079,11.11,306.8,False,0.4124,15.38,254.7,False,0.3644,3.85,318.5,True,1.6704,0.9775,0.585185,1d_transect,2026-03-25 05:00:00-07:00,0.9775162935256958,0.9563127654202642,16.666667039195705,227.8570098876953,,,,,,,cdip,2026-03-25 20:06:18,0.0
12,2026-03-25 08:00:00-07:00,0.9226,11.11,305.6,False,0.3822,4.17,326.3,True,,,,,1.5212,0.9987,0.656483,1d_transect,2026-03-25 08:00:00-07:00,0.9986647367477416,0.9719020414579094,16.666667039195705,226.6839141845703,0.0810663088558589,4.347826008084592,287.3397827148437,,,,cdip,2026-03-25 20:06:18,0.0
12,2026-03-25 11:00:00-07:00,0.9461,11.11,304.8,False,0.4487,4.76,322.7,True,,,,,1.7296,1.0471,0.60541,1d_transect,2026-03-25 11:00:00-07:00,1.0471389293670654,1.0023501027848432,16.666667039195705,225.81170654296875,0.2592308242353591,4.347826008084592,287.8080444335937,0.1075534603874726,5.882352879303138,277.3187866210937,cdip,2026-03-25 20:06:18,0.0
12,2026-03-25 14:00:00-07:00,0.9779,11.11,296.8,False,0.3363,4.76,331.5,True,,,,,1.8561,1.0341,0.557159,1d_transect,2026-03-25 14:00:00-07:00,1.0341416597366333,0.9521230046353628,16.666667039195705,225.8396759033203,0.2332602526866976,5.882352879303138,277.139892578125,,,,cdip,2026-03-25 20:06:18,0.0
12,2026-03-25 17:00:00-07:00,0.9915,11.11,294.4,False,0.438,5.0,327.0,True,,,,,2.1779,1.0839,0.497703,1d_transect,2026-03-25 17:00:00-07:00,1.0839295387268066,0.7805390187187088,16.666667039195705,226.39254760742188,0.6060927582287792,11.764705758606276,248.1039123535156,0.274960531350517,4.761904910578484,286.20660400390625,cdip,2026-03-25 20:06:18,0.0
12,2026-03-25 20:00:00-07:00,1.105,11.11,294.2,False,0.4994,5.26,329.5,True,,,,,2.4146,1.2126,0.502197,1d_transect,2026-03-25 20:00:00-07:00,1.2126065492630005,0.7765122982889161,16.666667039195705,226.4994201660156,0.6305432955563585,11.764705758606276,250.69577026367188,0.5612708653219236,6.25000013969839,276.0776672363281,cdip,2026-03-25 20:06:18,0.0
12,2026-03-25 23:00:00-07:00,1.0563,11.11,300.3,False,0.9708,6.67,319.1,False,,,,,3.0347,1.4347,0.472756,1d_transect,2026-03-25 23:00:00-07:00,1.4346615076065063,0.7393471746752533,16.666667039195705,225.42665100097656,0.641081525714088,10.526315921561542,256.1070556640625,0.90465510414019,7.692307974459867,268.66119384765625,cdip,2026-03-25 20:06:18,0.0
12,2026-03-26 02:00:00-07:00,1.2012,8.33,312.0,False,,,,,,,,,3.8097,1.2012,0.315307,1d_transect,2026-03-26 02:00:00-07:00,1.2012295722961426,0.5632765138830832,9.871668200422231,259.89813232421875,0.8063858748576397,8.333333519597852,266.1650085449219,0.5143226189333315,15.384615948919734,227.1025238037109,cdip,2026-03-25 20:06:18,0.0
12,2026-03-26 05:00:00-07:00,1.2971,9.09,310.8,False,,,,,,,,,4.4933,1.2971,0.288687,1d_transect,2026-03-26 05:00:00-07:00,1.297146916389465,1.016051497864883,10.526315921561542,258.9895935058594,0.4947316165198669,15.384615948919734,225.7073516845703,0.593220606356233,5.555555334797621,274.1131591796875,cdip,2026-03-25 20:06:18,0.0
12,2026-03-26 08:00:00-07:00,1.3122,9.87,308.3,False,,,,,,,,,5.1221,1.3122,0.256172,1d_transect,2026-03-26 08:00:00-07:00,1.3121510744094849,1.0587594023282725,10.526315921561542,259.7137756347656,0.4221953273130302,15.384615948919734,224.29124450683597,0.6033497567044442,5.555555334797621,273.3080444335937,cdip,2026-03-25 20:06:18,0.0
12,2026-03-26 11:00:00-07:00,1.2858,9.87,311.7,False,,,,,,,,,4.5451,1.2858,0.282896,1d_transect,2026-03-26 11:00:00-07:00,1.2857946157455444,0.9992368720776048,10.526315921561542,260.3848571777344,0.4079589118401411,15.384615948919734,223.00958251953125,0.656313964818964,5.555555334797621,273.30230712890625,cdip,2026-03-25 20:06:18,0.0
12,2026-03-26 14:00:00-07:00,1.2293,9.87,306.6,False,,,,,,,,,4.7236,1.2293,0.260256,1d_transect,2026-03-26 14:00:00-07:00,1.2293463945388794,0.9596692384067042,10.526315921561542,260.7176513671875,0.3987856469852264,15.384615948919734,222.36753845214844,0.6160892680685419,5.555555334797621,273.1802062988281,cdip,2026-03-25 20:06:18,0.0
12,2026-03-26 17:00:00-07:00,1.1711,9.87,311.3,False,,,,,,,,,4.051,1.1711,0.289095,1d_transect,2026-03-26 17:00:00-07:00,1.1711372137069702,0.9063217389373144,10.526315921561542,260.8423156738281,0.392159504030955,15.384615948919734,221.9865875244141,0.5928029962342426,5.555555334797621,272.96612548828125,cdip,2026-03-25 20:06:18,0.0
12,2026-03-26 20:00:00-07:00,1.1083,9.87,310.3,False,,,,,,,,,3.8185,1.1083,0.290255,1d_transect,2026-03-26 20:00:00-07:00,1.108339786529541,0.844020566174416,10.526315921561542,260.662353515625,0.3898793604811017,15.384615948919734,221.9584045410156,0.5709765173843586,5.555555334797621,272.70623779296875,cdip,2026-03-25 20:06:18,0.0
12,2026-03-26 23:00:00-07:00,1.0552,9.87,312.6,False,,,,,,,,,3.5582,1.0552,0.29654,1d_transect,2026-03-26 23:00:00-07:00,1.0551507472991943,0.7969827170608906,10.526315921561542,260.42694091796875,0.3921331525140231,14.28571422489322,226.42758178710935,0.5406474082739785,5.555555334797621,272.44879150390625,cdip,2026-03-25 20:06:18,0.0
12,2026-03-27 02:00:00-07:00,1.0303,9.87,313.6,False,,,,,,,,,3.3745,1.0303,0.305307,1d_transect,2026-03-27 02:00:00-07:00,1.030252456665039,0.782376446189476,10.526315921561542,260.31591796875,0.3969094852818882,14.28571422489322,227.51890563964844,0.5128029834958368,5.555555334797621,272.3489990234375,cdip,2026-03-25 20:06:18,0.0
12,2026-03-27 05:00:00-07:00,1.038,10.53,314.7,False,,,,,,,,,3.4376,1.038,0.301971,1d_transect,2026-03-27 05:00:00-07:00,1.0380477905273438,0.7947923096912864,11.111110669595242,257.9721984863281,0.4118032858672165,14.28571422489322,227.60240173339844,0.4982910435326857,5.555555334797621,272.24444580078125,cdip,2026-03-25 20:06:18,0.0
12,2026-03-27 08:00:00-07:00,1.0078,10.53,313.7,False,,,,,,,,,3.3135,1.0078,0.304138,1d_transect,2026-03-27 08:00:00-07:00,1.0077602863311768,0.8745184819768189,11.111110669595242,257.85601806640625,0.4743529354227987,5.555555334797621,272.1388854980469,,,,cdip,2026-03-25 20:06:18,0.0
12,2026-03-27 11:00:00-07:00,0.9511,10.53,314.8,False,,,,,,,,,3.1386,0.9511,0.30302,1d_transect,2026-03-27 11:00:00-07:00,0.9510554671287536,0.7185052896155232,10.526315921561542,260.04547119140625,0.4108729610582324,14.28571422489322,225.2135162353516,0.443422374641485,5.555555334797621,272.02313232421875,cdip,2026-03-25 20:06:18,0.0
12,2026-03-27 14:00:00-07:00,0.9308,10.53,308.6,False,,,,,,,,,3.2972,0.9308,0.282315,1d_transect,2026-03-27 14:00:00-07:00,0.9308426380157472,0.6604815448112636,10.526315921561542,259.8529968261719,0.476589667385153,15.384615948919734,220.70184326171875,0.425529329539084,5.555555334797621,271.9406433105469,cdip,2026-03-25 20:06:18,0.0
12,2026-03-27 17:00:00-07:00,0.9217,10.53,311.1,False,,,,,,,,,2.8934,0.9217,0.318545,1d_transect,2026-03-27 17:00:00-07:00,0.9216711521148682,0.6423186348011234,10.526315921561542,259.6314392089844,0.4897439458387024,15.384615948919734,220.97137451171875,0.4187443370770645,5.555555334797621,272.05194091796875,cdip,2026-03-25 20:06:18,0.0
12,2026-03-27 20:00:00-07:00,0.9237,9.87,312.3,False,,,,,,,,,2.7331,0.9237,0.337958,1d_transect,2026-03-27 20:00:00-07:00,0.9236641526222228,0.627619820000738,10.526315921561542,259.4119567871094,0.5077743421200508,15.384615948919734,222.97409057617188,0.2583295093106335,5.555555334797621,272.22723388671875,cdip,2026-03-25 20:06:18,0.0
12,2026-03-27 23:00:00-07:00,1.0904,9.87,313.4,False,,,,,,,,,2.6843,1.0904,0.40622,1d_transect,2026-03-27 23:00:00-07:00,1.0904066562652588,0.6217268538480675,14.28571422489322,228.74932861328125,0.7288316601216629,10.526315921561542,259.1808776855469,0.3028807854048061,5.555555334797621,272.79400634765625,cdip,2026-03-25 20:06:18,0.0
12,2026-03-28 02:00:00-07:00,1.0982,9.87,313.0,False,,,,,,,,,2.6568,1.0982,0.413339,1d_transect,2026-03-28 02:00:00-07:00,1.0981637239456177,0.6422870905920115,14.28571422489322,230.2798767089844,0.3692665839224049,10.526315921561542,258.9145812988281,0.6263219686499301,5.555555334797621,273.5228576660156,cdip,2026-03-25 20:06:18,0.0
12,2026-03-28 05:00:00-07:00,1.1051,10.53,312.3,False,,,,,,,,,2.7791,1.1051,0.397643,1d_transect,2026-03-28 05:00:00-07:00,1.1050777435302734,0.6485255714589527,14.28571422489322,230.92515563964844,0.3823855721443093,10.526315921561542,258.72088623046875,0.6284627361256903,5.555555334797621,274.2205505371094,cdip,2026-03-25 20:06:18,0.0
12,2026-03-28 08:00:00-07:00,1.1119,10.53,311.3,False,,,,,,,,,2.8338,1.1119,0.392378,1d_transect,2026-03-28 08:00:00-07:00,1.1119028329849243,0.6489878725100944,14.28571422489322,231.46221923828125,0.3880045771976772,10.526315921561542,258.4598999023437,0.6362981669308627,5.555555334797621,274.92254638671875,cdip,2026-03-25 20:06:18,0.0
12,2026-03-28 11:00:00-07:00,1.0674,11.11,312.3,False,0.2981,14.29,265.8,False,,,,,3.0744,1.1083,0.36048,1d_transect,2026-03-28 11:00:00-07:00,1.1082627773284912,0.6488366110401287,14.28571422489322,231.63375854492188,0.3859308502799072,10.526315921561542,258.2304382324219,0.6397740255020572,5.555555334797621,275.4488525390625,cdip,2026-03-25 20:06:18,0.0
12,2026-03-28 14:00:00-07:00,1.0543,11.11,308.0,False,0.2688,14.29,256.8,False,,,,,3.3567,1.088,0.324125,1d_transect,2026-03-28 14:00:00-07:00,1.0879846811294556,0.6447135653898735,14.28571422489322,230.9805145263672,0.7312503241073022,10.526315921561542,257.904541015625,0.2892309636446526,5.555555334797621,276.10406494140625,cdip,2026-03-25 20:06:18,0.0
12,2026-03-28 17:00:00-07:00,1.0566,11.11,309.0,False,,,,,,,,,3.2202,1.0566,0.328111,1d_transect,2026-03-28 17:00:00-07:00,1.056576371192932,0.6353871354002395,14.28571422489322,229.90228271484372,0.3676785224031275,10.526315921561542,257.550537109375,0.601965683934327,5.555555334797621,276.6871643066406,cdip,2026-03-25 20:06:18,0.0
12,2026-03-28 20:00:00-07:00,0.9257,11.11,307.9,False,0.3069,13.33,264.5,False,,,,,3.1774,0.9752,0.306922,1d_transect,2026-03-28 20:00:00-07:00,0.9752209186553956,0.5994832457282817,13.33333280351429,225.72483825683597,0.5395223938443674,10.526315921561542,256.9779052734375,0.3452980959535942,11.764705758606276,244.1219787597656,cdip,2026-03-25 20:06:18,0.0
12,2026-03-28 23:00:00-07:00,0.874,10.53,311.3,False,0.3482,13.33,264.2,False,,,,,2.6638,0.9408,0.353172,1d_transect,2026-03-28 23:00:00-07:00,0.9407647252082824,0.6789492655701245,13.33333280351429,225.82766723632807,0.5143797523750347,10.526315921561542,256.4278564453125,0.2295810580561768,4.761904910578484,275.169189453125,cdip,2026-03-25 20:06:18,0.0
12,2026-03-29 02:00:00-07:00,0.8578,10.53,306.1,False,0.3219,13.33,258.4,False,,,,,2.7597,0.9162,0.332002,1d_transect,2026-03-29 02:00:00-07:00,0.9162116050720216,0.6664067464621853,13.33333280351429,226.04232788085935,0.5101917998694838,9.871668200422231,258.1186218261719,0.3435287541336154,4.761904910578484,275.87506103515625,cdip,2026-03-25 20:06:18,0.0
12,2026-03-29 05:00:00-07:00,0.8313,9.87,307.9,False,0.3325,13.33,260.0,False,,,,,2.568,0.8953,0.348631,1d_transect,2026-03-29 05:00:00-07:00,0.8952943086624146,0.6542825589811098,13.33333280351429,226.4407501220703,0.5005420603312001,9.871668200422231,258.01470947265625,0.3258107456666924,4.761904910578484,276.79620361328125,cdip,2026-03-25 20:06:18,0.0
12,2026-03-29 08:00:00-07:00,0.7801,9.87,306.2,False,0.3728,13.33,260.6,False,,,,,2.5598,0.8646,0.337763,1d_transect,2026-03-29 08:00:00-07:00,0.8646180033683777,0.6427306013891909,13.33333280351429,226.6024169921875,0.4740823472460533,9.871668200422231,257.3620300292969,0.3076600191252032,4.761904910578484,277.9970703125,cdip,2026-03-25 20:06:18,0.0
12,2026-03-29 11:00:00-07:00,0.7961,9.87,307.2,False,0.4012,13.33,260.8,False,,,,,2.424,0.8915,0.367784,1d_transect,2026-03-29 11:00:00-07:00,0.8915135860443115,0.6772336782622469,13.33333280351429,226.9366607666016,0.4756938709469586,9.871668200422231,256.40252685546875,0.3079227108415593,4.761904910578484,279.26727294921875,cdip,2026-03-25 20:06:18,0.0
12,2026-03-29 14:00:00-07:00,0.7523,9.87,306.3,False,0.4062,13.33,265.3,False,,,,,2.262,0.8549,0.377932,1d_transect,2026-03-29 14:00:00-07:00,0.8548969030380249,0.687754727159482,13.33333280351429,227.5087432861328,0.4041947968150546,9.871668200422231,254.84420776367188,0.2854118007673892,4.761904910578484,280.0660705566406,cdip,2026-03-25 20:06:18,0.0
12,2026-03-29 17:00:00-07:00,0.408,13.33,266.3,False,0.7161,9.87,306.8,False,,,,,2.1435,0.8242,0.384512,1d_transect,2026-03-29 17:00:00-07:00,0.8242148160934448,0.6610882006909828,13.33333280351429,228.6210479736328,0.3762527007928559,9.871668200422231,252.44468688964844,0.1424518639060176,18.181818280338256,224.1256866455078,cdip,2026-03-25 20:06:18,0.0
12,2026-03-29 20:00:00-07:00,0.4399,13.33,264.5,False,0.671,9.09,305.8,False,,,,,2.1112,0.8023,0.380041,1d_transect,2026-03-29 20:00:00-07:00,0.8023327589035034,0.7380166709909007,13.33333280351429,229.20469665527344,0.1607858954819087,18.181818280338256,224.06007385253903,0.2516581939000416,4.761904910578484,281.6622314453125,cdip,2026-03-25 20:06:18,0.0
12,2026-03-29 23:00:00-07:00,0.4336,12.5,268.4,False,0.6242,9.09,306.8,False,0.1819,3.7,319.0,True,1.9451,0.7815,0.401767,1d_transect,2026-03-29 23:00:00-07:00,0.7814652323722839,0.7175451288014199,13.33333280351429,228.86253356933597,0.1768164529256606,18.181818280338256,224.23577880859372,0.2360422106753285,4.545454570084564,281.24627685546875,cdip,2026-03-25 20:06:18,0.0
12,2026-03-30 02:00:00-07:00,0.4116,12.5,264.4,False,0.6216,9.09,308.0,False,,,,,1.9029,0.7455,0.391777,1d_transect,2026-03-30 02:00:00-07:00,0.7455323934555054,0.684714825987165,12.50000027939678,227.93316650390625,0.1787060529660189,18.181818280338256,224.4864044189453,0.2175965564941221,4.347826008084592,280.28131103515625,cdip,2026-03-25 20:06:18,0.0
12,2026-03-30 05:00:00-07:00,0.4292,12.5,266.0,False,0.5894,9.09,309.2,False,,,,,1.8883,0.7291,0.386082,1d_transect,2026-03-30 05:00:00-07:00,0.7290563583374023,0.6539506610011114,12.50000027939678,228.97457885742188,0.2279496441781786,18.181818280338256,224.73887634277344,0.2114776555520863,4.166666759798926,281.7393798828125,cdip,2026-03-25 20:06:18,0.0
12,2026-03-30 08:00:00-07:00,0.4782,12.5,266.2,False,0.4223,9.09,308.0,False,0.3219,5.88,316.2,True,1.6024,0.7146,0.445919,1d_transect,2026-03-30 08:00:00-07:00,0.7145506143569946,0.6369793469259003,12.50000027939678,229.0292053222656,0.2426873132218528,16.666667039195705,223.44631958007807,,,,cdip,2026-03-25 20:06:18,0.0
12,2026-03-30 11:00:00-07:00,0.4893,12.5,267.3,False,0.3941,9.09,309.2,False,0.3114,5.56,314.6,True,1.5868,0.7012,0.441873,1d_transect,2026-03-30 11:00:00-07:00,0.7011798024177551,0.6214880957645891,12.50000027939678,227.38961791992188,0.2632521002668381,16.666667039195705,223.26905822753903,0.1052554195507438,4.761904910578484,287.4017944335937,cdip,2026-03-25 20:06:18,0.0
12,2026-03-30 14:00:00-07:00,0.5061,12.5,268.9,False,0.399,9.09,307.9,False,0.26,5.56,315.6,True,1.4572,0.6949,0.476904,1d_transect,2026-03-30 14:00:00-07:00,0.6949333548545837,0.6110533114311815,12.50000027939678,225.0614776611328,0.2860615085801934,16.666667039195705,223.30856323242188,0.0889488964923391,4.761904910578484,288.73736572265625,cdip,2026-03-25 20:06:18,0.0
12,2026-03-30 17:00:00-07:00,0.4262,11.76,275.9,False,0.511,9.09,309.4,False,0.1731,15.38,232.6,False,1.4732,0.6876,0.466752,1d_transect,2026-03-30 17:00:00-07:00,0.6875967383384705,0.5783315053980989,12.50000027939678,222.5972900390625,0.3417342414978622,16.666667039195705,223.5375518798828,0.0879384609139897,4.761904910578484,289.6260681152344,cdip,2026-03-25 20:06:18,0.0
12,2026-03-30 20:00:00-07:00,0.5135,11.11,286.5,False,0.2369,15.38,233.8,False,0.5839,8.33,308.7,False,1.3519,0.8129,0.601303,1d_transect,2026-03-30 20:00:00-07:00,0.8129023313522339,0.4249985396487303,16.666667039195705,224.03350830078125,0.6749159875882269,12.50000027939678,220.2324981689453,0.0981418439723552,4.545454570084564,289.5826721191406,cdip,2026-03-25 20:06:18,0.0
12,2026-03-30 23:00:00-07:00,0.5082,11.11,288.1,False,0.2644,15.38,235.4,False,0.5664,8.33,308.9,False,1.2648,0.8056,0.636929,1d_transect,2026-03-30 23:00:00-07:00,0.8056164979934692,0.4729405563014167,16.666667039195705,224.95689392089844,0.6361447829016041,12.50000027939678,218.20864868164065,0.0970272831845176,4.347826008084592,289.6844482421875,cdip,2026-03-25 20:06:18,0.0
12,2026-03-31 02:00:00-07:00,0.3221,15.38,242.8,False,0.4426,11.11,287.6,False,0.5736,8.33,300.5,False,1.2629,0.7929,0.627791,1d_transect,2026-03-31 02:00:00-07:00,0.7928560972213745,0.4839241653827726,16.666667039195705,225.9548492431641,0.6133293186040207,11.764705758606276,213.8743133544922,0.0525675627953282,5.263157960780771,284.1686096191406,cdip,2026-03-25 20:06:18,0.0
12,2026-03-31 05:00:00-07:00,0.408,14.29,245.3,False,0.4611,11.11,292.9,False,0.4805,8.33,295.7,False,1.0801,0.781,0.723048,1d_transect,2026-03-31 05:00:00-07:00,0.7809922695159912,0.4794983185405532,15.384615948919734,224.94387817382807,0.5202782740020417,11.111110669595242,207.6432037353516,0.3145290307918894,8.333333519597852,234.97378540039065,cdip,2026-03-25 20:06:18,0.0
12,2026-03-31 08:00:00-07:00,0.3995,14.29,246.6,False,0.4137,11.11,295.5,False,0.524,8.33,294.6,False,1.1266,0.7781,0.690633,1d_transect,2026-03-31 08:00:00-07:00,0.7780793905258179,0.4845429869313651,15.384615948919734,225.0113525390625,0.5059035400295434,11.111110669595242,205.0084991455078,0.323605701600744,8.333333519597852,232.96185302734372,cdip,2026-03-25 20:06:18,0.0
12,2026-03-31 11:00:00-07:00,0.4592,14.29,242.4,False,0.5033,11.11,291.3,False,0.4209,8.33,295.3,False,1.1238,0.8008,0.712584,1d_transect,2026-03-31 11:00:00-07:00,0.8008170127868652,0.515054557545147,15.384615948919734,226.12615966796875,0.5374625602076912,11.111110669595242,207.7983245849609,0.2734525310398137,7.692307974459867,239.82406616210935,cdip,2026-03-25 20:06:18,0.0
12,2026-03-31 14:00:00-07:00,0.4655,14.29,245.5,False,0.4668,11.11,303.6,False,0.4582,7.69,278.5,False,1.1355,0.8028,0.706993,1d_transect,2026-03-31 14:00:00-07:00,0.8028109073638916,0.5194207726618589,15.384615948919734,226.30670166015625,0.521572489267135,11.111110669595242,203.4839782714844,0.2959310807756536,7.692307974459867,238.54400634765625,cdip,2026-03-25 20:06:18,0.0
13,2026-03-25 02:00:00-07:00,1.0955,11.11,306.4,False,0.4318,15.38,260.5,False,0.4167,3.85,332.6,True,1.4076,1.2491,0.887419,1d_transect,2026-03-25 02:00:00-07:00,1.2490952014923096,0.9145134205642218,16.666667039195705,230.31292724609372,0.7641296645375152,12.50000027939678,237.0351409912109,,,,cdip,2026-03-25 20:06:18,0.0
13,2026-03-25 05:00:00-07:00,1.0365,11.11,306.8,False,0.4402,15.38,254.7,False,0.5716,3.85,318.5,True,1.3978,1.2628,0.90345,1d_transect,2026-03-25 05:00:00-07:00,1.2628389596939087,0.9327936191667328,16.666667039195705,230.85227966308597,0.7432272598821432,12.50000027939678,239.74072265625,0.3951154744087686,6.25000013969839,286.79302978515625,cdip,2026-03-25 20:06:18,0.0
13,2026-03-25 08:00:00-07:00,1.1019,11.11,305.6,False,0.6681,4.17,326.3,True,,,,,1.3658,1.2887,0.943508,1d_transect,2026-03-25 08:00:00-07:00,1.288668155670166,0.9412101395468354,16.666667039195705,230.5389862060547,0.761411610903304,12.50000027939678,244.03366088867188,0.4228383480791984,4.347826008084592,295.9556884765625,cdip,2026-03-25 20:06:18,0.0
13,2026-03-25 11:00:00-07:00,1.1294,11.11,304.8,False,0.7664,4.76,322.7,True,,,,,1.4623,1.3649,0.933349,1d_transect,2026-03-25 11:00:00-07:00,1.3648756742477417,1.249856326420142,16.666667039195705,229.82742309570312,0.531081024071814,4.347826008084592,296.3466796875,,,,cdip,2026-03-25 20:06:18,0.0
13,2026-03-25 14:00:00-07:00,1.3079,11.11,296.8,False,0.8284,4.76,331.5,True,,,,,1.5185,1.5481,1.019507,1d_transect,2026-03-25 14:00:00-07:00,1.548140525817871,1.3101484096859934,16.666667039195705,229.43606567382807,0.8106741071299872,4.761904910578484,294.3812866210937,,,,cdip,2026-03-25 20:06:18,0.0
13,2026-03-25 17:00:00-07:00,1.3114,11.11,294.4,False,0.9973,5.0,327.0,True,,,,,1.7685,1.6475,0.931592,1d_transect,2026-03-25 17:00:00-07:00,1.647546887397766,1.3878129437218083,16.666667039195705,229.0238037109375,0.8716581251887547,5.263157960780771,289.6636657714844,,,,cdip,2026-03-25 20:06:18,0.0
13,2026-03-25 20:00:00-07:00,1.5691,11.11,294.2,False,1.2208,5.26,329.5,True,,,,,1.97,1.9881,1.009174,1d_transect,2026-03-25 20:00:00-07:00,1.988053679466248,1.415925412640907,16.666667039195705,228.40415954589844,1.382090960786999,6.25000013969839,285.44775390625,,,,cdip,2026-03-25 20:06:18,0.0
13,2026-03-25 23:00:00-07:00,1.2553,11.11,300.3,False,1.4917,6.67,319.1,False,,,,,2.6869,1.9496,0.725612,1d_transect,2026-03-25 23:00:00-07:00,1.9496153593063357,0.794557698551614,16.666667039195705,227.23390197753903,1.5853926606942372,7.14285711244661,278.8475341796875,0.7789897608399415,12.50000027939678,255.4353790283203,cdip,2026-03-25 20:06:18,0.0
13,2026-03-26 02:00:00-07:00,1.482,8.33,312.0,False,,,,,,,,,3.4623,1.482,0.428031,1d_transect,2026-03-26 02:00:00-07:00,1.48198401927948,1.3705734252386983,9.090909140169128,268.68115234375,0.514234732042549,16.666667039195705,225.95465087890625,,,,cdip,2026-03-25 20:06:18,0.0
13,2026-03-26 05:00:00-07:00,1.6235,9.09,310.8,False,,,,,,,,,4.065,1.6235,0.399386,1d_transect,2026-03-26 05:00:00-07:00,1.623520016670227,1.5190404615270483,9.871668200422231,265.9775085449219,0.4961206759795013,15.384615948919734,228.58946228027344,,,,cdip,2026-03-25 20:06:18,0.0
13,2026-03-26 08:00:00-07:00,1.636,9.87,308.3,False,,,,,,,,,4.2911,1.636,0.381262,1d_transect,2026-03-26 08:00:00-07:00,1.636034369468689,1.5409947017381953,9.871668200422231,266.65533447265625,0.4639531257931846,15.384615948919734,227.05734252929688,,,,cdip,2026-03-25 20:06:18,0.0
13,2026-03-26 11:00:00-07:00,1.6729,9.87,311.7,False,,,,,,,,,4.112,1.6729,0.406841,1d_transect,2026-03-26 11:00:00-07:00,1.6729092597961426,1.5782985264910852,10.526315921561542,265.3019714355469,0.467825985736349,15.384615948919734,225.84765625,,,,cdip,2026-03-25 20:06:18,0.0
13,2026-03-26 14:00:00-07:00,1.549,9.87,306.6,False,,,,,,,,,3.9572,1.549,0.391429,1d_transect,2026-03-26 14:00:00-07:00,1.548969268798828,1.4585499805164066,10.526315921561542,265.6773681640625,0.4453310366712186,15.384615948919734,225.2571563720703,,,,cdip,2026-03-25 20:06:18,0.0
13,2026-03-26 17:00:00-07:00,1.4319,9.87,311.3,False,,,,,,,,,3.665,1.4319,0.390703,1d_transect,2026-03-26 17:00:00-07:00,1.431910753250122,1.3436879735348188,10.526315921561542,265.89178466796875,0.4293565050755663,14.28571422489322,230.24034118652344,,,,cdip,2026-03-25 20:06:18,0.0
13,2026-03-26 20:00:00-07:00,1.3229,9.87,310.3,False,,,,,,,,,3.4546,1.3229,0.382948,1d_transect,2026-03-26 20:00:00-07:00,1.32292902469635,1.0091240639399195,10.526315921561542,265.8304443359375,0.4180808146129233,14.28571422489322,229.42251586914065,,,,cdip,2026-03-25 20:06:18,0.0
13,2026-03-26 23:00:00-07:00,1.2343,9.87,312.6,False,,,,,,,,,3.2191,1.2343,0.383418,1d_transect,2026-03-26 23:00:00-07:00,1.2342599630355835,0.9073880295923108,10.526315921561542,265.73162841796875,0.3948187777384493,14.28571422489322,229.64114379882807,0.7007581411176778,6.25000013969839,278.4102783203125,cdip,2026-03-25 20:06:18,0.0
13,2026-03-27 02:00:00-07:00,1.2852,9.87,313.6,False,,,,,,,,,3.0529,1.2852,0.420996,1d_transect,2026-03-27 02:00:00-07:00,1.285248875617981,0.9862021442147196,11.764705758606276,259.6210632324219,0.4410626869664978,14.28571422489322,230.43507385253903,,,,cdip,2026-03-25 20:06:18,0.0
13,2026-03-27 05:00:00-07:00,1.3322,10.53,314.7,False,,,,,,,,,3.0996,1.3322,0.429804,1d_transect,2026-03-27 05:00:00-07:00,1.3322025537490845,1.2282676188778927,11.764705758606276,260.0564880371094,0.472468917149822,14.28571422489322,230.79022216796875,,,,cdip,2026-03-25 20:06:18,0.0
13,2026-03-27 08:00:00-07:00,1.1698,10.53,313.7,False,,,,,,,,,2.9877,1.1698,0.391555,1d_transect,2026-03-27 08:00:00-07:00,1.16984224319458,1.0702653969279352,11.111110669595242,263.434814453125,0.43661360680285,14.28571422489322,230.21961975097656,,,,cdip,2026-03-25 20:06:18,0.0
13,2026-03-27 11:00:00-07:00,1.1267,10.53,314.8,False,,,,,,,,,2.83,1.1267,0.398133,1d_transect,2026-03-27 11:00:00-07:00,1.1267062425613403,1.0192920279266369,11.111110669595242,263.3403625488281,0.3887573463406582,14.28571422489322,229.1061553955078,0.2224870768099914,18.181818280338256,242.06024169921875,cdip,2026-03-25 20:06:18,0.0
13,2026-03-27 14:00:00-07:00,1.098,10.53,308.6,False,,,,,,,,,2.753,1.098,0.398827,1d_transect,2026-03-27 14:00:00-07:00,1.0979764461517334,0.8337870551502987,11.111110669595242,263.0445861816406,0.400931283589695,14.28571422489322,227.7759552001953,0.235796221253735,18.181818280338256,242.96023559570312,cdip,2026-03-25 20:06:18,0.0
13,2026-03-27 17:00:00-07:00,1.084,10.53,311.1,False,,,,,,,,,2.6089,1.084,0.415498,1d_transect,2026-03-27 17:00:00-07:00,1.0839805603027344,0.7732627724840433,11.111110669595242,262.54248046875,0.5428164249524942,14.28571422489322,226.83604431152344,,,,cdip,2026-03-25 20:06:18,0.0
13,2026-03-27 20:00:00-07:00,1.1391,9.87,312.3,False,,,,,,,,,2.4726,1.1391,0.460707,1d_transect,2026-03-27 20:00:00-07:00,1.1391444206237793,0.7909009475955792,11.111110669595242,262.0741882324219,0.5933340898780048,15.384615948919734,227.40969848632807,0.5390357883024981,6.25000013969839,279.0145568847656,cdip,2026-03-25 20:06:18,0.0
13,2026-03-27 23:00:00-07:00,1.6285,9.87,313.4,False,,,,,,,,,2.4285,1.6285,0.670599,1d_transect,2026-03-27 23:00:00-07:00,1.6285161972045898,0.5129899874167065,16.666667039195705,241.7467803955078,1.1136676292469128,11.111110669595242,261.88165283203125,0.71979857924996,14.28571422489322,229.23416137695312,cdip,2026-03-25 20:06:18,0.0
13,2026-03-28 02:00:00-07:00,1.654,9.87,313.0,False,,,,,,,,,2.4036,1.654,0.688133,1d_transect,2026-03-28 02:00:00-07:00,1.6540006399154663,0.5077517128102625,16.666667039195705,241.8832244873047,0.7631404381512621,14.28571422489322,230.7642517089844,1.1244492091876337,11.764705758606276,258.1049194335937,cdip,2026-03-25 20:06:18,0.0
13,2026-03-28 05:00:00-07:00,1.4551,10.53,312.3,False,,,,,,,,,2.5058,1.4551,0.580671,1d_transect,2026-03-28 05:00:00-07:00,1.4550501108169556,1.4414471838961986,14.28571422489322,231.33004760742188,,,,,,,cdip,2026-03-25 20:06:18,0.0
13,2026-03-28 08:00:00-07:00,1.4798,10.53,311.3,False,,,,,,,,,2.5551,1.4798,0.579155,1d_transect,2026-03-28 08:00:00-07:00,1.4798071384429932,0.8048208670268358,14.28571422489322,231.7300720214844,1.2255036992044122,11.764705758606276,258.3877258300781,,,,cdip,2026-03-25 20:06:18,0.0
13,2026-03-28 11:00:00-07:00,1.4574,11.11,312.3,False,0.3148,14.29,265.8,False,,,,,2.715,1.4911,0.549199,1d_transect,2026-03-28 11:00:00-07:00,1.491057276725769,0.8098517553293929,14.28571422489322,231.83267211914065,1.2352409966636495,11.764705758606276,257.72802734375,,,,cdip,2026-03-25 20:06:18,0.0
13,2026-03-28 14:00:00-07:00,1.45,11.11,308.0,False,0.3078,14.29,256.8,False,,,,,2.7632,1.4823,0.53644,1d_transect,2026-03-28 14:00:00-07:00,1.4822808504104614,0.8169077240484511,14.28571422489322,231.4761199951172,1.2203016407298322,11.764705758606276,256.32623291015625,,,,cdip,2026-03-25 20:06:18,0.0
13,2026-03-28 17:00:00-07:00,1.5257,11.11,309.0,False,,,,,,,,,2.676,1.5257,0.570138,1d_transect,2026-03-28 17:00:00-07:00,1.5256803035736084,0.8583374789810828,14.28571422489322,231.0145568847656,1.244678427433598,11.764705758606276,254.15963745117188,,,,cdip,2026-03-25 20:06:18,0.0
13,2026-03-28 20:00:00-07:00,1.3268,11.11,307.9,False,0.3667,13.33,264.5,False,,,,,2.6002,1.3766,0.529411,1d_transect,2026-03-28 20:00:00-07:00,1.376595377922058,0.7956550243856421,13.33333280351429,228.31549072265625,1.1091677652625305,11.764705758606276,251.7186737060547,,,,cdip,2026-03-25 20:06:18,0.0
13,2026-03-28 23:00:00-07:00,1.2525,10.53,311.3,False,0.3834,13.33,264.2,False,,,,,2.3334,1.3099,0.56134,1d_transect,2026-03-28 23:00:00-07:00,1.3098585605621338,0.7771758967207447,13.33333280351429,228.84259033203125,0.8415153190650362,11.764705758606276,247.416259765625,0.6126324218900289,6.666666401757145,284.54473876953125,cdip,2026-03-25 20:06:18,0.0
13,2026-03-29 02:00:00-07:00,1.2033,10.53,306.1,False,0.3745,13.33,258.4,False,,,,,2.2594,1.2602,0.55777,1d_transect,2026-03-29 02:00:00-07:00,1.260221004486084,1.102851343627304,13.33333280351429,229.445068359375,0.5878019489597933,6.666666401757145,285.10809326171875,,,,cdip,2026-03-25 20:06:18,0.0
13,2026-03-29 05:00:00-07:00,1.1662,9.87,307.9,False,0.3856,13.33,260.0,False,,,,,2.1039,1.2283,0.583836,1d_transect,2026-03-29 05:00:00-07:00,1.2283258438110352,0.8651826099060814,13.33333280351429,230.15838623046875,0.6351921899635162,10.526315921561542,260.2845764160156,0.5757225483762723,6.666666401757145,285.9300231933594,cdip,2026-03-25 20:06:18,0.0
13,2026-03-29 08:00:00-07:00,1.1106,9.87,306.2,False,0.4388,13.33,260.6,False,,,,,2.0805,1.1941,0.573946,1d_transect,2026-03-29 08:00:00-07:00,1.1941028833389282,0.8465990602082596,13.33333280351429,230.59698486328125,0.6014695349122317,10.526315921561542,258.0529479980469,0.5694484088748814,6.666666401757145,286.8271789550781,cdip,2026-03-25 20:06:18,0.0
13,2026-03-29 11:00:00-07:00,1.0634,9.87,307.2,False,0.4431,13.33,260.8,False,,,,,1.9646,1.1521,0.586414,1d_transect,2026-03-29 11:00:00-07:00,1.1520766019821167,0.8275562333436725,13.33333280351429,231.1869201660156,0.566685795769445,10.526315921561542,255.0905914306641,0.5479043887772945,6.666666401757145,287.2958068847656,cdip,2026-03-25 20:06:18,0.0
13,2026-03-29 14:00:00-07:00,1.0126,9.87,306.3,False,0.4523,13.33,265.3,False,,,,,1.8263,1.1091,0.607284,1d_transect,2026-03-29 14:00:00-07:00,1.1090737581253052,0.9701514855535192,13.33333280351429,231.9662322998047,0.5191795983592563,6.25000013969839,289.7260131835937,,,,cdip,2026-03-25 20:06:18,0.0
13,2026-03-29 17:00:00-07:00,0.9685,9.87,306.8,False,0.4565,13.33,266.3,False,,,,,1.7249,1.0707,0.620742,1d_transect,2026-03-29 17:00:00-07:00,1.0707294940948486,0.92683607359841,13.33333280351429,233.122802734375,0.1615327945405776,18.181818280338256,227.5431060791016,0.4941606430511897,6.25000013969839,290.67462158203125,cdip,2026-03-25 20:06:18,0.0
13,2026-03-29 20:00:00-07:00,0.4945,13.33,264.5,False,0.9122,9.09,305.8,False,,,,,1.6824,1.0376,0.616721,1d_transect,2026-03-29 20:00:00-07:00,1.037602424621582,0.8070100936181444,13.33333280351429,233.66607666015625,0.3899849868281039,9.090909140169128,265.5248107910156,0.1755112502047302,18.181818280338256,227.41700744628903,cdip,2026-03-25 20:06:18,0.0
13,2026-03-29 23:00:00-07:00,0.477,12.5,268.4,False,0.8291,9.09,306.8,False,0.293,3.7,319.0,True,1.5704,1.0004,0.637016,1d_transect,2026-03-29 23:00:00-07:00,1.0003927946090698,0.7815094293695687,13.33333280351429,233.2529296875,0.3708611015266107,9.090909140169128,264.730224609375,0.1865146395582284,18.181818280338256,227.47232055664065,cdip,2026-03-25 20:06:18,0.0
13,2026-03-30 02:00:00-07:00,0.4665,12.5,264.4,False,0.851,9.09,308.0,False,,,,,1.5158,0.9704,0.640193,1d_transect,2026-03-30 02:00:00-07:00,0.9704330563545228,0.8368213794505979,13.33333280351429,231.76075744628903,0.1903620245088734,18.181818280338256,227.68649291992188,0.4389309812747347,5.882352879303138,293.3923645019531,cdip,2026-03-25 20:06:18,0.0
13,2026-03-30 05:00:00-07:00,0.4731,12.5,266.0,False,0.7844,9.09,309.2,False,,,,,1.4934,0.916,0.61338,1d_transect,2026-03-30 05:00:00-07:00,0.9160367250442504,0.7747407012439443,12.50000027939678,230.95068359375,0.179491780945288,18.181818280338256,227.83218383789065,0.4428700150440186,5.555555334797621,295.8283386230469,cdip,2026-03-25 20:06:18,0.0
13,2026-03-30 08:00:00-07:00,0.5075,12.5,266.2,False,0.5411,9.09,308.0,False,0.5002,5.88,316.2,True,1.3118,0.8947,0.682035,1d_transect,2026-03-30 08:00:00-07:00,0.8947005867958069,0.7382354036107841,12.50000027939678,231.08941650390625,0.2406569851864115,16.666667039195705,227.58541870117188,0.4330796935873141,5.263157960780771,296.1888427734375,cdip,2026-03-25 20:06:18,0.0
13,2026-03-30 11:00:00-07:00,0.5195,12.5,267.3,False,0.5051,9.09,309.2,False,0.4463,5.56,314.6,True,1.2587,0.851,0.676079,1d_transect,2026-03-30 11:00:00-07:00,0.8509668707847595,0.7148004457263933,12.50000027939678,229.860595703125,0.2554615616683625,16.666667039195705,227.71139526367188,0.3717896455070145,4.999999925494195,297.4753723144531,cdip,2026-03-25 20:06:18,0.0
13,2026-03-30 14:00:00-07:00,0.5168,12.5,268.9,False,0.4919,9.09,307.9,False,0.3887,5.56,315.6,True,1.1577,0.8125,0.701815,1d_transect,2026-03-30 14:00:00-07:00,0.812498152256012,0.6976047942562816,12.50000027939678,228.0064849853516,0.2710029246205767,16.666667039195705,227.966796875,0.3006590996060109,4.761904910578484,298.45220947265625,cdip,2026-03-25 20:06:18,0.0
13,2026-03-30 17:00:00-07:00,0.4346,11.76,275.9,False,0.6276,9.09,309.4,False,0.1754,15.38,232.6,False,1.1448,0.7833,0.684247,1d_transect,2026-03-30 17:00:00-07:00,0.7832959890365601,0.6779509938204304,12.50000027939678,225.8480682373047,0.2841846678066391,16.666667039195705,228.334228515625,0.1503265942543857,4.761904910578484,300.4696960449219,cdip,2026-03-25 20:06:18,0.0
13,2026-03-30 20:00:00-07:00,0.4346,11.11,286.5,False,0.1986,15.38,233.8,False,0.5959,8.33,308.7,False,1.0476,0.7638,0.729129,1d_transect,2026-03-30 20:00:00-07:00,0.7638327479362488,0.6408760706952323,12.50000027939678,223.56173706054688,0.3407990752539007,16.666667039195705,228.936279296875,0.1332027019948532,6.25000013969839,294.1529541015625,cdip,2026-03-25 20:06:18,0.0
13,2026-03-30 23:00:00-07:00,0.4285,11.11,288.1,False,0.2207,15.38,235.4,False,0.5757,8.33,308.9,False,0.976,0.7509,0.769307,1d_transect,2026-03-30 23:00:00-07:00,0.7508650422096252,0.6012673374491753,12.50000027939678,221.43463134765625,0.395439091670274,16.666667039195705,230.1170654296875,0.1207632120151943,6.25000013969839,294.0872802734375,cdip,2026-03-25 20:06:18,0.0
13,2026-03-31 02:00:00-07:00,0.2605,15.38,242.8,False,0.3616,11.11,287.6,False,0.5247,8.33,300.5,False,0.9369,0.6885,0.734876,1d_transect,2026-03-31 02:00:00-07:00,0.6884832382202148,0.2709432590025626,11.111110669595242,215.09620666503903,0.3773581748361893,16.666667039195705,231.8648834228516,0.4723091383085487,6.25000013969839,292.535400390625,cdip,2026-03-25 20:06:18,0.0
13,2026-03-31 05:00:00-07:00,0.3503,14.29,245.3,False,0.4044,11.11,292.9,False,0.4336,8.33,295.7,False,0.7674,0.6886,0.897379,1d_transect,2026-03-31 05:00:00-07:00,0.6886264681816101,0.4668235902097387,11.111110669595242,213.12689208984372,0.395664684141145,16.666667039195705,236.23878479003903,0.297337012393065,8.333333519597852,246.62554931640625,cdip,2026-03-25 20:06:18,0.0
13,2026-03-31 08:00:00-07:00,0.4823,14.29,246.6,False,0.5277,11.11,295.5,False,0.6443,8.33,294.6,False,0.7984,0.9624,1.205358,1d_transect,2026-03-31 08:00:00-07:00,0.9623813629150392,0.5576247445707687,16.666667039195705,236.61703491210935,0.6438696338972708,11.111110669595242,211.3487548828125,0.4278617867024514,8.333333519597852,245.32077026367188,cdip,2026-03-25 20:06:18,0.0
13,2026-03-31 11:00:00-07:00,0.5059,14.29,242.4,False,0.5665,11.11,291.3,False,0.4875,8.33,295.3,False,0.7951,0.9025,1.135033,1d_transect,2026-03-31 11:00:00-07:00,0.902481496334076,0.5554141116587397,15.384615948919734,232.1414031982422,0.6173656959303649,11.111110669595242,212.9857635498047,0.3291963209879583,7.692307974459867,247.4563140869141,cdip,2026-03-25 20:06:18,0.0
13,2026-03-31 14:00:00-07:00,0.5107,14.29,245.5,False,0.5733,11.11,303.6,False,0.5127,7.69,278.5,False,0.8232,0.9232,1.121446,1d_transect,2026-03-31 14:00:00-07:00,0.9232062101364136,0.5692167365709472,15.384615948919734,233.56158447265625,0.6137030957802465,11.111110669595242,209.31565856933597,0.3526431509366324,7.692307974459867,246.43133544921875,cdip,2026-03-25 20:06:18,0.0
14,2026-03-25 02:00:00-07:00,0.8838,11.11,306.4,False,0.3927,15.38,260.5,False,0.28,3.85,332.6,True,1.2109,1.0069,0.83149,1d_transect,2026-03-25 02:00:00-07:00,1.006885290145874,0.7081710554161782,16.666667039195705,223.50390625,0.6681162968785886,12.50000027939678,229.16204833984372,,,,cdip,2026-03-25 20:06:18,0.0
14,2026-03-25 05:00:00-07:00,0.8347,11.11,306.8,False,0.4004,15.38,254.7,False,0.4108,3.85,318.5,True,1.1986,1.0128,0.844998,1d_transect,2026-03-25 05:00:00-07:00,1.0128494501113892,0.7192742802391369,16.666667039195705,224.3972625732422,0.6405217446676041,12.50000027939678,232.23980712890625,,,,cdip,2026-03-25 20:06:18,0.0
14,2026-03-25 08:00:00-07:00,0.9302,11.11,305.6,False,0.4635,4.17,326.3,True,,,,,1.1235,1.0393,0.92502,1d_transect,2026-03-25 08:00:00-07:00,1.039300799369812,0.9821258436154496,16.666667039195705,224.04949951171875,0.3208588190451832,4.347826008084592,296.1229248046875,,,,cdip,2026-03-25 20:06:18,0.0
14,2026-03-25 11:00:00-07:00,0.973,11.11,304.8,False,0.5224,4.76,322.7,True,,,,,1.2503,1.1044,0.883314,1d_transect,2026-03-25 11:00:00-07:00,1.1044232845306396,1.0198471692911495,16.666667039195705,223.28794860839844,0.4066766538154448,4.347826008084592,296.5223083496094,,,,cdip,2026-03-25 20:06:18,0.0
14,2026-03-25 14:00:00-07:00,1.0508,11.11,296.8,False,0.5021,4.76,331.5,True,,,,,1.3518,1.1646,0.861547,1d_transect,2026-03-25 14:00:00-07:00,1.1646215915679932,0.9926010998130226,15.384615948919734,225.6149139404297,0.5967828334289457,4.761904910578484,294.64227294921875,,,,cdip,2026-03-25 20:06:18,0.0
14,2026-03-25 17:00:00-07:00,1.0852,11.11,294.4,False,0.602,5.0,327.0,True,,,,,1.5615,1.241,0.794703,1d_transect,2026-03-25 17:00:00-07:00,1.240963578224182,1.0552541651587564,15.384615948919734,225.53765869140625,0.6388050516626705,4.761904910578484,294.03741455078125,,,,cdip,2026-03-25 20:06:18,0.0
14,2026-03-25 20:00:00-07:00,1.2866,11.11,294.2,False,0.7302,5.26,329.5,True,,,,,1.7342,1.4794,0.853063,1d_transect,2026-03-25 20:00:00-07:00,1.479362726211548,1.110478297128459,15.384615948919734,225.58432006835935,0.9651240910062846,6.25000013969839,283.14508056640625,,,,cdip,2026-03-25 20:06:18,0.0
14,2026-03-25 23:00:00-07:00,1.0412,11.11,300.3,False,1.0399,6.67,319.1,False,,,,,2.226,1.4715,0.661053,1d_transect,2026-03-25 23:00:00-07:00,1.4715200662612915,0.6108977839892885,15.384615948919734,224.87034606933597,1.188225427131981,7.14285711244661,276.7212219238281,0.5912864663456763,12.50000027939678,251.14328002929688,cdip,2026-03-25 20:06:18,0.0
14,2026-03-26 02:00:00-07:00,1.2237,8.33,312.0,False,,,,,,,,,2.8082,1.2237,0.435778,1d_transect,2026-03-26 02:00:00-07:00,1.2237482070922852,1.1107740972675617,9.090909140169128,266.8921813964844,0.4746107369176972,16.666667039195705,218.903564453125,,,,cdip,2026-03-25 20:06:18,0.0
14,2026-03-26 05:00:00-07:00,1.3509,9.09,310.8,False,,,,,,,,,3.2937,1.3509,0.410155,1d_transect,2026-03-26 05:00:00-07:00,1.3509093523025513,1.2598051730096882,9.871668200422231,263.5634765625,0.4215641588438237,16.666667039195705,217.72116088867188,,,,cdip,2026-03-25 20:06:18,0.0
14,2026-03-26 08:00:00-07:00,1.3656,9.87,308.3,False,,,,,,,,,3.693,1.3656,0.36977,1d_transect,2026-03-26 08:00:00-07:00,1.3655774593353271,1.2819113836761304,9.871668200422231,264.2218017578125,0.39683315521856,16.666667039195705,216.34019470214844,,,,cdip,2026-03-25 20:06:18,0.0
14,2026-03-26 11:00:00-07:00,1.3465,9.87,311.7,False,,,,,,,,,3.3317,1.3465,0.404159,1d_transect,2026-03-26 11:00:00-07:00,1.346521258354187,1.266268240657837,9.871668200422231,264.867919921875,0.3852008503827546,15.384615948919734,218.53302001953125,,,,cdip,2026-03-25 20:06:18,0.0
14,2026-03-26 14:00:00-07:00,1.2995,9.87,306.6,False,,,,,,,,,3.4057,1.2995,0.381574,1d_transect,2026-03-26 14:00:00-07:00,1.299524426460266,1.2184686435132326,10.526315921561542,262.90985107421875,0.3852509617516738,15.384615948919734,217.695068359375,,,,cdip,2026-03-25 20:06:18,0.0
14,2026-03-26 17:00:00-07:00,1.2024,9.87,311.3,False,,,,,,,,,2.9695,1.2024,0.404924,1d_transect,2026-03-26 17:00:00-07:00,1.2024178504943848,1.1226491076086995,10.526315921561542,263.1647033691406,0.372988902228636,15.384615948919734,217.0574188232422,,,,cdip,2026-03-25 20:06:18,0.0
14,2026-03-26 20:00:00-07:00,1.1103,9.87,310.3,False,,,,,,,,,2.799,1.1103,0.39668,1d_transect,2026-03-26 20:00:00-07:00,1.110324740409851,1.0319972660681938,10.526315921561542,263.14190673828125,0.3597401885988662,15.384615948919734,216.7861785888672,,,,cdip,2026-03-25 20:06:18,0.0
14,2026-03-26 23:00:00-07:00,1.0354,9.87,312.6,False,,,,,,,,,2.6082,1.0354,0.396977,1d_transect,2026-03-26 23:00:00-07:00,1.0354111194610596,0.9564036060820928,10.526315921561542,263.06756591796875,0.3541906699271178,15.384615948919734,216.8134307861328,,,,cdip,2026-03-25 20:06:18,0.0
14,2026-03-27 02:00:00-07:00,1.0012,9.87,313.6,False,,,,,,,,,2.4736,1.0012,0.404761,1d_transect,2026-03-27 02:00:00-07:00,1.001200795173645,0.4100983206039285,10.526315921561542,263.0753479003906,0.3558909690561999,14.28571422489322,223.3903961181641,,,,cdip,2026-03-25 20:06:18,0.0
14,2026-03-27 05:00:00-07:00,1.1176,10.53,314.7,False,,,,,,,,,2.5095,1.1176,0.44536,1d_transect,2026-03-27 05:00:00-07:00,1.117631196975708,1.0226873742293283,11.764705758606276,256.2020874023437,0.4112613352388946,14.28571422489322,223.6629180908203,,,,cdip,2026-03-25 20:06:18,0.0
14,2026-03-27 08:00:00-07:00,1.0194,10.53,313.7,False,,,,,,,,,2.4189,1.0194,0.421422,1d_transect,2026-03-27 08:00:00-07:00,1.0193859338760376,0.9258081414645288,11.764705758606276,256.0537109375,0.3926524795260373,14.28571422489322,222.68658447265625,,,,cdip,2026-03-25 20:06:18,0.0
14,2026-03-27 11:00:00-07:00,0.9425,10.53,314.8,False,,,,,,,,,2.2912,0.9425,0.411358,1d_transect,2026-03-27 11:00:00-07:00,0.9425170421600342,0.8471910700141755,11.111110669595242,259.78173828125,0.3832501281809254,14.28571422489322,221.0801544189453,,,,cdip,2026-03-25 20:06:18,0.0
14,2026-03-27 14:00:00-07:00,0.9184,10.53,308.6,False,,,,,,,,,2.368,0.9184,0.387851,1d_transect,2026-03-27 14:00:00-07:00,0.918432354927063,0.7878197465674667,11.111110669595242,259.3583984375,0.4475307972081834,14.28571422489322,219.4670867919922,,,,cdip,2026-03-25 20:06:18,0.0
14,2026-03-27 17:00:00-07:00,0.908,10.53,311.1,False,,,,,,,,,2.1122,0.908,0.429867,1d_transect,2026-03-27 17:00:00-07:00,0.907975435256958,0.7659709886710785,11.111110669595242,258.6933898925781,0.4643558322937813,15.384615948919734,215.1889190673828,,,,cdip,2026-03-25 20:06:18,0.0
14,2026-03-27 20:00:00-07:00,1.2287,9.87,312.3,False,,,,,,,,,2.0034,1.2287,0.613312,1d_transect,2026-03-27 20:00:00-07:00,1.2287060022354126,0.6517281754932371,15.384615948919734,217.9058380126953,1.0228303626708044,10.526315921561542,262.1373291015625,,,,cdip,2026-03-25 20:06:18,0.0
14,2026-03-27 23:00:00-07:00,1.2578,9.87,313.4,False,,,,,,,,,1.9676,1.2578,0.639272,1d_transect,2026-03-27 23:00:00-07:00,1.2578482627868652,0.6904513683264645,15.384615948919734,220.6355133056641,1.0329278658802885,10.526315921561542,261.87725830078125,,,,cdip,2026-03-25 20:06:18,0.0
14,2026-03-28 02:00:00-07:00,1.2755,9.87,313.0,False,,,,,,,,,1.9475,1.2755,0.654945,1d_transect,2026-03-28 02:00:00-07:00,1.275501370429993,1.261059109398709,15.384615948919734,222.85089111328125,,,,,,,cdip,2026-03-25 20:06:18,0.0
14,2026-03-28 05:00:00-07:00,1.2929,10.53,312.3,False,,,,,,,,,2.0288,1.2929,0.637276,1d_transect,2026-03-28 05:00:00-07:00,1.292891025543213,1.2789018841367468,15.384615948919734,224.50645446777344,,,,,,,cdip,2026-03-25 20:06:18,0.0
14,2026-03-28 08:00:00-07:00,1.3181,10.53,311.3,False,,,,,,,,,2.0687,1.3181,0.63715,1d_transect,2026-03-28 08:00:00-07:00,1.318073034286499,1.3040239675932672,15.384615948919734,226.06504821777344,,,,,,,cdip,2026-03-25 20:06:18,0.0
14,2026-03-28 11:00:00-07:00,1.2081,11.11,312.3,False,0.3122,14.29,265.8,False,,,,,2.2236,1.2478,0.561149,1d_transect,2026-03-28 11:00:00-07:00,1.2477624416351318,1.2342507150692923,14.28571422489322,224.3702392578125,,,,,,,cdip,2026-03-25 20:06:18,0.0
14,2026-03-28 14:00:00-07:00,1.2084,11.11,308.0,False,0.2898,14.29,256.8,False,,,,,2.3933,1.2427,0.519234,1d_transect,2026-03-28 14:00:00-07:00,1.242688536643982,1.229275846750024,14.28571422489322,224.71202087402344,,,,,,,cdip,2026-03-25 20:06:18,0.0
14,2026-03-28 17:00:00-07:00,1.2806,11.11,309.0,False,,,,,,,,,2.3041,1.2806,0.555793,1d_transect,2026-03-28 17:00:00-07:00,1.280609130859375,1.267177771578863,14.28571422489322,224.58645629882807,,,,,,,cdip,2026-03-25 20:06:18,0.0
14,2026-03-28 20:00:00-07:00,1.1052,11.11,307.9,False,0.3449,13.33,264.5,False,,,,,2.2606,1.1578,0.512141,1d_transect,2026-03-28 20:00:00-07:00,1.1577603816986084,1.1463883820395373,13.33333280351429,220.30075073242188,,,,,,,cdip,2026-03-25 20:06:18,0.0
14,2026-03-28 23:00:00-07:00,1.0363,10.53,311.3,False,0.3809,13.33,264.2,False,,,,,1.9247,1.1041,0.573669,1d_transect,2026-03-28 23:00:00-07:00,1.1041134595870972,1.093416911818867,13.33333280351429,221.1929931640625,,,,,,,cdip,2026-03-25 20:06:18,0.0
14,2026-03-29 02:00:00-07:00,1.0054,10.53,306.1,False,0.354,13.33,258.4,False,,,,,1.9673,1.0659,0.541832,1d_transect,2026-03-29 02:00:00-07:00,1.0659377574920654,0.7580849834919511,13.33333280351429,222.07032775878903,0.7343798678695499,10.526315921561542,257.8981628417969,,,,cdip,2026-03-25 20:06:18,0.0
14,2026-03-29 05:00:00-07:00,0.9755,9.87,307.9,False,0.3646,13.33,260.0,False,,,,,1.8353,1.0414,0.567417,1d_transect,2026-03-29 05:00:00-07:00,1.0414022207260132,0.7382555340189249,13.33333280351429,223.03564453125,0.7154755412445711,10.526315921561542,256.4793395996094,0.0774252160782559,19.99999970197678,224.0867462158203,cdip,2026-03-25 20:06:18,0.0
14,2026-03-29 08:00:00-07:00,0.9258,9.87,306.2,False,0.4132,13.33,260.6,False,,,,,1.8236,1.0138,0.555921,1d_transect,2026-03-29 08:00:00-07:00,1.0137872695922852,0.0785223470642103,13.33333280351429,223.6616058349609,0.7228484379832699,10.526315921561542,253.99880981445312,,,,cdip,2026-03-25 20:06:18,0.0
14,2026-03-29 11:00:00-07:00,0.8834,9.87,307.2,False,0.4158,13.33,260.8,False,,,,,1.725,0.9763,0.565995,1d_transect,2026-03-29 11:00:00-07:00,0.9763308763504028,0.7106194765574024,13.33333280351429,224.3699951171875,0.2684197809029715,10.526315921561542,250.69876098632807,0.5988440191893152,9.090909140169128,267.2026672363281,cdip,2026-03-25 20:06:18,0.0
14,2026-03-29 14:00:00-07:00,0.8383,9.87,306.3,False,0.4225,13.33,265.3,False,,,,,1.6071,0.9387,0.584113,1d_transect,2026-03-29 14:00:00-07:00,0.9387349486351012,0.7396298159475264,13.33333280351429,225.2485809326172,0.3860565687968436,9.090909140169128,266.9102478027344,0.4115087085995433,6.666666401757145,285.0377502441406,cdip,2026-03-25 20:06:18,0.0
14,2026-03-29 17:00:00-07:00,0.8004,9.87,306.8,False,0.4257,13.33,266.3,False,,,,,1.521,0.9065,0.596029,1d_transect,2026-03-29 17:00:00-07:00,0.9065438508987428,0.7118972174606142,13.33333280351429,226.50685119628903,0.3646237188370117,9.090909140169128,266.4782409667969,0.1232523702809148,18.181818280338256,221.9276428222656,cdip,2026-03-25 20:06:18,0.0
14,2026-03-29 20:00:00-07:00,0.459,13.33,264.5,False,0.7495,9.09,305.8,False,,,,,1.4927,0.8788,0.588763,1d_transect,2026-03-29 20:00:00-07:00,0.8788297772407532,0.6918336423550006,13.33333280351429,227.0796356201172,0.3477266801442488,9.090909140169128,265.93487548828125,0.1338654610166327,18.181818280338256,220.7972412109375,cdip,2026-03-25 20:06:18,0.0
14,2026-03-29 23:00:00-07:00,0.4468,12.5,268.4,False,0.6875,9.09,306.8,False,0.2169,3.7,319.0,True,1.3818,0.8482,0.613794,1d_transect,2026-03-29 23:00:00-07:00,0.848171055316925,0.6702428381846723,13.33333280351429,226.56124877929688,0.3326657907253655,9.090909140169128,265.25115966796875,0.1435278068807944,18.181818280338256,220.2131805419922,cdip,2026-03-25 20:06:18,0.0
14,2026-03-30 02:00:00-07:00,0.433,12.5,264.4,False,0.6995,9.09,308.0,False,,,,,1.3454,0.8227,0.611469,1d_transect,2026-03-30 02:00:00-07:00,0.8226959109306335,0.6502280426271048,13.33333280351429,224.81158447265625,0.3190625516282048,9.090909140169128,264.1733703613281,0.1470698751194181,18.181818280338256,220.30755615234372,cdip,2026-03-25 20:06:18,0.0
14,2026-03-30 05:00:00-07:00,0.4359,12.5,266.0,False,0.6398,9.09,309.2,False,,,,,1.3317,0.7742,0.58135,1d_transect,2026-03-30 05:00:00-07:00,0.7741981744766235,0.6024830418216759,12.50000027939678,224.69602966308597,0.2915251921227735,9.090909140169128,262.430419921875,0.1387880910228247,18.181818280338256,220.577392578125,cdip,2026-03-25 20:06:18,0.0
14,2026-03-30 08:00:00-07:00,0.478,12.5,266.2,False,0.4512,9.09,308.0,False,0.3724,5.88,316.2,True,1.1432,0.7554,0.660811,1d_transect,2026-03-30 08:00:00-07:00,0.7554453015327454,0.63601751459673,12.50000027939678,224.8765869140625,0.1946849768740329,16.666667039195705,220.22547912597656,0.3473970814534907,5.555555334797621,294.9823303222656,cdip,2026-03-25 20:06:18,0.0
14,2026-03-30 11:00:00-07:00,0.4782,12.5,267.3,False,0.4117,9.09,309.2,False,0.3453,5.56,314.6,True,1.1234,0.7193,0.640301,1d_transect,2026-03-30 11:00:00-07:00,0.7193142175674438,0.6123054215888775,12.50000027939678,223.3911895751953,0.2118223850696725,16.666667039195705,220.0836944580078,0.300706304644605,4.761904910578484,296.61785888671875,cdip,2026-03-25 20:06:18,0.0
14,2026-03-30 14:00:00-07:00,0.4778,12.5,268.9,False,0.4027,9.09,307.9,False,0.2841,5.56,315.6,True,1.0283,0.6864,0.667541,1d_transect,2026-03-30 14:00:00-07:00,0.6864320039749146,0.593744937338406,12.50000027939678,221.151611328125,0.2283954062680016,16.666667039195705,220.15936279296875,0.243894704474511,4.761904910578484,298.7052001953125,cdip,2026-03-25 20:06:18,0.0
14,2026-03-30 17:00:00-07:00,0.3934,11.76,275.9,False,0.5058,9.09,309.4,False,0.1599,15.38,232.6,False,1.0307,0.6604,0.640779,1d_transect,2026-03-30 17:00:00-07:00,0.6604389548301697,0.574037977098415,12.50000027939678,218.53759765625,0.2399686863199387,16.666667039195705,220.4599151611328,0.1230494907540426,4.761904910578484,300.67938232421875,cdip,2026-03-25 20:06:18,0.0
14,2026-03-30 20:00:00-07:00,0.39,11.11,286.5,False,0.1789,15.38,233.8,False,0.475,8.33,308.7,False,0.9486,0.6401,0.674775,1d_transect,2026-03-30 20:00:00-07:00,0.6400858759880066,0.5578822792772229,12.50000027939678,215.84088134765625,0.2451255079276054,16.666667039195705,221.0448303222656,0.1101848512374635,6.25000013969839,291.2664794921875,cdip,2026-03-25 20:06:18,0.0
14,2026-03-30 23:00:00-07:00,0.3809,11.11,288.1,False,0.197,15.38,235.4,False,0.4546,8.33,308.9,False,0.8861,0.625,0.705308,1d_transect,2026-03-30 23:00:00-07:00,0.6249523162841797,0.5220807653059139,12.50000027939678,213.40147399902344,0.2938110196591458,16.666667039195705,222.2100372314453,0.1005903414645634,6.25000013969839,291.2587890625,cdip,2026-03-25 20:06:18,0.0
14,2026-03-31 02:00:00-07:00,0.2433,15.38,242.8,False,0.3364,11.11,287.6,False,0.4597,8.33,300.5,False,0.8785,0.6195,0.705143,1d_transect,2026-03-31 02:00:00-07:00,0.6194683909416199,0.4906519883697204,12.50000027939678,211.0183563232422,0.3383945517328534,16.666667039195705,223.9000396728516,0.0935179759730766,6.25000013969839,289.7126159667969,cdip,2026-03-25 20:06:18,0.0
14,2026-03-31 05:00:00-07:00,0.3714,14.29,245.3,False,0.4271,11.11,292.9,False,0.4565,8.33,295.7,False,0.7441,0.7272,0.977189,1d_transect,2026-03-31 05:00:00-07:00,0.7271721363067627,0.423252267316284,15.384615948919734,222.8827972412109,0.2742930379409095,12.50000027939678,209.89132690429688,0.3968918841819289,8.333333519597852,244.8573303222656,cdip,2026-03-25 20:06:18,0.0
14,2026-03-31 08:00:00-07:00,0.3675,14.29,246.6,False,0.3927,11.11,295.5,False,0.4961,8.33,294.6,False,0.7757,0.7317,0.943304,1d_transect,2026-03-31 08:00:00-07:00,0.7317244410514832,0.428946835448988,15.384615948919734,223.92083740234372,0.2702568522505714,11.111110669595242,209.4488220214844,0.3964673754670692,8.333333519597852,243.31643676757807,cdip,2026-03-25 20:06:18,0.0
14,2026-03-31 11:00:00-07:00,0.4134,14.29,242.4,False,0.4611,11.11,291.3,False,0.3956,8.33,295.3,False,0.7715,0.7349,0.952534,1d_transect,2026-03-31 11:00:00-07:00,0.734882116317749,0.4585895320101689,15.384615948919734,224.571533203125,0.4950565479054684,11.111110669595242,209.16580200195312,0.2722124195206216,7.692307974459867,244.61050415039065,cdip,2026-03-25 20:06:18,0.0
14,2026-03-31 14:00:00-07:00,0.4358,14.29,245.5,False,0.4575,11.11,303.6,False,0.4303,7.69,278.5,False,0.7777,0.7645,0.982962,1d_transect,2026-03-31 14:00:00-07:00,0.7644559741020203,0.4732102769289626,15.384615948919734,226.00929260253903,0.4967050081124645,11.111110669595242,208.680419921875,0.2907686137203475,7.692307974459867,243.4556121826172,cdip,2026-03-25 20:06:18,0.0
15,2026-03-25 02:00:00-07:00,0.9354,15.38,260.5,False,1.2095,11.11,306.4,False,0.2318,3.85,332.6,True,0.4001,1.5465,3.865479,1d_transect,2026-03-25 02:00:00-07:00,1.5464664697647097,1.2056163765333383,18.181818280338256,217.09474182128903,0.9068716585706318,12.50000027939678,220.08140563964844,,,,cdip,2026-03-25 20:06:18,0.0
15,2026-03-25 05:00:00-07:00,0.9237,15.38,254.7,False,1.0355,11.11,306.8,False,0.3656,3.85,318.5,True,0.403,1.4349,3.561009,1d_transect,2026-03-25 05:00:00-07:00,1.4349229335784912,1.133938689115314,16.666667039195705,217.97747802734372,0.7971267475845109,12.50000027939678,222.31431579589844,,,,cdip,2026-03-25 20:06:18,0.0
15,2026-03-25 08:00:00-07:00,1.4063,11.11,305.6,False,0.4099,4.17,326.3,True,,,,,0.3083,1.4648,4.75078,1d_transect,2026-03-25 08:00:00-07:00,1.4647783041000366,1.4046782334855814,16.666667039195705,218.0383758544922,0.3956393797972051,4.347826008084592,292.5670166015625,,,,cdip,2026-03-25 20:06:18,0.0
15,2026-03-25 11:00:00-07:00,1.4356,11.11,304.8,False,0.4631,4.76,322.7,True,,,,,0.3627,1.5084,4.158728,1d_transect,2026-03-25 11:00:00-07:00,1.5084155797958374,1.4331703974030292,16.666667039195705,217.73431396484372,0.4511458563534914,4.347826008084592,292.5690612792969,,,,cdip,2026-03-25 20:06:18,0.0
15,2026-03-25 14:00:00-07:00,1.6247,11.11,296.8,False,0.4087,4.76,331.5,True,,,,,0.4254,1.6753,3.937758,1d_transect,2026-03-25 14:00:00-07:00,1.6753168106079102,1.477445416412093,16.666667039195705,217.41766357421875,0.7759922538408686,4.761904910578484,291.81719970703125,,,,cdip,2026-03-25 20:06:18,0.0
15,2026-03-25 17:00:00-07:00,1.7248,11.11,294.4,False,0.4464,5.0,327.0,True,,,,,0.5206,1.7816,3.422471,1d_transect,2026-03-25 17:00:00-07:00,1.7816174030303955,1.543769328482023,16.666667039195705,217.1049346923828,0.8739689481734975,4.761904910578484,290.8598022460937,,,,cdip,2026-03-25 20:06:18,0.0
15,2026-03-25 20:00:00-07:00,1.8952,11.11,294.2,False,0.5018,5.26,329.5,True,,,,,0.5758,1.9605,3.404804,1d_transect,2026-03-25 20:00:00-07:00,1.960504651069641,1.597630804309496,16.666667039195705,217.01963806152344,0.9263884808578876,4.761904910578484,291.5208435058594,0.6318089765513664,6.25000013969839,275.8458251953125,cdip,2026-03-25 20:06:18,0.0
15,2026-03-25 23:00:00-07:00,1.6327,11.11,300.3,False,1.0409,6.67,319.1,False,,,,,0.5853,1.9362,3.308105,1d_transect,2026-03-25 23:00:00-07:00,1.9362459182739256,1.2465950779136912,16.666667039195705,216.758544921875,1.2875839332192405,7.692307974459867,264.51690673828125,0.7046452384577683,4.761904910578484,287.6405029296875,cdip,2026-03-25 20:06:18,0.0
15,2026-03-26 02:00:00-07:00,2.2865,8.33,312.0,False,,,,,,,,,0.6091,2.2865,3.753862,1d_transect,2026-03-26 02:00:00-07:00,2.286485195159912,1.031576662951868,16.666667039195705,216.0094451904297,1.7886500409644304,9.090909140169128,257.1123352050781,0.9235703349781657,4.761904910578484,281.4621887207031,cdip,2026-03-25 20:06:18,0.0
15,2026-03-26 05:00:00-07:00,1.6765,9.09,310.8,False,,,,,,,,,1.4191,1.6765,1.181364,1d_transect,2026-03-26 05:00:00-07:00,1.6765297651290894,1.2768891972504788,9.871668200422231,253.99801635742188,0.6599601551280397,15.384615948919734,217.31997680664065,0.8149798110706205,5.555555334797621,275.2611694335937,cdip,2026-03-25 20:06:18,0.0
15,2026-03-26 08:00:00-07:00,1.6983,9.87,308.3,False,,,,,,,,,0.9461,1.6983,1.795109,1d_transect,2026-03-26 08:00:00-07:00,1.6982731819152832,1.330914909484009,9.871668200422231,254.6612243652344,0.5670718437957007,15.384615948919734,216.5244598388672,0.8394065148041279,5.555555334797621,274.1943054199219,cdip,2026-03-25 20:06:18,0.0
15,2026-03-26 11:00:00-07:00,1.7439,9.87,311.7,False,,,,,,,,,1.4355,1.7439,1.214785,1d_transect,2026-03-26 11:00:00-07:00,1.7438524961471558,1.28638552934392,10.526315921561542,252.8218994140625,0.5711845183762275,15.384615948919734,215.70407104492188,0.9852579736013424,6.25000013969839,272.0107727050781,cdip,2026-03-25 20:06:18,0.0
15,2026-03-26 14:00:00-07:00,1.6262,9.87,306.6,False,,,,,,,,,0.8724,1.6262,1.863973,1d_transect,2026-03-26 14:00:00-07:00,1.6262134313583374,1.1999441016991532,10.526315921561542,253.0172119140625,0.5466204280738395,15.384615948919734,215.1848907470703,0.9125737304394886,6.25000013969839,271.92437744140625,cdip,2026-03-25 20:06:18,0.0
15,2026-03-26 17:00:00-07:00,1.5123,9.87,311.3,False,,,,,,,,,1.2795,1.5123,1.181989,1d_transect,2026-03-26 17:00:00-07:00,1.5123255252838137,1.0718271485641793,10.526315921561542,253.0267333984375,0.527570020627682,15.384615948919734,214.7386016845703,0.4862864272075697,5.555555334797621,273.6796569824219,cdip,2026-03-25 20:06:18,0.0
15,2026-03-26 20:00:00-07:00,1.4032,9.87,310.3,False,,,,,,,,,1.206,1.4032,1.16352,1d_transect,2026-03-26 20:00:00-07:00,1.4032434225082395,0.976981530634897,10.526315921561542,252.79568481445312,0.5073667151230575,15.384615948919734,214.41357421875,0.4497708054829379,5.555555334797621,273.1729736328125,cdip,2026-03-25 20:06:18,0.0
15,2026-03-26 23:00:00-07:00,1.3049,9.87,312.6,False,,,,,,,,,1.1238,1.3049,1.161134,1d_transect,2026-03-26 23:00:00-07:00,1.3049063682556152,0.8996546873121024,10.526315921561542,252.3995513916016,0.4916062969884791,14.28571422489322,217.26803588867188,0.7834322488851618,5.555555334797621,272.7083740234375,cdip,2026-03-25 20:06:18,0.0
15,2026-03-27 02:00:00-07:00,1.3424,9.87,313.6,False,,,,,,,,,1.0658,1.3424,1.259521,1d_transect,2026-03-27 02:00:00-07:00,1.3423863649368286,0.9326219578596436,11.764705758606276,244.76173400878903,0.5202691119665604,14.28571422489322,217.51214599609372,0.7898177205514466,5.555555334797621,272.51666259765625,cdip,2026-03-25 20:06:18,0.0
15,2026-03-27 05:00:00-07:00,1.4455,10.53,314.7,False,,,,,,,,,0.6982,1.4455,2.070167,1d_transect,2026-03-27 05:00:00-07:00,1.4454504251480105,1.0193317415478116,12.50000027939678,241.55078125,0.5733612842622013,14.28571422489322,217.73146057128903,0.443189462848665,5.555555334797621,272.3565979003906,cdip,2026-03-25 20:06:18,0.0
15,2026-03-27 08:00:00-07:00,1.2613,10.53,313.7,False,,,,,,,,,0.673,1.2613,1.874031,1d_transect,2026-03-27 08:00:00-07:00,1.2612732648849487,0.8937744958547014,11.764705758606276,244.96478271484372,0.5186234544045795,14.28571422489322,217.37779235839844,0.377917115815714,5.555555334797621,272.2059326171875,cdip,2026-03-25 20:06:18,0.0
15,2026-03-27 11:00:00-07:00,1.1673,10.53,314.8,False,,,,,,,,,0.6375,1.1673,1.831046,1d_transect,2026-03-27 11:00:00-07:00,1.1672924757003784,0.8208898066184573,11.111110669595242,248.37925720214844,0.502736516385939,14.28571422489322,216.57347106933597,0.6404121515182352,5.555555334797621,272.0014343261719,cdip,2026-03-25 20:06:18,0.0
15,2026-03-27 14:00:00-07:00,1.1371,10.53,308.6,False,,,,,,,,,0.6391,1.1371,1.77935,1d_transect,2026-03-27 14:00:00-07:00,1.137146234512329,0.7386333084650895,11.111110669595242,247.7028350830078,0.590018584147303,14.28571422489322,215.4151306152344,0.3273675988239926,5.555555334797621,271.81170654296875,cdip,2026-03-25 20:06:18,0.0
15,2026-03-27 17:00:00-07:00,1.356,10.53,311.1,False,,,,,,,,,0.5877,1.356,2.307264,1d_transect,2026-03-27 17:00:00-07:00,1.355963110923767,0.7376776564710058,14.28571422489322,214.3215484619141,0.8666434015799358,11.111110669595242,246.822265625,0.7131122027762574,5.555555334797621,271.73809814453125,cdip,2026-03-25 20:06:18,0.0
15,2026-03-27 20:00:00-07:00,1.5283,9.87,312.3,False,,,,,,,,,0.8632,1.5283,1.770523,1d_transect,2026-03-27 20:00:00-07:00,1.528333067893982,0.8610079722886179,15.384615948919734,214.06788635253903,0.944290628832471,11.111110669595242,245.98663330078125,0.5417179860696529,5.555555334797621,271.971435546875,cdip,2026-03-25 20:06:18,0.0
15,2026-03-27 23:00:00-07:00,1.5631,9.87,313.4,False,,,,,,,,,0.8478,1.5631,1.843721,1d_transect,2026-03-27 23:00:00-07:00,1.5631014108657837,0.9178030968727712,15.384615948919734,216.2413787841797,0.9476722707777554,11.111110669595242,245.46627807617188,0.8130323682737207,5.555555334797621,272.2243347167969,cdip,2026-03-25 20:06:18,0.0
15,2026-03-28 02:00:00-07:00,1.5836,9.87,313.0,False,,,,,,,,,0.8391,1.5836,1.887264,1d_transect,2026-03-28 02:00:00-07:00,1.583647608757019,1.342660851335081,15.384615948919734,217.9374237060547,0.8158192151528382,5.555555334797621,273.09088134765625,,,,cdip,2026-03-25 20:06:18,0.0
15,2026-03-28 05:00:00-07:00,1.5962,10.53,312.3,False,,,,,,,,,0.5645,1.5962,2.827721,1d_transect,2026-03-28 05:00:00-07:00,1.596180081367493,1.3648659119402649,15.384615948919734,219.1366729736328,0.8040433862146914,5.555555334797621,273.806884765625,,,,cdip,2026-03-25 20:06:18,0.0
15,2026-03-28 08:00:00-07:00,1.6207,10.53,311.3,False,,,,,,,,,0.5756,1.6207,2.815695,1d_transect,2026-03-28 08:00:00-07:00,1.6206670999526978,1.3868845620389894,15.384615948919734,220.17379760742188,0.8149900119667647,5.555555334797621,274.6689758300781,,,,cdip,2026-03-25 20:06:18,0.0
15,2026-03-28 11:00:00-07:00,1.4818,11.11,312.3,False,0.6921,14.29,265.8,False,,,,,0.6704,1.6354,2.439326,1d_transect,2026-03-28 11:00:00-07:00,1.6354085206985474,1.4072017058683108,15.384615948919734,220.8636932373047,0.8088963095496785,5.555555334797621,275.30731201171875,,,,cdip,2026-03-25 20:06:18,0.0
15,2026-03-28 14:00:00-07:00,1.3901,11.11,308.0,False,0.6331,14.29,256.8,False,,,,,0.7528,1.5275,2.029159,1d_transect,2026-03-28 14:00:00-07:00,1.5274615287780762,1.3232274721498865,14.28571422489322,217.4626617431641,0.739863631431282,5.555555334797621,275.99102783203125,,,,cdip,2026-03-25 20:06:18,0.0
15,2026-03-28 17:00:00-07:00,1.4942,11.11,309.0,False,,,,,,,,,0.6782,1.4942,2.203146,1d_transect,2026-03-28 17:00:00-07:00,1.494236946105957,1.3010593913667663,13.33333280351429,214.5483245849609,0.4817376578380405,5.555555334797621,276.70587158203125,,,,cdip,2026-03-25 20:06:18,0.0
15,2026-03-28 20:00:00-07:00,1.2389,11.11,307.9,False,0.7428,13.33,264.5,False,,,,,0.7406,1.4445,1.950335,1d_transect,2026-03-28 20:00:00-07:00,1.444511651992798,1.2638430413253934,13.33333280351429,215.1674652099609,0.4536607641219045,5.555555334797621,277.2697448730469,,,,cdip,2026-03-25 20:06:18,0.0
15,2026-03-28 23:00:00-07:00,0.8277,13.33,264.2,False,1.108,10.53,311.3,False,,,,,0.6274,1.383,2.20433,1d_transect,2026-03-28 23:00:00-07:00,1.3829803466796875,1.2220865587938747,13.33333280351429,216.0977325439453,0.4095698951793187,5.555555334797621,278.15478515625,,,,cdip,2026-03-25 20:06:18,0.0
15,2026-03-29 02:00:00-07:00,0.8184,13.33,258.4,False,1.061,10.53,306.1,False,,,,,0.6325,1.3399,2.118537,1d_transect,2026-03-29 02:00:00-07:00,1.339944839477539,1.1836725661198662,13.33333280351429,216.8159637451172,0.3835277580704612,4.761904910578484,277.4229431152344,0.1152537996197341,19.99999970197678,217.90318298339844,cdip,2026-03-25 20:06:18,0.0
15,2026-03-29 05:00:00-07:00,0.8559,13.33,260.0,False,0.992,9.87,307.9,False,,,,,0.5817,1.3102,2.252545,1d_transect,2026-03-29 05:00:00-07:00,1.310210943222046,1.17090330512542,13.33333280351429,217.51535034179688,0.3316711749750088,4.761904910578484,278.4198303222656,0.1269097866845382,19.99999970197678,218.20391845703125,cdip,2026-03-25 20:06:18,0.0
15,2026-03-29 08:00:00-07:00,0.9021,13.33,260.6,False,0.9156,9.87,306.2,False,,,,,0.5989,1.2853,2.146212,1d_transect,2026-03-29 08:00:00-07:00,1.2853481769561768,1.1585425394515525,13.33333280351429,217.99549865722656,0.318048059413314,4.761904910578484,279.7979736328125,,,,cdip,2026-03-25 20:06:18,0.0
15,2026-03-29 11:00:00-07:00,0.8996,13.33,260.8,False,0.8658,9.87,307.2,False,,,,,0.5766,1.2485,2.165382,1d_transect,2026-03-29 11:00:00-07:00,1.2485432624816897,1.1389982186714582,13.33333280351429,218.5636444091797,0.4905461804397295,4.761904910578484,281.20562744140625,,,,cdip,2026-03-25 20:06:18,0.0
15,2026-03-29 14:00:00-07:00,0.8775,13.33,265.3,False,0.8342,9.87,306.3,False,,,,,0.5336,1.2107,2.269033,1d_transect,2026-03-29 14:00:00-07:00,1.21072256565094,1.083891065044563,13.33333280351429,219.3006591796875,0.1955782996078306,18.181818280338256,217.96047973632807,0.4834639505164576,4.761904910578484,282.15545654296875,cdip,2026-03-25 20:06:18,0.0
15,2026-03-29 17:00:00-07:00,0.8752,13.33,266.3,False,0.7885,9.87,306.8,False,,,,,0.5139,1.178,2.292172,1d_transect,2026-03-29 17:00:00-07:00,1.1780368089675903,1.0570006904255176,13.33333280351429,220.2607879638672,0.2092312587959987,18.181818280338256,217.6166839599609,0.4575388332164208,4.761904910578484,283.1309509277344,cdip,2026-03-25 20:06:18,0.0
15,2026-03-29 20:00:00-07:00,0.9231,13.33,264.5,False,0.6828,9.09,305.8,False,,,,,0.5484,1.1482,2.093929,1d_transect,2026-03-29 20:00:00-07:00,1.148226618766785,1.0296208927543868,13.33333280351429,220.72247314453125,0.2183561326673777,18.181818280338256,217.75103759765625,0.4412083236514213,4.761904910578484,284.1698608398437,cdip,2026-03-25 20:06:18,0.0
15,2026-03-29 23:00:00-07:00,0.903,12.5,268.4,False,0.6334,9.09,306.8,False,0.1648,3.7,319.0,True,0.5052,1.1152,2.207331,1d_transect,2026-03-29 23:00:00-07:00,1.1152442693710327,1.001062940302447,13.33333280351429,220.3473052978516,0.2227131297530653,18.181818280338256,217.98345947265625,0.4207911267652475,4.761904910578484,285.2097473144531,cdip,2026-03-25 20:06:18,0.0
15,2026-03-30 02:00:00-07:00,0.85,12.5,264.4,False,0.5892,9.09,308.0,False,,,,,0.5144,1.0343,2.010508,1d_transect,2026-03-30 02:00:00-07:00,1.0342633724212646,0.9336533305649088,12.50000027939678,216.6973419189453,0.2136652646315486,18.181818280338256,218.1153106689453,0.3734211549879273,4.761904910578484,286.9364624023437,cdip,2026-03-25 20:06:18,0.0
15,2026-03-30 05:00:00-07:00,0.8501,12.5,266.0,False,0.5688,9.09,309.2,False,,,,,0.507,1.0228,2.01746,1d_transect,2026-03-30 05:00:00-07:00,1.0228354930877686,0.8969309760167965,12.50000027939678,217.33639526367188,0.2874069470884157,16.666667039195705,217.72608947753903,0.3828474084632661,4.761904910578484,289.8056640625,cdip,2026-03-25 20:06:18,0.0
15,2026-03-30 08:00:00-07:00,0.89,12.5,266.2,False,0.383,9.09,308.0,False,0.2606,5.88,316.2,True,0.4583,1.0033,2.189475,1d_transect,2026-03-30 08:00:00-07:00,1.0033371448516846,0.8771705204955433,12.50000027939678,217.30889892578125,0.3027653703431122,16.666667039195705,217.63345336914065,0.364892573893499,4.761904910578484,291.5113830566406,cdip,2026-03-25 20:06:18,0.0
15,2026-03-30 11:00:00-07:00,0.8684,12.5,267.3,False,0.3408,9.09,309.2,False,0.2736,5.56,314.6,True,0.4699,0.9722,2.068954,1d_transect,2026-03-30 11:00:00-07:00,0.9721907377243042,0.8597145644072041,12.50000027939678,216.23587036132807,0.317744726646895,16.666667039195705,217.6572113037109,0.2299606094871905,4.761904910578484,292.56158447265625,cdip,2026-03-25 20:06:18,0.0
15,2026-03-30 14:00:00-07:00,0.863,12.5,268.9,False,0.3315,9.09,307.9,False,0.1929,5.56,315.6,True,0.4402,0.9444,2.145347,1d_transect,2026-03-30 14:00:00-07:00,0.9443670511245728,0.8409502917166094,12.50000027939678,214.6796722412109,0.3316127423702566,16.666667039195705,217.7950592041016,0.2482858480282319,4.166666759798926,287.12371826171875,cdip,2026-03-25 20:06:18,0.0
15,2026-03-30 17:00:00-07:00,0.7188,11.76,275.9,False,0.3387,15.38,232.6,False,0.4707,9.09,309.4,False,0.3968,0.9235,2.327479,1d_transect,2026-03-30 17:00:00-07:00,0.9235424995422364,0.8002356745842711,12.50000027939678,212.8236083984375,0.4032991628622829,16.666667039195705,217.97154235839844,0.1899301541641976,4.166666759798926,288.802978515625,cdip,2026-03-25 20:06:18,0.0
15,2026-03-30 20:00:00-07:00,0.4236,15.38,233.8,False,0.6441,11.11,286.5,False,0.4841,8.33,308.7,False,0.3324,0.9103,2.738745,1d_transect,2026-03-30 20:00:00-07:00,0.9103260040283204,0.7848107501894225,12.50000027939678,210.9392242431641,0.4189788067530999,16.666667039195705,218.11134338378903,,,,cdip,2026-03-25 20:06:18,0.0
15,2026-03-30 23:00:00-07:00,0.4602,15.38,235.4,False,0.6261,11.11,288.1,False,0.4612,8.33,308.9,False,0.3171,0.9036,2.849156,1d_transect,2026-03-30 23:00:00-07:00,0.903608500957489,0.3904681316797422,12.50000027939678,209.29063415527344,0.4847228229138772,16.666667039195705,218.38668823242188,,,,cdip,2026-03-25 20:06:18,0.0
15,2026-03-31 02:00:00-07:00,0.4876,15.38,242.8,False,0.4805,11.11,287.6,False,0.4702,8.33,300.5,False,0.3356,0.8305,2.474936,1d_transect,2026-03-31 02:00:00-07:00,0.8304949402809143,0.3414657152402561,11.111110669595242,202.6038055419922,0.4579785420667849,16.666667039195705,219.1317138671875,,,,cdip,2026-03-25 20:06:18,0.0
15,2026-03-31 05:00:00-07:00,0.5976,14.29,245.3,False,0.4288,11.11,292.9,False,0.4189,8.33,295.7,False,0.3185,0.8464,2.657931,1d_transect,2026-03-31 05:00:00-07:00,0.8464192748069763,0.6769938278224502,11.111110669595242,199.6245880126953,0.4893484757433327,15.384615948919734,218.83184814453125,,,,cdip,2026-03-25 20:06:18,0.0
15,2026-03-31 08:00:00-07:00,0.5823,14.29,246.6,False,0.3558,11.11,295.5,False,0.5169,8.33,294.6,False,0.3389,0.8561,2.526471,1d_transect,2026-03-31 08:00:00-07:00,0.8560994863510132,0.6886965063837219,11.111110669595242,199.6000518798828,0.4938060835856158,15.384615948919734,219.43994140625,,,,cdip,2026-03-25 20:06:18,0.0
15,2026-03-31 11:00:00-07:00,0.8373,14.29,242.4,False,0.573,11.11,291.3,False,0.4492,8.33,295.3,False,0.346,1.1096,3.206755,1d_transect,2026-03-31 11:00:00-07:00,1.1095852851867676,0.6863250141888763,15.384615948919734,219.6415252685547,0.7856385803836656,11.111110669595242,198.9239959716797,0.3430153491824351,7.692307974459867,234.96224975585935,cdip,2026-03-25 20:06:18,0.0
15,2026-03-31 14:00:00-07:00,0.7566,14.29,245.5,False,0.4206,11.11,303.6,False,0.7768,7.69,278.5,False,0.4033,1.1631,2.88422,1d_transect,2026-03-31 14:00:00-07:00,1.163111448287964,0.7009139248303901,15.384615948919734,220.42356872558597,0.7922219096532411,11.111110669595242,198.8998565673828,0.4024395645839395,7.692307974459867,234.1927032470703,cdip,2026-03-25 20:06:18,0.0
16,2026-03-25 02:00:00-07:00,1.4383,11.11,306.4,False,0.5518,15.38,260.5,False,0.541,3.85,332.6,True,0.8422,1.6327,1.938629,1d_transect,2026-03-25 02:00:00-07:00,1.6327365636825562,1.259714550726499,18.181818280338256,213.45274353027344,0.9682805048159332,12.50000027939678,221.15663146972656,,,,cdip,2026-03-25 20:06:18,0.0
16,2026-03-25 05:00:00-07:00,1.307,11.11,306.8,False,0.5408,15.38,254.7,False,0.8565,3.85,318.5,True,0.8723,1.6535,1.895569,1d_transect,2026-03-25 05:00:00-07:00,1.653538703918457,1.2929186030225162,18.181818280338256,212.91302490234372,0.9322479980892456,12.50000027939678,222.9049224853516,,,,cdip,2026-03-25 20:06:18,0.0
16,2026-03-25 08:00:00-07:00,1.2959,11.11,305.6,False,0.827,4.17,326.3,True,,,,,0.8326,1.5373,1.846347,1d_transect,2026-03-25 08:00:00-07:00,1.537329912185669,1.47023838848008,16.666667039195705,215.45602416992188,0.4251470070594534,4.347826008084592,290.2269897460937,,,,cdip,2026-03-25 20:06:18,0.0
16,2026-03-25 11:00:00-07:00,1.2844,11.11,304.8,False,0.9201,4.76,322.7,True,,,,,0.948,1.58,1.666545,1d_transect,2026-03-25 11:00:00-07:00,1.5799585580825806,1.495818664845811,16.666667039195705,214.9922332763672,,,,,,,cdip,2026-03-25 20:06:18,0.0
16,2026-03-25 14:00:00-07:00,1.5393,11.11,296.8,False,0.8662,4.76,331.5,True,,,,,0.9846,1.7663,1.793822,1d_transect,2026-03-25 14:00:00-07:00,1.766266107559204,1.5440669415711326,16.666667039195705,214.6539459228516,0.8408576503761559,4.761904910578484,289.7216491699219,,,,cdip,2026-03-25 20:06:18,0.0
16,2026-03-25 17:00:00-07:00,1.5542,11.11,294.4,False,1.0859,5.0,327.0,True,,,,,1.1823,1.896,1.603694,1d_transect,2026-03-25 17:00:00-07:00,1.8959797620773315,1.6190587742984912,16.666667039195705,214.4652557373047,0.9683444985863736,4.761904910578484,288.8907470703125,,,,cdip,2026-03-25 20:06:18,0.0
16,2026-03-25 20:00:00-07:00,1.6999,11.11,294.2,False,1.2151,5.26,329.5,True,,,,,1.3158,2.0895,1.588049,1d_transect,2026-03-25 20:00:00-07:00,2.089503049850464,1.6837084310149877,16.666667039195705,214.535888671875,1.0053101364033783,4.761904910578484,289.28436279296875,0.6900142233488078,6.25000013969839,269.6654357910156,cdip,2026-03-25 20:06:18,0.0
16,2026-03-25 23:00:00-07:00,1.3084,11.11,300.3,False,1.6463,6.67,319.1,False,,,,,1.771,2.1029,1.187382,1d_transect,2026-03-25 23:00:00-07:00,2.102851152420044,1.3071226086836891,16.666667039195705,214.3829040527344,1.3820003071567946,7.692307974459867,258.2771301269531,0.8664125761534095,4.761904910578484,285.86578369140625,cdip,2026-03-25 20:06:18,0.0
16,2026-03-26 02:00:00-07:00,1.6676,8.33,312.0,False,,,,,,,,,2.2326,1.6676,0.746941,1d_transect,2026-03-26 02:00:00-07:00,1.6676228046417236,1.252405010562236,8.333333519597852,254.80088806152344,0.6964206194354291,16.666667039195705,213.95730590820312,0.8155587025036316,4.761904910578484,280.1583251953125,cdip,2026-03-25 20:06:18,0.0
16,2026-03-26 05:00:00-07:00,1.845,9.09,310.8,False,,,,,,,,,2.5018,1.845,0.737466,1d_transect,2026-03-26 05:00:00-07:00,1.844959378242493,1.4432689778669026,9.090909140169128,251.75540161132807,0.6086209490170194,15.384615948919734,215.7852935791016,0.9216583801272014,4.761904910578484,276.7445373535156,cdip,2026-03-25 20:06:18,0.0
16,2026-03-26 08:00:00-07:00,1.9009,9.87,308.3,False,,,,,,,,,2.8033,1.9009,0.678095,1d_transect,2026-03-26 08:00:00-07:00,1.9008885622024536,1.4939259013815422,9.871668200422231,247.94598388671875,0.5794934062908603,15.384615948919734,214.89730834960935,0.9661223413388996,5.555555334797621,269.62384033203125,cdip,2026-03-25 20:06:18,0.0
16,2026-03-26 11:00:00-07:00,1.8761,9.87,311.7,False,,,,,,,,,2.5306,1.8761,0.74136,1d_transect,2026-03-26 11:00:00-07:00,1.876104474067688,1.390771749069722,9.871668200422231,248.3902587890625,0.5599723546356056,15.384615948919734,214.27952575683597,0.701462465947286,5.555555334797621,269.618896484375,cdip,2026-03-25 20:06:18,0.0
16,2026-03-26 14:00:00-07:00,1.8164,9.87,306.6,False,,,,,,,,,2.5852,1.8164,0.702645,1d_transect,2026-03-26 14:00:00-07:00,1.816448450088501,1.3482001279589824,10.526315921561542,246.32177734375,0.5521614069915646,14.28571422489322,218.236083984375,0.6749962660941542,5.555555334797621,269.58074951171875,cdip,2026-03-25 20:06:18,0.0
16,2026-03-26 17:00:00-07:00,1.688,9.87,311.3,False,,,,,,,,,2.2555,1.688,0.748391,1d_transect,2026-03-26 17:00:00-07:00,1.6880228519439695,1.2428334763099134,10.526315921561542,246.30169677734372,0.5275550055832714,14.28571422489322,217.6717834472656,0.6301436495403039,5.555555334797621,269.2400207519531,cdip,2026-03-25 20:06:18,0.0
16,2026-03-26 20:00:00-07:00,1.5665,9.87,310.3,False,,,,,,,,,2.1261,1.5665,0.736794,1d_transect,2026-03-26 20:00:00-07:00,1.5664727687835691,1.0963398024962472,10.526315921561542,246.0616455078125,0.503841269245332,14.28571422489322,217.1024169921875,0.657219369668507,5.555555334797621,268.8903503417969,cdip,2026-03-25 20:06:18,0.0
16,2026-03-26 23:00:00-07:00,1.4547,9.87,312.6,False,,,,,,,,,1.9811,1.4547,0.734267,1d_transect,2026-03-26 23:00:00-07:00,1.4546840190887451,1.009158960441006,10.526315921561542,245.6579742431641,0.4837652153722456,14.28571422489322,217.0648651123047,0.61301437126716,5.555555334797621,268.52252197265625,cdip,2026-03-25 20:06:18,0.0
16,2026-03-27 02:00:00-07:00,1.4932,9.87,313.6,False,,,,,,,,,1.8788,1.4932,0.79472,1d_transect,2026-03-27 02:00:00-07:00,1.4931515455245972,1.0454601679648876,11.764705758606276,238.2440490722656,0.5088069686256157,14.28571422489322,217.6545562744141,0.6217675425853852,5.555555334797621,268.38592529296875,cdip,2026-03-25 20:06:18,0.0
16,2026-03-27 05:00:00-07:00,1.5367,10.53,314.7,False,,,,,,,,,1.8256,1.5367,0.84174,1d_transect,2026-03-27 05:00:00-07:00,1.5366827249526978,1.0929413272268216,11.764705758606276,238.6561584472656,0.5366323683273658,14.28571422489322,218.3450164794922,0.6222020449536797,5.555555334797621,268.28729248046875,cdip,2026-03-25 20:06:18,0.0
16,2026-03-27 08:00:00-07:00,1.3973,10.53,313.7,False,,,,,,,,,1.7597,1.3973,0.794071,1d_transect,2026-03-27 08:00:00-07:00,1.3973339796066284,0.9991056896685035,11.764705758606276,238.48651123046875,0.5080619844446647,14.28571422489322,218.5872039794922,0.5546530452461417,5.555555334797621,268.1771240234375,cdip,2026-03-25 20:06:18,0.0
16,2026-03-27 11:00:00-07:00,1.2891,10.53,314.8,False,,,,,,,,,1.6668,1.2891,0.773393,1d_transect,2026-03-27 11:00:00-07:00,1.2891056537628174,0.9141895957477668,11.111110669595242,241.37957763671875,0.4946840733068883,14.28571422489322,218.2956695556641,0.5053794219621074,5.555555334797621,268.0122985839844,cdip,2026-03-25 20:06:18,0.0
16,2026-03-27 14:00:00-07:00,1.2508,10.53,308.6,False,,,,,,,,,1.7211,1.2508,0.726773,1d_transect,2026-03-27 14:00:00-07:00,1.2508149147033691,0.8776982973075942,11.111110669595242,240.6892242431641,0.5105825876697423,14.28571422489322,217.5122528076172,0.7082291840334609,5.555555334797621,267.8536682128906,cdip,2026-03-25 20:06:18,0.0
16,2026-03-27 17:00:00-07:00,1.2291,10.53,311.1,False,,,,,,,,,1.5366,1.2291,0.799898,1d_transect,2026-03-27 17:00:00-07:00,1.229117751121521,0.8033358230813908,11.111110669595242,239.83181762695312,0.6061195006370507,14.28571422489322,216.59996032714844,0.6831556243619,5.555555334797621,267.79132080078125,cdip,2026-03-25 20:06:18,0.0
16,2026-03-27 20:00:00-07:00,1.2946,9.87,312.3,False,,,,,,,,,1.5217,1.2946,0.850766,1d_transect,2026-03-27 20:00:00-07:00,1.2946256399154663,0.8191652131747577,11.111110669595242,239.0213165283203,0.5000842554544479,15.384615948919734,216.156494140625,0.4347547445988526,13.33333280351429,220.07215881347656,cdip,2026-03-25 20:06:18,0.0
16,2026-03-27 23:00:00-07:00,1.8392,9.87,313.4,False,,,,,,,,,1.4945,1.8392,1.230593,1d_transect,2026-03-27 23:00:00-07:00,1.839178681373596,0.7490220218591773,16.666667039195705,225.64398193359372,0.6466853572414727,13.33333280351429,220.4467315673828,1.1446671292468134,11.111110669595242,238.5612945556641,cdip,2026-03-25 20:06:18,0.0
16,2026-03-28 02:00:00-07:00,1.8614,9.87,313.0,False,,,,,,,,,1.4793,1.8614,1.258341,1d_transect,2026-03-28 02:00:00-07:00,1.8614091873168943,1.5416143560363391,16.666667039195705,226.05258178710935,0.6654824553110175,5.555555334797621,268.9532165527344,,,,cdip,2026-03-25 20:06:18,0.0
16,2026-03-28 05:00:00-07:00,1.7338,10.53,312.3,False,,,,,,,,,1.4759,1.7338,1.174763,1d_transect,2026-03-28 05:00:00-07:00,1.7338190078735352,1.45073659026956,15.384615948919734,220.5340881347656,0.6156533496208441,5.555555334797621,269.5846862792969,,,,cdip,2026-03-25 20:06:18,0.0
16,2026-03-28 08:00:00-07:00,1.7556,10.53,311.3,False,,,,,,,,,1.5049,1.7556,1.166598,1d_transect,2026-03-28 08:00:00-07:00,1.7556487321853638,1.495272305465713,15.384615948919734,221.44268798828125,0.5601834556851665,5.555555334797621,270.340087890625,,,,cdip,2026-03-25 20:06:18,0.0
16,2026-03-28 11:00:00-07:00,1.72,11.11,312.3,False,0.4008,14.29,265.8,False,,,,,1.5443,1.7661,1.143627,1d_transect,2026-03-28 11:00:00-07:00,1.766061305999756,0.9851657107994046,15.384615948919734,222.03518676757807,1.1466553060342706,11.764705758606276,235.436767578125,0.5502334692289644,4.761904910578484,272.3288269042969,cdip,2026-03-25 20:06:18,0.0
16,2026-03-28 14:00:00-07:00,1.7143,11.11,308.0,False,0.3705,14.29,256.8,False,,,,,1.6619,1.7539,1.055308,1d_transect,2026-03-28 14:00:00-07:00,1.7538517713546753,0.9917277218480486,15.384615948919734,222.2261962890625,1.1389241312863956,11.764705758606276,233.99110412597656,0.5301276460850961,4.761904910578484,272.851806640625,cdip,2026-03-25 20:06:18,0.0
16,2026-03-28 17:00:00-07:00,1.6939,11.11,309.0,False,,,,,,,,,1.6082,1.6939,1.053303,1d_transect,2026-03-28 17:00:00-07:00,1.6939388513565063,0.9749602344634456,14.28571422489322,218.0658416748047,1.0923467981427208,11.764705758606276,231.92251586914065,0.4990882532986123,4.761904910578484,273.7218933105469,cdip,2026-03-25 20:06:18,0.0
16,2026-03-28 20:00:00-07:00,1.4793,11.11,307.9,False,0.4351,13.33,264.5,False,,,,,1.57,1.542,0.982153,1d_transect,2026-03-28 20:00:00-07:00,1.542003512382507,1.3377946710342186,13.33333280351429,216.48899841308597,0.4434751449430497,4.761904910578484,274.67352294921875,,,,cdip,2026-03-25 20:06:18,0.0
16,2026-03-28 23:00:00-07:00,1.3919,10.53,311.3,False,0.4626,13.33,264.2,False,,,,,1.3849,1.4668,1.05915,1d_transect,2026-03-28 23:00:00-07:00,1.4667840003967283,1.2827591422124094,13.33333280351429,217.104248046875,0.6867000856920301,4.761904910578484,275.757080078125,,,,cdip,2026-03-25 20:06:18,0.0
16,2026-03-29 02:00:00-07:00,1.3473,10.53,306.1,False,0.429,13.33,258.4,False,,,,,1.4154,1.4139,0.998986,1d_transect,2026-03-29 02:00:00-07:00,1.4139405488967896,1.2335986319186214,13.33333280351429,217.59097290039065,0.6554361725205248,4.761904910578484,276.4561767578125,0.1253946133782507,19.99999970197678,212.9420928955078,cdip,2026-03-25 20:06:18,0.0
16,2026-03-29 05:00:00-07:00,1.3112,9.87,307.9,False,0.4244,13.33,260.0,False,,,,,1.3716,1.3781,1.004755,1d_transect,2026-03-29 05:00:00-07:00,1.378131866455078,1.2058514304463817,13.33333280351429,218.15036010742188,0.6288934645395047,4.761904910578484,277.4266357421875,0.1353588900052817,19.99999970197678,212.8231201171875,cdip,2026-03-25 20:06:18,0.0
16,2026-03-29 08:00:00-07:00,1.2588,9.87,306.2,False,0.4869,13.33,260.6,False,,,,,1.3553,1.3497,0.995827,1d_transect,2026-03-29 08:00:00-07:00,1.349671721458435,1.1927245603453147,13.33333280351429,218.5731506347656,0.607063751208287,4.761904910578484,278.7577819824219,,,,cdip,2026-03-25 20:06:18,0.0
16,2026-03-29 11:00:00-07:00,1.2125,9.87,307.2,False,0.4946,13.33,260.8,False,,,,,1.2795,1.3095,1.023486,1d_transect,2026-03-29 11:00:00-07:00,1.3095282316207886,1.1726315526176023,13.33333280351429,219.15084838867188,0.5585646975991303,4.761904910578484,280.12127685546875,,,,cdip,2026-03-25 20:06:18,0.0
16,2026-03-29 14:00:00-07:00,1.163,9.87,306.3,False,0.5085,13.33,265.3,False,,,,,1.1889,1.2693,1.067575,1d_transect,2026-03-29 14:00:00-07:00,1.2692782878875732,1.123644337200619,13.33333280351429,219.9151153564453,0.2093125613565633,18.181818280338256,214.02359008789065,0.5282481470699567,4.761904910578484,281.0274658203125,cdip,2026-03-25 20:06:18,0.0
16,2026-03-29 17:00:00-07:00,1.1222,9.87,306.8,False,0.5178,13.33,266.3,False,,,,,1.1226,1.2359,1.100975,1d_transect,2026-03-29 17:00:00-07:00,1.2359342575073242,1.0973974312547148,13.33333280351429,220.89410400390625,0.2232813399508422,18.181818280338256,213.31271362304688,0.4994238546504664,4.761904910578484,281.9590148925781,cdip,2026-03-25 20:06:18,0.0
16,2026-03-29 20:00:00-07:00,0.5663,13.33,264.5,False,1.0671,9.09,305.8,False,,,,,1.0939,1.208,1.104351,1d_transect,2026-03-29 20:00:00-07:00,1.2080472707748413,1.0726019602638124,13.33333280351429,221.4029235839844,0.2308436516644495,18.181818280338256,213.45748901367188,0.4825889866179907,4.761904910578484,282.9421691894531,cdip,2026-03-25 20:06:18,0.0
16,2026-03-29 23:00:00-07:00,0.5671,12.5,268.4,False,0.9639,9.09,306.8,False,0.3724,3.7,319.0,True,1.0397,1.1787,1.133627,1d_transect,2026-03-29 23:00:00-07:00,1.1786770820617676,1.048314429578728,13.33333280351429,221.1618194580078,0.2322044468940916,18.181818280338256,213.7048492431641,0.4628448828037124,4.761904910578484,283.936279296875,cdip,2026-03-25 20:06:18,0.0
16,2026-03-30 02:00:00-07:00,0.5378,12.5,264.4,False,0.9594,9.09,308.0,False,,,,,0.9955,1.0999,1.104899,1d_transect,2026-03-30 02:00:00-07:00,1.0998969078063965,0.9808854639267156,12.50000027939678,218.00701904296875,0.2210095937348657,18.181818280338256,213.81887817382807,0.4229559898238077,4.761904910578484,285.5082702636719,cdip,2026-03-25 20:06:18,0.0
16,2026-03-30 05:00:00-07:00,0.5756,12.5,266.0,False,0.9333,9.09,309.2,False,,,,,0.9815,1.0966,1.117186,1d_transect,2026-03-30 05:00:00-07:00,1.0965535640716553,0.954379412672956,12.50000027939678,218.4652099609375,0.2960255972401714,16.666667039195705,214.05979919433597,0.428841837954094,4.761904910578484,287.9961242675781,cdip,2026-03-25 20:06:18,0.0
16,2026-03-30 08:00:00-07:00,0.6065,12.5,266.2,False,0.6324,9.09,308.0,False,0.639,5.88,316.2,True,0.8888,1.0845,1.220148,1d_transect,2026-03-30 08:00:00-07:00,1.0844676494598389,0.9464497377564396,12.50000027939678,218.36790466308597,0.3094318790642412,16.666667039195705,213.6162567138672,0.4051671297270663,4.761904910578484,289.3754272460937,cdip,2026-03-25 20:06:18,0.0
16,2026-03-30 11:00:00-07:00,0.5783,12.5,267.3,False,0.55,9.09,309.2,False,0.5641,5.56,314.6,True,0.8673,0.9773,1.126823,1d_transect,2026-03-30 11:00:00-07:00,0.9773203730583192,0.6927679747025233,11.111110669595242,204.3511199951172,0.522229945519855,12.50000027939678,217.3980712890625,0.2962047089073036,16.666667039195705,213.48118591308597,cdip,2026-03-25 20:06:18,0.0
16,2026-03-30 14:00:00-07:00,0.6064,12.5,268.9,False,0.5645,9.09,307.9,False,0.4877,5.56,315.6,True,0.7798,0.9614,1.232868,1d_transect,2026-03-30 14:00:00-07:00,0.9613955616950988,0.7056701004653901,11.111110669595242,203.21307373046875,0.4625629663512249,12.50000027939678,216.010986328125,0.360629923587457,16.666667039195705,213.57403564453125,cdip,2026-03-25 20:06:18,0.0
16,2026-03-30 17:00:00-07:00,0.5581,11.76,275.9,False,0.7523,9.09,309.4,False,0.1879,15.38,232.6,False,0.761,0.9554,1.255418,1d_transect,2026-03-30 17:00:00-07:00,0.9553591012954712,0.8452342715281604,11.111110669595242,201.92678833007807,0.3762242428260249,16.666667039195705,213.81028747558597,,,,cdip,2026-03-25 20:06:18,0.0
16,2026-03-30 20:00:00-07:00,0.5574,11.11,286.5,False,0.7515,8.33,308.7,False,0.2137,15.38,233.8,False,0.7145,0.9597,1.343286,1d_transect,2026-03-30 20:00:00-07:00,0.9597366452217102,0.8500679583626677,11.111110669595242,200.24884033203125,0.3937479448007878,16.666667039195705,214.1157684326172,,,,cdip,2026-03-25 20:06:18,0.0
16,2026-03-30 23:00:00-07:00,0.5656,11.11,288.1,False,0.2448,15.38,235.4,False,0.7475,8.33,308.9,False,0.664,0.9688,1.459025,1d_transect,2026-03-30 23:00:00-07:00,0.9688037037849426,0.835485964275325,11.111110669595242,198.2831268310547,0.4531494021447371,16.666667039195705,214.685546875,,,,cdip,2026-03-25 20:06:18,0.0
16,2026-03-31 02:00:00-07:00,0.3083,15.38,242.8,False,0.509,11.11,287.6,False,0.7723,8.33,300.5,False,0.6561,0.975,1.486067,1d_transect,2026-03-31 02:00:00-07:00,0.9749680757522584,0.837489792359482,11.111110669595242,197.2799224853516,0.4662334759533956,16.666667039195705,215.76173400878903,,,,cdip,2026-03-25 20:06:18,0.0
16,2026-03-31 05:00:00-07:00,0.4449,14.29,245.3,False,0.578,11.11,292.9,False,0.698,8.33,295.7,False,0.5419,1.0096,1.863042,1d_transect,2026-03-31 05:00:00-07:00,1.009577393531799,0.8579400466816894,11.111110669595242,195.1991729736328,0.5023500063912303,15.384615948919734,215.2940368652344,,,,cdip,2026-03-25 20:06:18,0.0
16,2026-03-31 08:00:00-07:00,0.4392,14.29,246.6,False,0.5254,11.11,295.5,False,0.7636,8.33,294.6,False,0.5718,1.0257,1.793971,1d_transect,2026-03-31 08:00:00-07:00,1.02572762966156,0.8753045786868349,11.111110669595242,195.08355712890625,0.5103359827466275,15.384615948919734,216.0619201660156,,,,cdip,2026-03-25 20:06:18,0.0
16,2026-03-31 11:00:00-07:00,0.5098,14.29,242.4,False,0.6425,11.11,291.3,False,0.6228,8.33,295.3,False,0.5507,1.0299,1.870046,1d_transect,2026-03-31 11:00:00-07:00,1.0298808813095093,0.7934989595168095,11.111110669595242,194.7733612060547,0.5529006500890264,15.384615948919734,216.3765411376953,0.3143182202656653,7.692307974459867,230.63710021972656,cdip,2026-03-25 20:06:18,0.0
16,2026-03-31 14:00:00-07:00,0.5215,14.29,245.5,False,0.6094,11.11,303.6,False,0.7258,7.69,278.5,False,0.578,1.0817,1.871496,1d_transect,2026-03-31 14:00:00-07:00,1.08168363571167,0.8024596340717025,11.111110669595242,194.6527099609375,0.5674071899910236,15.384615948919734,217.33583068847656,0.3690884867566498,7.692307974459867,230.1964263916016,cdip,2026-03-25 20:06:18,0.0
17,2026-03-25 02:00:00-07:00,0.7064,15.38,260.5,False,0.5495,11.11,306.4,False,0.0758,3.85,332.6,True,0.7104,0.8982,1.264308,1d_transect,2026-03-25 02:00:00-07:00,0.8981868624687195,0.7911623387969794,18.181818280338256,207.6686248779297,0.4169164727115919,12.50000027939678,202.17074584960935,,,,cdip,2026-03-25 20:06:18,0.0
17,2026-03-25 05:00:00-07:00,0.7442,15.38,254.7,False,0.4899,11.11,306.8,False,0.1293,3.85,318.5,True,0.7423,0.9003,1.212838,1d_transect,2026-03-25 05:00:00-07:00,0.9002918004989624,0.8011366636337797,18.181818280338256,207.1190948486328,0.4022174831972036,12.50000027939678,202.86607360839844,,,,cdip,2026-03-25 20:06:18,0.0
17,2026-03-25 08:00:00-07:00,0.8834,11.11,305.6,False,0.1773,4.17,326.3,True,,,,,0.4194,0.901,2.148511,1d_transect,2026-03-25 08:00:00-07:00,0.9010168313980104,0.804740126156746,18.181818280338256,206.5704040527344,0.3959619194015548,12.50000027939678,204.17100524902344,,,,cdip,2026-03-25 20:06:18,0.0
17,2026-03-25 11:00:00-07:00,0.8164,11.11,304.8,False,0.157,4.76,322.7,True,,,,,0.5272,0.8313,1.576899,1d_transect,2026-03-25 11:00:00-07:00,0.8313318490982056,0.8268490603218909,16.666667039195705,208.03878784179688,,,,,,,cdip,2026-03-25 20:06:18,0.0
17,2026-03-25 14:00:00-07:00,0.8384,11.11,296.8,False,0.1305,4.76,331.5,True,,,,,0.6749,0.8485,1.257246,1d_transect,2026-03-25 14:00:00-07:00,0.848486065864563,0.8365424227880531,16.666667039195705,207.781005859375,0.0920377814524538,5.882352879303138,252.44085693359372,,,,cdip,2026-03-25 20:06:18,0.0
17,2026-03-25 17:00:00-07:00,0.8626,11.11,294.4,False,0.1229,5.0,327.0,True,,,,,0.8843,0.8714,0.985316,1d_transect,2026-03-25 17:00:00-07:00,0.8713513016700745,0.851409018844419,16.666667039195705,207.38291931152344,0.1503734362909418,5.882352879303138,252.1000518798828,,,,cdip,2026-03-25 20:06:18,0.0
17,2026-03-25 20:00:00-07:00,0.8844,11.11,294.2,False,0.1289,5.26,329.5,True,,,,,0.9772,0.8938,0.914612,1d_transect,2026-03-25 20:00:00-07:00,0.8937610387802124,0.881173876201888,16.666667039195705,207.04156494140625,,,,,,,cdip,2026-03-25 20:06:18,0.0
17,2026-03-25 23:00:00-07:00,0.7031,11.11,300.3,False,0.3322,6.67,319.1,False,,,,,0.8186,0.7776,0.949853,1d_transect,2026-03-25 23:00:00-07:00,0.7775925397872925,0.6913568436160262,16.666667039195705,206.5927276611328,0.315129953858559,8.333333519597852,236.55062866210935,0.1512092011214228,4.761904910578484,264.18798828125,cdip,2026-03-25 20:06:18,0.0
17,2026-03-26 02:00:00-07:00,0.8627,8.33,312.0,False,,,,,,,,,0.8188,0.8627,1.053601,1d_transect,2026-03-26 02:00:00-07:00,0.8627260327339172,0.7030075325517752,16.666667039195705,205.854248046875,0.4028179279707342,8.333333519597852,239.2901306152344,0.2818128286841951,4.761904910578484,266.3125915527344,cdip,2026-03-25 20:06:18,0.0
17,2026-03-26 05:00:00-07:00,0.9141,9.09,310.8,False,,,,,,,,,1.0044,0.9141,0.910089,1d_transect,2026-03-26 05:00:00-07:00,0.9141343832015992,0.5948322857081496,16.666667039195705,205.44729614257807,0.3253171143431845,11.764705758606276,222.2775421142578,0.4390942920179059,9.090909140169128,236.61099243164065,cdip,2026-03-25 20:06:18,0.0
17,2026-03-26 08:00:00-07:00,0.8459,9.87,308.3,False,,,,,,,,,1.3676,0.8459,0.618505,1d_transect,2026-03-26 08:00:00-07:00,0.8458554744720459,0.5171510582416128,15.384615948919734,206.5219573974609,0.4788795676551314,11.764705758606276,225.10324096679688,0.2599493372975617,4.761904910578484,264.7928466796875,cdip,2026-03-25 20:06:18,0.0
17,2026-03-26 11:00:00-07:00,0.83,9.87,311.7,False,,,,,,,,,1.016,0.83,0.816932,1d_transect,2026-03-26 11:00:00-07:00,0.8300327062606812,0.6776298993148949,15.384615948919734,205.8099822998047,0.284813478280266,4.761904910578484,264.1651306152344,,,,cdip,2026-03-25 20:06:18,0.0
17,2026-03-26 14:00:00-07:00,0.7809,9.87,306.6,False,,,,,,,,,1.2612,0.7809,0.619183,1d_transect,2026-03-26 14:00:00-07:00,0.7808956503868103,0.6453901611603572,15.384615948919734,205.34884643554688,0.2638177466596076,4.761904910578484,263.7425537109375,,,,cdip,2026-03-25 20:06:18,0.0
17,2026-03-26 17:00:00-07:00,0.7461,9.87,311.3,False,,,,,,,,,0.9056,0.7461,0.823842,1d_transect,2026-03-26 17:00:00-07:00,0.7460615634918213,0.6087800762206317,15.384615948919734,204.92984008789065,0.2691631519547092,4.761904910578484,264.44244384765625,,,,cdip,2026-03-25 20:06:18,0.0
17,2026-03-26 20:00:00-07:00,0.7174,9.87,310.3,False,,,,,,,,,0.8536,0.7174,0.840384,1d_transect,2026-03-26 20:00:00-07:00,0.717357337474823,0.580483532236919,15.384615948919734,204.53656005859372,0.2538082210442368,4.761904910578484,265.0289611816406,,,,cdip,2026-03-25 20:06:18,0.0
17,2026-03-26 23:00:00-07:00,0.69,9.87,312.6,False,,,,,,,,,0.7954,0.69,0.867413,1d_transect,2026-03-26 23:00:00-07:00,0.6899557709693909,0.5592415592743389,15.384615948919734,204.16490173339844,0.3985389927916415,4.761904910578484,264.83355712890625,,,,cdip,2026-03-25 20:06:18,0.0
17,2026-03-27 02:00:00-07:00,0.6695,9.87,313.6,False,,,,,,,,,0.7543,0.6695,0.887479,1d_transect,2026-03-27 02:00:00-07:00,0.6694667339324951,0.5498836678034423,15.384615948919734,203.9649353027344,0.3766408924130318,4.761904910578484,264.6054382324219,,,,cdip,2026-03-25 20:06:18,0.0
17,2026-03-27 05:00:00-07:00,0.6536,10.53,314.7,False,,,,,,,,,0.8155,0.6536,0.801481,1d_transect,2026-03-27 05:00:00-07:00,0.6536460518836975,0.5433061106111242,14.28571422489322,205.584228515625,0.3583935710358844,4.761904910578484,264.5928649902344,,,,cdip,2026-03-25 20:06:18,0.0
17,2026-03-27 08:00:00-07:00,0.6049,10.53,313.7,False,,,,,,,,,0.7861,0.6049,0.769476,1d_transect,2026-03-27 08:00:00-07:00,0.6048939228057861,0.5072038560688564,14.28571422489322,205.57867431640625,0.325013542046947,4.761904910578484,264.3924560546875,,,,cdip,2026-03-25 20:06:18,0.0
17,2026-03-27 11:00:00-07:00,0.5917,10.53,314.8,False,,,,,,,,,0.7446,0.5917,0.794698,1d_transect,2026-03-27 11:00:00-07:00,0.5917444825172424,0.4997182944538013,14.28571422489322,205.28225708007807,0.3124256507083632,4.761904910578484,264.1891784667969,,,,cdip,2026-03-25 20:06:18,0.0
17,2026-03-27 14:00:00-07:00,0.5879,10.53,308.6,False,,,,,,,,,0.9083,0.5879,0.647222,1d_transect,2026-03-27 14:00:00-07:00,0.5878945589065552,0.5018298640660297,14.28571422489322,204.62579345703125,0.3016986143421695,4.761904910578484,263.9721069335937,,,,cdip,2026-03-25 20:06:18,0.0
17,2026-03-27 17:00:00-07:00,0.6808,10.53,311.1,False,,,,,,,,,0.6864,0.6808,0.991794,1d_transect,2026-03-27 17:00:00-07:00,0.680806577205658,0.5884931087290721,16.666667039195705,203.23350524902344,0.336869071593763,4.761904910578484,263.6718139648437,,,,cdip,2026-03-25 20:06:18,0.0
17,2026-03-27 20:00:00-07:00,0.7253,9.87,312.3,False,,,,,,,,,0.611,0.7253,1.187217,1d_transect,2026-03-27 20:00:00-07:00,0.7253460884094238,0.6294340410901003,16.666667039195705,205.44796752929688,0.3548251773332151,4.761904910578484,264.4243469238281,,,,cdip,2026-03-25 20:06:18,0.0
17,2026-03-27 23:00:00-07:00,0.7489,9.87,313.4,False,,,,,,,,,0.6001,0.7489,1.248012,1d_transect,2026-03-27 23:00:00-07:00,0.7488750219345093,0.6601810605122326,16.666667039195705,207.4105987548828,0.3475678502315937,4.761904910578484,264.5652770996094,,,,cdip,2026-03-25 20:06:18,0.0
17,2026-03-28 02:00:00-07:00,0.7064,9.87,313.0,False,,,,,,,,,0.5939,0.7064,1.189344,1d_transect,2026-03-28 02:00:00-07:00,0.706369936466217,0.6263840842774236,15.384615948919734,204.57672119140625,0.3210017478962671,4.761904910578484,264.78326416015625,,,,cdip,2026-03-25 20:06:18,0.0
17,2026-03-28 05:00:00-07:00,0.7184,10.53,312.3,False,,,,,,,,,0.6593,0.7184,1.08962,1d_transect,2026-03-28 05:00:00-07:00,0.7184094190597534,0.6464249037530105,15.384615948919734,205.13638305664065,0.3076353062283097,4.761904910578484,264.8072509765625,,,,cdip,2026-03-25 20:06:18,0.0
17,2026-03-28 08:00:00-07:00,0.7319,10.53,311.3,False,,,,,,,,,0.6723,0.7319,1.088717,1d_transect,2026-03-28 08:00:00-07:00,0.7319387197494507,0.6614447720582618,15.384615948919734,205.6753845214844,0.3073026747399302,4.761904910578484,265.2831115722656,,,,cdip,2026-03-25 20:06:18,0.0
17,2026-03-28 11:00:00-07:00,0.4693,14.29,265.8,False,0.5777,11.11,312.3,False,,,,,0.9944,0.7443,0.748468,1d_transect,2026-03-28 11:00:00-07:00,0.7442757487297058,0.6795870399296327,15.384615948919734,206.02615356445312,0.2967670053474009,4.761904910578484,265.68756103515625,,,,cdip,2026-03-25 20:06:18,0.0
17,2026-03-28 14:00:00-07:00,0.4461,14.29,256.8,False,0.6055,11.11,308.0,False,,,,,1.1819,0.7521,0.636348,1d_transect,2026-03-28 14:00:00-07:00,0.752128541469574,0.6918543884310898,15.384615948919734,206.0988006591797,0.2877808127983798,4.761904910578484,266.0526428222656,,,,cdip,2026-03-25 20:06:18,0.0
17,2026-03-28 17:00:00-07:00,0.7908,11.11,309.0,False,,,,,,,,,0.9421,0.7908,0.839442,1d_transect,2026-03-28 17:00:00-07:00,0.7908408045768738,0.7352076870371815,15.384615948919734,205.93495178222656,0.2832433915214181,4.761904910578484,266.5642395019531,,,,cdip,2026-03-25 20:06:18,0.0
17,2026-03-28 20:00:00-07:00,0.4937,13.33,264.5,False,0.5343,11.11,307.9,False,,,,,1.2013,0.7275,0.60559,1d_transect,2026-03-28 20:00:00-07:00,0.7275192141532898,0.6807051290428071,14.28571422489322,203.3792266845703,0.2488848428269114,4.761904910578484,267.2147216796875,,,,cdip,2026-03-25 20:06:18,0.0
17,2026-03-28 23:00:00-07:00,0.5435,13.33,264.2,False,0.397,10.53,311.3,False,,,,,0.9953,0.6731,0.676242,1d_transect,2026-03-28 23:00:00-07:00,0.6730709075927734,0.629581904310257,13.33333280351429,201.86019897460935,0.0821323064539692,19.99999970197678,208.9436187744141,0.2155909120374891,4.545454570084564,266.9066467285156,cdip,2026-03-25 20:06:18,0.0
17,2026-03-29 02:00:00-07:00,0.5017,13.33,258.4,False,0.4311,10.53,306.1,False,,,,,1.0923,0.6615,0.6056,1d_transect,2026-03-29 02:00:00-07:00,0.661472737789154,0.6208145105306322,13.33333280351429,202.18701171875,0.0883953771703684,19.99999970197678,208.71304321289065,0.2024450691952927,4.545454570084564,267.3524169921875,cdip,2026-03-25 20:06:18,0.0
17,2026-03-29 05:00:00-07:00,0.5118,13.33,260.0,False,0.3998,9.87,307.9,False,,,,,1.0341,0.6495,0.628058,1d_transect,2026-03-29 05:00:00-07:00,0.649452805519104,0.6117682249761843,13.33333280351429,202.4473114013672,0.0914242830537308,19.99999970197678,208.53076171875,0.1893186260351121,4.545454570084564,267.80096435546875,cdip,2026-03-25 20:06:18,0.0
17,2026-03-29 08:00:00-07:00,0.5251,13.33,260.6,False,0.3599,9.87,306.2,False,,,,,1.0908,0.6366,0.58357,1d_transect,2026-03-29 08:00:00-07:00,0.6365600228309631,0.6090564982025707,13.33333280351429,202.6007537841797,0.1757031756946869,4.166666759798926,266.3669128417969,,,,cdip,2026-03-25 20:06:18,0.0
17,2026-03-29 11:00:00-07:00,0.52,13.33,260.8,False,0.338,9.87,307.2,False,,,,,1.0606,0.6202,0.58474,1d_transect,2026-03-29 11:00:00-07:00,0.6201855540275574,0.5809849999931006,13.33333280351429,202.8053131103516,0.1329071856532701,18.181818280338256,209.18414306640625,0.1616539969471552,4.166666759798926,266.9982604980469,cdip,2026-03-25 20:06:18,0.0
17,2026-03-29 14:00:00-07:00,0.5071,13.33,265.3,False,0.3266,9.87,306.3,False,,,,,0.9815,0.6032,0.614568,1d_transect,2026-03-29 14:00:00-07:00,0.6031690239906311,0.5640843086621913,13.33333280351429,203.13082885742188,0.1438020789901498,18.181818280338256,208.9522399902344,0.1474404446305565,4.166666759798926,267.6137390136719,cdip,2026-03-25 20:06:18,0.0
17,2026-03-29 17:00:00-07:00,0.5018,13.33,266.3,False,0.3063,9.87,306.8,False,,,,,0.9545,0.5878,0.615895,1d_transect,2026-03-29 17:00:00-07:00,0.5878441333770752,0.5486267187799643,13.33333280351429,203.6699981689453,0.1534805064961368,18.181818280338256,208.81085205078125,,,,cdip,2026-03-25 20:06:18,0.0
17,2026-03-29 20:00:00-07:00,0.513,13.33,264.5,False,0.2562,9.09,305.8,False,,,,,1.0549,0.5734,0.543581,1d_transect,2026-03-29 20:00:00-07:00,0.5734122395515442,0.5340688987504415,13.33333280351429,204.06224060058597,0.1597142753636979,18.181818280338256,208.9375762939453,,,,cdip,2026-03-25 20:06:18,0.0
17,2026-03-29 23:00:00-07:00,0.4994,12.5,268.4,False,0.2468,9.09,306.8,False,0.0461,3.7,319.0,True,0.9393,0.559,0.595093,1d_transect,2026-03-29 23:00:00-07:00,0.5589779615402222,0.5195215412213339,13.33333280351429,204.08078002929688,0.1635557332721665,18.181818280338256,209.0881500244141,,,,cdip,2026-03-25 20:06:18,0.0
17,2026-03-30 02:00:00-07:00,0.4919,12.5,264.4,False,0.2404,9.09,308.0,False,,,,,0.9648,0.5475,0.567477,1d_transect,2026-03-30 02:00:00-07:00,0.5474991202354431,0.508956117220452,13.33333280351429,203.63296508789065,0.1639656898958739,18.181818280338256,209.1307373046875,,,,cdip,2026-03-25 20:06:18,0.0
17,2026-03-30 05:00:00-07:00,0.4649,12.5,266.0,False,0.2192,9.09,309.2,False,,,,,0.9556,0.514,0.537853,1d_transect,2026-03-30 05:00:00-07:00,0.5139826536178589,0.4610117178728499,12.50000027939678,200.7719268798828,0.2019857135404071,18.181818280338256,208.9868927001953,,,,cdip,2026-03-25 20:06:18,0.0
17,2026-03-30 08:00:00-07:00,0.482,12.5,266.2,False,0.1462,9.09,308.0,False,0.0714,5.88,316.2,True,0.8801,0.5087,0.578034,1d_transect,2026-03-30 08:00:00-07:00,0.5087051391601562,0.4517409266776754,12.50000027939678,200.66612243652344,0.2141235088903143,16.666667039195705,208.76840209960935,,,,cdip,2026-03-25 20:06:18,0.0
17,2026-03-30 11:00:00-07:00,0.4813,12.5,267.3,False,0.1331,9.09,309.2,False,0.0844,5.56,314.6,True,0.906,0.5065,0.559034,1d_transect,2026-03-30 11:00:00-07:00,0.5064870119094849,0.4433303160838204,12.50000027939678,200.1661529541016,0.2288024072960011,16.666667039195705,208.88873291015625,,,,cdip,2026-03-25 20:06:18,0.0
17,2026-03-30 14:00:00-07:00,0.623,12.5,268.9,False,0.1687,9.09,307.9,False,0.0705,5.56,315.6,True,0.8599,0.6493,0.755043,1d_transect,2026-03-30 14:00:00-07:00,0.649284839630127,0.3479100771645037,16.666667039195705,209.0283966064453,0.3403117633308861,12.50000027939678,199.5337829589844,,,,cdip,2026-03-25 20:06:18,0.0
17,2026-03-30 17:00:00-07:00,0.308,15.38,232.6,False,0.5188,11.76,275.9,False,0.2519,9.09,309.4,False,0.7587,0.6538,0.861681,1d_transect,2026-03-30 17:00:00-07:00,0.6537825465202332,0.3625756828770867,16.666667039195705,209.1225433349609,0.3251841839698851,12.50000027939678,198.9119873046875,,,,cdip,2026-03-25 20:06:18,0.0
17,2026-03-30 20:00:00-07:00,0.3987,15.38,233.8,False,0.4549,11.11,286.5,False,0.2668,8.33,308.7,False,0.63,0.6612,1.049497,1d_transect,2026-03-30 20:00:00-07:00,0.6611507534980774,0.4038837673099941,16.666667039195705,209.1454315185547,0.2714990753460878,11.111110669595242,188.85797119140625,,,,cdip,2026-03-25 20:06:18,0.0
17,2026-03-30 23:00:00-07:00,0.4325,15.38,235.4,False,0.4455,11.11,288.1,False,0.2561,8.33,308.9,False,0.6106,0.6717,1.100036,1d_transect,2026-03-30 23:00:00-07:00,0.6716854572296143,0.4136412420352158,16.666667039195705,209.17984008789065,0.4520641983892668,11.111110669595242,187.5548095703125,0.2579757456841908,12.50000027939678,198.0674285888672,cdip,2026-03-25 20:06:18,0.0
17,2026-03-31 02:00:00-07:00,0.4879,15.38,242.8,False,0.3675,11.11,287.6,False,0.2945,8.33,300.5,False,0.6603,0.6781,1.026966,1d_transect,2026-03-31 02:00:00-07:00,0.6780869960784912,0.421793088542403,16.666667039195705,209.4620361328125,0.4590143344990781,11.111110669595242,186.93333435058597,0.2490490910004797,12.50000027939678,197.80499267578125,cdip,2026-03-25 20:06:18,0.0
17,2026-03-31 05:00:00-07:00,0.5269,14.29,245.3,False,0.2879,11.11,292.9,False,0.2536,8.33,295.7,False,0.6344,0.6518,1.02739,1d_transect,2026-03-31 05:00:00-07:00,0.6517720222473145,0.4054980558288216,15.384615948919734,209.2481689453125,0.5014938558285038,11.111110669595242,185.54258728027344,,,,cdip,2026-03-25 20:06:18,0.0
17,2026-03-31 08:00:00-07:00,0.5242,14.29,246.6,False,0.227,11.11,295.5,False,0.3294,8.33,294.6,False,0.6613,0.6594,0.997217,1d_transect,2026-03-31 08:00:00-07:00,0.6594155430793762,0.4071887548806314,15.384615948919734,209.49220275878903,0.5100255491008113,11.111110669595242,185.4717712402344,,,,cdip,2026-03-25 20:06:18,0.0
17,2026-03-31 11:00:00-07:00,0.5663,14.29,242.4,False,0.2923,11.11,291.3,False,0.2066,8.33,295.3,False,0.7115,0.67,0.941608,1d_transect,2026-03-31 11:00:00-07:00,0.6699749827384949,0.4295482986960664,15.384615948919734,209.5421142578125,0.5045674122208863,11.111110669595242,185.1641998291016,,,,cdip,2026-03-25 20:06:18,0.0
17,2026-03-31 14:00:00-07:00,0.5432,14.29,245.5,False,0.1986,11.11,303.6,False,0.3919,7.69,278.5,False,0.7695,0.6986,0.907843,1d_transect,2026-03-31 14:00:00-07:00,0.6986212134361267,0.436685042131806,15.384615948919734,209.8665008544922,0.4775546772279607,11.111110669595242,185.10130310058597,0.2083880787189369,7.692307974459867,218.1801605224609,cdip,2026-03-25 20:06:18,0.0
18,2026-03-25 02:00:00-07:00,0.9995,15.38,260.5,False,0.8457,11.11,306.4,False,0.0976,3.85,332.6,True,0.807,1.3129,1.626913,1d_transect,2026-03-25 02:00:00-07:00,1.312914252281189,1.238183478965832,18.181818280338256,206.66522216796875,0.4232308232486874,11.111110669595242,205.35092163085935,,,,cdip,2026-03-25 20:06:18,0.0
18,2026-03-25 05:00:00-07:00,1.0417,15.38,254.7,False,0.7605,11.11,306.8,False,0.1956,3.85,318.5,True,0.8287,1.3045,1.574191,1d_transect,2026-03-25 05:00:00-07:00,1.3045353889465332,1.2344666621508558,18.181818280338256,206.6401214599609,0.4090468061425285,11.111110669595242,204.0135803222656,,,,cdip,2026-03-25 20:06:18,0.0
18,2026-03-25 08:00:00-07:00,1.1439,11.11,305.6,False,0.1919,4.17,326.3,True,,,,,0.4987,1.1598,2.325934,1d_transect,2026-03-25 08:00:00-07:00,1.159848928451538,1.094922697041989,16.666667039195705,207.15216064453125,0.3707284658649767,11.111110669595242,203.8433074951172,,,,cdip,2026-03-25 20:06:18,0.0
18,2026-03-25 11:00:00-07:00,1.1365,11.11,304.8,False,0.2174,4.76,322.7,True,,,,,0.6222,1.1571,1.859755,1d_transect,2026-03-25 11:00:00-07:00,1.157060146331787,1.0886594462099566,16.666667039195705,206.96046447753903,0.3790648059754828,11.111110669595242,204.8422088623047,,,,cdip,2026-03-25 20:06:18,0.0
18,2026-03-25 14:00:00-07:00,1.1515,11.11,296.8,False,0.1546,4.76,331.5,True,,,,,0.7801,1.1618,1.489284,1d_transect,2026-03-25 14:00:00-07:00,1.1618475914001465,1.0830186767604286,16.666667039195705,206.9580993652344,0.3959939470582352,11.111110669595242,206.49986267089844,,,,cdip,2026-03-25 20:06:18,0.0
18,2026-03-25 17:00:00-07:00,1.151,11.11,294.4,False,0.1436,5.0,327.0,True,,,,,1.0074,1.1599,1.15137,1d_transect,2026-03-25 17:00:00-07:00,1.1599186658859253,1.0642057793675197,16.666667039195705,207.158935546875,0.4242262319537984,11.111110669595242,209.09457397460935,,,,cdip,2026-03-25 20:06:18,0.0
18,2026-03-25 20:00:00-07:00,1.1597,11.11,294.2,False,0.148,5.26,329.5,True,,,,,1.1131,1.1691,1.050316,1d_transect,2026-03-25 20:00:00-07:00,1.169105052947998,1.0527799097430288,16.666667039195705,207.47950744628903,0.4792117349968146,11.111110669595242,212.600830078125,,,,cdip,2026-03-25 20:06:18,0.0
18,2026-03-25 23:00:00-07:00,0.8941,11.11,300.3,False,0.4181,6.67,319.1,False,,,,,0.9645,0.987,1.023352,1d_transect,2026-03-25 23:00:00-07:00,0.987019181251526,0.8166312429121453,16.666667039195705,207.66293334960935,,,,,,,cdip,2026-03-25 20:06:18,0.0
18,2026-03-26 02:00:00-07:00,1.0684,8.33,312.0,False,,,,,,,,,0.9553,1.0684,1.118392,1d_transect,2026-03-26 02:00:00-07:00,1.0683865547180176,0.7784952477117502,16.666667039195705,207.7291717529297,0.6623468191489496,9.871668200422231,232.6106414794922,0.2731710554648864,4.761904910578484,258.57550048828125,cdip,2026-03-25 20:06:18,0.0
18,2026-03-26 05:00:00-07:00,1.0551,9.09,310.8,False,,,,,,,,,1.1827,1.0551,0.892088,1d_transect,2026-03-26 05:00:00-07:00,1.0551055669784546,0.6776911653663604,15.384615948919734,208.09442138671875,0.701682572554083,9.871668200422231,235.25808715820312,0.3649383894468517,4.761904910578484,259.33221435546875,cdip,2026-03-25 20:06:18,0.0
18,2026-03-26 08:00:00-07:00,1.0615,9.87,308.3,False,,,,,,,,,1.598,1.0615,0.66426,1d_transect,2026-03-26 08:00:00-07:00,1.061476469039917,0.6391805978554764,15.384615948919734,207.8219146728516,0.6988654847449808,9.871668200422231,235.84942626953125,0.4478495544010663,4.761904910578484,258.7498779296875,cdip,2026-03-25 20:06:18,0.0
18,2026-03-26 11:00:00-07:00,1.0467,9.87,311.7,False,,,,,,,,,1.1964,1.0467,0.874876,1d_transect,2026-03-26 11:00:00-07:00,1.04668927192688,0.6216565162826746,15.384615948919734,207.6730194091797,0.680762335809927,9.871668200422231,236.13864135742188,0.4674289625381957,4.761904910578484,257.90447998046875,cdip,2026-03-25 20:06:18,0.0
18,2026-03-26 14:00:00-07:00,0.9815,9.87,306.6,False,,,,,,,,,1.4736,0.9815,0.666066,1d_transect,2026-03-26 14:00:00-07:00,0.981545090675354,0.5939344854665697,15.384615948919734,207.6679229736328,0.6359529897134985,9.871668200422231,236.1236572265625,0.2424968158695418,4.761904910578484,257.0985717773437,cdip,2026-03-25 20:06:18,0.0
18,2026-03-26 17:00:00-07:00,0.8662,9.87,311.3,False,,,,,,,,,1.0663,0.8662,0.812282,1d_transect,2026-03-26 17:00:00-07:00,0.8661633133888245,0.5313016137639335,14.28571422489322,208.93251037597656,0.4668407545811082,9.871668200422231,235.91925048828125,0.2978502252942741,11.764705758606276,225.83706665039065,cdip,2026-03-25 20:06:18,0.0
18,2026-03-26 20:00:00-07:00,0.8173,9.87,310.3,False,,,,,,,,,1.0051,0.8173,0.813125,1d_transect,2026-03-26 20:00:00-07:00,0.8172921538352966,0.5022788191656423,14.28571422489322,208.72360229492188,0.2835414929663303,11.764705758606276,224.46766662597656,0.4254983457454648,4.761904910578484,259.4387512207031,cdip,2026-03-25 20:06:18,0.0
18,2026-03-26 23:00:00-07:00,0.7707,9.87,312.6,False,,,,,,,,,0.9366,0.7707,0.822916,1d_transect,2026-03-26 23:00:00-07:00,0.7707496285438538,0.6709355893968422,14.28571422489322,208.68460083007807,0.3656029978115478,4.761904910578484,259.6361389160156,,,,cdip,2026-03-25 20:06:18,0.0
18,2026-03-27 02:00:00-07:00,0.697,9.87,313.6,False,,,,,,,,,0.8882,0.697,0.784641,1d_transect,2026-03-27 02:00:00-07:00,0.6969536542892456,0.6084821373681114,13.33333280351429,209.94664001464844,0.3279727646694953,4.761904910578484,259.6057434082031,,,,cdip,2026-03-25 20:06:18,0.0
18,2026-03-27 05:00:00-07:00,0.722,10.53,314.7,False,,,,,,,,,0.9723,0.722,0.742622,1d_transect,2026-03-27 05:00:00-07:00,0.722042977809906,0.6330594561931784,13.33333280351429,210.35598754882807,0.3352787263375876,4.761904910578484,260.0836181640625,,,,cdip,2026-03-25 20:06:18,0.0
18,2026-03-27 08:00:00-07:00,0.6671,10.53,313.7,False,,,,,,,,,0.9372,0.6671,0.711807,1d_transect,2026-03-27 08:00:00-07:00,0.6671023964881897,0.5857273874249783,13.33333280351429,210.6194305419922,0.3085980377421648,4.761904910578484,260.415283203125,,,,cdip,2026-03-25 20:06:18,0.0
18,2026-03-27 11:00:00-07:00,0.6487,10.53,314.8,False,,,,,,,,,0.8877,0.6487,0.730697,1d_transect,2026-03-27 11:00:00-07:00,0.648656964302063,0.4013771944716953,13.33333280351429,210.77243041992188,0.4039916056032087,11.764705758606276,221.72817993164065,0.3003398179474426,4.761904910578484,260.53564453125,cdip,2026-03-25 20:06:18,0.0
18,2026-03-27 14:00:00-07:00,0.6353,10.53,308.6,False,,,,,,,,,1.0745,0.6353,0.591247,1d_transect,2026-03-27 14:00:00-07:00,0.6353117227554321,0.396142308702316,13.33333280351429,210.69418334960935,0.3938711424493264,11.111110669595242,223.417724609375,0.292417298748812,4.761904910578484,260.5421142578125,cdip,2026-03-25 20:06:18,0.0
18,2026-03-27 17:00:00-07:00,0.6294,10.53,311.1,False,,,,,,,,,0.8184,0.6294,0.76914,1d_transect,2026-03-27 17:00:00-07:00,0.6294388175010681,0.397959648665859,13.33333280351429,210.0087890625,0.3873328269004329,11.111110669595242,221.4654998779297,0.2858958285569521,4.761904910578484,260.4551696777344,cdip,2026-03-25 20:06:18,0.0
18,2026-03-27 20:00:00-07:00,0.6996,9.87,312.3,False,,,,,,,,,0.7194,0.6996,0.972497,1d_transect,2026-03-27 20:00:00-07:00,0.699625551700592,0.484507781900211,14.28571422489322,207.4655303955078,0.3854620598460162,11.111110669595242,219.39547729492188,0.3143366078630343,4.761904910578484,260.8785400390625,cdip,2026-03-25 20:06:18,0.0
18,2026-03-27 23:00:00-07:00,0.7661,9.87,313.4,False,,,,,,,,,0.7066,0.7661,1.084222,1d_transect,2026-03-27 23:00:00-07:00,0.7660741209983826,0.3809864584913257,15.384615948919734,209.64840698242188,0.3890125233990585,13.33333280351429,207.50721740722656,0.4134313172827415,11.111110669595242,218.2479553222656,cdip,2026-03-25 20:06:18,0.0
18,2026-03-28 02:00:00-07:00,0.7733,9.87,313.0,False,,,,,,,,,0.6993,0.7733,1.105733,1d_transect,2026-03-28 02:00:00-07:00,0.773280680179596,0.6977507112650624,15.384615948919734,210.55270385742188,0.3205874397272074,4.761904910578484,260.7403564453125,,,,cdip,2026-03-25 20:06:18,0.0
18,2026-03-28 05:00:00-07:00,0.7831,10.53,312.3,False,,,,,,,,,0.786,0.7831,0.996277,1d_transect,2026-03-28 05:00:00-07:00,0.7831098437309265,0.7110919845245786,15.384615948919734,211.06727600097656,0.3152320110765421,4.761904910578484,260.8222351074219,,,,cdip,2026-03-25 20:06:18,0.0
18,2026-03-28 08:00:00-07:00,0.7968,10.53,311.3,False,,,,,,,,,0.8015,0.7968,0.994165,1d_transect,2026-03-28 08:00:00-07:00,0.7968273162841797,0.7295781529374005,15.384615948919734,211.461181640625,0.3069805871132176,4.761904910578484,261.3070983886719,,,,cdip,2026-03-25 20:06:18,0.0
18,2026-03-28 11:00:00-07:00,0.4839,14.29,265.8,False,0.6466,11.11,312.3,False,,,,,1.1625,0.8076,0.69473,1d_transect,2026-03-28 11:00:00-07:00,0.8076262474060059,0.7427389389160944,15.384615948919734,211.6585235595703,0.3031122592404164,4.761904910578484,261.6430053710937,,,,cdip,2026-03-25 20:06:18,0.0
18,2026-03-28 14:00:00-07:00,0.4543,14.29,256.8,False,0.6741,11.11,308.0,False,,,,,1.3725,0.8129,0.592281,1d_transect,2026-03-28 14:00:00-07:00,0.812914252281189,0.7522776938768085,15.384615948919734,211.6704559326172,0.2932190607892521,4.545454570084564,261.3031616210937,,,,cdip,2026-03-25 20:06:18,0.0
18,2026-03-28 17:00:00-07:00,0.7963,11.11,309.0,False,,,,,,,,,1.1268,0.7963,0.706704,1d_transect,2026-03-28 17:00:00-07:00,0.7963215112686157,0.7418474407722138,14.28571422489322,209.7597503662109,0.2743064181526864,4.347826008084592,260.4786071777344,,,,cdip,2026-03-25 20:06:18,0.0
18,2026-03-28 20:00:00-07:00,0.5073,13.33,264.5,False,0.5929,11.11,307.9,False,,,,,1.3889,0.7803,0.561812,1d_transect,2026-03-28 20:00:00-07:00,0.7802894711494446,0.7192141385336122,14.28571422489322,210.09130859375,0.1373000980667326,19.99999970197678,206.2418670654297,0.2540549605082123,4.347826008084592,260.8995056152344,cdip,2026-03-25 20:06:18,0.0
18,2026-03-28 23:00:00-07:00,0.5666,13.33,264.2,False,0.4456,10.53,311.3,False,,,,,1.1323,0.7208,0.636589,1d_transect,2026-03-28 23:00:00-07:00,0.7208320498466492,0.6663124837910028,13.33333280351429,207.45953369140625,0.1449433656911817,19.99999970197678,206.3946075439453,0.2182153944588825,4.166666759798926,261.03631591796875,cdip,2026-03-25 20:06:18,0.0
18,2026-03-29 02:00:00-07:00,0.5213,13.33,258.4,False,0.4819,10.53,306.1,False,,,,,1.2404,0.7099,0.572342,1d_transect,2026-03-29 02:00:00-07:00,0.7099300026893616,0.6571210213169388,13.33333280351429,208.0233917236328,0.1559530713529066,19.99999970197678,206.3271484375,,,,cdip,2026-03-25 20:06:18,0.0
18,2026-03-29 05:00:00-07:00,0.5397,13.33,260.0,False,0.4482,9.87,307.9,False,,,,,1.1644,0.7015,0.602458,1d_transect,2026-03-29 05:00:00-07:00,0.7015147805213928,0.6380409385168051,13.33333280351429,208.5243377685547,0.2073408031668757,19.99999970197678,206.48583984375,,,,cdip,2026-03-25 20:06:18,0.0
18,2026-03-29 08:00:00-07:00,0.5622,13.33,260.6,False,0.4066,9.87,306.2,False,,,,,1.2297,0.6938,0.564243,1d_transect,2026-03-29 08:00:00-07:00,0.6938496828079224,0.6338340517860847,13.33333280351429,208.875,0.2072359712763851,18.181818280338256,206.7263336181641,,,,cdip,2026-03-25 20:06:18,0.0
18,2026-03-29 11:00:00-07:00,0.5717,13.33,260.8,False,0.392,9.87,307.2,False,,,,,1.1942,0.6932,0.580513,1d_transect,2026-03-29 11:00:00-07:00,0.6932432055473328,0.6279361676461807,13.33333280351429,209.33384704589844,0.2343356256453933,18.181818280338256,206.5472412109375,,,,cdip,2026-03-25 20:06:18,0.0
18,2026-03-29 14:00:00-07:00,0.5749,13.33,265.3,False,0.3887,9.87,306.3,False,,,,,1.1087,0.694,0.625901,1d_transect,2026-03-29 14:00:00-07:00,0.6939600110054016,0.6216461071930841,13.33333280351429,209.91995239257807,0.2619834845576713,18.181818280338256,206.58840942382807,,,,cdip,2026-03-25 20:06:18,0.0
18,2026-03-29 17:00:00-07:00,0.5853,13.33,266.3,False,0.375,9.87,306.8,False,,,,,1.0771,0.6951,0.645328,1d_transect,2026-03-29 17:00:00-07:00,0.6950690746307373,0.6179088924291809,13.33333280351429,210.66734313964844,0.2808789810558526,18.181818280338256,206.49501037597656,,,,cdip,2026-03-25 20:06:18,0.0
18,2026-03-29 20:00:00-07:00,0.8206,13.33,264.5,False,0.4324,9.09,305.8,False,,,,,1.1814,0.9275,0.785133,1d_transect,2026-03-29 20:00:00-07:00,0.9275445938110352,0.4386061044648622,18.181818280338256,206.1932830810547,0.7956849045278563,13.33333280351429,211.0292510986328,,,,cdip,2026-03-25 20:06:18,0.0
18,2026-03-29 23:00:00-07:00,0.8213,12.5,268.4,False,0.4257,9.09,306.8,False,0.0793,3.7,319.0,True,1.057,0.9285,0.878386,1d_transect,2026-03-29 23:00:00-07:00,0.9284903407096864,0.4562162199566665,18.181818280338256,205.83425903320312,0.5488545612592152,13.33333280351429,210.78607177734372,0.5670091181860498,11.111110669595242,192.7989959716797,cdip,2026-03-25 20:06:18,0.0
18,2026-03-30 02:00:00-07:00,0.8326,12.5,264.4,False,0.4283,9.09,308.0,False,,,,,1.0821,0.9363,0.865288,1d_transect,2026-03-30 02:00:00-07:00,0.936295747756958,0.4750594127090287,18.181818280338256,205.70355224609372,0.5895562897273623,11.111110669595242,191.9488983154297,0.5240913894141517,12.50000027939678,204.1380615234375,cdip,2026-03-25 20:06:18,0.0
18,2026-03-30 05:00:00-07:00,0.8551,12.5,266.0,False,0.4228,9.09,309.2,False,,,,,1.0744,0.9539,0.887871,1d_transect,2026-03-30 05:00:00-07:00,0.9538976550102234,0.4985327321124701,18.181818280338256,205.8613739013672,0.6177140108291511,11.111110669595242,190.7530975341797,0.5029880286124669,12.50000027939678,204.1978454589844,cdip,2026-03-25 20:06:18,0.0
18,2026-03-30 08:00:00-07:00,0.8422,12.5,266.2,False,0.2678,9.09,308.0,False,0.1305,5.88,316.2,True,0.9855,0.8934,0.90653,1d_transect,2026-03-30 08:00:00-07:00,0.8933765292167664,0.5124103611743668,16.666667039195705,205.9947967529297,0.5885347537538219,11.111110669595242,189.63934326171875,0.4106207081114138,12.50000027939678,203.79373168945312,cdip,2026-03-25 20:06:18,0.0
18,2026-03-30 11:00:00-07:00,0.8701,12.5,267.3,False,0.2523,9.09,309.2,False,0.1583,5.56,314.6,True,1.014,0.9197,0.906967,1d_transect,2026-03-30 11:00:00-07:00,0.9196815490722656,0.5470399659349903,16.666667039195705,205.5659942626953,0.6100992857279117,11.111110669595242,188.5231475830078,0.3938229724852561,12.50000027939678,202.8505706787109,cdip,2026-03-25 20:06:18,0.0
18,2026-03-30 14:00:00-07:00,0.9074,12.5,268.9,False,0.2576,9.09,307.9,False,0.1074,5.56,315.6,True,0.9619,0.9493,0.986937,1d_transect,2026-03-30 14:00:00-07:00,0.9493119716644288,0.5816753637065409,16.666667039195705,205.33489990234372,0.737944947458998,11.111110669595242,187.49159240722656,,,,cdip,2026-03-25 20:06:18,0.0
18,2026-03-30 17:00:00-07:00,0.7849,11.76,275.9,False,0.4282,15.38,232.6,False,0.3969,9.09,309.4,False,0.8419,0.9782,1.161918,1d_transect,2026-03-30 17:00:00-07:00,0.9782389998435974,0.6106508403136839,16.666667039195705,205.3343048095703,0.7523960613112667,11.111110669595242,186.48504638671875,,,,cdip,2026-03-25 20:06:18,0.0
18,2026-03-30 20:00:00-07:00,0.5668,15.38,233.8,False,0.7101,11.11,286.5,False,0.426,8.33,308.7,False,0.6935,1.0035,1.44699,1d_transect,2026-03-30 20:00:00-07:00,1.0034520626068115,0.6279928206064868,16.666667039195705,205.51097106933597,0.7707608971376284,11.111110669595242,185.3806610107422,,,,cdip,2026-03-25 20:06:18,0.0
18,2026-03-30 23:00:00-07:00,0.623,15.38,235.4,False,0.6973,11.11,288.1,False,0.41,8.33,308.9,False,0.6713,1.021,1.520834,1d_transect,2026-03-30 23:00:00-07:00,1.0210036039352417,0.6612157226624096,16.666667039195705,205.8088531494141,0.7656941814397346,11.111110669595242,184.2270965576172,,,,cdip,2026-03-25 20:06:18,0.0
18,2026-03-31 02:00:00-07:00,0.7128,15.38,242.8,False,0.5767,11.11,287.6,False,0.4697,8.33,300.5,False,0.7236,1.0302,1.423749,1d_transect,2026-03-31 02:00:00-07:00,1.0302008390426636,0.671854700812774,16.666667039195705,206.0343780517578,0.7686808983658184,11.111110669595242,183.675537109375,,,,cdip,2026-03-25 20:06:18,0.0
18,2026-03-31 05:00:00-07:00,0.7811,14.29,245.3,False,0.4561,11.11,292.9,False,0.4019,8.33,295.7,False,0.6945,0.9898,1.425227,1d_transect,2026-03-31 05:00:00-07:00,0.9897671937942504,0.6716794385558053,15.384615948919734,205.92279052734372,0.7159350150094508,11.111110669595242,182.54754638671875,,,,cdip,2026-03-25 20:06:18,0.0
18,2026-03-31 08:00:00-07:00,0.7765,14.29,246.6,False,0.3647,11.11,295.5,False,0.5181,8.33,294.6,False,0.7251,1.0022,1.382096,1d_transect,2026-03-31 08:00:00-07:00,1.0022010803222656,0.6738860691732557,15.384615948919734,206.05003356933597,0.7308522867516088,11.111110669595242,182.5342254638672,,,,cdip,2026-03-25 20:06:18,0.0
18,2026-03-31 11:00:00-07:00,0.8348,14.29,242.4,False,0.4667,11.11,291.3,False,0.33,8.33,295.3,False,0.7683,1.0117,1.316736,1d_transect,2026-03-31 11:00:00-07:00,1.0117032527923584,0.7145684649824725,15.384615948919734,206.2305450439453,0.7054548829521662,11.111110669595242,182.3121490478516,,,,cdip,2026-03-25 20:06:18,0.0
18,2026-03-31 14:00:00-07:00,0.7935,14.29,245.5,False,0.3204,11.11,303.6,False,0.5995,7.69,278.5,False,0.842,1.0448,1.240983,1d_transect,2026-03-31 14:00:00-07:00,1.0448460578918457,0.7185819602858634,15.384615948919734,206.4126892089844,0.676376740019751,11.111110669595242,182.3119354248047,,,,cdip,2026-03-25 20:06:18,0.0
19,2026-03-25 02:00:00-07:00,0.9893,15.38,260.5,False,0.4614,11.11,306.4,False,0.1925,3.85,332.6,True,0.3454,1.1085,3.20953,1d_transect,2026-03-25 02:00:00-07:00,1.1084684133529663,1.1052418961136867,16.666667039195705,207.54454040527344,,,,,,,cdip,2026-03-25 20:06:18,0.0
19,2026-03-25 05:00:00-07:00,1.3222,15.38,254.7,False,0.4845,11.11,306.8,False,0.2353,3.85,318.5,True,0.3937,1.4277,3.625987,1d_transect,2026-03-25 05:00:00-07:00,1.4277058839797974,1.4242013658364217,18.181818280338256,206.8733673095703,,,,,,,cdip,2026-03-25 20:06:18,0.0
19,2026-03-25 08:00:00-07:00,1.2431,11.11,305.6,False,0.754,4.17,326.3,True,,,,,0.1591,1.4539,9.139632,1d_transect,2026-03-25 08:00:00-07:00,1.4539470672607422,1.4504172537839397,18.181818280338256,206.6126708984375,,,,,,,cdip,2026-03-25 20:06:18,0.0
19,2026-03-25 11:00:00-07:00,1.2778,11.11,304.8,False,0.6413,4.76,322.7,True,,,,,0.1983,1.4297,7.209238,1d_transect,2026-03-25 11:00:00-07:00,1.4297075271606443,1.4258081409120391,18.181818280338256,206.69325256347656,,,,,,,cdip,2026-03-25 20:06:18,0.0
19,2026-03-25 14:00:00-07:00,1.3233,11.11,296.8,False,0.5783,4.76,331.5,True,,,,,0.2592,1.4441,5.572157,1d_transect,2026-03-25 14:00:00-07:00,1.44414222240448,1.4356377382276295,18.181818280338256,206.91233825683597,,,,,,,cdip,2026-03-25 20:06:18,0.0
19,2026-03-25 17:00:00-07:00,1.1689,11.11,294.4,False,0.4523,5.0,327.0,True,,,,,0.3456,1.2533,3.626717,1d_transect,2026-03-25 17:00:00-07:00,1.253345251083374,1.2418674291288223,16.666667039195705,207.65579223632807,,,,,,,cdip,2026-03-25 20:06:18,0.0
19,2026-03-25 20:00:00-07:00,1.22,11.11,294.2,False,0.483,5.26,329.5,True,,,,,0.3829,1.3121,3.427045,1d_transect,2026-03-25 20:00:00-07:00,1.3120766878128052,1.3028843258408112,16.666667039195705,207.34185791015625,,,,,,,cdip,2026-03-25 20:06:18,0.0
19,2026-03-25 23:00:00-07:00,0.5203,11.11,300.3,False,0.4093,6.67,319.1,False,,,,,0.3224,0.662,2.053101,1d_transect,2026-03-25 23:00:00-07:00,0.6620053052902222,0.6172863052045284,16.666667039195705,207.2852020263672,0.2193152483005895,7.692307974459867,246.00149536132807,,,,cdip,2026-03-25 20:06:18,0.0
19,2026-03-26 02:00:00-07:00,0.7441,8.33,312.0,False,,,,,,,,,0.2961,0.7441,2.513201,1d_transect,2026-03-26 02:00:00-07:00,0.7441384792327881,0.6216205572812931,16.666667039195705,207.27085876464844,0.215985306694712,10.526315921561542,230.6878204345703,0.3033879393006223,7.692307974459867,246.48040771484372,cdip,2026-03-25 20:06:18,0.0
19,2026-03-26 05:00:00-07:00,0.6506,9.09,310.8,False,,,,,,,,,0.3458,0.6506,1.881419,1d_transect,2026-03-26 05:00:00-07:00,0.6505937576293945,0.4683328339110537,15.384615948919734,208.35379028320312,0.2858297486302342,11.111110669595242,231.92367553710935,0.2702455053199458,8.333333519597852,243.13607788085935,cdip,2026-03-25 20:06:18,0.0
19,2026-03-26 08:00:00-07:00,0.6278,9.87,308.3,False,,,,,,,,,0.3575,0.6278,1.755881,1d_transect,2026-03-26 08:00:00-07:00,0.6277775168418884,0.419215645453811,15.384615948919734,207.7943572998047,0.2986366813084184,11.764705758606276,230.52926635742188,0.263263942703797,8.333333519597852,243.21844482421875,cdip,2026-03-25 20:06:18,0.0
19,2026-03-26 11:00:00-07:00,0.6204,9.87,311.7,False,,,,,,,,,0.3498,0.6204,1.773561,1d_transect,2026-03-26 11:00:00-07:00,0.6203738451004028,0.4058894286631606,15.384615948919734,207.40122985839844,0.3081111073684483,11.764705758606276,231.686279296875,0.2230961120572535,8.333333519597852,243.1825714111328,cdip,2026-03-25 20:06:18,0.0
19,2026-03-26 14:00:00-07:00,0.5631,9.87,306.6,False,,,,,,,,,0.3297,0.5631,1.707942,1d_transect,2026-03-26 14:00:00-07:00,0.5631252527236938,0.373272537263369,15.384615948919734,207.23333740234372,0.2840482249077485,11.764705758606276,231.48655700683597,0.1947699625948863,8.333333519597852,243.0881500244141,cdip,2026-03-25 20:06:18,0.0
19,2026-03-26 17:00:00-07:00,0.5253,9.87,311.3,False,,,,,,,,,0.3118,0.5253,1.684934,1d_transect,2026-03-26 17:00:00-07:00,0.5253051519393921,0.354455899403467,15.384615948919734,207.09347534179688,0.2629280966672808,11.764705758606276,230.60948181152344,0.1728171648505609,8.333333519597852,242.7790985107422,cdip,2026-03-25 20:06:18,0.0
19,2026-03-26 20:00:00-07:00,0.4262,9.87,310.3,False,,,,,,,,,0.2939,0.4262,1.450364,1d_transect,2026-03-26 20:00:00-07:00,0.4262192845344543,0.2916611743069517,14.28571422489322,210.81155395507807,0.2069185498195562,11.764705758606276,229.16087341308597,0.1337823008998126,8.333333519597852,242.3874969482422,cdip,2026-03-25 20:06:18,0.0
19,2026-03-26 23:00:00-07:00,0.4035,9.87,312.6,False,,,,,,,,,0.2738,0.4035,1.473645,1d_transect,2026-03-26 23:00:00-07:00,0.4035399258136749,0.3386967108107412,14.28571422489322,210.76220703125,0.1792714340871771,4.761904910578484,260.6399841308594,0.1220550036411951,8.333333519597852,242.0357360839844,cdip,2026-03-25 20:06:18,0.0
19,2026-03-27 02:00:00-07:00,0.3859,9.87,313.6,False,,,,,,,,,0.2597,0.3859,1.485904,1d_transect,2026-03-27 02:00:00-07:00,0.3858865797519684,0.326439260350821,14.28571422489322,211.47235107421875,0.1687446464688984,4.761904910578484,260.67254638671875,0.1134996145091627,8.333333519597852,241.74188232421875,cdip,2026-03-25 20:06:18,0.0
19,2026-03-27 05:00:00-07:00,0.4533,10.53,314.7,False,,,,,,,,,0.2682,0.4533,1.690027,1d_transect,2026-03-27 05:00:00-07:00,0.4533033668994903,0.3866470618726852,14.28571422489322,212.72036743164065,0.1951077815750123,4.761904910578484,261.222900390625,0.1287158387517926,8.333333519597852,241.31593322753903,cdip,2026-03-25 20:06:18,0.0
19,2026-03-27 08:00:00-07:00,0.3731,10.53,313.7,False,,,,,,,,,0.2585,0.3731,1.443117,1d_transect,2026-03-27 08:00:00-07:00,0.3731053173542022,0.3358016164595282,14.28571422489322,213.4851226806641,0.1598170273731004,4.761904910578484,261.6314392089844,,,,cdip,2026-03-25 20:06:18,0.0
19,2026-03-27 11:00:00-07:00,0.368,10.53,314.8,False,,,,,,,,,0.2449,0.368,1.502523,1d_transect,2026-03-27 11:00:00-07:00,0.3679586052894592,0.3317253655712511,14.28571422489322,213.22894287109372,0.156429744904454,4.761904910578484,261.780517578125,,,,cdip,2026-03-25 20:06:18,0.0
19,2026-03-27 14:00:00-07:00,0.3664,10.53,308.6,False,,,,,,,,,0.251,0.3664,1.46003,1d_transect,2026-03-27 14:00:00-07:00,0.3664391934871673,0.3314993777371312,14.28571422489322,212.3192596435547,0.1532810051458821,4.761904910578484,261.80487060546875,,,,cdip,2026-03-25 20:06:18,0.0
19,2026-03-27 17:00:00-07:00,0.3701,10.53,311.1,False,,,,,,,,,0.2258,0.3701,1.639446,1d_transect,2026-03-27 17:00:00-07:00,0.370122343301773,0.3364400626442623,14.28571422489322,211.55291748046875,0.151255817935947,4.761904910578484,261.72686767578125,,,,cdip,2026-03-25 20:06:18,0.0
19,2026-03-27 20:00:00-07:00,0.4368,9.87,312.3,False,,,,,,,,,0.2103,0.4368,2.076656,1d_transect,2026-03-27 20:00:00-07:00,0.4367952644824981,0.3990269639464663,14.28571422489322,210.1864776611328,0.1740774002500804,4.761904910578484,262.0901794433594,,,,cdip,2026-03-25 20:06:18,0.0
19,2026-03-27 23:00:00-07:00,0.5504,9.87,313.4,False,,,,,,,,,0.2066,0.5504,2.664512,1d_transect,2026-03-27 23:00:00-07:00,0.5504356622695923,0.5073326517680455,15.384615948919734,210.865966796875,0.2089285314998121,4.761904910578484,262.05450439453125,,,,cdip,2026-03-25 20:06:18,0.0
19,2026-03-28 02:00:00-07:00,0.5652,9.87,313.0,False,,,,,,,,,0.2045,0.5652,2.764217,1d_transect,2026-03-28 02:00:00-07:00,0.5651906728744507,0.5267720812916327,15.384615948919734,212.39114379882807,0.1999846930006527,4.761904910578484,261.9340209960937,,,,cdip,2026-03-25 20:06:18,0.0
19,2026-03-28 05:00:00-07:00,0.5833,10.53,312.3,False,,,,,,,,,0.2168,0.5833,2.689833,1d_transect,2026-03-28 05:00:00-07:00,0.583267867565155,0.5465993676338183,15.384615948919734,213.3852996826172,0.1984891357282494,4.761904910578484,262.03009033203125,,,,cdip,2026-03-25 20:06:18,0.0
19,2026-03-28 08:00:00-07:00,0.6017,10.53,311.3,False,,,,,,,,,0.2211,0.6017,2.721204,1d_transect,2026-03-28 08:00:00-07:00,0.6016817092895508,0.5654795454591938,15.384615948919734,214.0815887451172,0.2000972263010617,4.761904910578484,262.484130859375,,,,cdip,2026-03-25 20:06:18,0.0
19,2026-03-28 11:00:00-07:00,0.4886,14.29,265.8,False,0.3948,11.11,312.3,False,,,,,0.4186,0.6282,1.500509,1d_transect,2026-03-28 11:00:00-07:00,0.6281658411026001,0.5908313217529081,15.384615948919734,214.33018493652344,0.2016387487435212,4.545454570084564,262.2616577148437,0.0485706447908174,22.222221339190483,205.3355865478516,cdip,2026-03-25 20:06:18,0.0
19,2026-03-28 14:00:00-07:00,0.5177,14.29,256.8,False,0.4057,11.11,308.0,False,,,,,0.5103,0.6577,1.288706,1d_transect,2026-03-28 14:00:00-07:00,0.6576763987541199,0.6220533298615315,15.384615948919734,214.23985290527344,0.2002272845784914,4.347826008084592,261.40673828125,0.0519908012260472,22.222221339190483,205.3538360595703,cdip,2026-03-25 20:06:18,0.0
19,2026-03-28 17:00:00-07:00,0.8753,11.11,309.0,False,,,,,,,,,0.3116,0.8753,2.808469,1d_transect,2026-03-28 17:00:00-07:00,0.875257134437561,0.8323891732385578,15.384615948919734,214.1240997314453,0.0707328138333723,22.222221339190483,205.3722076416016,0.2514049461954106,4.347826008084592,261.70733642578125,cdip,2026-03-25 20:06:18,0.0
19,2026-03-28 20:00:00-07:00,0.6086,13.33,264.5,False,0.4019,11.11,307.9,False,,,,,0.5296,0.7293,1.377063,1d_transect,2026-03-28 20:00:00-07:00,0.7293412685394287,0.6996065211942398,14.28571422489322,213.4825592041016,0.1972939993468103,4.166666759798926,261.8539428710937,,,,cdip,2026-03-25 20:06:18,0.0
19,2026-03-28 23:00:00-07:00,0.6444,13.33,264.2,False,0.2856,10.53,311.3,False,,,,,0.4766,0.7048,1.478943,1d_transect,2026-03-28 23:00:00-07:00,0.7047966122627258,0.6796864398692949,14.28571422489322,214.2245178222656,,,,,,,cdip,2026-03-25 20:06:18,0.0
19,2026-03-29 02:00:00-07:00,0.6337,13.33,258.4,False,0.2622,10.53,306.1,False,,,,,0.5145,0.6858,1.332977,1d_transect,2026-03-29 02:00:00-07:00,0.6858288049697876,0.6639147517975958,14.28571422489322,214.92999267578125,,,,,,,cdip,2026-03-25 20:06:18,0.0
19,2026-03-29 05:00:00-07:00,0.6337,13.33,260.0,False,0.2255,9.87,307.9,False,,,,,0.4964,0.6726,1.355145,1d_transect,2026-03-29 05:00:00-07:00,0.6726324558258057,0.6479232413511519,14.28571422489322,215.7657012939453,0.0859421619620796,19.99999970197678,206.10630798339844,,,,cdip,2026-03-25 20:06:18,0.0
19,2026-03-29 08:00:00-07:00,0.6299,13.33,260.6,False,0.2082,9.87,306.2,False,,,,,0.5137,0.6634,1.291489,1d_transect,2026-03-29 08:00:00-07:00,0.6634370684623718,0.638983062679575,14.28571422489322,216.6333923339844,0.1018216355578984,19.99999970197678,205.5975646972656,,,,cdip,2026-03-25 20:06:18,0.0
19,2026-03-29 11:00:00-07:00,0.6163,13.33,260.8,False,0.1932,9.87,307.2,False,,,,,0.5052,0.6459,1.278437,1d_transect,2026-03-29 11:00:00-07:00,0.6458743810653687,0.6319490950462704,14.28571422489322,217.56756591796875,,,,,,,cdip,2026-03-25 20:06:18,0.0
19,2026-03-29 14:00:00-07:00,0.5212,13.33,265.3,False,0.172,9.87,306.3,False,,,,,0.4433,0.5489,1.238247,1d_transect,2026-03-29 14:00:00-07:00,0.5488686561584473,0.5386244582152028,13.33333280351429,213.04278564453125,,,,,,,cdip,2026-03-25 20:06:18,0.0
19,2026-03-29 17:00:00-07:00,0.5087,13.33,266.3,False,0.1591,9.87,306.8,False,,,,,0.4355,0.533,1.223899,1d_transect,2026-03-29 17:00:00-07:00,0.532957911491394,0.5243942531752377,13.33333280351429,214.23382568359372,,,,,,,cdip,2026-03-25 20:06:18,0.0
19,2026-03-29 20:00:00-07:00,0.4994,13.33,264.5,False,0.1203,9.09,305.8,False,,,,,0.5262,0.5137,0.976241,1d_transect,2026-03-29 20:00:00-07:00,0.5136961340904236,0.5062326752070141,13.33333280351429,214.8606109619141,,,,,,,cdip,2026-03-25 20:06:18,0.0
19,2026-03-29 23:00:00-07:00,0.472,12.5,268.4,False,0.1211,9.09,306.8,False,0.0527,3.7,319.0,True,0.4388,0.4901,1.117002,1d_transect,2026-03-29 23:00:00-07:00,0.4901286959648132,0.4707741036820385,13.33333280351429,214.62054443359372,0.1101453016911872,18.181818280338256,210.9277191162109,,,,cdip,2026-03-25 20:06:18,0.0
19,2026-03-30 02:00:00-07:00,0.4569,12.5,264.4,False,0.1082,9.09,308.0,False,,,,,0.4804,0.4696,0.977352,1d_transect,2026-03-30 02:00:00-07:00,0.4695525467395782,0.4498114726103695,13.33333280351429,213.5153350830078,0.1110473614600673,18.181818280338256,210.96034240722656,,,,cdip,2026-03-25 20:06:18,0.0
19,2026-03-30 05:00:00-07:00,0.4415,12.5,266.0,False,0.1081,9.09,309.2,False,,,,,0.4481,0.4546,1.014474,1d_transect,2026-03-30 05:00:00-07:00,0.4545566737651825,0.4346573621450755,13.33333280351429,211.7671661376953,0.111349924439907,18.181818280338256,210.41668701171875,,,,cdip,2026-03-25 20:06:18,0.0
19,2026-03-30 08:00:00-07:00,0.3848,12.5,266.2,False,0.0606,9.09,308.0,False,0.069,5.88,316.2,True,0.4316,0.3956,0.916529,1d_transect,2026-03-30 08:00:00-07:00,0.3956112861633301,0.3908310936244099,12.50000027939678,205.13067626953125,,,,,,,cdip,2026-03-25 20:06:18,0.0
19,2026-03-30 11:00:00-07:00,0.3816,12.5,267.3,False,0.0548,9.09,309.2,False,0.0574,5.56,314.6,True,0.4428,0.3898,0.880274,1d_transect,2026-03-30 11:00:00-07:00,0.3898124396800995,0.2293627224758777,12.50000027939678,204.6927490234375,0.2502265826281782,11.111110669595242,193.8404235839844,0.1824462567132461,15.384615948919734,207.73382568359372,cdip,2026-03-25 20:06:18,0.0
19,2026-03-30 14:00:00-07:00,0.3748,12.5,268.9,False,0.0527,9.09,307.9,False,0.0513,5.56,315.6,True,0.4234,0.382,0.902163,1d_transect,2026-03-30 14:00:00-07:00,0.3819706439971924,0.2115531510595464,12.50000027939678,204.1002960205078,0.2542557187491613,11.111110669595242,192.9826202392578,0.18263675784301,15.384615948919734,208.35101318359372,cdip,2026-03-25 20:06:18,0.0
19,2026-03-30 17:00:00-07:00,0.2014,15.38,232.6,False,0.2255,11.76,275.9,False,0.0667,9.09,309.4,False,0.355,0.3097,0.872325,1d_transect,2026-03-30 17:00:00-07:00,0.3096747398376465,0.213329132901926,11.111110669595242,192.12681579589844,0.1632122005921783,12.50000027939678,203.50526428222656,0.1473266878414693,16.666667039195705,212.21368408203125,cdip,2026-03-25 20:06:18,0.0
19,2026-03-30 20:00:00-07:00,0.2525,15.38,233.8,False,0.1704,11.11,286.5,False,0.0704,8.33,308.7,False,0.3039,0.3126,1.028731,1d_transect,2026-03-30 20:00:00-07:00,0.3126185238361358,0.2187496419396841,11.111110669595242,191.18716430664065,0.1340984840893174,12.50000027939678,203.00384521484372,0.1726697657434091,16.666667039195705,212.0135803222656,cdip,2026-03-25 20:06:18,0.0
19,2026-03-30 23:00:00-07:00,0.2673,15.38,235.4,False,0.1648,11.11,288.1,False,0.0668,8.33,308.9,False,0.3014,0.3211,1.065306,1d_transect,2026-03-30 23:00:00-07:00,0.3210979998111725,0.2239901457437063,11.111110669595242,190.1258544921875,0.1270042802361442,12.50000027939678,202.6831970214844,0.1348973931626331,16.666667039195705,211.7935028076172,cdip,2026-03-25 20:06:18,0.0
19,2026-03-31 02:00:00-07:00,0.2896,15.38,242.8,False,0.1329,11.11,287.6,False,0.0698,8.33,300.5,False,0.3356,0.3262,0.972181,1d_transect,2026-03-31 02:00:00-07:00,0.3262350261211395,0.2261695030832011,11.111110669595242,190.0952606201172,0.1380045124301579,14.28571422489322,207.8263702392578,0.137926103993079,16.666667039195705,212.3966827392578,cdip,2026-03-25 20:06:18,0.0
19,2026-03-31 05:00:00-07:00,0.3154,14.29,245.3,False,0.1026,11.11,292.9,False,0.0698,8.33,295.7,False,0.3408,0.3389,0.994552,1d_transect,2026-03-31 05:00:00-07:00,0.3389286696910858,0.2310381343258803,11.111110669595242,188.3497009277344,0.1681704927363188,14.28571422489322,208.7286071777344,0.1324776576548396,16.666667039195705,212.0136260986328,cdip,2026-03-25 20:06:18,0.0
19,2026-03-31 08:00:00-07:00,0.3219,14.29,246.6,False,0.0803,11.11,295.5,False,0.1045,8.33,294.6,False,0.3513,0.3479,0.990328,1d_transect,2026-03-31 08:00:00-07:00,0.3478732109069824,0.242062567634909,11.111110669595242,188.915771484375,0.170535841559841,14.28571422489322,209.4125213623047,0.1338368124115794,16.666667039195705,212.79049682617188,cdip,2026-03-25 20:06:18,0.0
19,2026-03-31 11:00:00-07:00,0.729,14.29,242.4,False,0.2184,11.11,291.3,False,0.1192,8.33,295.3,False,0.403,0.7703,1.911249,1d_transect,2026-03-31 11:00:00-07:00,0.7702847123146057,0.513174004995127,16.666667039195705,210.9537353515625,0.5017961213215876,11.111110669595242,187.8573303222656,0.2589646644150147,12.50000027939678,204.5877685546875,cdip,2026-03-25 20:06:18,0.0
19,2026-03-31 14:00:00-07:00,0.7253,14.29,245.5,False,0.3676,7.69,278.5,False,0.1468,11.11,303.6,False,0.4215,0.8263,1.960353,1d_transect,2026-03-31 14:00:00-07:00,0.8262718319892883,0.5936504555827357,16.666667039195705,211.1933441162109,0.4765964469071636,11.111110669595242,188.4433135986328,0.2611251675235869,7.692307974459867,220.9187164306641,cdip,2026-03-25 20:06:18,0.0
20,2026-03-25 02:00:00-07:00,1.4254,15.38,260.5,False,1.3613,11.11,306.4,False,0.2143,3.85,332.6,True,0.5548,1.9826,3.573628,1d_transect,2026-03-25 02:00:00-07:00,1.982637643814087,1.97404774304328,18.181818280338256,195.9813232421875,,,,,,,cdip,2026-03-25 20:06:18,0.0
20,2026-03-25 05:00:00-07:00,1.4927,15.38,254.7,False,1.2473,11.11,306.8,False,0.3892,3.85,318.5,True,0.563,1.9838,3.523455,1d_transect,2026-03-25 05:00:00-07:00,1.9837726354599,1.9760789709504911,18.181818280338256,195.7001037597656,,,,,,,cdip,2026-03-25 20:06:18,0.0
20,2026-03-25 08:00:00-07:00,1.907,11.11,305.6,False,0.4366,4.17,326.3,True,,,,,0.3697,1.9563,5.291529,1d_transect,2026-03-25 08:00:00-07:00,1.9562873840332031,1.94863247815678,18.181818280338256,195.6991729736328,,,,,,,cdip,2026-03-25 20:06:18,0.0
20,2026-03-25 11:00:00-07:00,1.7628,11.11,304.8,False,0.427,4.76,322.7,True,,,,,0.455,1.8138,3.986201,1d_transect,2026-03-25 11:00:00-07:00,1.813825011253357,1.8062052725956452,16.666667039195705,197.55374145507807,,,,,,,cdip,2026-03-25 20:06:18,0.0
20,2026-03-25 14:00:00-07:00,1.7961,11.11,296.8,False,0.3369,4.76,331.5,True,,,,,0.563,1.8274,3.245993,1d_transect,2026-03-25 14:00:00-07:00,1.8274301290512085,1.8153081769584405,16.666667039195705,197.3569793701172,,,,,,,cdip,2026-03-25 20:06:18,0.0
20,2026-03-25 17:00:00-07:00,1.8328,11.11,294.4,False,0.323,5.0,327.0,True,,,,,0.7185,1.861,2.590039,1d_transect,2026-03-25 17:00:00-07:00,1.8610061407089236,1.8427822151808,16.666667039195705,197.08692932128903,,,,,,,cdip,2026-03-25 20:06:18,0.0
20,2026-03-25 20:00:00-07:00,1.8721,11.11,294.2,False,0.3376,5.26,329.5,True,,,,,0.7942,1.9023,2.395351,1d_transect,2026-03-25 20:00:00-07:00,1.9023107290267944,1.8855407410622689,16.666667039195705,196.87158203125,,,,,,,cdip,2026-03-25 20:06:18,0.0
20,2026-03-25 23:00:00-07:00,1.389,11.11,300.3,False,0.766,6.67,319.1,False,,,,,0.7221,1.5862,2.196793,1d_transect,2026-03-25 23:00:00-07:00,1.5862356424331665,1.5651313328164889,16.666667039195705,196.6360015869141,,,,,,,cdip,2026-03-25 20:06:18,0.0
20,2026-03-26 02:00:00-07:00,1.7454,8.33,312.0,False,,,,,,,,,0.7572,1.7454,2.304946,1d_transect,2026-03-26 02:00:00-07:00,1.745380401611328,1.409435417009948,16.666667039195705,196.6375732421875,0.9456406029283888,9.090909140169128,216.96849060058597,,,,cdip,2026-03-25 20:06:18,0.0
20,2026-03-26 05:00:00-07:00,1.8481,9.09,310.8,False,,,,,,,,,0.918,1.8481,2.013178,1d_transect,2026-03-26 05:00:00-07:00,1.8480733633041384,1.2828859804914003,16.666667039195705,197.603759765625,1.205283287021402,9.090909140169128,217.72911071777344,0.4741580176618424,4.761904910578484,236.83135986328125,cdip,2026-03-25 20:06:18,0.0
20,2026-03-26 08:00:00-07:00,1.8468,9.87,308.3,False,,,,,,,,,1.2152,1.8468,1.519778,1d_transect,2026-03-26 08:00:00-07:00,1.8468390703201292,1.2201083523162353,16.666667039195705,199.08534240722656,1.088863515563143,9.871668200422231,215.4595947265625,0.5846303126434571,11.764705758606276,204.05056762695312,cdip,2026-03-25 20:06:18,0.0
20,2026-03-26 11:00:00-07:00,1.8347,9.87,311.7,False,,,,,,,,,0.9286,1.8347,1.975832,1d_transect,2026-03-26 11:00:00-07:00,1.834721922874451,1.3529989538288452,16.666667039195705,199.62876892089844,1.0177959547208548,9.871668200422231,215.94651794433597,0.4112806412792083,4.761904910578484,236.8353271484375,cdip,2026-03-25 20:06:18,0.0
20,2026-03-26 14:00:00-07:00,1.4444,9.87,306.6,False,,,,,,,,,1.1206,1.4444,1.288883,1d_transect,2026-03-26 14:00:00-07:00,1.4443864822387695,1.0869314862008657,15.384615948919734,196.62210083007807,0.7767929766279509,9.871668200422231,215.97280883789065,0.3204951946890207,4.761904910578484,235.6936492919922,cdip,2026-03-25 20:06:18,0.0
20,2026-03-26 17:00:00-07:00,1.363,9.87,311.3,False,,,,,,,,,0.8276,1.363,1.646856,1d_transect,2026-03-26 17:00:00-07:00,1.363004446029663,1.0426337252259732,15.384615948919734,196.20242309570312,0.6609892316107491,9.871668200422231,215.75636291503903,0.2692164911336208,4.761904910578484,236.99737548828125,cdip,2026-03-25 20:06:18,0.0
20,2026-03-26 20:00:00-07:00,1.2878,9.87,310.3,False,,,,,,,,,0.7801,1.2878,1.650737,1d_transect,2026-03-26 20:00:00-07:00,1.2877949476242063,1.0330738103711752,15.384615948919734,195.7598876953125,0.5386828228471837,9.871668200422231,215.3693389892578,0.284721829489944,4.761904910578484,238.93701171875,cdip,2026-03-25 20:06:18,0.0
20,2026-03-26 23:00:00-07:00,1.2311,9.87,312.6,False,,,,,,,,,0.727,1.2311,1.693479,1d_transect,2026-03-26 23:00:00-07:00,1.231080174446106,0.998576026215564,15.384615948919734,195.3300323486328,0.4919372080646122,9.871668200422231,214.71836853027344,0.2718250780817631,4.761904910578484,239.56588745117188,cdip,2026-03-25 20:06:18,0.0
20,2026-03-27 02:00:00-07:00,1.2021,9.87,313.6,False,,,,,,,,,0.6894,1.2021,1.743676,1d_transect,2026-03-27 02:00:00-07:00,1.2021197080612185,0.9911160308361558,15.384615948919734,194.9588623046875,0.4621636719079957,9.871668200422231,214.00157165527344,0.2566066121806775,4.761904910578484,239.7220458984375,cdip,2026-03-25 20:06:18,0.0
20,2026-03-27 05:00:00-07:00,1.1079,10.53,314.7,False,,,,,,,,,0.7387,1.1079,1.499774,1d_transect,2026-03-27 05:00:00-07:00,1.10789954662323,1.0167526596464815,14.28571422489322,195.9281768798828,0.223137128993946,4.761904910578484,241.12814331054688,0.1929548740678337,6.666666401757145,225.0116271972656,cdip,2026-03-25 20:06:18,0.0
20,2026-03-27 08:00:00-07:00,1.024,10.53,313.7,False,,,,,,,,,0.712,1.024,1.438045,1d_transect,2026-03-27 08:00:00-07:00,1.0239570140838623,0.945643427773701,14.28571422489322,195.6020050048828,0.1953576373333191,4.545454570084564,242.29742431640625,0.1682811468662487,7.14285711244661,222.3634185791016,cdip,2026-03-25 20:06:18,0.0
20,2026-03-27 11:00:00-07:00,1.0235,10.53,314.8,False,,,,,,,,,0.6745,1.0235,1.517552,1d_transect,2026-03-27 11:00:00-07:00,1.0235304832458496,0.9499465434890676,14.28571422489322,195.1982879638672,0.1594925478700509,4.347826008084592,243.184326171875,,,,cdip,2026-03-25 20:06:18,0.0
20,2026-03-27 14:00:00-07:00,1.0389,10.53,308.6,False,,,,,,,,,0.8031,1.0389,1.293698,1d_transect,2026-03-27 14:00:00-07:00,1.0389070510864258,0.9703326437667672,14.28571422489322,194.6337738037109,0.1528902147585275,4.347826008084592,243.84442138671875,,,,cdip,2026-03-25 20:06:18,0.0
20,2026-03-27 17:00:00-07:00,1.0673,10.53,311.1,False,,,,,,,,,0.6218,1.0673,1.716639,1d_transect,2026-03-27 17:00:00-07:00,1.0673484802246094,1.0138118336256643,14.28571422489322,193.9505157470703,0.1741248134987483,4.347826008084592,244.36834716796875,,,,cdip,2026-03-25 20:06:18,0.0
20,2026-03-27 20:00:00-07:00,1.361,9.87,312.3,False,,,,,,,,,0.5584,1.361,2.43736,1d_transect,2026-03-27 20:00:00-07:00,1.3609619140625,1.2995131722884783,15.384615948919734,194.00277709960935,0.2105130848919486,4.347826008084592,244.3485412597656,,,,cdip,2026-03-25 20:06:18,0.0
20,2026-03-27 23:00:00-07:00,1.4225,9.87,313.4,False,,,,,,,,,0.5484,1.4225,2.593942,1d_transect,2026-03-27 23:00:00-07:00,1.4225314855575562,1.364490720991833,15.384615948919734,194.7150115966797,0.2086783131483734,4.545454570084564,243.9715576171875,,,,cdip,2026-03-25 20:06:18,0.0
20,2026-03-28 02:00:00-07:00,1.4495,9.87,313.0,False,,,,,,,,,0.5428,1.4495,2.670378,1d_transect,2026-03-28 02:00:00-07:00,1.4494671821594238,1.3971629460768062,15.384615948919734,195.35060119628903,0.2029626519793103,4.761904910578484,242.8842315673828,,,,cdip,2026-03-25 20:06:18,0.0
20,2026-03-28 05:00:00-07:00,1.4724,10.53,312.3,False,,,,,,,,,0.5972,1.4724,2.465478,1d_transect,2026-03-28 05:00:00-07:00,1.4723907709121704,1.4225110941065662,15.384615948919734,195.86671447753903,0.1936571359007505,4.347826008084592,242.38853454589844,,,,cdip,2026-03-25 20:06:18,0.0
20,2026-03-28 08:00:00-07:00,1.4931,10.53,311.3,False,,,,,,,,,0.609,1.4931,2.451913,1d_transect,2026-03-28 08:00:00-07:00,1.4931039810180664,1.4453166882794426,15.384615948919734,196.364013671875,,,,,,,cdip,2026-03-25 20:06:18,0.0
20,2026-03-28 11:00:00-07:00,0.8368,14.29,265.8,False,1.2642,11.11,312.3,False,,,,,0.8283,1.5161,1.830404,1d_transect,2026-03-28 11:00:00-07:00,1.5161054134368896,1.470452598061767,15.384615948919734,196.7880706787109,,,,,,,cdip,2026-03-25 20:06:18,0.0
20,2026-03-28 14:00:00-07:00,1.1329,11.11,308.0,False,0.672,14.29,256.8,False,,,,,0.9697,1.3172,1.358304,1d_transect,2026-03-28 14:00:00-07:00,1.3172132968902588,0.0867354458874981,14.28571422489322,194.5520477294922,,,,,,,cdip,2026-03-25 20:06:18,0.0
20,2026-03-28 17:00:00-07:00,1.1839,11.11,309.0,False,,,,,,,,,0.8257,1.1839,1.433837,1d_transect,2026-03-28 17:00:00-07:00,1.183948993682861,1.15517136930905,13.33333280351429,192.6793212890625,,,,,,,cdip,2026-03-25 20:06:18,0.0
20,2026-03-28 20:00:00-07:00,0.7112,13.33,264.5,False,0.9348,11.11,307.9,False,,,,,0.9717,1.1746,1.208721,1d_transect,2026-03-28 20:00:00-07:00,1.174553155899048,1.1499013670145974,13.33333280351429,193.17198181152344,,,,,,,cdip,2026-03-25 20:06:18,0.0
20,2026-03-28 23:00:00-07:00,0.8554,13.33,264.2,False,0.7842,10.53,311.3,False,,,,,0.7869,1.1604,1.474633,1d_transect,2026-03-28 23:00:00-07:00,1.1604104042053225,1.131183902543114,13.33333280351429,193.740234375,0.1379597006475279,19.99999970197678,195.6944732666016,,,,cdip,2026-03-25 20:06:18,0.0
20,2026-03-29 02:00:00-07:00,0.7851,13.33,258.4,False,0.8401,10.53,306.1,False,,,,,0.8613,1.1498,1.334955,1d_transect,2026-03-29 02:00:00-07:00,1.1498175859451294,1.1211617119779271,13.33333280351429,194.1715240478516,0.1537058006474103,19.99999970197678,196.59837341308597,,,,cdip,2026-03-25 20:06:18,0.0
20,2026-03-29 05:00:00-07:00,0.8166,13.33,260.0,False,0.7986,9.87,307.9,False,,,,,0.8091,1.1421,1.411679,1d_transect,2026-03-29 05:00:00-07:00,1.1421403884887695,1.1135782030396466,13.33333280351429,194.4825897216797,0.1675354932278321,19.99999970197678,198.07241821289065,,,,cdip,2026-03-25 20:06:18,0.0
20,2026-03-29 08:00:00-07:00,0.8693,13.33,260.6,False,0.7336,9.87,306.2,False,,,,,0.8497,1.1375,1.338717,1d_transect,2026-03-29 08:00:00-07:00,1.1374531984329224,1.1101323354980903,13.33333280351429,194.63479614257807,0.1703317467943322,19.99999970197678,199.7890472412109,,,,cdip,2026-03-25 20:06:18,0.0
20,2026-03-29 11:00:00-07:00,0.8824,13.33,260.8,False,0.7061,9.87,307.2,False,,,,,0.822,1.1301,1.374892,1d_transect,2026-03-29 11:00:00-07:00,1.1301476955413818,1.106619277558755,13.33333280351429,194.7264862060547,0.1556565472075211,19.99999970197678,198.10958862304688,,,,cdip,2026-03-25 20:06:18,0.0
20,2026-03-29 14:00:00-07:00,0.8845,13.33,265.3,False,0.6908,9.87,306.3,False,,,,,0.7672,1.1223,1.462868,1d_transect,2026-03-29 14:00:00-07:00,1.1223022937774658,1.0888817955726984,13.33333280351429,194.84043884277344,0.2212026973651863,18.181818280338256,196.0639190673828,,,,cdip,2026-03-25 20:06:18,0.0
20,2026-03-29 17:00:00-07:00,0.8946,13.33,266.3,False,0.6621,9.87,306.8,False,,,,,0.7427,1.113,1.498487,1d_transect,2026-03-29 17:00:00-07:00,1.1129658222198486,1.076904972404632,13.33333280351429,195.0635986328125,0.238438792230435,18.181818280338256,196.54396057128903,,,,cdip,2026-03-25 20:06:18,0.0
20,2026-03-29 20:00:00-07:00,0.9336,13.33,264.5,False,0.5742,9.09,305.8,False,,,,,0.7996,1.096,1.370773,1d_transect,2026-03-29 20:00:00-07:00,1.096010684967041,1.0602467769617985,13.33333280351429,195.19728088378903,0.2383948832427337,18.181818280338256,196.59799194335935,,,,cdip,2026-03-25 20:06:18,0.0
20,2026-03-29 23:00:00-07:00,0.9156,12.5,268.4,False,0.5465,9.09,306.8,False,0.1191,3.7,319.0,True,0.7236,1.0729,1.482681,1d_transect,2026-03-29 23:00:00-07:00,1.0729238986968994,1.038859572140441,13.33333280351429,195.07815551757807,0.2295517873986674,18.181818280338256,196.45220947265625,,,,cdip,2026-03-25 20:06:18,0.0
20,2026-03-30 02:00:00-07:00,0.8024,12.5,264.4,False,0.4805,9.09,308.0,False,,,,,0.7327,0.9353,1.276467,1d_transect,2026-03-30 02:00:00-07:00,0.9352943897247314,0.9053765685673936,12.50000027939678,191.3214111328125,0.1999613461883576,18.181818280338256,196.40208435058597,,,,cdip,2026-03-25 20:06:18,0.0
20,2026-03-30 05:00:00-07:00,0.8041,12.5,266.0,False,0.4579,9.09,309.2,False,,,,,0.7319,0.9253,1.264235,1d_transect,2026-03-30 05:00:00-07:00,0.9253259897232056,0.8943130135206763,12.50000027939678,191.2351531982422,0.2029070593549217,18.181818280338256,196.44631958007807,,,,cdip,2026-03-25 20:06:18,0.0
20,2026-03-30 08:00:00-07:00,0.845,12.5,266.2,False,0.3094,9.09,308.0,False,0.1763,5.88,316.2,True,0.6659,0.917,1.377149,1d_transect,2026-03-30 08:00:00-07:00,0.917002022266388,0.885884609390114,12.50000027939678,190.9997711181641,0.2023803151422347,18.181818280338256,196.4403533935547,,,,cdip,2026-03-25 20:06:18,0.0
20,2026-03-30 11:00:00-07:00,0.8412,12.5,267.3,False,0.2809,9.09,309.2,False,0.1998,5.56,314.6,True,0.6847,0.9091,1.327664,1d_transect,2026-03-30 11:00:00-07:00,0.90911465883255,0.8788992001111791,12.50000027939678,190.6007843017578,0.1972071922880839,18.181818280338256,196.41065979003903,,,,cdip,2026-03-25 20:06:18,0.0
20,2026-03-30 14:00:00-07:00,0.8469,12.5,268.9,False,0.2769,9.09,307.9,False,0.1349,5.56,315.6,True,0.6461,0.9012,1.394792,1d_transect,2026-03-30 14:00:00-07:00,0.9011777639389038,0.8926599501844399,12.50000027939678,190.16429138183597,,,,,,,cdip,2026-03-25 20:06:18,0.0
20,2026-03-30 17:00:00-07:00,0.7141,11.76,275.9,False,0.3608,15.38,232.6,False,0.4041,9.09,309.4,False,0.5761,0.8964,1.555827,1d_transect,2026-03-30 17:00:00-07:00,0.8963809609413147,0.8472686381728689,12.50000027939678,189.77801513671875,0.2639757342502912,16.666667039195705,199.05450439453125,,,,cdip,2026-03-25 20:06:18,0.0
20,2026-03-30 20:00:00-07:00,0.4602,15.38,233.8,False,0.64,11.11,286.5,False,0.4254,8.33,308.7,False,0.4798,0.8957,1.866893,1d_transect,2026-03-30 20:00:00-07:00,0.8957443833351135,0.5167872392414714,12.50000027939678,189.4903259277344,0.2771835563924879,16.666667039195705,199.03550720214844,,,,cdip,2026-03-25 20:06:18,0.0
20,2026-03-30 23:00:00-07:00,0.4118,15.38,235.4,False,0.5102,11.11,288.1,False,0.3324,8.33,308.9,False,0.4615,0.7351,1.592845,1d_transect,2026-03-30 23:00:00-07:00,0.7350949048995972,0.408465866022219,11.111110669595242,181.7772979736328,0.2373947941879357,16.666667039195705,198.9273834228516,,,,cdip,2026-03-25 20:06:18,0.0
20,2026-03-31 02:00:00-07:00,0.4736,15.38,242.8,False,0.4226,11.11,287.6,False,0.3729,8.33,300.5,False,0.493,0.7362,1.493277,1d_transect,2026-03-31 02:00:00-07:00,0.7361512184143066,0.4011623873802438,11.111110669595242,181.43161010742188,0.2471549350726511,16.666667039195705,199.1172637939453,,,,cdip,2026-03-25 20:06:18,0.0
20,2026-03-31 05:00:00-07:00,0.5579,14.29,245.3,False,0.3622,11.11,292.9,False,0.3344,8.33,295.7,False,0.4655,0.7445,1.599292,1d_transect,2026-03-31 05:00:00-07:00,0.7444930076599121,0.3059075142260483,11.111110669595242,180.3541412353516,0.3588095530189302,16.666667039195705,199.10574340820312,,,,cdip,2026-03-25 20:06:18,0.0
20,2026-03-31 08:00:00-07:00,0.5526,14.29,246.6,False,0.2918,11.11,295.5,False,0.4216,8.33,294.6,False,0.4878,0.7538,1.545271,1d_transect,2026-03-31 08:00:00-07:00,0.7538442611694336,0.2976237387617419,11.111110669595242,180.41714477539065,0.363959302023567,16.666667039195705,199.38352966308597,,,,cdip,2026-03-25 20:06:18,0.0
20,2026-03-31 11:00:00-07:00,0.5962,14.29,242.4,False,0.3724,11.11,291.3,False,0.2759,8.33,295.3,False,0.5087,0.7551,1.48452,1d_transect,2026-03-31 11:00:00-07:00,0.7551437616348267,0.3783421436569256,11.111110669595242,180.1094207763672,0.1106711661780414,16.666667039195705,198.9349365234375,,,,cdip,2026-03-25 20:06:18,0.0
20,2026-03-31 14:00:00-07:00,0.5741,14.29,245.5,False,0.2636,11.11,303.6,False,0.4775,7.69,278.5,False,0.5614,0.7919,1.410664,1d_transect,2026-03-31 14:00:00-07:00,0.7919304370880127,0.2778851326903074,11.111110669595242,180.17315673828125,0.4107160437139783,16.666667039195705,198.88710021972656,,,,cdip,2026-03-25 20:06:18,0.0
21,2026-03-25 02:00:00-07:00,0.5336,15.38,260.5,False,0.5653,11.11,306.4,False,0.1006,3.85,332.6,True,0.4671,0.7839,1.677951,1d_transect,2026-03-25 02:00:00-07:00,0.7838528156280518,0.7804567258011088,18.181818280338256,195.9813232421875,,,,,,,cdip,2026-03-25 20:06:18,0.0
21,2026-03-25 05:00:00-07:00,0.5561,15.38,254.7,False,0.5173,11.11,306.8,False,0.1968,3.85,318.5,True,0.4749,0.7846,1.65223,1d_transect,2026-03-25 05:00:00-07:00,0.7846123576164246,0.781569411832087,18.181818280338256,195.7001037597656,,,,,,,cdip,2026-03-25 20:06:18,0.0
21,2026-03-25 08:00:00-07:00,0.742,11.11,305.6,False,0.1921,4.17,326.3,True,,,,,0.3292,0.7664,2.327993,1d_transect,2026-03-25 08:00:00-07:00,0.7664169073104858,0.7634179337980972,18.181818280338256,195.6991729736328,,,,,,,cdip,2026-03-25 20:06:18,0.0
21,2026-03-25 11:00:00-07:00,0.7224,11.11,304.8,False,0.2199,4.76,322.7,True,,,,,0.4058,0.7551,1.860848,1d_transect,2026-03-25 11:00:00-07:00,0.7550851702690125,0.7519130907371894,16.666667039195705,197.55374145507807,,,,,,,cdip,2026-03-25 20:06:18,0.0
21,2026-03-25 14:00:00-07:00,0.7471,11.11,296.8,False,0.1623,4.76,331.5,True,,,,,0.4888,0.7646,1.564281,1d_transect,2026-03-25 14:00:00-07:00,0.7645626664161682,0.7594910654140409,16.666667039195705,197.3569793701172,,,,,,,cdip,2026-03-25 20:06:18,0.0
21,2026-03-25 17:00:00-07:00,0.7717,11.11,294.4,False,0.1615,5.0,327.0,True,,,,,0.6089,0.7884,1.294766,1d_transect,2026-03-25 17:00:00-07:00,0.788445234298706,0.7807243443990208,16.666667039195705,197.08692932128903,,,,,,,cdip,2026-03-25 20:06:18,0.0
21,2026-03-25 20:00:00-07:00,0.8007,11.11,294.2,False,0.1714,5.26,329.5,True,,,,,0.6732,0.8188,1.216249,1d_transect,2026-03-25 20:00:00-07:00,0.8188286423683167,0.8116102081008839,16.666667039195705,196.87158203125,,,,,,,cdip,2026-03-25 20:06:18,0.0
21,2026-03-25 23:00:00-07:00,0.4982,11.11,300.3,False,0.3099,6.67,319.1,False,,,,,0.6536,0.5867,0.897617,1d_transect,2026-03-25 23:00:00-07:00,0.5867257118225098,0.5789195164919987,16.666667039195705,196.6360015869141,,,,,,,cdip,2026-03-25 20:06:18,0.0
21,2026-03-26 02:00:00-07:00,0.699,8.33,312.0,False,,,,,,,,,0.6782,0.699,1.030744,1d_transect,2026-03-26 02:00:00-07:00,0.6990312337875366,0.5644840161693916,16.666667039195705,196.6375732421875,0.3787325044848751,9.090909140169128,216.96849060058597,,,,cdip,2026-03-25 20:06:18,0.0
21,2026-03-26 05:00:00-07:00,0.7792,9.09,310.8,False,,,,,,,,,0.8114,0.7792,0.960396,1d_transect,2026-03-26 05:00:00-07:00,0.7792359590530396,0.5409259958321746,16.666667039195705,197.603759765625,0.5082049942132788,9.090909140169128,217.72911071777344,0.1999276644891679,4.761904910578484,236.83135986328125,cdip,2026-03-25 20:06:18,0.0
21,2026-03-26 08:00:00-07:00,0.7797,9.87,308.3,False,,,,,,,,,1.067,0.7797,0.730721,1d_transect,2026-03-26 08:00:00-07:00,0.7796722054481506,0.5150879700943481,16.666667039195705,199.08534240722656,0.4596808938128207,9.871668200422231,215.4595947265625,0.246810900379028,11.764705758606276,204.05056762695312,cdip,2026-03-25 20:06:18,0.0
21,2026-03-26 11:00:00-07:00,0.7665,9.87,311.7,False,,,,,,,,,0.8207,0.7665,0.933909,1d_transect,2026-03-26 11:00:00-07:00,0.7664896845817566,0.5652408625895751,16.666667039195705,199.62876892089844,0.4252034798390329,9.871668200422231,215.94651794433597,0.171820254395009,4.761904910578484,236.8353271484375,cdip,2026-03-25 20:06:18,0.0
21,2026-03-26 14:00:00-07:00,0.5309,9.87,306.6,False,,,,,,,,,0.984,0.5309,0.539527,1d_transect,2026-03-26 14:00:00-07:00,0.5308780670166016,0.3994969820649963,15.384615948919734,196.62210083007807,0.2855069098576127,9.871668200422231,215.97280883789065,0.1177966271748391,4.761904910578484,235.6936492919922,cdip,2026-03-25 20:06:18,0.0
21,2026-03-26 17:00:00-07:00,0.4779,9.87,311.3,False,,,,,,,,,0.7315,0.4779,0.653308,1d_transect,2026-03-26 17:00:00-07:00,0.4779044091701507,0.3655741863551408,15.384615948919734,196.20242309570312,0.2317598162127719,9.871668200422231,215.75636291503903,0.0943942223605215,4.761904910578484,236.99737548828125,cdip,2026-03-25 20:06:18,0.0
21,2026-03-26 20:00:00-07:00,0.4335,9.87,310.3,False,,,,,,,,,0.6895,0.4335,0.62873,1d_transect,2026-03-26 20:00:00-07:00,0.4335256516933441,0.3477758528336829,15.384615948919734,195.7598876953125,0.1813431685536825,9.871668200422231,215.3693389892578,0.0958492762832259,4.761904910578484,238.93701171875,cdip,2026-03-25 20:06:18,0.0
21,2026-03-26 23:00:00-07:00,0.4025,9.87,312.6,False,,,,,,,,,0.6425,0.4025,0.626456,1d_transect,2026-03-26 23:00:00-07:00,0.4025119841098785,0.3264928101415022,15.384615948919734,195.3300323486328,0.1608429976862955,9.871668200422231,214.71836853027344,0.0888754899776552,4.761904910578484,239.56588745117188,cdip,2026-03-25 20:06:18,0.0
21,2026-03-27 02:00:00-07:00,0.3874,9.87,313.6,False,,,,,,,,,0.6093,0.3874,0.635688,1d_transect,2026-03-27 02:00:00-07:00,0.3873532116413116,0.3193625365062998,15.384615948919734,194.9588623046875,0.1489207700707674,9.871668200422231,214.00157165527344,0.0826851105225005,4.761904910578484,239.7220458984375,cdip,2026-03-25 20:06:18,0.0
21,2026-03-27 05:00:00-07:00,0.3543,10.53,314.7,False,,,,,,,,,0.6524,0.3543,0.543034,1d_transect,2026-03-27 05:00:00-07:00,0.35425865650177,0.3251138006455136,14.28571422489322,195.9281768798828,0.0713496634447688,4.761904910578484,241.12814331054688,0.0616986755491561,6.666666401757145,225.0116271972656,cdip,2026-03-25 20:06:18,0.0
21,2026-03-27 08:00:00-07:00,0.3082,10.53,313.7,False,,,,,,,,,0.6288,0.3082,0.490099,1d_transect,2026-03-27 08:00:00-07:00,0.3081855177879333,0.2846150698430111,14.28571422489322,195.6020050048828,0.0587977729881649,4.545454570084564,242.29742431640625,0.0506484251483224,7.14285711244661,222.3634185791016,cdip,2026-03-25 20:06:18,0.0
21,2026-03-27 11:00:00-07:00,0.3081,10.53,314.8,False,,,,,,,,,0.5956,0.3081,0.517293,1d_transect,2026-03-27 11:00:00-07:00,0.3081149458885193,0.2859638654676387,14.28571422489322,195.1982879638672,0.0480122863910679,4.347826008084592,243.184326171875,,,,cdip,2026-03-25 20:06:18,0.0
21,2026-03-27 14:00:00-07:00,0.3156,10.53,308.6,False,,,,,,,,,0.7056,0.3156,0.447342,1d_transect,2026-03-27 14:00:00-07:00,0.3156434297561645,0.2948090014671346,14.28571422489322,194.6337738037109,0.0464515048902047,4.347826008084592,243.84442138671875,,,,cdip,2026-03-25 20:06:18,0.0
21,2026-03-27 17:00:00-07:00,0.3298,10.53,311.1,False,,,,,,,,,0.5491,0.3298,0.600665,1d_transect,2026-03-27 17:00:00-07:00,0.32982137799263,0.3132780194601415,14.28571422489322,193.9505157470703,0.0538063128703782,4.347826008084592,244.36834716796875,,,,cdip,2026-03-25 20:06:18,0.0
21,2026-03-27 20:00:00-07:00,0.4789,9.87,312.3,False,,,,,,,,,0.4935,0.4789,0.970315,1d_transect,2026-03-27 20:00:00-07:00,0.4788732230663299,0.4572516578029942,15.384615948919734,194.00277709960935,0.0740719364056571,4.347826008084592,244.3485412597656,,,,cdip,2026-03-25 20:06:18,0.0
21,2026-03-27 23:00:00-07:00,0.5167,9.87,313.4,False,,,,,,,,,0.4847,0.5167,1.065931,1d_transect,2026-03-27 23:00:00-07:00,0.5166688561439514,0.4955882397487417,15.384615948919734,194.7150115966797,0.075792760108889,4.545454570084564,243.9715576171875,,,,cdip,2026-03-25 20:06:18,0.0
21,2026-03-28 02:00:00-07:00,0.5333,9.87,313.0,False,,,,,,,,,0.4798,0.5333,1.111596,1d_transect,2026-03-28 02:00:00-07:00,0.5332909822463989,0.5140471016546169,15.384615948919734,195.35060119628903,0.0746744417228222,4.761904910578484,242.8842315673828,,,,cdip,2026-03-25 20:06:18,0.0
21,2026-03-28 05:00:00-07:00,0.548,10.53,312.3,False,,,,,,,,,0.5274,0.548,1.039081,1d_transect,2026-03-28 05:00:00-07:00,0.5480121970176697,0.5294473477791226,15.384615948919734,195.86671447753903,0.0720776501539695,4.347826008084592,242.38853454589844,,,,cdip,2026-03-25 20:06:18,0.0
21,2026-03-28 08:00:00-07:00,0.5617,10.53,311.3,False,,,,,,,,,0.5378,0.5617,1.044407,1d_transect,2026-03-28 08:00:00-07:00,0.5616604089736938,0.5436842538944688,15.384615948919734,196.364013671875,,,,,,,cdip,2026-03-25 20:06:18,0.0
21,2026-03-28 11:00:00-07:00,0.4954,11.11,312.3,False,0.2959,14.29,265.8,False,,,,,0.7136,0.577,0.808684,1d_transect,2026-03-28 11:00:00-07:00,0.5770498514175415,0.5596737586896183,15.384615948919734,196.7880706787109,,,,,,,cdip,2026-03-25 20:06:18,0.0
21,2026-03-28 14:00:00-07:00,0.419,11.11,308.0,False,0.2241,14.29,256.8,False,,,,,0.8365,0.4752,0.568076,1d_transect,2026-03-28 14:00:00-07:00,0.4751964509487152,0.0312905843592809,14.28571422489322,194.5520477294922,,,,,,,cdip,2026-03-25 20:06:18,0.0
21,2026-03-28 17:00:00-07:00,0.4175,11.11,309.0,False,,,,,,,,,0.7303,0.4175,0.57173,1d_transect,2026-03-28 17:00:00-07:00,0.4175075590610504,0.4073594256453355,13.33333280351429,192.6793212890625,,,,,,,cdip,2026-03-25 20:06:18,0.0
21,2026-03-28 20:00:00-07:00,0.339,11.11,307.9,False,0.2337,13.33,264.5,False,,,,,0.8307,0.4118,0.495712,1d_transect,2026-03-28 20:00:00-07:00,0.4117634296417236,0.4031212430400807,13.33333280351429,193.17198181152344,,,,,,,cdip,2026-03-25 20:06:18,0.0
21,2026-03-28 23:00:00-07:00,0.2836,13.33,264.2,False,0.2866,10.53,311.3,False,,,,,0.6607,0.4033,0.610377,1d_transect,2026-03-28 23:00:00-07:00,0.4032648503780365,0.3931080921474207,13.33333280351429,193.740234375,0.0479436408110589,19.99999970197678,195.6944732666016,,,,cdip,2026-03-25 20:06:18,0.0
21,2026-03-29 02:00:00-07:00,0.2574,13.33,258.4,False,0.3023,10.53,306.1,False,,,,,0.7262,0.397,0.546711,1d_transect,2026-03-29 02:00:00-07:00,0.3970126807689667,0.3871183015397987,13.33333280351429,194.1715240478516,0.0530720304196508,19.99999970197678,196.59837341308597,,,,cdip,2026-03-25 20:06:18,0.0
21,2026-03-29 05:00:00-07:00,0.2677,13.33,260.0,False,0.2871,9.87,307.9,False,,,,,0.679,0.3925,0.578079,1d_transect,2026-03-29 05:00:00-07:00,0.3925405144691467,0.3827240186472865,13.33333280351429,194.4825897216797,0.0575800218244109,19.99999970197678,198.07241821289065,,,,cdip,2026-03-25 20:06:18,0.0
21,2026-03-29 08:00:00-07:00,0.2862,13.33,260.6,False,0.2647,9.87,306.2,False,,,,,0.7086,0.3898,0.550136,1d_transect,2026-03-29 08:00:00-07:00,0.3898340761661529,0.3804705303884956,13.33333280351429,194.63479614257807,0.0583770132375808,19.99999970197678,199.7890472412109,,,,cdip,2026-03-25 20:06:18,0.0
21,2026-03-29 11:00:00-07:00,0.29,13.33,260.8,False,0.2543,9.87,307.2,False,,,,,0.6839,0.3857,0.563893,1d_transect,2026-03-29 11:00:00-07:00,0.3856516182422638,0.3776227625475513,13.33333280351429,194.7264862060547,0.053116240207551,19.99999970197678,198.10958862304688,,,,cdip,2026-03-25 20:06:18,0.0
21,2026-03-29 14:00:00-07:00,0.2898,13.33,265.3,False,0.2477,9.87,306.3,False,,,,,0.6382,0.3812,0.597341,1d_transect,2026-03-29 14:00:00-07:00,0.3812077343463897,0.3698559552317105,13.33333280351429,194.84043884277344,0.0751350011236089,18.181818280338256,196.0639190673828,,,,cdip,2026-03-25 20:06:18,0.0
21,2026-03-29 17:00:00-07:00,0.2922,13.33,266.3,False,0.2366,9.87,306.8,False,,,,,0.6164,0.376,0.609961,1d_transect,2026-03-29 17:00:00-07:00,0.3759826719760895,0.3638005743142649,13.33333280351429,195.0635986328125,0.080549511586468,18.181818280338256,196.54396057128903,,,,cdip,2026-03-25 20:06:18,0.0
21,2026-03-29 20:00:00-07:00,0.304,13.33,264.5,False,0.2049,9.09,305.8,False,,,,,0.658,0.3667,0.557228,1d_transect,2026-03-29 20:00:00-07:00,0.3666653335094452,0.3547006699463725,13.33333280351429,195.19728088378903,0.0797539088402545,18.181818280338256,196.59799194335935,,,,cdip,2026-03-25 20:06:18,0.0
21,2026-03-29 23:00:00-07:00,0.294,12.5,268.4,False,0.1911,9.09,306.8,False,0.0511,3.7,319.0,True,0.6001,0.3543,0.590437,1d_transect,2026-03-29 23:00:00-07:00,0.3543211817741394,0.3430718058964784,13.33333280351429,195.07815551757807,0.0758069217068145,18.181818280338256,196.45220947265625,,,,cdip,2026-03-25 20:06:18,0.0
21,2026-03-30 02:00:00-07:00,0.2434,12.5,264.4,False,0.1589,9.09,308.0,False,,,,,0.6045,0.2906,0.480761,1d_transect,2026-03-30 02:00:00-07:00,0.2906389534473419,0.2813420980543406,12.50000027939678,191.3214111328125,0.0621371776336347,18.181818280338256,196.40208435058597,,,,cdip,2026-03-25 20:06:18,0.0
21,2026-03-30 05:00:00-07:00,0.2429,12.5,266.0,False,0.1506,9.09,309.2,False,,,,,0.6034,0.2858,0.473673,1d_transect,2026-03-30 05:00:00-07:00,0.2858113050460815,0.2762321316668035,12.50000027939678,191.2351531982422,0.0626731901341798,18.181818280338256,196.44631958007807,,,,cdip,2026-03-25 20:06:18,0.0
21,2026-03-30 08:00:00-07:00,0.2534,12.5,266.2,False,0.101,9.09,308.0,False,0.0707,5.88,316.2,True,0.5502,0.2818,0.512236,1d_transect,2026-03-30 08:00:00-07:00,0.281834065914154,0.2722703556143145,12.50000027939678,190.9997711181641,0.0622001554029122,18.181818280338256,196.4403533935547,,,,cdip,2026-03-25 20:06:18,0.0
21,2026-03-30 11:00:00-07:00,0.2509,12.5,267.3,False,0.0912,9.09,309.2,False,0.0779,5.56,314.6,True,0.5663,0.2781,0.491134,1d_transect,2026-03-30 11:00:00-07:00,0.2781098484992981,0.2688665371862254,12.50000027939678,190.6007843017578,0.0603282093009164,18.181818280338256,196.41065979003903,,,,cdip,2026-03-25 20:06:18,0.0
21,2026-03-30 14:00:00-07:00,0.2535,12.5,268.9,False,0.0902,9.09,307.9,False,0.054,5.56,315.6,True,0.53,0.2744,0.517733,1d_transect,2026-03-30 14:00:00-07:00,0.274404913187027,0.2718112876280995,12.50000027939678,190.16429138183597,,,,,,,cdip,2026-03-25 20:06:18,0.0
21,2026-03-30 17:00:00-07:00,0.2143,11.76,275.9,False,0.1053,15.38,232.6,False,0.1306,9.09,309.4,False,0.4753,0.2722,0.572604,1d_transect,2026-03-30 17:00:00-07:00,0.2721862494945526,0.2572732749566268,12.50000027939678,189.77801513671875,0.080156279366257,16.666667039195705,199.05450439453125,,,,cdip,2026-03-25 20:06:18,0.0
21,2026-03-30 20:00:00-07:00,0.1331,15.38,233.8,False,0.1929,11.11,286.5,False,0.1379,8.33,308.7,False,0.3993,0.2719,0.680975,1d_transect,2026-03-30 20:00:00-07:00,0.2718929350376129,0.1568648440616355,12.50000027939678,189.4903259277344,0.0841358920041769,16.666667039195705,199.03550720214844,,,,cdip,2026-03-25 20:06:18,0.0
21,2026-03-30 23:00:00-07:00,0.11,15.38,235.4,False,0.142,11.11,288.1,False,0.0995,8.33,308.9,False,0.3827,0.2053,0.536419,1d_transect,2026-03-30 23:00:00-07:00,0.2052876651287078,0.1140709879451083,11.111110669595242,181.7772979736328,0.0662965034747125,16.666667039195705,198.9273834228516,,,,cdip,2026-03-25 20:06:18,0.0
21,2026-03-31 02:00:00-07:00,0.1269,15.38,242.8,False,0.1179,11.11,287.6,False,0.111,8.33,300.5,False,0.408,0.2057,0.504316,1d_transect,2026-03-31 02:00:00-07:00,0.2057359665632248,0.1121149182841243,11.111110669595242,181.43161010742188,0.0690736624890097,16.666667039195705,199.1172637939453,,,,cdip,2026-03-25 20:06:18,0.0
21,2026-03-31 05:00:00-07:00,0.1517,14.29,245.3,False,0.1042,11.11,292.9,False,0.0998,8.33,295.7,False,0.3834,0.2093,0.545912,1d_transect,2026-03-31 05:00:00-07:00,0.2093057185411453,0.0860024029234973,11.111110669595242,180.3541412353516,0.1008752067748534,16.666667039195705,199.10574340820312,,,,cdip,2026-03-25 20:06:18,0.0
21,2026-03-31 08:00:00-07:00,0.1503,14.29,246.6,False,0.086,11.11,295.5,False,0.1246,8.33,294.6,False,0.4043,0.2134,0.527749,1d_transect,2026-03-31 08:00:00-07:00,0.2133704423904419,0.0842403593248075,11.111110669595242,180.41714477539065,0.1030161858379714,16.666667039195705,199.38352966308597,,,,cdip,2026-03-25 20:06:18,0.0
21,2026-03-31 11:00:00-07:00,0.1643,14.29,242.4,False,0.1086,11.11,291.3,False,0.0835,8.33,295.3,False,0.4163,0.2139,0.51393,1d_transect,2026-03-31 11:00:00-07:00,0.2139406949281692,0.1071885706027413,11.111110669595242,180.1094207763672,0.0313543820281348,16.666667039195705,198.9349365234375,,,,cdip,2026-03-25 20:06:18,0.0
21,2026-03-31 14:00:00-07:00,0.1599,14.29,245.5,False,0.0809,11.11,303.6,False,0.1452,7.69,278.5,False,0.4676,0.2307,0.493285,1d_transect,2026-03-31 14:00:00-07:00,0.230654239654541,0.0809356259117359,11.111110669595242,180.17315673828125,0.1196233844832181,16.666667039195705,198.88710021972656,,,,cdip,2026-03-25 20:06:18,0.0
22,2026-03-25 02:00:00-07:00,0.5642,15.38,260.5,False,0.3604,11.11,306.4,False,0.1985,3.85,332.6,True,0.211,0.6983,3.309453,1d_transect,2026-03-25 02:00:00-07:00,0.6982603669166565,0.6954722144321749,18.181818280338256,201.78553771972656,,,,,,,cdip,2026-03-25 20:06:18,0.0
22,2026-03-25 05:00:00-07:00,0.6134,15.38,254.7,False,0.2749,11.11,306.8,False,0.1763,3.85,318.5,True,0.2558,0.6949,2.715941,1d_transect,2026-03-25 05:00:00-07:00,0.6948688626289368,0.6923515175939756,18.181818280338256,201.49807739257807,,,,,,,cdip,2026-03-25 20:06:18,0.0
22,2026-03-25 08:00:00-07:00,0.5494,11.11,305.6,False,0.44,4.17,326.3,True,,,,,0.132,0.7039,5.333281,1d_transect,2026-03-25 08:00:00-07:00,0.7039039134979248,0.7014455645616705,16.666667039195705,202.29931640625,,,,,,,cdip,2026-03-25 20:06:18,0.0
22,2026-03-25 11:00:00-07:00,0.5503,11.11,304.8,False,0.4612,4.76,322.7,True,,,,,0.1385,0.718,5.18471,1d_transect,2026-03-25 11:00:00-07:00,0.7179995179176331,0.7154340553275925,16.666667039195705,202.17417907714844,,,,,,,cdip,2026-03-25 20:06:18,0.0
22,2026-03-25 14:00:00-07:00,0.5378,11.11,296.8,False,0.4936,4.76,331.5,True,,,,,0.1535,0.73,4.756157,1d_transect,2026-03-25 14:00:00-07:00,0.7299714684486389,0.7258187634490195,16.666667039195705,202.1343994140625,,,,,,,cdip,2026-03-25 20:06:18,0.0
22,2026-03-25 17:00:00-07:00,0.5284,11.11,294.4,False,0.516,5.0,327.0,True,,,,,0.1785,0.7386,4.137512,1d_transect,2026-03-25 17:00:00-07:00,0.7385685443878174,0.7321586670020386,16.666667039195705,202.1864318847656,,,,,,,cdip,2026-03-25 20:06:18,0.0
22,2026-03-25 20:00:00-07:00,0.5346,11.11,294.2,False,0.5341,5.26,329.5,True,,,,,0.1994,0.7556,3.789662,1d_transect,2026-03-25 20:00:00-07:00,0.7556358575820923,0.750649287890403,16.666667039195705,202.30088806152344,,,,,,,cdip,2026-03-25 20:06:18,0.0
22,2026-03-25 23:00:00-07:00,0.3371,11.11,300.3,False,0.4429,6.67,319.1,False,,,,,0.2506,0.5567,2.221733,1d_transect,2026-03-25 23:00:00-07:00,0.5566554069519043,0.5146994970822609,16.666667039195705,202.44712829589844,0.195816534900056,7.692307974459867,242.09327697753903,,,,cdip,2026-03-25 20:06:18,0.0
22,2026-03-26 02:00:00-07:00,0.666,8.33,312.0,False,,,,,,,,,0.2961,0.666,2.249312,1d_transect,2026-03-26 02:00:00-07:00,0.6660030484199524,0.4762957253337314,16.666667039195705,202.7056121826172,0.3483884134250997,9.871668200422231,226.5431365966797,0.2754860950219572,7.692307974459867,242.50485229492188,cdip,2026-03-25 20:06:18,0.0
22,2026-03-26 05:00:00-07:00,0.7552,9.09,310.8,False,,,,,,,,,0.3458,0.7552,2.184027,1d_transect,2026-03-26 05:00:00-07:00,0.7552352547645569,0.4845167995937183,16.666667039195705,202.99957275390625,0.4280861449118226,9.871668200422231,228.0008850097656,0.3387592455004209,7.692307974459867,242.31719970703125,cdip,2026-03-25 20:06:18,0.0
22,2026-03-26 08:00:00-07:00,0.7605,9.87,308.3,False,,,,,,,,,0.3575,0.7605,2.127233,1d_transect,2026-03-26 08:00:00-07:00,0.7605465650558472,0.4620865667131276,16.666667039195705,203.00521850585935,0.4577442784878995,10.526315921561542,227.45526123046875,0.2934680384159466,7.692307974459867,242.0970458984375,cdip,2026-03-25 20:06:18,0.0
22,2026-03-26 11:00:00-07:00,0.7735,9.87,311.7,False,,,,,,,,,0.3498,0.7735,2.211383,1d_transect,2026-03-26 11:00:00-07:00,0.7735193967819214,0.464047920224045,16.666667039195705,202.6752471923828,0.4803311079128975,10.526315921561542,227.53135681152344,0.277414981869615,7.692307974459867,241.828125,cdip,2026-03-25 20:06:18,0.0
22,2026-03-26 14:00:00-07:00,0.7154,9.87,306.6,False,,,,,,,,,0.3297,0.7154,2.169808,1d_transect,2026-03-26 14:00:00-07:00,0.7154068350791931,0.4361694035593099,16.666667039195705,202.27960205078125,0.4468361809547949,10.526315921561542,227.4454040527344,0.2445394695407031,7.692307974459867,241.79820251464844,cdip,2026-03-25 20:06:18,0.0
22,2026-03-26 17:00:00-07:00,0.5853,9.87,311.3,False,,,,,,,,,0.3118,0.5853,1.877319,1d_transect,2026-03-26 17:00:00-07:00,0.5852843523025513,0.3969117438737764,15.384615948919734,201.62249755859372,0.3268364971338113,11.111110669595242,226.16368103027344,0.1933801193168507,7.692307974459867,241.83091735839844,cdip,2026-03-25 20:06:18,0.0
22,2026-03-26 20:00:00-07:00,0.5404,9.87,310.3,False,,,,,,,,,0.2939,0.5404,1.838762,1d_transect,2026-03-26 20:00:00-07:00,0.5403578281402588,0.3714883062498273,15.384615948919734,200.9802703857422,0.2942571429985993,11.111110669595242,225.6230316162109,0.1754109797605885,7.692307974459867,241.74127197265625,cdip,2026-03-25 20:06:18,0.0
22,2026-03-26 23:00:00-07:00,0.504,9.87,312.6,False,,,,,,,,,0.2738,0.504,1.840556,1d_transect,2026-03-26 23:00:00-07:00,0.5040141344070435,0.4408357003641053,15.384615948919734,200.2672882080078,0.1615766294639724,7.692307974459867,241.6626892089844,0.1060778417378141,4.761904910578484,249.02606201171875,cdip,2026-03-25 20:06:18,0.0
22,2026-03-27 02:00:00-07:00,0.4833,9.87,313.6,False,,,,,,,,,0.2597,0.4833,1.861072,1d_transect,2026-03-27 02:00:00-07:00,0.4833169877529144,0.4249110520021081,15.384615948919734,199.5420684814453,0.1515977311020457,7.692307974459867,241.6119079589844,0.0994050384563435,4.761904910578484,249.23764038085935,cdip,2026-03-25 20:06:18,0.0
22,2026-03-27 05:00:00-07:00,0.4925,10.53,314.7,False,,,,,,,,,0.2682,0.4925,1.836294,1d_transect,2026-03-27 05:00:00-07:00,0.4925353825092315,0.4366487247086242,14.28571422489322,203.8065643310547,0.1494498014583145,7.692307974459867,241.4859619140625,0.0966056222880123,4.761904910578484,250.57769775390625,cdip,2026-03-25 20:06:18,0.0
22,2026-03-27 08:00:00-07:00,0.4042,10.53,313.7,False,,,,,,,,,0.2585,0.4042,1.563292,1d_transect,2026-03-27 08:00:00-07:00,0.4041755199432373,0.3637935047816373,14.28571422489322,203.20562744140625,0.1063464144352093,7.692307974459867,241.2420654296875,0.0762513600765957,4.545454570084564,251.7117919921875,cdip,2026-03-25 20:06:18,0.0
22,2026-03-27 11:00:00-07:00,0.3968,10.53,314.8,False,,,,,,,,,0.2449,0.3968,1.620332,1d_transect,2026-03-27 11:00:00-07:00,0.3968091607093811,0.3580843505763765,14.28571422489322,202.10386657714844,0.1007556628313874,7.692307974459867,240.99530029296875,0.0731726281877697,4.347826008084592,252.4547119140625,cdip,2026-03-25 20:06:18,0.0
22,2026-03-27 14:00:00-07:00,0.4595,10.53,308.6,False,,,,,,,,,0.2333,0.4595,1.969381,1d_transect,2026-03-27 14:00:00-07:00,0.4594993591308594,0.4163359585705473,15.384615948919734,196.89170837402344,0.1128795990243343,7.692307974459867,240.75433349609372,0.0822584616737131,4.347826008084592,253.0396423339844,cdip,2026-03-25 20:06:18,0.0
22,2026-03-27 17:00:00-07:00,0.4617,10.53,311.1,False,,,,,,,,,0.2258,0.4617,2.045271,1d_transect,2026-03-27 17:00:00-07:00,0.4617416262626648,0.4196405631271303,15.384615948919734,196.9764862060547,0.110522537963358,7.692307974459867,240.468017578125,0.0800659402809929,4.347826008084592,253.45587158203125,cdip,2026-03-25 20:06:18,0.0
22,2026-03-27 20:00:00-07:00,0.5355,9.87,312.3,False,,,,,,,,,0.2103,0.5355,2.54612,1d_transect,2026-03-27 20:00:00-07:00,0.5355405211448669,0.4893370028368107,15.384615948919734,197.63172912597656,0.1249673075581773,7.692307974459867,240.11392211914065,0.0904347304397852,4.347826008084592,253.41400146484372,cdip,2026-03-25 20:06:18,0.0
22,2026-03-27 23:00:00-07:00,0.5677,9.87,313.4,False,,,,,,,,,0.2066,0.5677,2.748029,1d_transect,2026-03-27 23:00:00-07:00,0.5676886439323425,0.5222592654810626,15.384615948919734,198.5568389892578,0.1284793787718169,7.692307974459867,239.953369140625,0.0924278915831361,4.545454570084564,253.17709350585935,cdip,2026-03-25 20:06:18,0.0
22,2026-03-28 02:00:00-07:00,0.4899,9.87,313.0,False,,,,,,,,,0.2045,0.4899,2.39618,1d_transect,2026-03-28 02:00:00-07:00,0.489939272403717,0.4539823986367237,14.28571422489322,201.05374145507807,0.1094822090987057,7.692307974459867,239.9998779296875,0.076835811556846,4.761904910578484,252.32339477539065,cdip,2026-03-25 20:06:18,0.0
22,2026-03-28 05:00:00-07:00,0.4976,10.53,312.3,False,,,,,,,,,0.2168,0.4976,2.294688,1d_transect,2026-03-28 05:00:00-07:00,0.4975839257240295,0.4625066081624915,14.28571422489322,201.72897338867188,0.1102568910424311,7.692307974459867,240.14663696289065,0.1374594189983475,4.347826008084592,251.8536834716797,cdip,2026-03-25 20:06:18,0.0
22,2026-03-28 08:00:00-07:00,0.5113,10.53,311.3,False,,,,,,,,,0.2211,0.5113,2.312396,1d_transect,2026-03-28 08:00:00-07:00,0.5112907290458679,0.4765637304347912,14.28571422489322,202.55870056152344,0.1127777619784816,7.692307974459867,240.30325317382807,0.1371514440252413,4.347826008084592,252.76461791992188,cdip,2026-03-25 20:06:18,0.0
22,2026-03-28 11:00:00-07:00,0.2945,14.29,265.8,False,0.4288,11.11,312.3,False,,,,,0.2899,0.5202,1.794179,1d_transect,2026-03-28 11:00:00-07:00,0.5202022194862366,0.4867321268723287,14.28571422489322,203.3919982910156,0.1124529795620823,7.692307974459867,240.24240112304688,,,,cdip,2026-03-25 20:06:18,0.0
22,2026-03-28 14:00:00-07:00,0.3594,14.29,256.8,False,0.3735,11.11,308.0,False,,,,,0.3309,0.5183,1.566596,1d_transect,2026-03-28 14:00:00-07:00,0.5183380246162415,0.4874135210162466,14.28571422489322,203.9298858642578,0.1092599188070608,7.692307974459867,239.9745178222656,,,,cdip,2026-03-25 20:06:18,0.0
22,2026-03-28 17:00:00-07:00,0.4487,11.11,309.0,False,,,,,,,,,0.236,0.4487,1.901076,1d_transect,2026-03-28 17:00:00-07:00,0.4487412571907043,0.4208866598193893,13.33333280351429,200.04591369628903,0.0546396459186401,19.99999970197678,201.36219787597656,0.0917248733686536,7.692307974459867,239.58636474609372,cdip,2026-03-25 20:06:18,0.0
22,2026-03-28 20:00:00-07:00,0.3181,13.33,264.5,False,0.3059,11.11,307.9,False,,,,,0.3189,0.4413,1.383793,1d_transect,2026-03-28 20:00:00-07:00,0.4413478672504425,0.4162388722458724,13.33333280351429,200.8932037353516,0.0559663911883574,19.99999970197678,201.53428649902344,,,,cdip,2026-03-25 20:06:18,0.0
22,2026-03-28 23:00:00-07:00,0.3292,13.33,264.2,False,0.2805,10.53,311.3,False,,,,,0.2977,0.4325,1.452537,1d_transect,2026-03-28 23:00:00-07:00,0.4324651956558227,0.4181932442704963,13.33333280351429,201.9951171875,0.0567932929661451,19.99999970197678,202.01168823242188,,,,cdip,2026-03-25 20:06:18,0.0
22,2026-03-29 02:00:00-07:00,0.3516,13.33,258.4,False,0.2419,10.53,306.1,False,,,,,0.3226,0.4268,1.323171,1d_transect,2026-03-29 02:00:00-07:00,0.4267910718917846,0.4134467072733793,13.33333280351429,202.82815551757807,0.0605780376903887,19.99999970197678,202.6824951171875,,,,cdip,2026-03-25 20:06:18,0.0
22,2026-03-29 05:00:00-07:00,0.3567,13.33,260.0,False,0.2272,9.87,307.9,False,,,,,0.3099,0.4229,1.364891,1d_transect,2026-03-29 05:00:00-07:00,0.4229133129119873,0.4151782516941302,13.33333280351429,203.55715942382807,,,,,,,cdip,2026-03-25 20:06:18,0.0
22,2026-03-29 08:00:00-07:00,0.3554,13.33,260.6,False,0.2258,9.87,306.2,False,,,,,0.3006,0.4211,1.400722,1d_transect,2026-03-29 08:00:00-07:00,0.4210576713085174,0.4050383020132201,13.33333280351429,204.0140380859375,0.0870963207857527,18.181818280338256,202.1104736328125,,,,cdip,2026-03-25 20:06:18,0.0
22,2026-03-29 11:00:00-07:00,0.3597,13.33,260.8,False,0.2168,9.87,307.2,False,,,,,0.2928,0.42,1.434563,1d_transect,2026-03-29 11:00:00-07:00,0.4199951887130737,0.4028435597786235,13.33333280351429,204.48129272460935,0.0964588507094069,18.181818280338256,201.8585662841797,,,,cdip,2026-03-25 20:06:18,0.0
22,2026-03-29 14:00:00-07:00,0.346,13.33,265.3,False,0.2355,9.87,306.3,False,,,,,0.2469,0.4186,1.695331,1d_transect,2026-03-29 14:00:00-07:00,0.4185822010040283,0.3995839542863496,13.33333280351429,205.0606231689453,0.1071029801230743,18.181818280338256,201.9022216796875,,,,cdip,2026-03-25 20:06:18,0.0
22,2026-03-29 17:00:00-07:00,0.351,13.33,266.3,False,0.2264,9.87,306.8,False,,,,,0.2398,0.4177,1.741646,1d_transect,2026-03-29 17:00:00-07:00,0.417673796415329,0.3968206800809166,13.33333280351429,205.9469451904297,0.1162559124550216,18.181818280338256,202.15493774414065,,,,cdip,2026-03-25 20:06:18,0.0
22,2026-03-29 20:00:00-07:00,0.3786,13.33,264.5,False,0.1754,9.09,305.8,False,,,,,0.2933,0.4173,1.422944,1d_transect,2026-03-29 20:00:00-07:00,0.4172809720039367,0.3936829657586722,13.33333280351429,206.4420623779297,0.126700145679209,18.181818280338256,202.2080535888672,,,,cdip,2026-03-25 20:06:18,0.0
22,2026-03-29 23:00:00-07:00,0.3188,12.5,268.4,False,0.1746,9.09,306.8,False,0.076,3.7,319.0,True,0.2306,0.3713,1.609879,1d_transect,2026-03-29 23:00:00-07:00,0.3712970018386841,0.3402636395189841,12.50000027939678,200.2339324951172,0.1408057289045548,18.181818280338256,202.2277374267578,,,,cdip,2026-03-25 20:06:18,0.0
22,2026-03-30 02:00:00-07:00,0.3355,12.5,264.4,False,0.1564,9.09,308.0,False,,,,,0.2621,0.3702,1.412561,1d_transect,2026-03-30 02:00:00-07:00,0.3701630532741546,0.335698454935275,12.50000027939678,201.22015380859372,0.1487188676354912,18.181818280338256,202.2641143798828,,,,cdip,2026-03-25 20:06:18,0.0
22,2026-03-30 05:00:00-07:00,0.3276,12.5,266.0,False,0.1712,9.09,309.2,False,,,,,0.2301,0.3697,1.606542,1d_transect,2026-03-30 05:00:00-07:00,0.369665652513504,0.3326391266462047,12.50000027939678,201.6620178222656,0.1542487762740773,18.181818280338256,202.28941345214844,,,,cdip,2026-03-25 20:06:18,0.0
22,2026-03-30 08:00:00-07:00,0.3296,12.5,266.2,False,0.1107,9.09,308.0,False,0.126,5.88,316.2,True,0.2208,0.3698,1.675271,1d_transect,2026-03-30 08:00:00-07:00,0.3698489367961883,0.3301060776238483,12.50000027939678,201.40478515625,0.1601395147416817,16.666667039195705,202.23513793945312,,,,cdip,2026-03-25 20:06:18,0.0
22,2026-03-30 11:00:00-07:00,0.339,12.5,267.3,False,0.1039,9.09,309.2,False,0.1089,5.56,314.6,True,0.2223,0.3709,1.668585,1d_transect,2026-03-30 11:00:00-07:00,0.370893657207489,0.3280820950027927,12.50000027939678,200.31661987304688,0.1666458036809247,16.666667039195705,202.2732696533203,,,,cdip,2026-03-25 20:06:18,0.0
22,2026-03-30 14:00:00-07:00,0.3447,12.5,268.9,False,0.1034,9.09,307.9,False,0.1006,5.56,315.6,True,0.2111,0.3737,1.770659,1d_transect,2026-03-30 14:00:00-07:00,0.373712420463562,0.1960342820438305,12.50000027939678,199.04953002929688,0.1941482742134381,16.666667039195705,202.4356384277344,0.2477536898134842,11.111110669595242,188.75198364257807,cdip,2026-03-25 20:06:18,0.0
22,2026-03-30 17:00:00-07:00,0.5128,15.38,232.6,False,0.2952,11.76,275.9,False,0.2242,9.09,309.4,False,0.2157,0.6327,2.933587,1d_transect,2026-03-30 17:00:00-07:00,0.6327109336853027,0.3456321384102952,16.666667039195705,202.5850067138672,0.3122978075246589,12.50000027939678,197.8723297119141,,,,cdip,2026-03-25 20:06:18,0.0
22,2026-03-30 20:00:00-07:00,0.5701,15.38,233.8,False,0.1846,11.11,286.5,False,0.2101,8.33,308.7,False,0.2069,0.635,3.068994,1d_transect,2026-03-30 20:00:00-07:00,0.6350135207176208,0.3568418225262046,16.666667039195705,202.6093292236328,0.2970786856155328,11.111110669595242,187.19737243652344,,,,cdip,2026-03-25 20:06:18,0.0
22,2026-03-30 23:00:00-07:00,0.5739,15.38,235.4,False,0.1774,11.11,288.1,False,0.1979,8.33,308.9,False,0.2004,0.6324,3.156205,1d_transect,2026-03-30 23:00:00-07:00,0.6324015855789185,0.3599681422051105,16.666667039195705,202.5425720214844,0.4267514445886023,11.111110669595242,186.13986206054688,0.2850617077494105,12.50000027939678,196.24530029296875,cdip,2026-03-25 20:06:18,0.0
22,2026-03-31 02:00:00-07:00,0.5901,15.38,242.8,False,0.1425,11.11,287.6,False,0.1711,8.33,300.5,False,0.2197,0.6307,2.870229,1d_transect,2026-03-31 02:00:00-07:00,0.630688488483429,0.3872453302141016,16.666667039195705,202.522216796875,0.2439004564076028,11.111110669595242,185.6272125244141,,,,cdip,2026-03-25 20:06:18,0.0
22,2026-03-31 05:00:00-07:00,0.5446,14.29,245.3,False,0.1084,11.11,292.9,False,0.1084,8.33,295.7,False,0.2133,0.5658,2.652001,1d_transect,2026-03-31 05:00:00-07:00,0.5657773613929749,0.3679738586564594,15.384615948919734,202.91004943847656,0.3739775242629757,11.111110669595242,184.16586303710935,0.1985487535292243,12.50000027939678,195.30079650878903,cdip,2026-03-25 20:06:18,0.0
22,2026-03-31 08:00:00-07:00,0.5521,14.29,246.6,False,0.1012,11.11,295.5,False,0.1176,8.33,294.6,False,0.2187,0.5735,2.622649,1d_transect,2026-03-31 08:00:00-07:00,0.5735035538673401,0.3693361768576025,15.384615948919734,203.0687255859375,0.3872705738877489,11.111110669595242,184.31040954589844,0.1919872684232212,12.50000027939678,194.90609741210935,cdip,2026-03-25 20:06:18,0.0
22,2026-03-31 11:00:00-07:00,0.5616,14.29,242.4,False,0.0971,11.11,291.3,False,0.0779,8.33,295.3,False,0.2683,0.5752,2.143802,1d_transect,2026-03-31 11:00:00-07:00,0.5751858353614807,0.3943641477012031,15.384615948919734,203.225830078125,0.3682484880679981,11.111110669595242,183.6478576660156,0.184764154840841,12.50000027939678,195.08740234375,cdip,2026-03-25 20:06:18,0.0
22,2026-03-31 14:00:00-07:00,0.567,14.29,245.5,False,0.1061,11.11,303.6,False,0.1656,7.69,278.5,False,0.2536,0.6002,2.366672,1d_transect,2026-03-31 14:00:00-07:00,0.600181519985199,0.3994969698415246,15.384615948919734,203.43963623046875,0.3452801184048296,11.111110669595242,183.7933807373047,0.1804015196395327,12.50000027939678,195.1692047119141,cdip,2026-03-25 20:06:18,0.0
23,2026-03-25 02:00:00-07:00,0.0537,15.38,260.5,False,0.0717,11.11,306.4,False,0.0395,3.85,332.6,True,0.1487,0.0979,0.6585,1d_transect,2026-03-25 02:00:00-07:00,0.0979127585887909,0.0799260322323704,18.181818280338256,202.67166137695312,0.0557590624743035,12.50000027939678,202.1519927978516,,,,cdip,2026-03-25 20:06:18,0.0
23,2026-03-25 05:00:00-07:00,0.0677,15.38,254.7,False,0.0589,11.11,306.8,False,0.0378,3.85,318.5,True,0.1673,0.0974,0.58226,1d_transect,2026-03-25 05:00:00-07:00,0.0974140167236328,0.080745284182377,18.181818280338256,201.92181396484372,0.0537489156028294,12.50000027939678,203.3840484619141,,,,cdip,2026-03-25 20:06:18,0.0
23,2026-03-25 08:00:00-07:00,0.0785,11.11,305.6,False,0.0628,4.17,326.3,True,,,,,0.132,0.1005,0.761636,1d_transect,2026-03-25 08:00:00-07:00,0.1005227044224739,0.0845943210354921,16.666667039195705,203.6230010986328,0.0535515570193417,12.50000027939678,205.6146240234375,,,,cdip,2026-03-25 20:06:18,0.0
23,2026-03-25 11:00:00-07:00,0.0787,11.11,304.8,False,0.066,4.76,322.7,True,,,,,0.1385,0.1027,0.741623,1d_transect,2026-03-25 11:00:00-07:00,0.1026813685894012,0.0868705683748634,16.666667039195705,203.5366973876953,0.0539590201407606,12.50000027939678,208.23422241210935,,,,cdip,2026-03-25 20:06:18,0.0
23,2026-03-25 14:00:00-07:00,0.0772,11.11,296.8,False,0.0713,4.76,331.5,True,,,,,0.153,0.1051,0.68666,1d_transect,2026-03-25 14:00:00-07:00,0.1050717830657959,0.1044053454234892,16.666667039195705,203.4024353027344,,,,,,,cdip,2026-03-25 20:06:18,0.0
23,2026-03-25 17:00:00-07:00,0.0758,11.11,294.4,False,0.0771,5.0,327.0,True,,,,,0.1749,0.1081,0.618262,1d_transect,2026-03-25 17:00:00-07:00,0.10813769698143,0.1071318457932274,16.666667039195705,203.22119140625,,,,,,,cdip,2026-03-25 20:06:18,0.0
23,2026-03-25 20:00:00-07:00,0.0761,11.11,294.2,False,0.0792,5.26,329.5,True,,,,,0.1955,0.1099,0.562021,1d_transect,2026-03-25 20:00:00-07:00,0.1098547652363777,0.1060592219254302,18.181818280338256,201.8348846435547,0.0253726865613458,7.14285711244661,241.72097778320312,,,,cdip,2026-03-25 20:06:18,0.0
23,2026-03-25 23:00:00-07:00,0.0651,11.11,300.3,False,0.0856,6.67,319.1,False,,,,,0.2505,0.1076,0.429458,1d_transect,2026-03-25 23:00:00-07:00,0.1075867190957069,0.0978235940543192,16.666667039195705,202.9104461669922,0.0419944983700028,7.692307974459867,243.49856567382807,,,,cdip,2026-03-25 20:06:18,0.0
23,2026-03-26 02:00:00-07:00,0.1195,8.33,312.0,False,,,,,,,,,0.2961,0.1195,0.403751,1d_transect,2026-03-26 02:00:00-07:00,0.1195472851395607,0.0904742304452551,16.666667039195705,202.49375915527344,0.0514672779466937,9.871668200422231,227.9964599609375,0.0533007064860082,7.692307974459867,243.87869262695312,cdip,2026-03-25 20:06:18,0.0
23,2026-03-26 05:00:00-07:00,0.1278,9.09,310.8,False,,,,,,,,,0.3458,0.1278,0.36968,1d_transect,2026-03-26 05:00:00-07:00,0.1278350502252578,0.0810818408591592,16.666667039195705,202.04173278808597,0.0741985154598162,10.526315921561542,228.84669494628903,0.0542180596103397,7.692307974459867,243.70928955078125,cdip,2026-03-25 20:06:18,0.0
23,2026-03-26 08:00:00-07:00,0.1292,9.87,308.3,False,,,,,,,,,0.3575,0.1292,0.361356,1d_transect,2026-03-26 08:00:00-07:00,0.1291951835155487,0.078236842421398,16.666667039195705,202.2900848388672,0.0779293510628047,10.526315921561542,229.36846923828125,0.0532232249557838,7.692307974459867,243.51022338867188,cdip,2026-03-25 20:06:18,0.0
23,2026-03-26 11:00:00-07:00,0.1284,9.87,311.7,False,,,,,,,,,0.3498,0.1284,0.367219,1d_transect,2026-03-26 11:00:00-07:00,0.1284496188163757,0.0712730022415892,16.666667039195705,202.77052307128903,0.0845600382891018,10.526315921561542,229.51751708984372,0.0463787848002595,7.692307974459867,243.2701416015625,cdip,2026-03-25 20:06:18,0.0
23,2026-03-26 14:00:00-07:00,0.1224,9.87,306.6,False,,,,,,,,,0.3297,0.1224,0.371275,1d_transect,2026-03-26 14:00:00-07:00,0.1224130541086196,0.0685859920578944,16.666667039195705,203.09616088867188,0.0814358800627298,10.526315921561542,229.43898010253903,0.0424393720735941,7.692307974459867,243.23602294921875,cdip,2026-03-25 20:06:18,0.0
23,2026-03-26 17:00:00-07:00,0.1181,9.87,311.3,False,,,,,,,,,0.3118,0.1181,0.378658,1d_transect,2026-03-26 17:00:00-07:00,0.1180525571107864,0.0671222919421123,15.384615948919734,200.51319885253903,0.0786287929489798,12.50000027939678,221.5363006591797,0.0398049932276711,7.692307974459867,243.25991821289065,cdip,2026-03-25 20:06:18,0.0
23,2026-03-26 20:00:00-07:00,0.1127,9.87,310.3,False,,,,,,,,,0.2939,0.1127,0.383537,1d_transect,2026-03-26 20:00:00-07:00,0.1127103492617607,0.066026722520243,15.384615948919734,199.68934631347656,0.0735732723367926,12.50000027939678,220.32620239257807,0.0371090957436822,7.692307974459867,243.1722412109375,cdip,2026-03-25 20:06:18,0.0
23,2026-03-26 23:00:00-07:00,0.109,9.87,312.6,False,,,,,,,,,0.2738,0.109,0.398145,1d_transect,2026-03-26 23:00:00-07:00,0.1090273633599281,0.0667161360375428,15.384615948919734,198.85675048828125,0.0689557637850564,12.50000027939678,219.7063446044922,0.0348228141566185,7.14285711244661,242.95755004882807,cdip,2026-03-25 20:06:18,0.0
23,2026-03-27 02:00:00-07:00,0.1076,9.87,313.6,False,,,,,,,,,0.2597,0.1076,0.414175,1d_transect,2026-03-27 02:00:00-07:00,0.1075604408979415,0.0681315440090615,15.384615948919734,198.13421630859372,0.0671872920589939,12.50000027939678,220.1228179931641,0.0328260007463967,7.14285711244661,243.0235290527344,cdip,2026-03-25 20:06:18,0.0
23,2026-03-27 05:00:00-07:00,0.1135,10.53,314.7,False,,,,,,,,,0.2682,0.1135,0.42327,1d_transect,2026-03-27 05:00:00-07:00,0.1135304942727088,0.0734312250205247,15.384615948919734,197.62510681152344,0.0711008580789915,12.50000027939678,220.67042541503903,0.0326325928514958,7.14285711244661,242.9693603515625,cdip,2026-03-25 20:06:18,0.0
23,2026-03-27 08:00:00-07:00,0.1069,10.53,313.7,False,,,,,,,,,0.2585,0.1069,0.413292,1d_transect,2026-03-27 08:00:00-07:00,0.1068531200289726,0.070298960752556,15.384615948919734,197.2075653076172,0.0666399485533459,12.50000027939678,220.14488220214844,0.029047165166748,7.14285711244661,242.8706512451172,cdip,2026-03-25 20:06:18,0.0
23,2026-03-27 11:00:00-07:00,0.106,10.53,314.8,False,,,,,,,,,0.2449,0.106,0.432897,1d_transect,2026-03-27 11:00:00-07:00,0.1060138642787933,0.0966156744897693,15.384615948919734,196.7559814453125,0.0274093508812805,7.14285711244661,242.7742462158203,0.0181878711937525,4.347826008084592,253.3687286376953,cdip,2026-03-25 20:06:18,0.0
23,2026-03-27 14:00:00-07:00,0.1058,10.53,308.6,False,,,,,,,,,0.2333,0.1058,0.453553,1d_transect,2026-03-27 14:00:00-07:00,0.105823703110218,0.0972065283566691,16.666667039195705,195.23033142089844,0.0258458846899608,7.14285711244661,242.7002868652344,0.0311985988767268,4.347826008084592,253.9208221435547,cdip,2026-03-25 20:06:18,0.0
23,2026-03-27 17:00:00-07:00,0.1071,10.53,311.1,False,,,,,,,,,0.2258,0.1071,0.474304,1d_transect,2026-03-27 17:00:00-07:00,0.1070792376995086,0.0989082661178671,16.666667039195705,195.5983123779297,0.0249921690085391,7.14285711244661,242.62368774414065,0.0308462188335945,4.347826008084592,254.3011779785156,cdip,2026-03-25 20:06:18,0.0
23,2026-03-27 20:00:00-07:00,0.1131,9.87,312.3,False,,,,,,,,,0.2103,0.1131,0.537504,1d_transect,2026-03-27 20:00:00-07:00,0.1130563989281654,0.1049773919799062,15.384615948919734,195.7218170166016,0.0254584698134637,7.14285711244661,242.4710998535156,0.0315720691826188,4.347826008084592,254.28274536132807,cdip,2026-03-25 20:06:18,0.0
23,2026-03-27 23:00:00-07:00,0.1156,9.87,313.4,False,,,,,,,,,0.2066,0.1156,0.559705,1d_transect,2026-03-27 23:00:00-07:00,0.1156240180134773,0.1080241092030821,15.384615948919734,196.0063934326172,0.0250383565437087,7.692307974459867,241.35107421875,0.0309227847817544,4.545454570084564,254.1054534912109,cdip,2026-03-25 20:06:18,0.0
23,2026-03-28 02:00:00-07:00,0.1171,9.87,313.0,False,,,,,,,,,0.2045,0.1171,0.572658,1d_transect,2026-03-28 02:00:00-07:00,0.1170896515250206,0.110131148140984,15.384615948919734,196.5310211181641,0.0248039406629764,7.692307974459867,241.40771484375,0.0162819277924486,4.761904910578484,253.3251037597656,cdip,2026-03-25 20:06:18,0.0
23,2026-03-28 05:00:00-07:00,0.1187,10.53,312.3,False,,,,,,,,,0.2168,0.1187,0.547467,1d_transect,2026-03-28 05:00:00-07:00,0.1187135502696037,0.1120220848214193,15.384615948919734,197.1097717285156,0.0246616732170128,7.692307974459867,241.5762634277344,0.0287569861729893,4.347826008084592,252.81814575195312,cdip,2026-03-25 20:06:18,0.0
23,2026-03-28 08:00:00-07:00,0.1208,10.53,311.3,False,,,,,,,,,0.2211,0.1208,0.546551,1d_transect,2026-03-28 08:00:00-07:00,0.120847076177597,0.1141202199930575,14.28571422489322,197.7718048095703,0.0247994742250955,7.692307974459867,241.76112365722656,0.0284895180928058,4.347826008084592,253.68536376953125,cdip,2026-03-25 20:06:18,0.0
23,2026-03-28 11:00:00-07:00,0.1155,11.11,312.3,False,0.0357,14.29,265.8,False,,,,,0.2502,0.1209,0.483379,1d_transect,2026-03-28 11:00:00-07:00,0.1209185644984245,0.114502225675392,14.28571422489322,198.1822052001953,0.0241839218951162,7.692307974459867,241.7056884765625,0.006565719572655,22.222221339190483,207.45993041992188,cdip,2026-03-25 20:06:18,0.0
23,2026-03-28 14:00:00-07:00,0.1101,11.11,308.0,False,0.0485,14.29,256.8,False,,,,,0.2605,0.1203,0.461828,1d_transect,2026-03-28 14:00:00-07:00,0.1203147545456886,0.0070503302582799,14.28571422489322,198.4100341796875,0.1143712717620338,7.692307974459867,241.40914916992188,,,,cdip,2026-03-25 20:06:18,0.0
23,2026-03-28 17:00:00-07:00,0.1195,11.11,309.0,False,,,,,,,,,0.236,0.1195,0.506288,1d_transect,2026-03-28 17:00:00-07:00,0.1195061206817627,0.0074006519053702,14.28571422489322,198.46653747558597,0.1141849450743088,7.692307974459867,240.94125366210935,,,,cdip,2026-03-25 20:06:18,0.0
23,2026-03-28 20:00:00-07:00,0.1101,11.11,307.9,False,0.047,13.33,264.5,False,,,,,0.2403,0.1197,0.497897,1d_transect,2026-03-28 20:00:00-07:00,0.1196689531207084,0.115209853332701,13.33333280351429,197.9542694091797,0.0210960373993215,7.692307974459867,240.47415161132807,,,,cdip,2026-03-25 20:06:18,0.0
23,2026-03-28 23:00:00-07:00,0.1066,10.53,311.3,False,0.0513,13.33,264.2,False,,,,,0.2143,0.1183,0.551931,1d_transect,2026-03-28 23:00:00-07:00,0.1182803586125373,0.1161446891736409,13.33333280351429,198.6078338623047,,,,,,,cdip,2026-03-25 20:06:18,0.0
23,2026-03-29 02:00:00-07:00,0.0995,10.53,306.1,False,0.0614,13.33,258.4,False,,,,,0.2149,0.1169,0.544071,1d_transect,2026-03-29 02:00:00-07:00,0.1169028654694557,0.1144719421063557,13.33333280351429,199.12632751464844,0.0117344058610062,19.99999970197678,204.63601684570312,,,,cdip,2026-03-25 20:06:18,0.0
23,2026-03-29 05:00:00-07:00,0.064,13.33,260.0,False,0.096,9.87,307.9,False,,,,,0.2001,0.1153,0.576536,1d_transect,2026-03-29 05:00:00-07:00,0.1153411418199539,0.1130178853223467,13.33333280351429,199.55447387695312,0.0128203882840431,19.99999970197678,205.23085021972656,,,,cdip,2026-03-25 20:06:18,0.0
23,2026-03-29 08:00:00-07:00,0.0617,13.33,260.6,False,0.0956,9.87,306.2,False,,,,,0.1919,0.1138,0.593062,1d_transect,2026-03-29 08:00:00-07:00,0.1138062998652458,0.1115841689878835,13.33333280351429,199.7847595214844,0.0134678082464604,19.99999970197678,205.80572509765625,,,,cdip,2026-03-25 20:06:18,0.0
23,2026-03-29 11:00:00-07:00,0.0629,13.33,260.8,False,0.0923,9.87,307.2,False,,,,,0.1828,0.1117,0.611155,1d_transect,2026-03-29 11:00:00-07:00,0.1117142885923385,0.1104834292908037,13.33333280351429,199.9448089599609,,,,,,,cdip,2026-03-25 20:06:18,0.0
23,2026-03-29 14:00:00-07:00,0.0575,13.33,265.3,False,0.0932,9.87,306.3,False,,,,,0.1632,0.1095,0.670906,1d_transect,2026-03-29 14:00:00-07:00,0.1095213890075683,0.1068566194444179,13.33333280351429,200.1384429931641,0.0185153179042021,18.181818280338256,204.2196044921875,,,,cdip,2026-03-25 20:06:18,0.0
23,2026-03-29 17:00:00-07:00,0.0587,13.33,266.3,False,0.0902,9.87,306.8,False,,,,,0.1551,0.1076,0.693506,1d_transect,2026-03-29 17:00:00-07:00,0.1075757294893264,0.1047263845686713,13.33333280351429,200.52716064453125,0.0201018771605143,18.181818280338256,204.55941772460935,,,,cdip,2026-03-25 20:06:18,0.0
23,2026-03-29 20:00:00-07:00,0.0699,13.33,264.5,False,0.0789,9.09,305.8,False,,,,,0.1646,0.1054,0.640515,1d_transect,2026-03-29 20:00:00-07:00,0.1054489761590957,0.1023732792629824,13.33333280351429,200.7866668701172,0.0214313754532458,18.181818280338256,204.4618377685547,,,,cdip,2026-03-25 20:06:18,0.0
23,2026-03-29 23:00:00-07:00,0.0561,12.5,268.4,False,0.0791,9.09,306.8,False,0.0344,3.7,319.0,True,0.1411,0.1029,0.729582,1d_transect,2026-03-29 23:00:00-07:00,0.1029327064752578,0.0996428652633895,13.33333280351429,200.65652465820312,0.0223487735369132,18.181818280338256,204.20957946777344,,,,cdip,2026-03-25 20:06:18,0.0
23,2026-03-30 02:00:00-07:00,0.0631,12.5,264.4,False,0.0785,9.09,308.0,False,,,,,0.1421,0.1007,0.708615,1d_transect,2026-03-30 02:00:00-07:00,0.1006825417280197,0.0972470301134992,13.33333280351429,200.0528564453125,0.0227012829716832,18.181818280338256,204.08462524414065,,,,cdip,2026-03-25 20:06:18,0.0
23,2026-03-30 05:00:00-07:00,0.0594,12.5,266.0,False,0.0798,9.09,309.2,False,,,,,0.1328,0.0995,0.749106,1d_transect,2026-03-30 05:00:00-07:00,0.0994707494974136,0.0959042209709993,12.50000027939678,202.00100708007807,0.0229979043211965,18.181818280338256,204.0435485839844,,,,cdip,2026-03-25 20:06:18,0.0
23,2026-03-30 08:00:00-07:00,0.059,12.5,266.2,False,0.051,9.09,308.0,False,0.058,5.88,316.2,True,0.126,0.0972,0.771167,1d_transect,2026-03-30 08:00:00-07:00,0.0971588045358657,0.0914329745931671,12.50000027939678,202.33599853515625,0.030239040404963,16.666667039195705,204.5837860107422,,,,cdip,2026-03-25 20:06:18,0.0
23,2026-03-30 11:00:00-07:00,0.0623,12.5,267.3,False,0.0492,9.09,309.2,False,0.0515,5.56,314.6,True,0.1199,0.0947,0.789856,1d_transect,2026-03-30 11:00:00-07:00,0.094666913151741,0.0629498766218818,12.50000027939678,201.93087768554688,0.062127061481001,11.111110669595242,190.21435546875,0.031222558445836,16.666667039195705,204.4320831298828,cdip,2026-03-25 20:06:18,0.0
23,2026-03-30 14:00:00-07:00,0.0631,12.5,268.9,False,0.0487,9.09,307.9,False,0.0474,5.56,315.6,True,0.1112,0.0927,0.834142,1d_transect,2026-03-30 14:00:00-07:00,0.0927450358867645,0.0584171556513102,12.50000027939678,201.22447204589844,0.0629824087537545,11.111110669595242,189.43214416503903,0.0325163741552291,16.666667039195705,204.5110321044922,cdip,2026-03-25 20:06:18,0.0
23,2026-03-30 17:00:00-07:00,0.0717,15.38,232.6,False,0.0335,11.76,275.9,False,0.0467,9.09,309.4,False,0.1505,0.0919,0.610703,1d_transect,2026-03-30 17:00:00-07:00,0.091904729604721,0.0549437497996892,12.50000027939678,200.35281372070312,0.0640338083087772,11.111110669595242,188.51559448242188,0.0339941664535767,16.666667039195705,204.6497802734375,cdip,2026-03-25 20:06:18,0.0
23,2026-03-30 20:00:00-07:00,0.0768,15.38,233.8,False,0.0316,11.11,286.5,False,0.0421,8.33,308.7,False,0.1514,0.0931,0.614936,1d_transect,2026-03-30 20:00:00-07:00,0.0930823236703872,0.0664751406932792,11.111110669595242,187.31524658203125,0.0422261576748038,12.50000027939678,199.4632568359375,0.0349223256476566,16.666667039195705,204.69058227539065,cdip,2026-03-25 20:06:18,0.0
23,2026-03-30 23:00:00-07:00,0.0768,15.38,235.4,False,0.0323,11.11,288.1,False,0.0422,8.33,308.9,False,0.1387,0.0934,0.673552,1d_transect,2026-03-30 23:00:00-07:00,0.0934489741921424,0.0682341399395294,11.111110669595242,185.84109497070312,0.0396407967657307,12.50000027939678,198.6409149169922,0.0346787854220381,16.666667039195705,204.63851928710935,cdip,2026-03-25 20:06:18,0.0
23,2026-03-31 02:00:00-07:00,0.0797,15.38,242.8,False,0.0281,11.11,287.6,False,0.0395,8.33,300.5,False,0.1408,0.0933,0.662706,1d_transect,2026-03-31 02:00:00-07:00,0.0933281332254409,0.0689490618873265,11.111110669595242,184.93150329589844,0.0376786336925866,12.50000027939678,197.81121826171875,0.0346222331559245,16.666667039195705,204.6616058349609,cdip,2026-03-25 20:06:18,0.0
23,2026-03-31 05:00:00-07:00,0.0839,14.29,245.3,False,0.0308,11.11,292.9,False,0.0321,8.33,295.7,False,0.1211,0.095,0.784356,1d_transect,2026-03-31 05:00:00-07:00,0.0949627235531807,0.071475618198543,11.111110669595242,183.35177612304688,0.0494935021927961,15.384615948919734,205.1570587158203,0.0350479611020142,12.50000027939678,197.39990234375,cdip,2026-03-25 20:06:18,0.0
23,2026-03-31 08:00:00-07:00,0.0848,14.29,246.6,False,0.0297,11.11,295.5,False,0.0347,8.33,294.6,False,0.1245,0.0963,0.773131,1d_transect,2026-03-31 08:00:00-07:00,0.0962908640503883,0.074044577184308,11.111110669595242,183.1759185791016,0.0493919366261414,15.384615948919734,205.2846527099609,0.0333977764216359,12.50000027939678,197.1728973388672,cdip,2026-03-25 20:06:18,0.0
23,2026-03-31 11:00:00-07:00,0.0892,14.29,242.4,False,0.0263,11.11,291.3,False,0.022,8.33,295.3,False,0.1581,0.0956,0.604398,1d_transect,2026-03-31 11:00:00-07:00,0.0955772250890731,0.0718882785969341,11.111110669595242,182.82481384277344,0.0520562102289936,15.384615948919734,205.3748321533203,0.0317116064064486,12.50000027939678,197.74563598632807,cdip,2026-03-25 20:06:18,0.0
23,2026-03-31 14:00:00-07:00,0.0898,14.29,245.5,False,0.0323,11.11,303.6,False,0.0283,7.69,278.5,False,0.1383,0.0996,0.719657,1d_transect,2026-03-31 14:00:00-07:00,0.0995519235730171,0.0678157949946485,11.111110669595242,182.6495056152344,0.0522620692492181,15.384615948919734,205.52923583984372,0.0305210227848207,12.50000027939678,197.9605407714844,cdip,2026-03-25 20:06:18,0.0
24,2026-03-25 02:00:00-07:00,0.6552,15.38,260.5,False,0.6989,11.11,306.4,False,0.0969,3.85,332.6,True,0.5958,0.9629,1.616231,1d_transect,2026-03-25 02:00:00-07:00,0.9628971815109252,0.8482075026380373,18.181818280338256,198.8460235595703,0.4490885559711754,12.50000027939678,202.11302185058597,,,,cdip,2026-03-25 20:06:18,0.0
24,2026-03-25 05:00:00-07:00,0.6867,15.38,254.7,False,0.6523,11.11,306.8,False,0.2486,3.85,318.5,True,0.6033,0.9792,1.622985,1d_transect,2026-03-25 05:00:00-07:00,0.9791534543037416,0.8750602605369655,18.181818280338256,198.0848388671875,0.4330366879874009,12.50000027939678,203.35809326171875,,,,cdip,2026-03-25 20:06:18,0.0
24,2026-03-25 08:00:00-07:00,0.967,11.11,305.6,False,0.2426,4.17,326.3,True,,,,,0.4218,0.997,2.363675,1d_transect,2026-03-25 08:00:00-07:00,0.997012495994568,0.8978415451865726,18.181818280338256,197.86474609375,0.4272033843074735,12.50000027939678,205.70237731933597,,,,cdip,2026-03-25 20:06:18,0.0
24,2026-03-25 11:00:00-07:00,0.9594,11.11,304.8,False,0.291,4.76,322.7,True,,,,,0.5362,1.0026,1.869915,1d_transect,2026-03-25 11:00:00-07:00,1.0025591850280762,0.9017099590661486,18.181818280338256,198.0619354248047,0.4316191407337378,12.50000027939678,208.43670654296875,,,,cdip,2026-03-25 20:06:18,0.0
24,2026-03-25 14:00:00-07:00,1.0014,11.11,296.8,False,0.1613,4.76,331.5,True,,,,,0.6527,1.0143,1.554066,1d_transect,2026-03-25 14:00:00-07:00,1.014322280883789,1.0082605762143912,18.181818280338256,198.4009246826172,,,,,,,cdip,2026-03-25 20:06:18,0.0
24,2026-03-25 17:00:00-07:00,1.0031,11.11,294.4,False,0.1916,5.0,327.0,True,,,,,0.827,1.0212,1.234792,1d_transect,2026-03-25 17:00:00-07:00,1.02118980884552,1.0113306234278585,16.666667039195705,202.9931182861328,0.0901369176145713,6.25000013969839,253.0642242431641,,,,cdip,2026-03-25 20:06:18,0.0
24,2026-03-25 20:00:00-07:00,1.029,11.11,294.2,False,0.2011,5.26,329.5,True,,,,,0.9142,1.0485,1.146918,1d_transect,2026-03-25 20:00:00-07:00,1.0484976768493652,1.033649465457269,16.666667039195705,202.5215759277344,0.1277015173492122,6.25000013969839,253.25930786132807,,,,cdip,2026-03-25 20:06:18,0.0
24,2026-03-25 23:00:00-07:00,0.8451,11.11,300.3,False,0.5559,6.67,319.1,False,,,,,0.8781,1.0115,1.152011,1d_transect,2026-03-25 23:00:00-07:00,1.0115323066711426,0.9162624404299586,16.666667039195705,201.993896484375,0.3567047433331153,8.333333519597852,242.7109375,0.189311713491037,6.25000013969839,253.82400512695312,cdip,2026-03-25 20:06:18,0.0
24,2026-03-26 02:00:00-07:00,1.0972,8.33,312.0,False,,,,,,,,,0.9867,1.0972,1.112013,1d_transect,2026-03-26 02:00:00-07:00,1.0971981287002563,0.867961650367395,16.666667039195705,201.127197265625,0.5208942772550174,8.333333519597852,244.81890869140625,0.2585984047102116,10.526315921561542,228.8179168701172,cdip,2026-03-25 20:06:18,0.0
24,2026-03-26 05:00:00-07:00,1.1502,9.09,310.8,False,,,,,,,,,1.1477,1.1502,1.002176,1d_transect,2026-03-26 05:00:00-07:00,1.150243878364563,0.7720372822603541,16.666667039195705,200.4655303955078,0.578389900448092,8.333333519597852,244.74661254882807,0.4499053611709044,10.526315921561542,233.8975524902344,cdip,2026-03-25 20:06:18,0.0
24,2026-03-26 08:00:00-07:00,1.1271,9.87,308.3,False,,,,,,,,,1.4961,1.1271,0.753394,1d_transect,2026-03-26 08:00:00-07:00,1.1271485090255735,0.7090507877898107,15.384615948919734,202.6703643798828,0.4806305499582075,10.526315921561542,235.0100555419922,0.5492299683752737,8.333333519597852,244.55569458007807,cdip,2026-03-25 20:06:18,0.0
24,2026-03-26 11:00:00-07:00,1.0953,9.87,311.7,False,,,,,,,,,1.161,1.0953,0.943415,1d_transect,2026-03-26 11:00:00-07:00,1.0952962636947632,0.6794811559942732,15.384615948919734,201.78858947753903,0.4978476415617699,11.111110669595242,232.88482666015625,0.5037421523479104,9.090909140169128,244.2042999267578,cdip,2026-03-25 20:06:18,0.0
24,2026-03-26 14:00:00-07:00,1.0277,9.87,306.6,False,,,,,,,,,1.3797,1.0277,0.744875,1d_transect,2026-03-26 14:00:00-07:00,1.027693510055542,0.6506341417606955,15.384615948919734,201.1138458251953,0.4813241341114014,11.111110669595242,232.8151092529297,0.4495209024489168,9.090909140169128,244.1564483642578,cdip,2026-03-25 20:06:18,0.0
24,2026-03-26 17:00:00-07:00,0.9719,9.87,311.3,False,,,,,,,,,1.0348,0.9719,0.939193,1d_transect,2026-03-26 17:00:00-07:00,0.9718633890151978,0.6303207504925132,15.384615948919734,200.50588989257807,0.4590047133631336,11.764705758606276,227.77896118164065,0.4006020495630877,9.090909140169128,243.9385986328125,cdip,2026-03-25 20:06:18,0.0
24,2026-03-26 20:00:00-07:00,0.9276,9.87,310.3,False,,,,,,,,,0.9754,0.9276,0.951038,1d_transect,2026-03-26 20:00:00-07:00,0.9276312589645386,0.7490365535386375,15.384615948919734,199.9635772705078,0.3604205505530049,9.090909140169128,243.5782012939453,0.2212505535410995,6.25000013969839,252.83987426757807,cdip,2026-03-25 20:06:18,0.0
24,2026-03-26 23:00:00-07:00,0.895,9.87,312.6,False,,,,,,,,,0.9089,0.895,0.984673,1d_transect,2026-03-26 23:00:00-07:00,0.8949680328369141,0.7986380217302285,15.384615948919734,199.46331787109372,0.2099679895926813,4.999999925494195,257.833984375,,,,cdip,2026-03-25 20:06:18,0.0
24,2026-03-27 02:00:00-07:00,0.8742,9.87,313.6,False,,,,,,,,,0.862,0.8742,1.014152,1d_transect,2026-03-27 02:00:00-07:00,0.874165415763855,0.7838787380135555,15.384615948919734,199.14581298828125,0.1987541965325568,4.999999925494195,258.01666259765625,,,,cdip,2026-03-25 20:06:18,0.0
24,2026-03-27 05:00:00-07:00,0.873,10.53,314.7,False,,,,,,,,,0.8692,0.873,1.004383,1d_transect,2026-03-27 05:00:00-07:00,0.8729713559150696,0.7868675280496307,14.28571422489322,202.1897735595703,0.1893691508735408,4.999999925494195,258.6234130859375,,,,cdip,2026-03-25 20:06:18,0.0
24,2026-03-27 08:00:00-07:00,0.8428,10.53,313.7,False,,,,,,,,,0.8378,0.8428,1.005949,1d_transect,2026-03-27 08:00:00-07:00,0.8427751064300537,0.7599237265105754,14.28571422489322,202.0239715576172,0.1747936273665828,4.761904910578484,260.77459716796875,,,,cdip,2026-03-25 20:06:18,0.0
24,2026-03-27 11:00:00-07:00,0.8296,10.53,314.8,False,,,,,,,,,0.7936,0.8296,1.045371,1d_transect,2026-03-27 11:00:00-07:00,0.8295711278915405,0.7483387136379939,14.28571422489322,201.55923461914065,0.1664525545620954,4.761904910578484,261.1297302246094,,,,cdip,2026-03-25 20:06:18,0.0
24,2026-03-27 14:00:00-07:00,0.8305,10.53,308.6,False,,,,,,,,,0.9538,0.8305,0.870711,1d_transect,2026-03-27 14:00:00-07:00,0.8304506540298462,0.7528222730939162,14.28571422489322,200.75418090820312,0.1596477590773711,4.761904910578484,261.2989196777344,,,,cdip,2026-03-25 20:06:18,0.0
24,2026-03-27 17:00:00-07:00,0.8767,10.53,311.1,False,,,,,,,,,0.7316,0.8767,1.198399,1d_transect,2026-03-27 17:00:00-07:00,0.8767080903053284,0.8006428526644259,16.666667039195705,195.4384002685547,0.1594751283205026,4.761904910578484,261.3512268066406,,,,cdip,2026-03-25 20:06:18,0.0
24,2026-03-27 20:00:00-07:00,0.9079,9.87,312.3,False,,,,,,,,,0.6981,0.9079,1.300496,1d_transect,2026-03-27 20:00:00-07:00,0.9079123139381408,0.8353123606762971,16.666667039195705,197.28526306152344,0.1568000728883298,4.761904910578484,261.51092529296875,,,,cdip,2026-03-25 20:06:18,0.0
24,2026-03-27 23:00:00-07:00,0.9273,9.87,313.4,False,,,,,,,,,0.6857,0.9273,1.352416,1d_transect,2026-03-27 23:00:00-07:00,0.9273012280464172,0.8596129151419938,16.666667039195705,199.6234130859375,0.1532408995764017,4.761904910578484,261.39703369140625,,,,cdip,2026-03-25 20:06:18,0.0
24,2026-03-28 02:00:00-07:00,0.9278,9.87,313.0,False,,,,,,,,,0.6786,0.9278,1.367203,1d_transect,2026-03-28 02:00:00-07:00,0.9278491139411926,0.8690482696312397,15.384615948919734,198.2642059326172,0.1483550101141474,4.761904910578484,261.06317138671875,,,,cdip,2026-03-25 20:06:18,0.0
24,2026-03-28 05:00:00-07:00,0.9474,10.53,312.3,False,,,,,,,,,0.7027,0.9474,1.348316,1d_transect,2026-03-28 05:00:00-07:00,0.9474141001701356,0.8917500291070297,15.384615948919734,198.7442169189453,0.1435425946245654,4.761904910578484,261.163818359375,,,,cdip,2026-03-25 20:06:18,0.0
24,2026-03-28 08:00:00-07:00,0.9595,10.53,311.3,False,,,,,,,,,0.7165,0.9595,1.339214,1d_transect,2026-03-28 08:00:00-07:00,0.9595362544059752,0.9062109337511894,15.384615948919734,199.4554901123047,0.2725988716634576,4.545454570084564,261.1741943359375,0.1379826445281089,6.25000013969839,254.39419555664065,cdip,2026-03-25 20:06:18,0.0
24,2026-03-28 11:00:00-07:00,0.511,14.29,265.8,False,0.8223,11.11,312.3,False,,,,,0.8909,0.9682,1.086734,1d_transect,2026-03-28 11:00:00-07:00,0.9681664705276488,0.9152283254527396,15.384615948919734,200.20872497558597,0.2677841002809203,4.347826008084592,260.7835998535156,0.0656780998440951,22.222221339190483,199.09475708007807,cdip,2026-03-25 20:06:18,0.0
24,2026-03-28 14:00:00-07:00,0.8581,11.11,308.0,False,0.45,14.29,256.8,False,,,,,1.0691,0.969,0.906309,1d_transect,2026-03-28 14:00:00-07:00,0.9689579606056212,0.920170941799134,15.384615948919734,200.70005798339844,0.2565273943877995,4.347826008084592,261.0069885253906,0.0694677984846834,22.222221339190483,199.3415069580078,cdip,2026-03-25 20:06:18,0.0
24,2026-03-28 17:00:00-07:00,0.9816,11.11,309.0,False,,,,,,,,,0.9374,0.9816,1.047147,1d_transect,2026-03-28 17:00:00-07:00,0.9816078543663024,0.9370707529944716,15.384615948919734,200.71896362304688,0.073279573027312,22.222221339190483,199.70050048828125,0.2451227767188402,4.166666759798926,261.0181884765625,cdip,2026-03-25 20:06:18,0.0
24,2026-03-28 20:00:00-07:00,0.7837,11.11,307.9,False,0.5316,13.33,264.5,False,,,,,1.0609,0.947,0.892583,1d_transect,2026-03-28 20:00:00-07:00,0.9469716548919678,0.9117964189903084,14.28571422489322,199.42657470703125,0.1038499277495848,6.25000013969839,254.2059631347656,,,,cdip,2026-03-25 20:06:18,0.0
24,2026-03-28 23:00:00-07:00,0.625,13.33,264.2,False,0.666,10.53,311.3,False,,,,,0.8581,0.9134,1.064464,1d_transect,2026-03-28 23:00:00-07:00,0.91337388753891,0.8841813633182873,13.33333280351429,198.62445068359372,0.0887385262209646,6.25000013969839,254.05096435546875,,,,cdip,2026-03-25 20:06:18,0.0
24,2026-03-29 02:00:00-07:00,0.5536,13.33,258.4,False,0.7039,10.53,306.1,False,,,,,0.9508,0.8955,0.941787,1d_transect,2026-03-29 02:00:00-07:00,0.8954927325248718,0.8634263805513885,13.33333280351429,199.0956115722656,0.1113538563747216,19.99999970197678,197.2033843994141,0.0814520927541713,6.25000013969839,254.025390625,cdip,2026-03-25 20:06:18,0.0
24,2026-03-29 05:00:00-07:00,0.5612,13.33,260.0,False,0.6761,9.87,307.9,False,,,,,0.9051,0.8786,0.970715,1d_transect,2026-03-29 05:00:00-07:00,0.8786376714706421,0.8482608354857546,13.33333280351429,199.49383544921875,0.122205822888137,19.99999970197678,198.0153045654297,0.0755651415427804,6.25000013969839,253.8164825439453,cdip,2026-03-25 20:06:18,0.0
24,2026-03-29 08:00:00-07:00,0.6016,13.33,260.6,False,0.6174,9.87,306.2,False,,,,,0.9419,0.862,0.915188,1d_transect,2026-03-29 08:00:00-07:00,0.8620379567146301,0.8331243407820732,13.33333280351429,199.7142791748047,0.1311072064308408,19.99999970197678,198.58810424804688,,,,cdip,2026-03-25 20:06:18,0.0
24,2026-03-29 11:00:00-07:00,0.6009,13.33,260.8,False,0.5848,9.87,307.2,False,,,,,0.9066,0.8385,0.924873,1d_transect,2026-03-29 11:00:00-07:00,0.8384751677513123,0.8250669703270079,13.33333280351429,199.92401123046875,,,,,,,cdip,2026-03-25 20:06:18,0.0
24,2026-03-29 14:00:00-07:00,0.5951,13.33,265.3,False,0.5564,9.87,306.3,False,,,,,0.8513,0.8147,0.956982,1d_transect,2026-03-29 14:00:00-07:00,0.8146845698356628,0.7853010215419913,13.33333280351429,200.21908569335935,0.1698555134466641,18.181818280338256,200.58079528808597,,,,cdip,2026-03-25 20:06:18,0.0
24,2026-03-29 17:00:00-07:00,0.5946,13.33,266.3,False,0.5268,9.87,306.8,False,,,,,0.8203,0.7944,0.968371,1d_transect,2026-03-29 17:00:00-07:00,0.7943809032440186,0.7636188914531811,13.33333280351429,200.77410888671875,0.1820444461740413,18.181818280338256,200.4326629638672,,,,cdip,2026-03-25 20:06:18,0.0
24,2026-03-29 20:00:00-07:00,0.6202,13.33,264.5,False,0.4639,9.09,305.8,False,,,,,0.861,0.7745,0.899576,1d_transect,2026-03-29 20:00:00-07:00,0.7745062708854675,0.7414545656954122,13.33333280351429,201.1796417236328,0.1937229812570081,18.181818280338256,201.23513793945312,,,,cdip,2026-03-25 20:06:18,0.0
24,2026-03-29 23:00:00-07:00,0.6062,12.5,268.4,False,0.4329,9.09,306.8,False,0.1062,3.7,319.0,True,0.7887,0.7524,0.954039,1d_transect,2026-03-29 23:00:00-07:00,0.7524121403694153,0.7175314647969658,13.33333280351429,201.1516876220703,0.2009649576885142,18.181818280338256,201.9959259033203,,,,cdip,2026-03-25 20:06:18,0.0
24,2026-03-30 02:00:00-07:00,0.5931,12.5,264.4,False,0.4327,9.09,308.0,False,,,,,0.7863,0.7341,0.933715,1d_transect,2026-03-30 02:00:00-07:00,0.7341464757919312,0.6975211892861378,13.33333280351429,200.5707244873047,0.2051522663127316,18.181818280338256,202.2932281494141,,,,cdip,2026-03-25 20:06:18,0.0
24,2026-03-30 05:00:00-07:00,0.5945,12.5,266.0,False,0.405,9.09,309.2,False,,,,,0.7919,0.7194,0.908446,1d_transect,2026-03-30 05:00:00-07:00,0.7193586826324463,0.6827421567000714,13.33333280351429,199.634033203125,0.2038988862678687,18.181818280338256,202.0013885498047,,,,cdip,2026-03-25 20:06:18,0.0
24,2026-03-30 08:00:00-07:00,0.6186,12.5,266.2,False,0.271,9.09,308.0,False,0.174,5.88,316.2,True,0.7117,0.6974,0.979828,1d_transect,2026-03-30 08:00:00-07:00,0.6973843574523926,0.4669151923768024,12.50000027939678,198.88897705078125,0.2674056092709567,16.666667039195705,205.55455017089844,,,,cdip,2026-03-25 20:06:18,0.0
24,2026-03-30 11:00:00-07:00,0.6139,12.5,267.3,False,0.2453,9.09,309.2,False,0.1881,5.56,314.6,True,0.7299,0.6873,0.941688,1d_transect,2026-03-30 11:00:00-07:00,0.6873190999031067,0.4369768343491654,12.50000027939678,198.66207885742188,0.2862743290935242,16.666667039195705,205.6511688232422,,,,cdip,2026-03-25 20:06:18,0.0
24,2026-03-30 14:00:00-07:00,0.6213,12.5,268.9,False,0.2431,9.09,307.9,False,0.1334,5.56,315.6,True,0.6841,0.6804,0.994563,1d_transect,2026-03-30 14:00:00-07:00,0.6803693771362305,0.409865282872014,12.50000027939678,198.25604248046875,0.3049008390681322,16.666667039195705,205.7977600097656,,,,cdip,2026-03-25 20:06:18,0.0
24,2026-03-30 17:00:00-07:00,0.5628,11.76,275.9,False,0.2611,15.38,232.6,False,0.3655,9.09,309.4,False,0.63,0.7201,1.143038,1d_transect,2026-03-30 17:00:00-07:00,0.7201122045516968,0.3830580591119829,16.666667039195705,205.91310119628903,0.4721973525095417,11.111110669595242,187.58497619628903,0.3736398000407374,12.50000027939678,197.7473907470703,cdip,2026-03-25 20:06:18,0.0
24,2026-03-30 20:00:00-07:00,0.3256,15.38,233.8,False,0.516,11.11,286.5,False,0.3854,8.33,308.7,False,0.5381,0.7217,1.341175,1d_transect,2026-03-30 20:00:00-07:00,0.7217006683349609,0.4357033173129558,16.666667039195705,205.94107055664065,0.4782463322211642,11.111110669595242,186.5580291748047,0.3044438105648543,12.50000027939678,197.1885681152344,cdip,2026-03-25 20:06:18,0.0
24,2026-03-30 23:00:00-07:00,0.3323,15.38,235.4,False,0.4685,11.11,288.1,False,0.343,8.33,308.9,False,0.5133,0.669,1.303185,1d_transect,2026-03-30 23:00:00-07:00,0.6689831614494324,0.4456715443905722,11.111110669595242,185.2133636474609,0.4125596854743988,16.666667039195705,205.9464569091797,0.2649892290530247,12.50000027939678,196.6729888916016,cdip,2026-03-25 20:06:18,0.0
24,2026-03-31 02:00:00-07:00,0.3881,15.38,242.8,False,0.393,11.11,287.6,False,0.3779,8.33,300.5,False,0.5409,0.6692,1.237275,1d_transect,2026-03-31 02:00:00-07:00,0.6692261099815369,0.4449264714471846,11.111110669595242,184.7281646728516,0.4207142650983544,16.666667039195705,206.19357299804688,0.2536981064243535,12.50000027939678,196.2071990966797,cdip,2026-03-25 20:06:18,0.0
24,2026-03-31 05:00:00-07:00,0.5002,14.29,245.3,False,0.3767,11.11,292.9,False,0.3602,8.33,295.7,False,0.4987,0.7224,1.448615,1d_transect,2026-03-31 05:00:00-07:00,0.7223570942878723,0.4641039734768025,15.384615948919734,206.79397583007807,0.4813490059775984,11.111110669595242,182.7550506591797,0.2543115836599469,12.50000027939678,196.34719848632807,cdip,2026-03-25 20:06:18,0.0
24,2026-03-31 08:00:00-07:00,0.4969,14.29,246.6,False,0.3088,11.11,295.5,False,0.4429,8.33,294.6,False,0.5227,0.7338,1.403964,1d_transect,2026-03-31 08:00:00-07:00,0.7337920665740967,0.4646960414422428,15.384615948919734,207.06756591796875,0.5022405325768992,11.111110669595242,183.04937744140625,0.2448171067685711,12.50000027939678,196.5811004638672,cdip,2026-03-25 20:06:18,0.0
24,2026-03-31 11:00:00-07:00,0.5442,14.29,242.4,False,0.3955,11.11,291.3,False,0.3035,8.33,295.3,False,0.5374,0.738,1.373321,1d_transect,2026-03-31 11:00:00-07:00,0.7380251288414001,0.4947383757097391,15.384615948919734,207.0788726806641,0.4792474652876557,11.111110669595242,182.08750915527344,0.243470685678777,12.50000027939678,197.88548278808597,cdip,2026-03-25 20:06:18,0.0
24,2026-03-31 14:00:00-07:00,0.5294,14.29,245.5,False,0.2849,11.11,303.6,False,0.4791,7.69,278.5,False,0.5849,0.7687,1.314192,1d_transect,2026-03-31 14:00:00-07:00,0.7687142491340637,0.500331592414791,15.384615948919734,207.4413299560547,0.4482960836746834,11.111110669595242,182.41461181640625,0.2374789568501764,12.50000027939678,198.54852294921875,cdip,2026-03-25 20:06:18,0.0
25,2026-03-25 02:00:00-07:00,0.1596,15.38,260.5,False,0.1264,11.11,306.4,False,0.0193,3.85,332.6,True,0.6355,0.2045,0.321841,1d_transect,2026-03-25 02:00:00-07:00,0.2045445740222931,0.1816224092084362,18.181818280338256,196.48910522460935,0.0927943952138152,12.50000027939678,199.87646484375,,,,cdip,2026-03-25 20:06:18,0.0
25,2026-03-25 05:00:00-07:00,0.1686,15.38,254.7,False,0.1159,11.11,306.8,False,0.0359,3.85,318.5,True,0.6543,0.2077,0.31737,1d_transect,2026-03-25 05:00:00-07:00,0.2076522260904312,0.186671422594389,18.181818280338256,195.98350524902344,0.0897409091416352,12.50000027939678,201.2492218017578,,,,cdip,2026-03-25 20:06:18,0.0
25,2026-03-25 08:00:00-07:00,0.2044,11.11,305.6,False,0.0454,4.17,326.3,True,,,,,0.3807,0.2093,0.549899,1d_transect,2026-03-25 08:00:00-07:00,0.2093333303928375,0.2088129430839353,18.181818280338256,195.95529174804688,,,,,,,cdip,2026-03-25 20:06:18,0.0
25,2026-03-25 11:00:00-07:00,0.2041,11.11,304.8,False,0.0451,4.76,322.7,True,,,,,0.4991,0.209,0.418744,1d_transect,2026-03-25 11:00:00-07:00,0.2090056985616684,0.208451144712746,18.181818280338256,196.1997985839844,,,,,,,cdip,2026-03-25 20:06:18,0.0
25,2026-03-25 14:00:00-07:00,0.2081,11.11,296.8,False,0.0339,4.76,331.5,True,,,,,0.6461,0.2108,0.326275,1d_transect,2026-03-25 14:00:00-07:00,0.210804134607315,0.2095937906410338,18.181818280338256,196.56051635742188,,,,,,,cdip,2026-03-25 20:06:18,0.0
25,2026-03-25 17:00:00-07:00,0.1956,11.11,294.4,False,0.0292,5.0,327.0,True,,,,,0.8438,0.1978,0.234393,1d_transect,2026-03-25 17:00:00-07:00,0.1977818012237548,0.1959111272680584,16.666667039195705,200.1153106689453,0.0215466050544708,6.25000013969839,253.779296875,,,,cdip,2026-03-25 20:06:18,0.0
25,2026-03-25 20:00:00-07:00,0.2005,11.11,294.2,False,0.0307,5.26,329.5,True,,,,,0.9325,0.2028,0.217511,1d_transect,2026-03-25 20:00:00-07:00,0.2028200924396515,0.2005105529321633,16.666667039195705,199.40817260742188,0.0201521934608538,6.25000013969839,253.61380004882807,,,,cdip,2026-03-25 20:06:18,0.0
25,2026-03-25 23:00:00-07:00,0.153,11.11,300.3,False,0.0807,6.67,319.1,False,,,,,0.7878,0.173,0.21957,1d_transect,2026-03-25 23:00:00-07:00,0.1729850023984909,0.1607906425113676,16.666667039195705,198.87692260742188,0.0530313843280218,7.692307974459867,245.4947204589844,,,,cdip,2026-03-25 20:06:18,0.0
25,2026-03-26 02:00:00-07:00,0.1878,8.33,312.0,False,,,,,,,,,0.8246,0.1878,0.227802,1d_transect,2026-03-26 02:00:00-07:00,0.1878355294466018,0.1455567138169357,16.666667039195705,198.23556518554688,0.0768865840847035,10.526315921561542,229.16018676757807,0.0720999241738299,8.333333519597852,243.80169677734372,cdip,2026-03-25 20:06:18,0.0
25,2026-03-26 05:00:00-07:00,0.1983,9.09,310.8,False,,,,,,,,,0.9684,0.1983,0.204763,1d_transect,2026-03-26 05:00:00-07:00,0.1982924789190292,0.1376118658074741,16.666667039195705,198.1895294189453,0.1219196191244636,10.526315921561542,233.6431579589844,0.039025274684462,6.25000013969839,253.5360412597656,cdip,2026-03-25 20:06:18,0.0
25,2026-03-26 08:00:00-07:00,0.1836,9.87,308.3,False,,,,,,,,,1.3307,0.1836,0.137965,1d_transect,2026-03-26 08:00:00-07:00,0.1835859715938568,0.1185035627469973,15.384615948919734,200.1963653564453,0.1163569210229971,10.526315921561542,234.64849853515625,0.0397756363511922,5.882352879303138,253.73928833007807,cdip,2026-03-25 20:06:18,0.0
25,2026-03-26 11:00:00-07:00,0.1805,9.87,311.7,False,,,,,,,,,0.9796,0.1805,0.184298,1d_transect,2026-03-26 11:00:00-07:00,0.1805340349674224,0.1141725584887292,15.384615948919734,199.29270935058597,0.1154086885691238,11.111110669595242,233.0667724609375,0.0458342932660274,5.882352879303138,252.92236328125,cdip,2026-03-25 20:06:18,0.0
25,2026-03-26 14:00:00-07:00,0.1693,9.87,306.6,False,,,,,,,,,1.2271,0.1693,0.137979,1d_transect,2026-03-26 14:00:00-07:00,0.1693178713321685,0.1088458512020056,15.384615948919734,198.7102813720703,0.10775737003478,11.111110669595242,233.0679473876953,0.0424865894730305,5.882352879303138,252.59292602539065,cdip,2026-03-25 20:06:18,0.0
25,2026-03-26 17:00:00-07:00,0.1601,9.87,311.3,False,,,,,,,,,0.8731,0.1601,0.183384,1d_transect,2026-03-26 17:00:00-07:00,0.1601108163595199,0.1047528557863134,15.384615948919734,198.2154998779297,0.1001290378838225,11.111110669595242,232.66842651367188,0.0402684106426438,5.882352879303138,253.7777404785156,cdip,2026-03-25 20:06:18,0.0
25,2026-03-26 20:00:00-07:00,0.1525,9.87,310.3,False,,,,,,,,,0.823,0.1525,0.185301,1d_transect,2026-03-26 20:00:00-07:00,0.1524985283613205,0.1010558948637037,15.384615948919734,197.82261657714844,0.0923152119511885,11.111110669595242,231.84817504882807,0.0386142844428517,5.882352879303138,254.6380615234375,cdip,2026-03-25 20:06:18,0.0
25,2026-03-26 23:00:00-07:00,0.1467,9.87,312.6,False,,,,,,,,,0.7669,0.1467,0.191344,1d_transect,2026-03-26 23:00:00-07:00,0.1467367559671402,0.0988817698671491,15.384615948919734,197.5597686767578,0.0859369869287722,11.764705758606276,225.2743225097656,0.0315013857206922,4.761904910578484,260.1761474609375,cdip,2026-03-25 20:06:18,0.0
25,2026-03-27 02:00:00-07:00,0.143,9.87,313.6,False,,,,,,,,,0.7273,0.143,0.196623,1d_transect,2026-03-27 02:00:00-07:00,0.14299938082695,0.1282453782584521,15.384615948919734,197.5194396972656,0.0297609076746544,4.761904910578484,260.3549499511719,,,,cdip,2026-03-25 20:06:18,0.0
25,2026-03-27 05:00:00-07:00,0.1406,10.53,314.7,False,,,,,,,,,0.7386,0.1406,0.190395,1d_transect,2026-03-27 05:00:00-07:00,0.1406188905239105,0.1267552768946942,14.28571422489322,202.82736206054688,0.0278912906422684,4.761904910578484,261.0815734863281,,,,cdip,2026-03-25 20:06:18,0.0
25,2026-03-27 08:00:00-07:00,0.1314,10.53,313.7,False,,,,,,,,,0.7119,0.1314,0.184599,1d_transect,2026-03-27 08:00:00-07:00,0.1314175873994827,0.1185605623575054,14.28571422489322,203.0232086181641,0.0248775063288889,4.761904910578484,261.73895263671875,,,,cdip,2026-03-25 20:06:18,0.0
25,2026-03-27 11:00:00-07:00,0.1295,10.53,314.8,False,,,,,,,,,0.6743,0.1295,0.19201,1d_transect,2026-03-27 11:00:00-07:00,0.129477709531784,0.0919202766428502,14.28571422489322,202.6146545410156,0.0722785008875582,11.764705758606276,223.9693298339844,0.0236861032393728,4.761904910578484,261.9859313964844,cdip,2026-03-25 20:06:18,0.0
25,2026-03-27 14:00:00-07:00,0.1294,10.53,308.6,False,,,,,,,,,0.854,0.1294,0.151556,1d_transect,2026-03-27 14:00:00-07:00,0.129427894949913,0.094375405614528,14.28571422489322,201.8495178222656,0.0699184842554127,11.111110669595242,227.0236968994141,0.0226833280092308,4.761904910578484,262.07281494140625,cdip,2026-03-25 20:06:18,0.0
25,2026-03-27 17:00:00-07:00,0.1516,10.53,311.1,False,,,,,,,,,0.6216,0.1516,0.243949,1d_transect,2026-03-27 17:00:00-07:00,0.151649609208107,0.0725525747393824,16.666667039195705,194.83888244628903,0.0880445244218034,14.28571422489322,201.2291717529297,0.0787419105430534,11.111110669595242,225.45236206054688,cdip,2026-03-25 20:06:18,0.0
25,2026-03-27 20:00:00-07:00,0.1622,9.87,312.3,False,,,,,,,,,0.589,0.1622,0.27538,1d_transect,2026-03-27 20:00:00-07:00,0.1622098237276077,0.1254347340853363,16.666667039195705,197.3650054931641,0.0810153543300794,11.111110669595242,223.77012634277344,0.0254618796607715,4.761904910578484,262.2714233398437,cdip,2026-03-25 20:06:18,0.0
25,2026-03-27 23:00:00-07:00,0.1685,9.87,313.4,False,,,,,,,,,0.5785,0.1685,0.291177,1d_transect,2026-03-27 23:00:00-07:00,0.1684521585702896,0.1562946504278772,16.666667039195705,200.0400390625,0.0251063950243921,4.761904910578484,262.23748779296875,,,,cdip,2026-03-25 20:06:18,0.0
25,2026-03-28 02:00:00-07:00,0.1601,9.87,313.0,False,,,,,,,,,0.5726,0.1601,0.279557,1d_transect,2026-03-28 02:00:00-07:00,0.1600751876831054,0.1501300581511487,15.384615948919734,199.4566802978516,0.0230610913259618,4.761904910578484,262.024169921875,,,,cdip,2026-03-25 20:06:18,0.0
25,2026-03-28 05:00:00-07:00,0.1644,10.53,312.3,False,,,,,,,,,0.5971,0.1644,0.275348,1d_transect,2026-03-28 05:00:00-07:00,0.164406418800354,0.1550662723462564,15.384615948919734,199.83013916015625,0.0223624232027751,4.761904910578484,262.1302795410156,,,,cdip,2026-03-25 20:06:18,0.0
25,2026-03-28 08:00:00-07:00,0.1678,10.53,311.3,False,,,,,,,,,0.6088,0.1678,0.275531,1d_transect,2026-03-28 08:00:00-07:00,0.1677530109882354,0.1588024646557063,15.384615948919734,200.4989776611328,0.0215476604853944,4.545454570084564,262.0367431640625,,,,cdip,2026-03-25 20:06:18,0.0
25,2026-03-28 11:00:00-07:00,0.1116,14.29,265.8,False,0.1294,11.11,312.3,False,,,,,0.8656,0.1709,0.1974,1d_transect,2026-03-28 11:00:00-07:00,0.1708672791719436,0.161917371325299,15.384615948919734,201.1825714111328,0.0473419759424474,4.347826008084592,261.4024963378906,0.0119066051729474,22.222221339190483,197.67898559570312,cdip,2026-03-25 20:06:18,0.0
25,2026-03-28 14:00:00-07:00,0.101,14.29,256.8,False,0.1405,11.11,308.0,False,,,,,1.0592,0.1731,0.163392,1d_transect,2026-03-28 14:00:00-07:00,0.1730611324310302,0.1647636042901887,15.384615948919734,201.5933837890625,0.0457989576916363,4.347826008084592,261.64013671875,0.0128051451241933,22.222221339190483,197.9170684814453,cdip,2026-03-25 20:06:18,0.0
25,2026-03-28 17:00:00-07:00,0.1825,11.11,309.0,False,,,,,,,,,0.8515,0.1825,0.214276,1d_transect,2026-03-28 17:00:00-07:00,0.1824556142091751,0.174619433614949,15.384615948919734,201.58248901367188,0.0139127365256773,22.222221339190483,198.34527587890625,0.0455551174970129,4.347826008084592,261.9117126464844,cdip,2026-03-25 20:06:18,0.0
25,2026-03-28 20:00:00-07:00,0.1137,13.33,264.5,False,0.124,11.11,307.9,False,,,,,1.082,0.1683,0.155522,1d_transect,2026-03-28 20:00:00-07:00,0.1682685315608978,0.1624126973133524,14.28571422489322,200.84939575195312,0.0391585776613755,4.166666759798926,262.039794921875,0.0152658986793748,5.882352879303138,255.453857421875,cdip,2026-03-25 20:06:18,0.0
25,2026-03-28 23:00:00-07:00,0.1329,13.33,264.2,False,0.098,10.53,311.3,False,,,,,0.8957,0.1651,0.184325,1d_transect,2026-03-28 23:00:00-07:00,0.165099024772644,0.0197966046679278,14.28571422489322,201.2102203369141,0.1589286626006309,6.25000013969839,254.4394378662109,,,,cdip,2026-03-25 20:06:18,0.0
25,2026-03-29 02:00:00-07:00,0.1198,13.33,258.4,False,0.1091,10.53,306.1,False,,,,,0.9936,0.162,0.163057,1d_transect,2026-03-29 02:00:00-07:00,0.1620160639286041,0.1563046277396915,14.28571422489322,201.600341796875,0.0216163614408175,19.99999970197678,195.4467620849609,0.01150540933373,6.25000013969839,254.37918090820312,cdip,2026-03-25 20:06:18,0.0
25,2026-03-29 05:00:00-07:00,0.114,13.33,260.0,False,0.0978,9.87,307.9,False,,,,,0.9516,0.1502,0.157845,1d_transect,2026-03-29 05:00:00-07:00,0.1502058357000351,0.1450398962451456,13.33333280351429,199.3115234375,0.0223246356803194,19.99999970197678,196.4184112548828,,,,cdip,2026-03-25 20:06:18,0.0
25,2026-03-29 08:00:00-07:00,0.1181,13.33,260.6,False,0.0878,9.87,306.2,False,,,,,1.0056,0.1471,0.146296,1d_transect,2026-03-29 08:00:00-07:00,0.1471141874790191,0.1421943664429517,13.33333280351429,199.6717987060547,0.0236372536819019,19.99999970197678,197.4297790527344,,,,cdip,2026-03-25 20:06:18,0.0
25,2026-03-29 11:00:00-07:00,0.1167,13.33,260.8,False,0.0823,9.87,307.2,False,,,,,0.9759,0.1427,0.146264,1d_transect,2026-03-29 11:00:00-07:00,0.142740249633789,0.1385651400743095,13.33333280351429,200.10064697265625,0.0215600778606465,19.99999970197678,196.7723388671875,,,,cdip,2026-03-25 20:06:18,0.0
25,2026-03-29 14:00:00-07:00,0.1137,13.33,265.3,False,0.0787,9.87,306.3,False,,,,,0.9086,0.1383,0.152184,1d_transect,2026-03-29 14:00:00-07:00,0.1382797807455063,0.1330349990698981,13.33333280351429,200.6020355224609,0.0300185147891384,18.181818280338256,197.26451110839844,,,,cdip,2026-03-25 20:06:18,0.0
25,2026-03-29 17:00:00-07:00,0.1123,13.33,266.3,False,0.0737,9.87,306.8,False,,,,,0.8822,0.1343,0.152253,1d_transect,2026-03-29 17:00:00-07:00,0.1343201547861099,0.1288047613094014,13.33333280351429,201.32192993164065,0.0321276466647998,18.181818280338256,197.43972778320312,,,,cdip,2026-03-25 20:06:18,0.0
25,2026-03-29 20:00:00-07:00,0.1144,13.33,264.5,False,0.062,9.09,305.8,False,,,,,0.9627,0.1301,0.135154,1d_transect,2026-03-29 20:00:00-07:00,0.1301070600748062,0.1243386556517615,13.33333280351429,201.76617431640625,0.033309165754673,18.181818280338256,198.2259521484375,,,,cdip,2026-03-25 20:06:18,0.0
25,2026-03-29 23:00:00-07:00,0.1102,12.5,268.4,False,0.0584,9.09,306.8,False,0.0119,3.7,319.0,True,0.8658,0.1253,0.144681,1d_transect,2026-03-29 23:00:00-07:00,0.1252611875534057,0.1194014721854812,13.33333280351429,201.72325134277344,0.0336576223831409,18.181818280338256,199.03997802734372,,,,cdip,2026-03-25 20:06:18,0.0
25,2026-03-30 02:00:00-07:00,0.107,12.5,264.4,False,0.0566,9.09,308.0,False,,,,,0.8822,0.1211,0.137236,1d_transect,2026-03-30 02:00:00-07:00,0.1210653781890869,0.1150081743507205,13.33333280351429,201.04998779296875,0.0339559865179451,18.181818280338256,199.41128540039065,,,,cdip,2026-03-25 20:06:18,0.0
25,2026-03-30 05:00:00-07:00,0.1049,12.5,266.0,False,0.053,9.09,309.2,False,,,,,0.8789,0.1175,0.133685,1d_transect,2026-03-30 05:00:00-07:00,0.1174970269203186,0.1113609235585566,13.33333280351429,199.95970153808597,0.0338723713473318,18.181818280338256,199.13754272460935,,,,cdip,2026-03-25 20:06:18,0.0
25,2026-03-30 08:00:00-07:00,0.1019,12.5,266.2,False,0.0331,9.09,308.0,False,0.0176,5.88,316.2,True,0.8064,0.1086,0.134638,1d_transect,2026-03-30 08:00:00-07:00,0.1085692271590232,0.0777886685475248,12.50000027939678,196.7670135498047,0.0314368789082089,18.181818280338256,198.76768493652344,,,,cdip,2026-03-25 20:06:18,0.0
25,2026-03-30 11:00:00-07:00,0.0995,12.5,267.3,False,0.0295,9.09,309.2,False,0.02,5.56,314.6,True,0.8299,0.1057,0.127327,1d_transect,2026-03-30 11:00:00-07:00,0.1056720539927482,0.0679497680765525,12.50000027939678,196.72702026367188,0.0418888017972546,16.666667039195705,202.9322052001953,,,,cdip,2026-03-25 20:06:18,0.0
25,2026-03-30 14:00:00-07:00,0.0986,12.5,268.9,False,0.0286,9.09,307.9,False,0.013,5.56,315.6,True,0.7859,0.1035,0.131662,1d_transect,2026-03-30 14:00:00-07:00,0.1034788712859153,0.0631449929164364,12.50000027939678,196.5264587402344,0.0433815656947891,16.666667039195705,203.281982421875,,,,cdip,2026-03-25 20:06:18,0.0
25,2026-03-30 17:00:00-07:00,0.0761,11.76,275.9,False,0.04,15.38,232.6,False,0.0389,9.09,309.4,False,0.6903,0.0943,0.136643,1d_transect,2026-03-30 17:00:00-07:00,0.0943241193890571,0.0551952559270704,11.111110669595242,187.9685211181641,0.0411022255771872,16.666667039195705,203.5397186279297,,,,cdip,2026-03-25 20:06:18,0.0
25,2026-03-30 20:00:00-07:00,0.0513,15.38,233.8,False,0.0675,11.11,286.5,False,0.0418,8.33,308.7,False,0.5729,0.0945,0.164978,1d_transect,2026-03-30 20:00:00-07:00,0.094515860080719,0.0399377956540333,11.111110669595242,186.83609008789065,0.0554498371231209,16.666667039195705,203.56820678710935,,,,cdip,2026-03-25 20:06:18,0.0
25,2026-03-30 23:00:00-07:00,0.0562,15.38,235.4,False,0.0658,11.11,288.1,False,0.04,8.33,308.9,False,0.5533,0.0953,0.172278,1d_transect,2026-03-30 23:00:00-07:00,0.0953216105699539,0.0647159313465816,11.111110669595242,185.2588348388672,0.0573966586431318,16.666667039195705,203.56260681152344,0.0377526387424818,12.50000027939678,195.49905395507807,cdip,2026-03-25 20:06:18,0.0
25,2026-03-31 02:00:00-07:00,0.0642,15.38,242.8,False,0.0543,11.11,287.6,False,0.0454,8.33,300.5,False,0.5945,0.0956,0.160779,1d_transect,2026-03-31 02:00:00-07:00,0.0955804735422134,0.0646550877507241,11.111110669595242,184.49588012695312,0.0588420709017439,16.666667039195705,204.0276641845703,0.0362378228702012,12.50000027939678,195.2314910888672,cdip,2026-03-25 20:06:18,0.0
25,2026-03-31 05:00:00-07:00,0.0753,14.29,245.3,False,0.0459,11.11,292.9,False,0.0413,8.33,295.7,False,0.567,0.0974,0.171801,1d_transect,2026-03-31 05:00:00-07:00,0.0974064618349075,0.0656529968930768,11.111110669595242,182.30587768554688,0.0617156128607368,15.384615948919734,205.2346649169922,0.0343960796277313,12.50000027939678,195.57933044433597,cdip,2026-03-25 20:06:18,0.0
25,2026-03-31 08:00:00-07:00,0.0755,14.29,246.6,False,0.0366,11.11,295.5,False,0.0533,8.33,294.6,False,0.5917,0.0994,0.167962,1d_transect,2026-03-31 08:00:00-07:00,0.0993905141949653,0.0687564741184458,11.111110669595242,182.47494506835935,0.0620538553832994,15.384615948919734,205.7892608642578,0.0332957875856491,12.50000027939678,195.86752319335935,cdip,2026-03-25 20:06:18,0.0
25,2026-03-31 11:00:00-07:00,0.1049,14.29,242.4,False,0.0614,11.11,291.3,False,0.0443,8.33,295.3,False,0.6237,0.1294,0.207444,1d_transect,2026-03-31 11:00:00-07:00,0.1293766796588897,0.086309601401147,15.384615948919734,205.9132232666016,0.0841034298243293,11.111110669595242,181.61355590820312,0.0433853091965792,12.50000027939678,197.17449951171875,cdip,2026-03-25 20:06:18,0.0
25,2026-03-31 14:00:00-07:00,0.1016,14.29,245.5,False,0.0409,11.11,303.6,False,0.0798,7.69,278.5,False,0.6824,0.1356,0.198658,1d_transect,2026-03-31 14:00:00-07:00,0.1355614513158798,0.0978227604660128,15.384615948919734,206.6613311767578,0.0787220728197661,11.111110669595242,181.82408142089844,0.0437238448639922,7.692307974459867,220.14747619628903,cdip,2026-03-25 20:06:18,0.0
26,2026-03-25 02:00:00-07:00,0.3622,15.38,260.5,False,0.3933,11.11,306.4,False,0.0462,3.85,332.6,True,0.6969,0.5367,0.770158,1d_transect,2026-03-25 02:00:00-07:00,0.5366974472999573,0.481954403323533,18.181818280338256,191.8155212402344,0.2328371097500964,12.50000027939678,199.21163940429688,,,,cdip,2026-03-25 20:06:18,0.0
26,2026-03-25 05:00:00-07:00,0.3784,15.38,254.7,False,0.3667,11.11,306.8,False,0.1309,3.85,318.5,True,0.7027,0.543,0.772739,1d_transect,2026-03-25 05:00:00-07:00,0.5429942607879639,0.492851620458736,18.181818280338256,191.51068115234372,0.2248009586165695,12.50000027939678,200.7102508544922,,,,cdip,2026-03-25 20:06:18,0.0
26,2026-03-25 08:00:00-07:00,0.5269,11.11,305.6,False,0.124,4.17,326.3,True,,,,,0.4963,0.5413,1.090524,1d_transect,2026-03-25 08:00:00-07:00,0.5412687659263611,0.4914744543732181,18.181818280338256,191.41009521484372,0.2236978918715541,12.50000027939678,203.3182678222656,,,,cdip,2026-03-25 20:06:18,0.0
26,2026-03-25 11:00:00-07:00,0.4776,11.11,304.8,False,0.1369,4.76,322.7,True,,,,,0.6249,0.4969,0.795141,1d_transect,2026-03-25 11:00:00-07:00,0.4968624114990234,0.449188864221595,16.666667039195705,193.32278442382807,0.209465610032995,12.50000027939678,206.2783050537109,,,,cdip,2026-03-25 20:06:18,0.0
26,2026-03-25 14:00:00-07:00,0.4999,11.11,296.8,False,0.069,4.76,331.5,True,,,,,0.7593,0.5047,0.66463,1d_transect,2026-03-25 14:00:00-07:00,0.5046588182449341,0.5023361439237366,16.666667039195705,193.14822387695312,,,,,,,cdip,2026-03-25 20:06:18,0.0
26,2026-03-25 17:00:00-07:00,0.5096,11.11,294.4,False,0.0926,5.0,327.0,True,,,,,0.9619,0.5179,0.538466,1d_transect,2026-03-25 17:00:00-07:00,0.5179265737533569,0.5135740113556099,16.666667039195705,192.7690277099609,0.0421304634080007,5.882352879303138,249.59390258789065,,,,cdip,2026-03-25 20:06:18,0.0
26,2026-03-25 20:00:00-07:00,0.522,11.11,294.2,False,0.097,5.26,329.5,True,,,,,1.0632,0.531,0.49941,1d_transect,2026-03-25 20:00:00-07:00,0.5309531092643738,0.5257010763132985,16.666667039195705,192.45266723632807,0.0473035717908448,6.25000013969839,248.4058990478516,,,,cdip,2026-03-25 20:06:18,0.0
26,2026-03-25 23:00:00-07:00,0.379,11.11,300.3,False,0.2411,6.67,319.1,False,,,,,1.0178,0.4492,0.441357,1d_transect,2026-03-25 23:00:00-07:00,0.4492062628269195,0.4276855001415715,16.666667039195705,192.2718505859375,0.1071563607506445,7.692307974459867,241.06724548339844,,,,cdip,2026-03-25 20:06:18,0.0
26,2026-03-26 02:00:00-07:00,0.4824,8.33,312.0,False,,,,,,,,,1.144,0.4824,0.421689,1d_transect,2026-03-26 02:00:00-07:00,0.4824074208736419,0.3956003150282727,16.666667039195705,192.13296508789065,0.2415902585890628,10.526315921561542,224.18028259277344,0.0826927702664893,6.25000013969839,249.69601440429688,cdip,2026-03-25 20:06:18,0.0
26,2026-03-26 05:00:00-07:00,0.5091,9.09,310.8,False,,,,,,,,,1.3455,0.5091,0.378371,1d_transect,2026-03-26 05:00:00-07:00,0.5091059803962708,0.3461061115178021,16.666667039195705,192.6668701171875,0.3261195794622287,10.526315921561542,227.4429473876953,0.0937435198399088,6.25000013969839,249.06918334960935,cdip,2026-03-25 20:06:18,0.0
26,2026-03-26 08:00:00-07:00,0.4739,9.87,308.3,False,,,,,,,,,1.7399,0.4739,0.272378,1d_transect,2026-03-26 08:00:00-07:00,0.4739141166210174,0.296607583504622,15.384615948919734,193.6040802001953,0.2895806887937939,11.111110669595242,225.8780212402344,0.1257248347020127,7.692307974459867,241.10540771484372,cdip,2026-03-25 20:06:18,0.0
26,2026-03-26 11:00:00-07:00,0.4687,9.87,311.7,False,,,,,,,,,1.361,0.4687,0.34438,1d_transect,2026-03-26 11:00:00-07:00,0.4687173068523407,0.2635908449702752,15.384615948919734,193.2528381347656,0.3143043010050453,11.111110669595242,226.5436248779297,0.1159148114681446,7.692307974459867,240.7577972412109,cdip,2026-03-25 20:06:18,0.0
26,2026-03-26 14:00:00-07:00,0.4398,9.87,306.6,False,,,,,,,,,1.6045,0.4398,0.274115,1d_transect,2026-03-26 14:00:00-07:00,0.439825564622879,0.246480844559289,15.384615948919734,193.02882385253903,0.3001137335503528,11.111110669595242,226.6443023681641,0.1038271500066922,7.692307974459867,240.68348693847656,cdip,2026-03-25 20:06:18,0.0
26,2026-03-26 17:00:00-07:00,0.4142,9.87,311.3,False,,,,,,,,,1.2131,0.4142,0.341421,1d_transect,2026-03-26 17:00:00-07:00,0.4141762852668762,0.2336027693374504,15.384615948919734,192.7420196533203,0.2830020249934622,11.111110669595242,226.4369659423828,0.0937150409686428,7.692307974459867,240.70806884765625,cdip,2026-03-25 20:06:18,0.0
26,2026-03-26 20:00:00-07:00,0.3905,9.87,310.3,False,,,,,,,,,1.1435,0.3905,0.341516,1d_transect,2026-03-26 20:00:00-07:00,0.3905115723609924,0.2222793662322898,15.384615948919734,192.38079833984372,0.2620580457287023,11.111110669595242,225.88723754882807,0.0856554989591528,7.692307974459867,240.57574462890625,cdip,2026-03-25 20:06:18,0.0
26,2026-03-26 23:00:00-07:00,0.3718,9.87,312.6,False,,,,,,,,,1.0655,0.3718,0.348913,1d_transect,2026-03-26 23:00:00-07:00,0.3717729747295379,0.2382233179007901,15.384615948919734,191.9793701171875,0.2214343594309166,11.764705758606276,220.3497467041016,0.0763879719354626,4.999999925494195,256.2940673828125,cdip,2026-03-25 20:06:18,0.0
26,2026-03-27 02:00:00-07:00,0.3372,9.87,313.6,False,,,,,,,,,1.0105,0.3372,0.333687,1d_transect,2026-03-27 02:00:00-07:00,0.3371897041797638,0.2963212521521469,14.28571422489322,195.26559448242188,0.0676087194021794,4.999999925494195,256.36639404296875,0.0699754187054634,7.692307974459867,240.4198303222656,cdip,2026-03-25 20:06:18,0.0
26,2026-03-27 05:00:00-07:00,0.3523,10.53,314.7,False,,,,,,,,,1.0307,0.3523,0.341755,1d_transect,2026-03-27 05:00:00-07:00,0.3522563874721527,0.3115806267051814,14.28571422489322,195.4039459228516,0.0675243634961216,4.999999925494195,256.84136962890625,0.070041457801286,7.692307974459867,240.26861572265625,cdip,2026-03-25 20:06:18,0.0
26,2026-03-27 08:00:00-07:00,0.3268,10.53,313.7,False,,,,,,,,,0.9935,0.3268,0.328955,1d_transect,2026-03-27 08:00:00-07:00,0.3268240988254547,0.2892736251783843,14.28571422489322,195.29249572753903,0.0601528555631946,4.761904910578484,260.0023803710937,0.0623848715955337,7.692307974459867,239.94900512695312,cdip,2026-03-25 20:06:18,0.0
26,2026-03-27 11:00:00-07:00,0.3189,10.53,314.8,False,,,,,,,,,0.9411,0.3189,0.338831,1d_transect,2026-03-27 11:00:00-07:00,0.31886687874794,0.2093301022466036,14.28571422489322,194.7838134765625,0.1889010219897472,11.764705758606276,219.5671844482422,0.0572678240749095,4.761904910578484,260.4320678710937,cdip,2026-03-25 20:06:18,0.0
26,2026-03-27 14:00:00-07:00,0.2974,10.53,308.6,False,,,,,,,,,1.1146,0.2974,0.266794,1d_transect,2026-03-27 14:00:00-07:00,0.2973648011684418,0.200230207072391,13.33333280351429,199.4986572265625,0.1714096681025132,11.111110669595242,222.62229919433597,0.0537660155673142,4.761904910578484,260.65594482421875,cdip,2026-03-25 20:06:18,0.0
26,2026-03-27 17:00:00-07:00,0.2971,10.53,311.1,False,,,,,,,,,0.8676,0.2971,0.342475,1d_transect,2026-03-27 17:00:00-07:00,0.2971153259277344,0.2054922176948101,13.33333280351429,198.5469512939453,0.1744322847797847,11.111110669595242,221.3492126464844,0.0499470533056991,4.761904910578484,260.7661437988281,cdip,2026-03-25 20:06:18,0.0
26,2026-03-27 20:00:00-07:00,0.3813,9.87,312.3,False,,,,,,,,,0.8184,0.3813,0.465938,1d_transect,2026-03-27 20:00:00-07:00,0.381336361169815,0.2719070691156005,16.666667039195705,187.93930053710935,0.2171319904989933,11.111110669595242,219.9054718017578,0.0615023206134807,4.761904910578484,260.87554931640625,cdip,2026-03-25 20:06:18,0.0
26,2026-03-27 23:00:00-07:00,0.3656,9.87,313.4,False,,,,,,,,,0.8038,0.3656,0.45484,1d_transect,2026-03-27 23:00:00-07:00,0.3656067550182342,0.3367061788643967,15.384615948919734,190.76319885253903,0.0561286078294571,4.761904910578484,260.72119140625,,,,cdip,2026-03-25 20:06:18,0.0
26,2026-03-28 02:00:00-07:00,0.3748,9.87,313.0,False,,,,,,,,,0.7956,0.3748,0.471048,1d_transect,2026-03-28 02:00:00-07:00,0.3747611939907074,0.3494689944368913,15.384615948919734,190.9443206787109,0.0553277965968843,4.761904910578484,260.30419921875,,,,cdip,2026-03-25 20:06:18,0.0
26,2026-03-28 05:00:00-07:00,0.3859,10.53,312.3,False,,,,,,,,,0.8333,0.3859,0.463106,1d_transect,2026-03-28 05:00:00-07:00,0.3858971893787384,0.3621063578607822,15.384615948919734,191.19070434570312,0.0533915573575723,4.761904910578484,260.39605712890625,,,,cdip,2026-03-25 20:06:18,0.0
26,2026-03-28 08:00:00-07:00,0.3956,10.53,311.3,False,,,,,,,,,0.8497,0.3956,0.465557,1d_transect,2026-03-28 08:00:00-07:00,0.3955726325511932,0.3728866155448134,15.384615948919734,191.610595703125,0.116851582629128,4.347826008084592,259.7514038085937,0.0511661017273396,5.882352879303138,252.60211181640625,cdip,2026-03-25 20:06:18,0.0
26,2026-03-28 11:00:00-07:00,0.3475,11.11,312.3,False,0.2069,14.29,265.8,False,,,,,1.0668,0.4045,0.379132,1d_transect,2026-03-28 11:00:00-07:00,0.4044538140296936,0.3829442017928919,15.384615948919734,192.0205535888672,0.1155783755122588,4.347826008084592,260.21307373046875,0.0484994476678001,5.882352879303138,252.49240112304688,cdip,2026-03-25 20:06:18,0.0
26,2026-03-28 14:00:00-07:00,0.3652,11.11,308.0,False,0.1877,14.29,256.8,False,,,,,1.2572,0.4106,0.326603,1d_transect,2026-03-28 14:00:00-07:00,0.4106006324291229,0.3909403238608747,15.384615948919734,192.25897216796875,0.1117262179144999,4.166666759798926,260.25244140625,0.044871325807785,5.882352879303138,252.2720947265625,cdip,2026-03-25 20:06:18,0.0
26,2026-03-28 17:00:00-07:00,0.4057,11.11,309.0,False,,,,,,,,,1.107,0.4057,0.366462,1d_transect,2026-03-28 17:00:00-07:00,0.4056729972362518,0.3885613943519078,14.28571422489322,193.94151306152344,0.1037483012263594,4.166666759798926,260.4404602050781,0.040303419897284,5.882352879303138,252.0131683349609,cdip,2026-03-25 20:06:18,0.0
26,2026-03-28 20:00:00-07:00,0.332,11.11,307.9,False,0.2208,13.33,264.5,False,,,,,1.2451,0.3987,0.320242,1d_transect,2026-03-28 20:00:00-07:00,0.3987205028533935,0.3841574256802806,14.28571422489322,193.8275451660156,0.0362616467421684,5.882352879303138,251.84222412109372,,,,cdip,2026-03-25 20:06:18,0.0
26,2026-03-28 23:00:00-07:00,0.2493,13.33,264.2,False,0.2721,10.53,311.3,False,,,,,1.0062,0.369,0.36676,1d_transect,2026-03-28 23:00:00-07:00,0.3690291941165924,0.3537270996950256,13.33333280351429,193.68194580078125,0.0515834978306683,19.99999970197678,191.01890563964844,0.028823159200033,5.882352879303138,251.3249664306641,cdip,2026-03-25 20:06:18,0.0
26,2026-03-29 02:00:00-07:00,0.2221,13.33,258.4,False,0.2855,10.53,306.1,False,,,,,1.1066,0.3618,0.326934,1d_transect,2026-03-29 02:00:00-07:00,0.3617761135101318,0.3474492449530375,13.33333280351429,193.89524841308597,0.0565788583583331,19.99999970197678,191.6605224609375,0.025964599566735,5.882352879303138,251.04666137695312,cdip,2026-03-25 20:06:18,0.0
26,2026-03-29 05:00:00-07:00,0.226,13.33,260.0,False,0.2739,9.87,307.9,False,,,,,1.0501,0.3551,0.338181,1d_transect,2026-03-29 05:00:00-07:00,0.3551087081432342,0.3416652211160436,13.33333280351429,194.1904754638672,0.0605850729561416,19.99999970197678,192.80499267578125,,,,cdip,2026-03-25 20:06:18,0.0
26,2026-03-29 08:00:00-07:00,0.2424,13.33,260.6,False,0.25,9.87,306.2,False,,,,,1.0929,0.3482,0.318628,1d_transect,2026-03-29 08:00:00-07:00,0.3482203185558319,0.3358761976513838,13.33333280351429,194.4137115478516,0.0605560549437752,19.99999970197678,193.8636779785156,,,,cdip,2026-03-25 20:06:18,0.0
26,2026-03-29 11:00:00-07:00,0.2427,13.33,260.8,False,0.2373,9.87,307.2,False,,,,,1.0517,0.3394,0.322741,1d_transect,2026-03-29 11:00:00-07:00,0.3394393026828766,0.3339613215268135,13.33333280351429,194.75997924804688,,,,,,,cdip,2026-03-25 20:06:18,0.0
26,2026-03-29 14:00:00-07:00,0.2414,13.33,265.3,False,0.2264,9.87,306.3,False,,,,,0.9883,0.331,0.334913,1d_transect,2026-03-29 14:00:00-07:00,0.3309911489486694,0.3146427343292028,13.33333280351429,195.2422332763672,0.0870042890513467,18.181818280338256,192.3377685546875,,,,cdip,2026-03-25 20:06:18,0.0
26,2026-03-29 17:00:00-07:00,0.2422,13.33,266.3,False,0.2153,9.87,306.8,False,,,,,0.9522,0.324,0.340256,1d_transect,2026-03-29 17:00:00-07:00,0.3240050375461578,0.3063417479558492,13.33333280351429,196.0260467529297,0.0933743035910314,18.181818280338256,192.54534912109372,,,,cdip,2026-03-25 20:06:18,0.0
26,2026-03-29 20:00:00-07:00,0.2524,13.33,264.5,False,0.1897,9.09,305.8,False,,,,,0.9982,0.3157,0.316249,1d_transect,2026-03-29 20:00:00-07:00,0.3156812787055969,0.2977347904701018,13.33333280351429,196.6063995361328,0.0947131474449002,18.181818280338256,192.4872283935547,,,,cdip,2026-03-25 20:06:18,0.0
26,2026-03-29 23:00:00-07:00,0.246,12.5,268.4,False,0.1765,9.09,306.8,False,0.0412,3.7,319.0,True,0.9134,0.3056,0.334534,1d_transect,2026-03-29 23:00:00-07:00,0.3055737614631653,0.2880299195839143,13.33333280351429,196.70460510253903,0.0930572137362466,18.181818280338256,192.2575836181641,,,,cdip,2026-03-25 20:06:18,0.0
26,2026-03-30 02:00:00-07:00,0.2398,12.5,264.4,False,0.1761,9.09,308.0,False,,,,,0.9106,0.2976,0.326798,1d_transect,2026-03-30 02:00:00-07:00,0.2975660264492035,0.2724742047709725,13.33333280351429,196.19644165039065,0.112533190913356,18.181818280338256,192.137939453125,,,,cdip,2026-03-25 20:06:18,0.0
26,2026-03-30 05:00:00-07:00,0.2291,12.5,266.0,False,0.1569,9.09,309.2,False,,,,,0.9179,0.2777,0.302548,1d_transect,2026-03-30 05:00:00-07:00,0.2776979804039001,0.2517010449422454,12.50000027939678,199.2026214599609,0.1111793194422025,18.181818280338256,192.21371459960935,,,,cdip,2026-03-25 20:06:18,0.0
26,2026-03-30 08:00:00-07:00,0.2416,12.5,266.2,False,0.1064,9.09,308.0,False,0.0649,5.88,316.2,True,0.8221,0.2718,0.330655,1d_transect,2026-03-30 08:00:00-07:00,0.2718344628810882,0.178139600190151,12.50000027939678,199.66571044921875,0.1667901961750725,11.111110669595242,188.75003051757807,0.1141662145449917,18.181818280338256,192.2590789794922,cdip,2026-03-25 20:06:18,0.0
26,2026-03-30 11:00:00-07:00,0.2372,12.5,267.3,False,0.0952,9.09,309.2,False,0.0695,5.56,314.6,True,0.8425,0.2648,0.314351,1d_transect,2026-03-30 11:00:00-07:00,0.2648431956768036,0.1496397033333279,12.50000027939678,199.3324279785156,0.1676939265324329,11.111110669595242,188.4107818603516,0.1354825194762614,16.666667039195705,195.009033203125,cdip,2026-03-25 20:06:18,0.0
26,2026-03-30 14:00:00-07:00,0.2361,12.5,268.9,False,0.0928,9.09,307.9,False,0.0484,5.56,315.6,True,0.7909,0.2583,0.326536,1d_transect,2026-03-30 14:00:00-07:00,0.2582563161849975,0.136641747129621,12.50000027939678,198.67953491210935,0.1683645070293629,11.111110669595242,188.0693206787109,0.1358199901009782,16.666667039195705,195.24627685546875,cdip,2026-03-25 20:06:18,0.0
26,2026-03-30 17:00:00-07:00,0.1833,11.76,275.9,False,0.0846,15.38,232.6,False,0.1194,9.09,309.4,False,0.7305,0.2345,0.321096,1d_transect,2026-03-30 17:00:00-07:00,0.2345457822084427,0.1558274739481976,11.111110669595242,187.5380401611328,0.1170343987735815,12.50000027939678,197.8482360839844,0.1264662215437578,16.666667039195705,195.4585723876953,cdip,2026-03-25 20:06:18,0.0
26,2026-03-30 20:00:00-07:00,0.1056,15.38,233.8,False,0.1686,11.11,286.5,False,0.1251,8.33,308.7,False,0.6237,0.235,0.376853,1d_transect,2026-03-30 20:00:00-07:00,0.235026404261589,0.1571918308044205,11.111110669595242,186.64895629882807,0.1433583237392752,16.666667039195705,195.4117126464844,0.0943127444258213,12.50000027939678,196.9941864013672,cdip,2026-03-25 20:06:18,0.0
26,2026-03-30 23:00:00-07:00,0.1176,15.38,235.4,False,0.1669,11.11,288.1,False,0.1214,8.33,308.9,False,0.5949,0.2375,0.399271,1d_transect,2026-03-30 23:00:00-07:00,0.237535297870636,0.158564598755048,11.111110669595242,185.2569580078125,0.1492272450863191,16.666667039195705,195.1963348388672,0.0887587110793877,12.50000027939678,196.1742706298828,cdip,2026-03-25 20:06:18,0.0
26,2026-03-31 02:00:00-07:00,0.1911,15.38,242.8,False,0.1948,11.11,287.6,False,0.1858,8.33,300.5,False,0.626,0.3301,0.527315,1d_transect,2026-03-31 02:00:00-07:00,0.3301140069961548,0.2125492151406243,16.666667039195705,195.1551513671875,0.1178206052754246,11.111110669595242,185.4827880859375,,,,cdip,2026-03-25 20:06:18,0.0
26,2026-03-31 05:00:00-07:00,0.2347,14.29,245.3,False,0.1782,11.11,292.9,False,0.1685,8.33,295.7,False,0.5769,0.3395,0.588415,1d_transect,2026-03-31 05:00:00-07:00,0.3394830226898193,0.2249758123988441,16.666667039195705,194.7379608154297,0.2231340417086714,11.111110669595242,182.3719940185547,0.1117683238990028,12.50000027939678,195.07464599609372,cdip,2026-03-25 20:06:18,0.0
26,2026-03-31 08:00:00-07:00,0.2336,14.29,246.6,False,0.1467,11.11,295.5,False,0.2074,8.33,294.6,False,0.604,0.3451,0.571353,1d_transect,2026-03-31 08:00:00-07:00,0.3450937867164612,0.2250176202549532,16.666667039195705,194.84130859375,0.2333096189358769,11.111110669595242,183.61676025390625,0.1077240692671139,12.50000027939678,194.8919677734375,cdip,2026-03-25 20:06:18,0.0
26,2026-03-31 11:00:00-07:00,0.2394,14.29,242.4,False,0.1756,11.11,291.3,False,0.1333,8.33,295.3,False,0.6217,0.3255,0.523484,1d_transect,2026-03-31 11:00:00-07:00,0.3254523575305938,0.2457765699308343,15.384615948919734,197.37863159179688,0.2078740061332011,11.111110669595242,181.57763671875,,,,cdip,2026-03-25 20:06:18,0.0
26,2026-03-31 14:00:00-07:00,0.2337,14.29,245.5,False,0.1274,11.11,303.6,False,0.2086,7.69,278.5,False,0.6734,0.3382,0.502196,1d_transect,2026-03-31 14:00:00-07:00,0.3381691873073578,0.246785080984758,15.384615948919734,197.6549835205078,0.1931665401997657,11.111110669595242,182.88172912597656,0.1108077866293444,7.692307974459867,216.09194946289065,cdip,2026-03-25 20:06:18,0.0
27,2026-03-25 02:00:00-07:00,1.5859,15.38,260.5,False,1.7825,11.11,306.4,False,0.23,3.85,332.6,True,0.6249,2.3969,3.835714,1d_transect,2026-03-25 02:00:00-07:00,2.396918773651123,2.156548419676665,18.181818280338256,191.13372802734372,1.0291356351864729,12.50000027939678,190.68893432617188,,,,cdip,2026-03-25 20:06:18,0.0
27,2026-03-25 05:00:00-07:00,1.6615,15.38,254.7,False,1.6693,11.11,306.8,False,0.631,3.85,318.5,True,0.6308,2.4383,3.86532,1d_transect,2026-03-25 05:00:00-07:00,2.4382941722869877,2.2232840563671625,18.181818280338256,190.83285522460935,0.985200862632638,12.50000027939678,191.3386993408203,,,,cdip,2026-03-25 20:06:18,0.0
27,2026-03-25 08:00:00-07:00,2.1908,11.11,305.6,False,0.5547,4.17,326.3,True,,,,,0.4535,2.2599,4.983076,1d_transect,2026-03-25 08:00:00-07:00,2.259887456893921,2.0688422047235657,16.666667039195705,191.3236541748047,0.5170302835436503,11.111110669595242,196.36485290527344,,,,cdip,2026-03-25 20:06:18,0.0
27,2026-03-25 11:00:00-07:00,2.1716,11.11,304.8,False,0.6709,4.76,322.7,True,,,,,0.5667,2.2729,4.010507,1d_transect,2026-03-25 11:00:00-07:00,2.272860288619995,2.078586097526661,16.666667039195705,191.30349731445312,0.9041247362960396,11.111110669595242,197.85012817382807,,,,cdip,2026-03-25 20:06:18,0.0
27,2026-03-25 14:00:00-07:00,2.2735,11.11,296.8,False,0.3495,4.76,331.5,True,,,,,0.6829,2.3002,3.368064,1d_transect,2026-03-25 14:00:00-07:00,2.300217866897583,2.127331783981157,16.666667039195705,191.2069854736328,0.845709850364,11.111110669595242,199.8537750244141,,,,cdip,2026-03-25 20:06:18,0.0
27,2026-03-25 17:00:00-07:00,2.2909,11.11,294.4,False,0.4554,5.0,327.0,True,,,,,0.8631,2.3357,2.70616,1d_transect,2026-03-25 17:00:00-07:00,2.33567214012146,2.139159904555537,16.666667039195705,191.03860473632807,0.8857154944067964,11.111110669595242,202.7143402099609,,,,cdip,2026-03-25 20:06:18,0.0
27,2026-03-25 20:00:00-07:00,2.3244,11.11,294.2,False,0.4727,5.26,329.5,True,,,,,0.9541,2.372,2.485995,1d_transect,2026-03-25 20:00:00-07:00,2.371969699859619,2.145523072201642,16.666667039195705,190.9011383056641,0.9524889260554158,11.111110669595242,206.4243927001953,,,,cdip,2026-03-25 20:06:18,0.0
27,2026-03-25 23:00:00-07:00,1.3972,11.11,300.3,False,0.9317,6.67,319.1,False,,,,,0.9305,1.6794,1.804778,1d_transect,2026-03-25 23:00:00-07:00,1.6793582439422607,1.4419967174864572,16.666667039195705,190.82347106933597,0.607003492101886,11.111110669595242,209.6583709716797,0.5199085569969061,7.692307974459867,236.1822967529297,cdip,2026-03-25 20:06:18,0.0
27,2026-03-26 02:00:00-07:00,1.8499,8.33,312.0,False,,,,,,,,,1.0551,1.8499,1.753191,1d_transect,2026-03-26 02:00:00-07:00,1.8498603105545044,1.4260480880340975,16.666667039195705,190.7831573486328,1.0632737528669252,9.871668200422231,222.1395263671875,0.3111794204867706,6.25000013969839,245.2966766357422,cdip,2026-03-25 20:06:18,0.0
27,2026-03-26 05:00:00-07:00,1.9745,9.09,310.8,False,,,,,,,,,1.2411,1.9745,1.590976,1d_transect,2026-03-26 05:00:00-07:00,1.974481225013733,1.3471774291135945,16.666667039195705,191.2193756103516,1.2612130045623642,9.871668200422231,224.2137451171875,0.3605671623674146,6.25000013969839,244.61798095703125,cdip,2026-03-25 20:06:18,0.0
27,2026-03-26 08:00:00-07:00,1.8417,9.87,308.3,False,,,,,,,,,1.5848,1.8417,1.162061,1d_transect,2026-03-26 08:00:00-07:00,1.8416556119918823,1.166141668510198,15.384615948919734,191.7969512939453,1.2129982184133454,9.871668200422231,224.84698486328125,0.3725524537782608,5.882352879303138,245.74703979492188,cdip,2026-03-25 20:06:18,0.0
27,2026-03-26 11:00:00-07:00,1.842,9.87,311.7,False,,,,,,,,,1.2554,1.842,1.467305,1d_transect,2026-03-26 11:00:00-07:00,1.842013359069824,1.1335189021169516,15.384615948919734,191.5085906982422,1.2274667241370243,9.871668200422231,225.3325042724609,0.3800286751964666,5.882352879303138,244.90020751953125,cdip,2026-03-25 20:06:18,0.0
27,2026-03-26 14:00:00-07:00,1.7266,9.87,306.6,False,,,,,,,,,1.4615,1.7266,1.181415,1d_transect,2026-03-26 14:00:00-07:00,1.72664475440979,1.0716941916501563,15.384615948919734,191.27745056152344,1.1502909616229708,9.871668200422231,225.48814392089844,0.4043814084031432,5.882352879303138,244.508056640625,cdip,2026-03-25 20:06:18,0.0
27,2026-03-26 17:00:00-07:00,1.6276,9.87,311.3,False,,,,,,,,,1.1189,1.6276,1.454609,1d_transect,2026-03-26 17:00:00-07:00,1.6275711059570312,1.0279802397790752,15.384615948919734,190.95993041992188,1.07069459458525,10.526315921561542,222.2828826904297,0.3817622265387997,5.882352879303138,245.64678955078125,cdip,2026-03-25 20:06:18,0.0
27,2026-03-26 20:00:00-07:00,1.5374,9.87,310.3,False,,,,,,,,,1.0547,1.5374,1.4577,1d_transect,2026-03-26 20:00:00-07:00,1.5374081134796145,0.9848952086059756,15.384615948919734,190.5459442138672,0.986060731536916,10.526315921561542,221.9896697998047,0.3158289522104173,5.882352879303138,246.5177154541016,cdip,2026-03-25 20:06:18,0.0
27,2026-03-26 23:00:00-07:00,1.4592,9.87,312.6,False,,,,,,,,,0.9828,1.4592,1.484782,1d_transect,2026-03-26 23:00:00-07:00,1.4592220783233645,0.9497801253299154,15.384615948919734,190.0489501953125,0.8344609832717436,11.111110669595242,217.8527374267578,0.3604075564076287,5.882352879303138,246.85693359375,cdip,2026-03-25 20:06:18,0.0
27,2026-03-27 02:00:00-07:00,1.3242,9.87,313.6,False,,,,,,,,,0.932,1.3242,1.420758,1d_transect,2026-03-27 02:00:00-07:00,1.3242013454437256,0.871081589475867,14.28571422489322,191.4109039306641,0.7525054283093285,11.111110669595242,217.4056701660156,0.3194185771461504,7.692307974459867,235.3830108642578,cdip,2026-03-25 20:06:18,0.0
27,2026-03-27 05:00:00-07:00,1.4469,10.53,314.7,False,,,,,,,,,0.9552,1.4469,1.514827,1d_transect,2026-03-27 05:00:00-07:00,1.4468927383422852,0.954203734600832,14.28571422489322,191.08074951171875,0.8310082389298735,11.111110669595242,217.2705078125,0.3353215531673781,7.692307974459867,235.18109130859372,cdip,2026-03-25 20:06:18,0.0
27,2026-03-27 08:00:00-07:00,1.277,10.53,313.7,False,,,,,,,,,0.9207,1.277,1.387071,1d_transect,2026-03-27 08:00:00-07:00,1.2770464420318604,0.8450704083176751,14.28571422489322,190.7148895263672,0.7330929002380787,11.111110669595242,216.9968414306641,0.2365371309914647,4.761904910578484,257.89117431640625,cdip,2026-03-25 20:06:18,0.0
27,2026-03-27 11:00:00-07:00,1.2583,10.53,314.8,False,,,,,,,,,0.8721,1.2583,1.442832,1d_transect,2026-03-27 11:00:00-07:00,1.2582629919052124,0.8433196921367806,14.28571422489322,190.2033843994141,0.7609073883865517,11.111110669595242,216.400146484375,0.4695886380578897,4.545454570084564,258.236083984375,cdip,2026-03-25 20:06:18,0.0
27,2026-03-27 14:00:00-07:00,1.256,10.53,308.6,False,,,,,,,,,1.0111,1.256,1.242212,1d_transect,2026-03-27 14:00:00-07:00,1.2560172080993652,0.8600059566873084,14.28571422489322,189.61062622070312,0.7439143277480348,11.111110669595242,215.6289520263672,0.4660286850034815,4.545454570084564,258.6097717285156,cdip,2026-03-25 20:06:18,0.0
27,2026-03-27 17:00:00-07:00,1.2678,10.53,311.1,False,,,,,,,,,0.8039,1.2678,1.577003,1d_transect,2026-03-27 17:00:00-07:00,1.267822504043579,0.8873555486994067,14.28571422489322,189.07749938964844,0.7348059151563405,11.111110669595242,214.70074462890625,0.4648649955598936,4.545454570084564,258.847412109375,cdip,2026-03-25 20:06:18,0.0
27,2026-03-27 20:00:00-07:00,1.3965,9.87,312.3,False,,,,,,,,,0.7549,1.3965,1.849906,1d_transect,2026-03-27 20:00:00-07:00,1.396458625793457,1.0030388504251109,14.28571422489322,188.54129028320312,0.7912279779064566,11.111110669595242,213.821044921875,0.4959012981024885,4.545454570084564,258.88623046875,cdip,2026-03-25 20:06:18,0.0
27,2026-03-27 23:00:00-07:00,1.5429,9.87,313.4,False,,,,,,,,,0.7414,1.5429,2.081043,1d_transect,2026-03-27 23:00:00-07:00,1.5428898334503174,1.138984019594588,15.384615948919734,187.5161590576172,0.8546580872024938,11.111110669595242,213.13351440429688,0.5210601652603322,4.761904910578484,258.8463134765625,cdip,2026-03-25 20:06:18,0.0
27,2026-03-28 02:00:00-07:00,1.5637,9.87,313.0,False,,,,,,,,,0.7338,1.5637,2.130907,1d_transect,2026-03-28 02:00:00-07:00,1.5636961460113523,1.1908941701932672,15.384615948919734,187.63905334472656,0.8442723464396547,11.111110669595242,212.619140625,0.2286417460766974,4.761904910578484,258.2223205566406,cdip,2026-03-25 20:06:18,0.0
27,2026-03-28 05:00:00-07:00,1.602,10.53,312.3,False,,,,,,,,,0.7722,1.602,2.074614,1d_transect,2026-03-28 05:00:00-07:00,1.6019829511642456,1.2411660978647363,15.384615948919734,187.8920745849609,0.8488714447405952,11.111110669595242,212.6471710205078,0.220931347473877,4.545454570084564,257.9962158203125,cdip,2026-03-25 20:06:18,0.0
27,2026-03-28 08:00:00-07:00,1.6453,10.53,311.3,False,,,,,,,,,0.7874,1.6453,2.089593,1d_transect,2026-03-28 08:00:00-07:00,1.6453012228012085,1.285327963706182,15.384615948919734,188.31256103515625,0.8684756561851172,11.111110669595242,213.01812744140625,0.4795882511277149,4.347826008084592,258.0894470214844,cdip,2026-03-25 20:06:18,0.0
27,2026-03-28 11:00:00-07:00,1.3917,11.11,312.3,False,0.7892,14.29,265.8,False,,,,,0.9742,1.5999,1.64232,1d_transect,2026-03-28 11:00:00-07:00,1.5998741388320925,1.3101412620113002,14.28571422489322,188.42584228515625,0.761359215551718,11.111110669595242,213.44528198242188,0.4503298864614813,4.347826008084592,258.6068115234375,cdip,2026-03-25 20:06:18,0.0
27,2026-03-28 14:00:00-07:00,1.4756,11.11,308.0,False,0.7323,14.29,256.8,False,,,,,1.1359,1.6473,1.450277,1d_transect,2026-03-28 14:00:00-07:00,1.647324562072754,1.5695806111049058,14.28571422489322,188.6827850341797,0.4394635530487261,4.166666759798926,258.6962890625,0.179318195861384,5.882352879303138,248.00091552734372,cdip,2026-03-25 20:06:18,0.0
27,2026-03-28 17:00:00-07:00,1.8404,11.11,309.0,False,,,,,,,,,1.0073,1.8404,1.827016,1d_transect,2026-03-28 17:00:00-07:00,1.840408563613892,1.7649235590088768,14.28571422489322,188.73825073242188,0.1810636002084689,5.882352879303138,247.7147979736328,,,,cdip,2026-03-25 20:06:18,0.0
27,2026-03-28 20:00:00-07:00,1.5278,11.11,307.9,False,0.9823,13.33,264.5,False,,,,,1.1216,1.8163,1.619373,1d_transect,2026-03-28 20:00:00-07:00,1.8163291215896609,1.7527989112891702,14.28571422489322,188.6963348388672,0.1624546380453021,5.882352879303138,247.51312255859372,,,,cdip,2026-03-25 20:06:18,0.0
27,2026-03-28 23:00:00-07:00,1.1148,13.33,264.2,False,1.2818,10.53,311.3,False,,,,,0.9113,1.6988,1.864267,1d_transect,2026-03-28 23:00:00-07:00,1.6988160610198977,0.2290143136498958,13.33333280351429,188.5177764892578,1.6323597994729586,5.882352879303138,246.919921875,,,,cdip,2026-03-25 20:06:18,0.0
27,2026-03-29 02:00:00-07:00,1.007,13.33,258.4,False,1.3358,10.53,306.1,False,,,,,0.9922,1.6729,1.685928,1d_transect,2026-03-29 02:00:00-07:00,1.6728565692901611,1.6112445327943548,13.33333280351429,188.8392639160156,0.2509227229631793,19.99999970197678,192.0827789306641,,,,cdip,2026-03-25 20:06:18,0.0
27,2026-03-29 05:00:00-07:00,1.0264,13.33,260.0,False,1.2889,9.87,307.9,False,,,,,0.9431,1.6476,1.747067,1d_transect,2026-03-29 05:00:00-07:00,1.647629737854004,1.5899582308554228,13.33333280351429,189.0873565673828,0.2688869727913248,19.99999970197678,192.726318359375,,,,cdip,2026-03-25 20:06:18,0.0
27,2026-03-29 08:00:00-07:00,1.109,13.33,260.6,False,1.1839,9.87,306.2,False,,,,,0.9792,1.6222,1.656627,1d_transect,2026-03-29 08:00:00-07:00,1.6221978664398191,1.569288624694259,13.33333280351429,189.20155334472656,0.2687492999430962,19.99999970197678,193.1232452392578,,,,cdip,2026-03-25 20:06:18,0.0
27,2026-03-29 11:00:00-07:00,1.1152,13.33,260.8,False,1.1289,9.87,307.2,False,,,,,0.9415,1.5869,1.685471,1d_transect,2026-03-29 11:00:00-07:00,1.586858868598938,1.5135412668809618,13.33333280351429,189.26055908203125,0.3835161404794504,18.181818280338256,191.7939300537109,,,,cdip,2026-03-25 20:06:18,0.0
27,2026-03-29 14:00:00-07:00,1.1147,13.33,265.3,False,1.0809,9.87,306.3,False,,,,,0.8847,1.5527,1.755119,1d_transect,2026-03-29 14:00:00-07:00,1.552720069885254,1.473318176845118,13.33333280351429,189.33409118652344,0.4176231639763367,18.181818280338256,191.8174285888672,,,,cdip,2026-03-25 20:06:18,0.0
27,2026-03-29 17:00:00-07:00,1.1213,13.33,266.3,False,1.0304,9.87,306.8,False,,,,,0.8517,1.5228,1.788094,1d_transect,2026-03-29 17:00:00-07:00,1.5228419303894043,1.435978340805878,13.33333280351429,189.55422973632807,0.4504892559346158,18.181818280338256,191.9087829589844,,,,cdip,2026-03-25 20:06:18,0.0
27,2026-03-29 20:00:00-07:00,1.1749,13.33,264.5,False,0.9141,9.09,305.8,False,,,,,0.8896,1.4886,1.673295,1d_transect,2026-03-29 20:00:00-07:00,1.4885859489440918,1.3985764846228663,13.33333280351429,189.7487030029297,0.4622772874522137,18.181818280338256,191.96153259277344,,,,cdip,2026-03-25 20:06:18,0.0
27,2026-03-29 23:00:00-07:00,1.1504,12.5,268.4,False,0.8526,9.09,306.8,False,0.2105,3.7,319.0,True,0.816,1.4474,1.773807,1d_transect,2026-03-29 23:00:00-07:00,1.4473576545715332,1.3173704076022406,13.33333280351429,189.76454162597656,0.5652305988058454,18.181818280338256,191.9210662841797,,,,cdip,2026-03-25 20:06:18,0.0
27,2026-03-30 02:00:00-07:00,1.1266,12.5,264.4,False,0.8558,9.09,308.0,False,,,,,0.8116,1.4148,1.743227,1d_transect,2026-03-30 02:00:00-07:00,1.4148017168045044,1.274699408581299,13.33333280351429,189.4913787841797,0.5821467336907067,18.181818280338256,191.8719024658203,,,,cdip,2026-03-25 20:06:18,0.0
27,2026-03-30 05:00:00-07:00,1.1384,12.5,266.0,False,0.8049,9.09,309.2,False,,,,,0.8181,1.3943,1.704227,1d_transect,2026-03-30 05:00:00-07:00,1.3942629098892212,1.2382947491096814,13.33333280351429,189.0072021484375,0.6114208985596731,16.666667039195705,192.11819458007807,,,,cdip,2026-03-25 20:06:18,0.0
27,2026-03-30 08:00:00-07:00,1.1585,12.5,266.2,False,0.5267,9.09,308.0,False,0.3402,5.88,316.2,True,0.7328,1.3174,1.797746,1d_transect,2026-03-30 08:00:00-07:00,1.317355036735535,0.8398877031093923,12.50000027939678,189.12217712402344,0.61077293806243,16.666667039195705,192.0483856201172,,,,cdip,2026-03-25 20:06:18,0.0
27,2026-03-30 11:00:00-07:00,1.1511,12.5,267.3,False,0.4773,9.09,309.2,False,0.3656,5.56,314.6,True,0.7508,1.2987,1.729838,1d_transect,2026-03-30 11:00:00-07:00,1.2986918687820437,0.7127906034176085,12.50000027939678,189.16427612304688,0.7172127440428913,16.666667039195705,192.0788726806641,,,,cdip,2026-03-25 20:06:18,0.0
27,2026-03-30 14:00:00-07:00,1.4478,12.5,268.9,False,0.5877,9.09,307.9,False,0.3245,5.56,315.6,True,0.7029,1.5959,2.270321,1d_transect,2026-03-30 14:00:00-07:00,1.5959067344665527,0.91569991388629,16.666667039195705,192.2200164794922,0.8162115226745771,12.50000027939678,189.09683227539065,,,,cdip,2026-03-25 20:06:18,0.0
27,2026-03-30 17:00:00-07:00,1.2371,11.76,275.9,False,0.5649,15.38,232.6,False,0.8276,9.09,309.4,False,0.6517,1.592,2.442961,1d_transect,2026-03-30 17:00:00-07:00,1.592010736465454,0.9397991618444752,16.666667039195705,192.337646484375,0.7646905037336276,11.111110669595242,183.15724182128903,,,,cdip,2026-03-25 20:06:18,0.0
27,2026-03-30 20:00:00-07:00,0.7077,15.38,233.8,False,1.1491,11.11,286.5,False,0.8757,8.33,308.7,False,0.5587,1.6088,2.879476,1d_transect,2026-03-30 20:00:00-07:00,1.6087627410888672,1.049278463753055,16.666667039195705,192.3271484375,0.6150993313745874,11.111110669595242,182.00914001464844,,,,cdip,2026-03-25 20:06:18,0.0
27,2026-03-30 23:00:00-07:00,0.7932,15.38,235.4,False,1.1451,11.11,288.1,False,0.8552,8.33,308.9,False,0.5323,1.6346,3.071008,1d_transect,2026-03-30 23:00:00-07:00,1.6345618963241575,1.0837703547896562,16.666667039195705,192.22479248046875,0.5842311270292038,11.111110669595242,180.5619201660156,,,,cdip,2026-03-25 20:06:18,0.0
27,2026-03-31 02:00:00-07:00,0.9326,15.38,242.8,False,0.9663,11.11,287.6,False,0.9422,8.33,300.5,False,0.5593,1.6405,2.933393,1d_transect,2026-03-31 02:00:00-07:00,1.6405216455459597,1.1062116387214826,16.666667039195705,192.20640563964844,0.5611048232662242,11.111110669595242,180.12998962402344,,,,cdip,2026-03-25 20:06:18,0.0
27,2026-03-31 05:00:00-07:00,1.1546,14.29,245.3,False,0.8937,11.11,292.9,False,0.8576,8.33,295.7,False,0.5134,1.6933,3.298138,1d_transect,2026-03-31 05:00:00-07:00,1.6932904720306396,1.1626244929146143,16.666667039195705,192.0787048339844,1.0850355539879577,11.111110669595242,178.1546630859375,0.5326191316908969,12.50000027939678,188.5383758544922,cdip,2026-03-25 20:06:18,0.0
27,2026-03-31 08:00:00-07:00,1.1435,14.29,246.6,False,0.7341,11.11,295.5,False,1.0457,8.33,294.6,False,0.5381,1.7146,3.186263,1d_transect,2026-03-31 08:00:00-07:00,1.7146282196044922,1.1617908026578774,16.666667039195705,192.1459045410156,1.128749836544927,11.111110669595242,178.4123077392578,0.5110127481075998,12.50000027939678,188.882080078125,cdip,2026-03-25 20:06:18,0.0
27,2026-03-31 11:00:00-07:00,1.1779,14.29,242.4,False,0.8808,11.11,291.3,False,0.6783,8.33,295.3,False,0.5519,1.6197,2.934762,1d_transect,2026-03-31 11:00:00-07:00,1.6196714639663696,1.236853203126508,15.384615948919734,193.97142028808597,1.0203732773215424,11.111110669595242,177.94715881347656,,,,cdip,2026-03-25 20:06:18,0.0
27,2026-03-31 14:00:00-07:00,1.1322,14.29,245.5,False,0.6341,11.11,303.6,False,1.0365,7.69,278.5,False,0.5991,1.6608,2.772016,1d_transect,2026-03-31 14:00:00-07:00,1.6608026027679443,1.2327392053822914,15.384615948919734,194.06727600097656,0.9523695312617128,11.111110669595242,178.24583435058594,0.5169802449483185,7.692307974459867,212.94322204589844,cdip,2026-03-25 20:06:18,0.0
28,2026-03-25 02:00:00-07:00,1.2057,15.38,260.5,False,1.3574,11.11,306.4,False,0.1873,3.85,332.6,True,0.5845,1.8252,3.122548,1d_transect,2026-03-25 02:00:00-07:00,1.825185179710388,1.6421500154456692,18.181818280338256,191.13372802734372,0.7836573868675477,12.50000027939678,190.68893432617188,,,,cdip,2026-03-25 20:06:18,0.0
28,2026-03-25 05:00:00-07:00,1.2583,15.38,254.7,False,1.2659,11.11,306.8,False,0.5083,3.85,318.5,True,0.5923,1.8559,3.133558,1d_transect,2026-03-25 05:00:00-07:00,1.8558666706085205,1.6922153064826255,18.181818280338256,190.83285522460935,0.7498690843989542,12.50000027939678,191.3386993408203,,,,cdip,2026-03-25 20:06:18,0.0
28,2026-03-25 08:00:00-07:00,1.7066,11.11,305.6,False,0.4635,4.17,326.3,True,,,,,0.4262,1.7684,4.149643,1d_transect,2026-03-25 08:00:00-07:00,1.768397569656372,1.6189017388190905,16.666667039195705,191.3236541748047,0.4045843724281445,11.111110669595242,196.36485290527344,,,,cdip,2026-03-25 20:06:18,0.0
28,2026-03-25 11:00:00-07:00,1.6902,11.11,304.8,False,0.5526,4.76,322.7,True,,,,,0.5376,1.7783,3.307913,1d_transect,2026-03-25 11:00:00-07:00,1.7782762050628662,1.6262769647887036,16.666667039195705,191.30349731445312,0.7073833668393672,11.111110669595242,197.85012817382807,,,,cdip,2026-03-25 20:06:18,0.0
28,2026-03-25 14:00:00-07:00,1.7757,11.11,296.8,False,0.2893,4.76,331.5,True,,,,,0.6455,1.7991,2.787263,1d_transect,2026-03-25 14:00:00-07:00,1.7990925312042236,1.663871370161137,16.666667039195705,191.2069854736328,0.6614635376013273,11.111110669595242,199.8537750244141,,,,cdip,2026-03-25 20:06:18,0.0
28,2026-03-25 17:00:00-07:00,1.7865,11.11,294.4,False,0.3781,5.0,327.0,True,,,,,0.8155,1.826,2.239258,1d_transect,2026-03-25 17:00:00-07:00,1.8260364532470703,1.6724025355457952,16.666667039195705,191.03860473632807,0.6924554052568102,11.111110669595242,202.7143402099609,,,,cdip,2026-03-25 20:06:18,0.0
28,2026-03-25 20:00:00-07:00,1.8116,11.11,294.2,False,0.3923,5.26,329.5,True,,,,,0.9016,1.8536,2.055922,1d_transect,2026-03-25 20:00:00-07:00,1.85358202457428,1.6766247312545168,16.666667039195705,190.9011383056641,0.7443250134951138,11.111110669595242,206.4243927001953,,,,cdip,2026-03-25 20:06:18,0.0
28,2026-03-25 23:00:00-07:00,1.0891,11.11,300.3,False,0.7531,6.67,319.1,False,,,,,0.8882,1.3241,1.490764,1d_transect,2026-03-25 23:00:00-07:00,1.324131727218628,1.1369781256155262,16.666667039195705,190.82347106933597,0.4786069790055281,11.111110669595242,209.6583709716797,0.4099348143151144,7.692307974459867,236.1822967529297,cdip,2026-03-25 20:06:18,0.0
28,2026-03-26 02:00:00-07:00,1.4673,8.33,312.0,False,,,,,,,,,1.0089,1.4673,1.454282,1d_transect,2026-03-26 02:00:00-07:00,1.4672908782958984,1.1311272321155248,16.666667039195705,190.7831573486328,0.8433782192572837,9.871668200422231,222.1395263671875,0.2468244370859517,6.25000013969839,245.2966766357422,cdip,2026-03-25 20:06:18,0.0
28,2026-03-26 05:00:00-07:00,1.5705,9.09,310.8,False,,,,,,,,,1.1695,1.5705,1.342876,1d_transect,2026-03-26 05:00:00-07:00,1.5705105066299438,1.0715504483105192,16.666667039195705,191.2193756103516,1.0031739927108765,9.871668200422231,224.2137451171875,0.2867965986745139,6.25000013969839,244.61798095703125,cdip,2026-03-25 20:06:18,0.0
28,2026-03-26 08:00:00-07:00,1.4972,9.87,308.3,False,,,,,,,,,1.5102,1.4972,0.991361,1d_transect,2026-03-26 08:00:00-07:00,1.4971709251403809,0.9480129172918046,15.384615948919734,191.7969512939453,0.9861048710976072,9.871668200422231,224.84698486328125,0.3028658936454603,5.882352879303138,245.74703979492188,cdip,2026-03-25 20:06:18,0.0
28,2026-03-26 11:00:00-07:00,1.5033,9.87,311.7,False,,,,,,,,,1.183,1.5033,1.270707,1d_transect,2026-03-26 11:00:00-07:00,1.5032575130462646,0.9250588830481972,15.384615948919734,191.5085906982422,1.0017292121802408,9.871668200422231,225.3325042724609,0.3101394261242396,5.882352879303138,244.90020751953125,cdip,2026-03-25 20:06:18,0.0
28,2026-03-26 14:00:00-07:00,1.4102,9.87,306.6,False,,,,,,,,,1.3927,1.4102,1.012541,1d_transect,2026-03-26 14:00:00-07:00,1.4101755619049072,0.8752680384050802,15.384615948919734,191.27745056152344,0.939459149278934,9.871668200422231,225.48814392089844,0.3302641041242514,5.882352879303138,244.508056640625,cdip,2026-03-25 20:06:18,0.0
28,2026-03-26 17:00:00-07:00,1.331,9.87,311.3,False,,,,,,,,,1.0544,1.331,1.262275,1d_transect,2026-03-26 17:00:00-07:00,1.3309553861618042,0.8406365578408581,15.384615948919734,190.95993041992188,0.8755664590249244,10.526315921561542,222.2828826904297,0.3121881837925295,5.882352879303138,245.64678955078125,cdip,2026-03-25 20:06:18,0.0
28,2026-03-26 20:00:00-07:00,1.2585,9.87,310.3,False,,,,,,,,,0.9939,1.2585,1.26628,1d_transect,2026-03-26 20:00:00-07:00,1.2585389614105225,0.8062459253547395,15.384615948919734,190.5459442138672,0.8072000350973468,10.526315921561542,221.9896697998047,0.2585410139106252,5.882352879303138,246.5177154541016,cdip,2026-03-25 20:06:18,0.0
28,2026-03-26 23:00:00-07:00,1.1952,9.87,312.6,False,,,,,,,,,0.9261,1.1952,1.290549,1d_transect,2026-03-26 23:00:00-07:00,1.1952228546142578,0.7779480039608944,15.384615948919734,190.0489501953125,0.6834921462417458,11.111110669595242,217.8527374267578,0.2952034177619226,5.882352879303138,246.85693359375,cdip,2026-03-25 20:06:18,0.0
28,2026-03-27 02:00:00-07:00,1.1071,9.87,313.6,False,,,,,,,,,0.8783,1.1071,1.260459,1d_transect,2026-03-27 02:00:00-07:00,1.1070789098739624,0.7282548659580269,14.28571422489322,191.4109039306641,0.6291210220110849,11.111110669595242,217.4056701660156,0.2670451722255324,7.692307974459867,235.3830108642578,cdip,2026-03-25 20:06:18,0.0
28,2026-03-27 05:00:00-07:00,1.2281,10.53,314.7,False,,,,,,,,,0.8833,1.2281,1.390339,1d_transect,2026-03-27 05:00:00-07:00,1.228135108947754,0.8099364149677252,14.28571422489322,191.08074951171875,0.7053670085760717,11.111110669595242,217.2705078125,0.2846238458157035,7.692307974459867,235.18109130859372,cdip,2026-03-25 20:06:18,0.0
28,2026-03-27 08:00:00-07:00,1.0684,10.53,313.7,False,,,,,,,,,0.8515,1.0684,1.254844,1d_transect,2026-03-27 08:00:00-07:00,1.068439483642578,0.7070272311068181,14.28571422489322,190.7148895263672,0.6133413716748586,11.111110669595242,216.9968414306641,0.1978985314510961,4.761904910578484,257.89117431640625,cdip,2026-03-25 20:06:18,0.0
28,2026-03-27 11:00:00-07:00,1.0535,10.53,314.8,False,,,,,,,,,0.8065,1.0535,1.306275,1d_transect,2026-03-27 11:00:00-07:00,1.0535197257995603,0.7060955840920965,14.28571422489322,190.2033843994141,0.637093325167666,11.111110669595242,216.400146484375,0.3931776605765761,4.545454570084564,258.236083984375,cdip,2026-03-25 20:06:18,0.0
28,2026-03-27 14:00:00-07:00,1.0524,10.53,308.6,False,,,,,,,,,0.9604,1.0524,1.095738,1d_transect,2026-03-27 14:00:00-07:00,1.0523631572723389,0.7205622493923495,14.28571422489322,189.61062622070312,0.6232940332437956,11.111110669595242,215.6289520263672,0.3904655251935221,4.545454570084564,258.6097717285156,cdip,2026-03-25 20:06:18,0.0
28,2026-03-27 17:00:00-07:00,1.0629,10.53,311.1,False,,,,,,,,,0.7435,1.0629,1.429624,1d_transect,2026-03-27 17:00:00-07:00,1.0629186630249023,0.7439422874403167,14.28571422489322,189.07749938964844,0.6160475292539844,11.111110669595242,214.70074462890625,0.3897341135181331,4.545454570084564,258.847412109375,cdip,2026-03-25 20:06:18,0.0
28,2026-03-27 20:00:00-07:00,1.1855,9.87,312.3,False,,,,,,,,,0.7114,1.1855,1.666577,1d_transect,2026-03-27 20:00:00-07:00,1.1855489015579224,0.8515480718946841,14.28571422489322,188.54129028320312,0.6717273799811584,11.111110669595242,213.821044921875,0.4210044247740468,4.545454570084564,258.88623046875,cdip,2026-03-25 20:06:18,0.0
28,2026-03-27 23:00:00-07:00,1.2887,9.87,313.4,False,,,,,,,,,0.6987,1.2887,1.844515,1d_transect,2026-03-27 23:00:00-07:00,1.2886996269226074,0.9513370889044286,15.384615948919734,187.5161590576172,0.7138536824926242,11.111110669595242,213.13351440429688,0.4352158171097665,4.761904910578484,258.8463134765625,cdip,2026-03-25 20:06:18,0.0
28,2026-03-28 02:00:00-07:00,1.3047,9.87,313.0,False,,,,,,,,,0.6915,1.3047,1.88679,1d_transect,2026-03-28 02:00:00-07:00,1.304749608039856,0.9936832686202676,15.384615948919734,187.63905334472656,0.7044616774635061,11.111110669595242,212.619140625,0.190778898134724,4.761904910578484,258.2223205566406,cdip,2026-03-25 20:06:18,0.0
28,2026-03-28 05:00:00-07:00,1.3365,10.53,312.3,False,,,,,,,,,0.7141,1.3365,1.871538,1d_transect,2026-03-28 05:00:00-07:00,1.3365079164505005,1.0354844251284825,15.384615948919734,187.8920745849609,0.7081994597478872,11.111110669595242,212.6471710205078,0.1843193829781679,4.545454570084564,257.9962158203125,cdip,2026-03-25 20:06:18,0.0
28,2026-03-28 08:00:00-07:00,1.3742,10.53,311.3,False,,,,,,,,,0.7282,1.3742,1.887169,1d_transect,2026-03-28 08:00:00-07:00,1.3741894960403442,1.073532430924971,15.384615948919734,188.31256103515625,0.7253687842402647,11.111110669595242,213.01812744140625,0.4005620009943887,4.347826008084592,258.0894470214844,cdip,2026-03-25 20:06:18,0.0
28,2026-03-28 11:00:00-07:00,1.182,11.11,312.3,False,0.6854,14.29,265.8,False,,,,,0.8951,1.3663,1.526411,1d_transect,2026-03-28 11:00:00-07:00,1.366308569908142,1.1188737471432633,14.28571422489322,188.42584228515625,0.6502083883066486,11.111110669595242,213.44528198242188,0.3845862290774963,4.347826008084592,258.6068115234375,cdip,2026-03-25 20:06:18,0.0
28,2026-03-28 14:00:00-07:00,1.2647,11.11,308.0,False,0.6268,14.29,256.8,False,,,,,1.0623,1.4115,1.328754,1d_transect,2026-03-28 14:00:00-07:00,1.4115124940872192,1.3448974664079072,14.28571422489322,188.6827850341797,0.3765549949408402,4.166666759798926,258.6962890625,0.1536490611495541,5.882352879303138,248.00091552734372,cdip,2026-03-25 20:06:18,0.0
28,2026-03-28 17:00:00-07:00,1.5074,11.11,309.0,False,,,,,,,,,0.9423,1.5074,1.59973,1d_transect,2026-03-28 17:00:00-07:00,1.507414937019348,1.4455878507373354,14.28571422489322,188.73825073242188,0.1483029331984843,5.882352879303138,247.7147979736328,,,,cdip,2026-03-25 20:06:18,0.0
28,2026-03-28 20:00:00-07:00,1.252,11.11,307.9,False,0.8043,13.33,264.5,False,,,,,1.049,1.4881,1.418674,1d_transect,2026-03-28 20:00:00-07:00,1.488125205039978,1.4360746394375243,14.28571422489322,188.6963348388672,0.1330996865945521,5.882352879303138,247.51312255859372,,,,cdip,2026-03-25 20:06:18,0.0
28,2026-03-28 23:00:00-07:00,0.9354,13.33,264.2,False,1.0642,10.53,311.3,False,,,,,0.8466,1.4169,1.673603,1d_transect,2026-03-28 23:00:00-07:00,1.416892647743225,0.1910087341379161,13.33333280351429,188.5177764892578,1.3614650280401552,5.882352879303138,246.919921875,,,,cdip,2026-03-25 20:06:18,0.0
28,2026-03-29 02:00:00-07:00,0.8315,13.33,258.4,False,1.1209,10.53,306.1,False,,,,,0.9371,1.3957,1.489414,1d_transect,2026-03-29 02:00:00-07:00,1.3956853151321411,1.3442815603349394,13.33333280351429,188.8392639160156,0.2093479808204171,19.99999970197678,192.0827789306641,,,,cdip,2026-03-25 20:06:18,0.0
28,2026-03-29 05:00:00-07:00,0.8464,13.33,260.0,False,1.0837,9.87,307.9,False,,,,,0.8921,1.3751,1.541443,1d_transect,2026-03-29 05:00:00-07:00,1.3750560283660889,1.3269253630096771,13.33333280351429,189.0873565673828,0.2244039730450916,19.99999970197678,192.726318359375,,,,cdip,2026-03-25 20:06:18,0.0
28,2026-03-29 08:00:00-07:00,0.9163,13.33,260.6,False,0.9972,9.87,306.2,False,,,,,0.9248,1.3542,1.464349,1d_transect,2026-03-29 08:00:00-07:00,1.3542392253875732,1.3100696995838474,13.33333280351429,189.20155334472656,0.2243566346556653,19.99999970197678,193.1232452392578,,,,cdip,2026-03-25 20:06:18,0.0
28,2026-03-29 11:00:00-07:00,0.9222,13.33,260.8,False,0.9518,9.87,307.2,False,,,,,0.8887,1.3253,1.49122,1d_transect,2026-03-29 11:00:00-07:00,1.3252806663513184,1.264048749111753,13.33333280351429,189.26055908203125,0.3202972447763092,18.181818280338256,191.7939300537109,,,,cdip,2026-03-25 20:06:18,0.0
28,2026-03-29 14:00:00-07:00,0.9227,13.33,265.3,False,0.9119,9.87,306.3,False,,,,,0.8349,1.2973,1.553823,1d_transect,2026-03-29 14:00:00-07:00,1.29727041721344,1.2309315638489986,13.33333280351429,189.33409118652344,0.3489168479776381,18.181818280338256,191.8174285888672,,,,cdip,2026-03-25 20:06:18,0.0
28,2026-03-29 17:00:00-07:00,0.9289,13.33,266.3,False,0.87,9.87,306.8,False,,,,,0.8033,1.2727,1.584347,1d_transect,2026-03-29 17:00:00-07:00,1.272728443145752,1.200131411289618,13.33333280351429,189.55422973632807,0.3765003211623701,18.181818280338256,191.9087829589844,,,,cdip,2026-03-25 20:06:18,0.0
28,2026-03-29 20:00:00-07:00,0.9751,13.33,264.5,False,0.7734,9.09,305.8,False,,,,,0.8377,1.2446,1.485771,1d_transect,2026-03-29 20:00:00-07:00,1.244559407234192,1.1693053707347487,13.33333280351429,189.7487030029297,0.3864953550483335,18.181818280338256,191.96153259277344,,,,cdip,2026-03-25 20:06:18,0.0
28,2026-03-29 23:00:00-07:00,0.9548,12.5,268.4,False,0.7207,9.09,306.8,False,0.1856,3.7,319.0,True,0.7694,1.2106,1.573412,1d_transect,2026-03-29 23:00:00-07:00,1.2106143236160278,1.101889010415931,13.33333280351429,189.76454162597656,0.4727762074970096,18.181818280338256,191.9210662841797,,,,cdip,2026-03-25 20:06:18,0.0
28,2026-03-30 02:00:00-07:00,0.9361,12.5,264.4,False,0.7246,9.09,308.0,False,,,,,0.7643,1.1838,1.548858,1d_transect,2026-03-30 02:00:00-07:00,1.1837774515151978,1.0665526294785468,13.33333280351429,189.4913787841797,0.4870874853948523,18.181818280338256,191.8719024658203,,,,cdip,2026-03-25 20:06:18,0.0
28,2026-03-30 05:00:00-07:00,0.9469,12.5,266.0,False,0.6818,9.09,309.2,False,,,,,0.7702,1.1668,1.514907,1d_transect,2026-03-30 05:00:00-07:00,1.1668325662612915,1.0363057255660255,13.33333280351429,189.0072021484375,0.5116867194693974,16.666667039195705,192.11819458007807,,,,cdip,2026-03-25 20:06:18,0.0
28,2026-03-30 08:00:00-07:00,0.9776,12.5,266.2,False,0.4527,9.09,308.0,False,0.3049,5.88,316.2,True,0.6906,1.1197,1.621284,1d_transect,2026-03-30 08:00:00-07:00,1.1196537017822266,0.7138420378041317,12.50000027939678,189.12217712402344,0.5191115397070113,16.666667039195705,192.0483856201172,,,,cdip,2026-03-25 20:06:18,0.0
28,2026-03-30 11:00:00-07:00,0.9716,12.5,267.3,False,0.4103,9.09,309.2,False,0.3262,5.56,314.6,True,0.7075,1.104,1.560479,1d_transect,2026-03-30 11:00:00-07:00,1.104000687599182,0.605933819892315,12.50000027939678,189.16427612304688,0.6096930228732902,16.666667039195705,192.0788726806641,,,,cdip,2026-03-25 20:06:18,0.0
28,2026-03-30 14:00:00-07:00,1.1345,12.5,268.9,False,0.469,9.09,307.9,False,0.27,5.56,315.6,True,0.6611,1.257,1.901344,1d_transect,2026-03-30 14:00:00-07:00,1.2570205926895142,0.7212536839871608,16.666667039195705,192.2200164794922,0.6428913650797962,12.50000027939678,189.09683227539065,,,,cdip,2026-03-25 20:06:18,0.0
28,2026-03-30 17:00:00-07:00,0.9708,11.76,275.9,False,0.4419,15.38,232.6,False,0.6593,9.09,309.4,False,0.614,1.254,2.042361,1d_transect,2026-03-30 17:00:00-07:00,1.253990888595581,0.7402585580531864,16.666667039195705,192.337646484375,0.6023294259380252,11.111110669595242,183.15724182128903,,,,cdip,2026-03-25 20:06:18,0.0
28,2026-03-30 20:00:00-07:00,0.552,15.38,233.8,False,0.9014,11.11,286.5,False,0.6986,8.33,308.7,False,0.5279,1.267,2.400302,1d_transect,2026-03-30 20:00:00-07:00,1.267015814781189,0.8263818860450698,16.666667039195705,192.3271484375,0.4844347455186324,11.111110669595242,182.00914001464844,,,,cdip,2026-03-25 20:06:18,0.0
28,2026-03-30 23:00:00-07:00,0.6187,15.38,235.4,False,0.8987,11.11,288.1,False,0.6827,8.33,308.9,False,0.5025,1.2871,2.561257,1d_transect,2026-03-30 23:00:00-07:00,1.2870643138885498,0.8533675759436087,16.666667039195705,192.22479248046875,0.4600272543536015,11.111110669595242,180.5619201660156,,,,cdip,2026-03-25 20:06:18,0.0
28,2026-03-31 02:00:00-07:00,0.7275,15.38,242.8,False,0.7588,11.11,287.6,False,0.7506,8.33,300.5,False,0.5277,1.2917,2.447715,1d_transect,2026-03-31 02:00:00-07:00,1.2916938066482544,0.8709953021938258,16.666667039195705,192.20640563964844,0.441795808321111,11.111110669595242,180.12998962402344,,,,cdip,2026-03-25 20:06:18,0.0
28,2026-03-31 05:00:00-07:00,0.9023,14.29,245.3,False,0.704,11.11,292.9,False,0.6828,8.33,295.7,False,0.4834,1.3327,2.756782,1d_transect,2026-03-31 05:00:00-07:00,1.3326526880264282,0.915008148674138,16.666667039195705,192.0787048339844,0.8539441406495928,11.111110669595242,178.1546630859375,0.4191816434342972,12.50000027939678,188.5383758544922,cdip,2026-03-25 20:06:18,0.0
28,2026-03-31 08:00:00-07:00,0.8927,14.29,246.6,False,0.5785,11.11,295.5,False,0.8299,8.33,294.6,False,0.5071,1.3492,2.660505,1d_transect,2026-03-31 08:00:00-07:00,1.3491986989974976,0.9141845415205078,16.666667039195705,192.1459045410156,0.8881854198298735,11.111110669595242,178.4123077392578,0.4021033337250901,12.50000027939678,188.882080078125,cdip,2026-03-25 20:06:18,0.0
28,2026-03-31 11:00:00-07:00,0.9437,14.29,242.4,False,0.7109,11.11,291.3,False,0.5533,8.33,295.3,False,0.5191,1.3046,2.513379,1d_transect,2026-03-31 11:00:00-07:00,1.3046108484268188,0.9962588781997728,15.384615948919734,193.97142028808597,0.8218889145775287,11.111110669595242,177.94715881347656,,,,cdip,2026-03-25 20:06:18,0.0
28,2026-03-31 14:00:00-07:00,0.9048,14.29,245.5,False,0.5115,11.11,303.6,False,0.8413,7.69,278.5,False,0.5644,1.3372,2.369404,1d_transect,2026-03-31 14:00:00-07:00,1.3372197151184082,0.9925581537418914,15.384615948919734,194.06727600097656,0.7668143752562893,11.111110669595242,178.24583435058594,0.4162542695215111,7.692307974459867,212.94322204589844,cdip,2026-03-25 20:06:18,0.0
29,2026-03-25 02:00:00-07:00,1.1167,15.38,260.5,False,0.6489,11.11,306.4,False,0.2006,3.85,332.6,True,0.3908,1.307,3.344467,1d_transect,2026-03-25 02:00:00-07:00,1.3069841861724854,1.175703352996709,18.181818280338256,191.45053100585935,0.5614673488536371,12.50000027939678,190.38185119628903,,,,cdip,2026-03-25 20:06:18,0.0
29,2026-03-25 05:00:00-07:00,1.1974,15.38,254.7,False,0.5711,11.11,306.8,False,0.2056,3.85,318.5,True,0.4239,1.3425,3.167284,1d_transect,2026-03-25 05:00:00-07:00,1.3424564599990845,1.2254530240029753,18.181818280338256,191.19708251953125,0.5392752207547109,12.50000027939678,190.8094024658203,,,,cdip,2026-03-25 20:06:18,0.0
29,2026-03-25 08:00:00-07:00,1.2256,11.11,305.6,False,0.5509,4.17,326.3,True,,,,,0.2012,1.3437,6.677439,1d_transect,2026-03-25 08:00:00-07:00,1.343746304512024,1.2344485078443268,16.666667039195705,191.34866333007807,0.2991721642354394,11.111110669595242,193.6195373535156,,,,cdip,2026-03-25 20:06:18,0.0
29,2026-03-25 11:00:00-07:00,1.2745,11.11,304.8,False,0.4781,4.76,322.7,True,,,,,0.2533,1.3612,5.374168,1d_transect,2026-03-25 11:00:00-07:00,1.361224889755249,1.270108505649178,16.666667039195705,191.3258514404297,0.479811302402637,11.111110669595242,194.67431640625,,,,cdip,2026-03-25 20:06:18,0.0
29,2026-03-25 14:00:00-07:00,1.309,11.11,296.8,False,0.4361,4.76,331.5,True,,,,,0.3283,1.3798,4.202494,1d_transect,2026-03-25 14:00:00-07:00,1.379789113998413,1.2846757111390117,16.666667039195705,191.24490356445312,0.4869440003064383,11.111110669595242,196.2289581298828,,,,cdip,2026-03-25 20:06:18,0.0
29,2026-03-25 17:00:00-07:00,1.3344,11.11,294.4,False,0.3974,5.0,327.0,True,,,,,0.437,1.3923,3.186256,1d_transect,2026-03-25 17:00:00-07:00,1.39226496219635,1.2857854221629228,16.666667039195705,191.09690856933597,0.5047458853717939,11.111110669595242,198.5360870361328,,,,cdip,2026-03-25 20:06:18,0.0
29,2026-03-25 20:00:00-07:00,1.3469,11.11,294.2,False,0.4104,5.26,329.5,True,,,,,0.4835,1.408,2.911902,1d_transect,2026-03-25 20:00:00-07:00,1.408017635345459,1.2854330553827584,16.666667039195705,190.9635009765625,0.5412376740732582,11.111110669595242,201.6502227783203,,,,cdip,2026-03-25 20:06:18,0.0
29,2026-03-25 23:00:00-07:00,0.8295,11.11,300.3,False,0.4877,6.67,319.1,False,,,,,0.3933,0.9623,2.446378,1d_transect,2026-03-25 23:00:00-07:00,0.962267279624939,0.831748587067597,16.666667039195705,190.8931579589844,0.3519529968403839,11.111110669595242,204.5615692138672,0.309135803853262,7.692307974459867,231.64572143554688,cdip,2026-03-25 20:06:18,0.0
29,2026-03-26 02:00:00-07:00,1.0883,8.33,312.0,False,,,,,,,,,0.3063,1.0883,3.553587,1d_transect,2026-03-26 02:00:00-07:00,1.088338851928711,0.8475842218628169,16.666667039195705,190.9958038330078,0.4833668313682587,9.090909140169128,223.23565673828125,0.3919226558299611,6.25000013969839,239.64675903320312,cdip,2026-03-25 20:06:18,0.0
29,2026-03-26 05:00:00-07:00,1.1592,9.09,310.8,False,,,,,,,,,0.3876,1.1592,2.99094,1d_transect,2026-03-26 05:00:00-07:00,1.1592094898223877,0.8117368102078049,15.384615948919734,191.76663208007807,0.7294553729750776,9.871668200422231,219.60971069335935,0.202703320125554,6.25000013969839,239.33624267578125,cdip,2026-03-25 20:06:18,0.0
29,2026-03-26 08:00:00-07:00,1.1439,9.87,308.3,False,,,,,,,,,0.5588,1.1439,2.046965,1d_transect,2026-03-26 08:00:00-07:00,1.143881916999817,0.7550221331165822,15.384615948919734,191.6339263916016,0.7354086328612018,9.871668200422231,220.0704345703125,0.2252070689997177,5.882352879303138,240.5111389160156,cdip,2026-03-25 20:06:18,0.0
29,2026-03-26 11:00:00-07:00,1.1379,9.87,311.7,False,,,,,,,,,0.392,1.1379,2.90234,1d_transect,2026-03-26 11:00:00-07:00,1.137851595878601,0.7403080773813576,15.384615948919734,191.40306091308597,0.729602261612106,9.871668200422231,220.27163696289065,0.2313164527141415,5.882352879303138,239.66439819335935,cdip,2026-03-25 20:06:18,0.0
29,2026-03-26 14:00:00-07:00,1.0504,9.87,306.6,False,,,,,,,,,0.5153,1.0504,2.03832,1d_transect,2026-03-26 14:00:00-07:00,1.0504225492477417,0.6931840002508093,15.384615948919734,191.2774353027344,0.5869656481248888,9.871668200422231,220.2372589111328,0.3163321845920974,7.692307974459867,231.0447998046875,cdip,2026-03-25 20:06:18,0.0
29,2026-03-26 17:00:00-07:00,0.9801,9.87,311.3,False,,,,,,,,,0.3494,0.9801,2.804848,1d_transect,2026-03-26 17:00:00-07:00,0.9800945520401,0.6584636881869881,15.384615948919734,191.0959930419922,0.5404961535135107,9.871668200422231,220.0416717529297,0.2878706857301374,7.692307974459867,231.17898559570312,cdip,2026-03-25 20:06:18,0.0
29,2026-03-26 20:00:00-07:00,0.9178,9.87,310.3,False,,,,,,,,,0.3294,0.9178,2.786586,1d_transect,2026-03-26 20:00:00-07:00,0.917821764945984,0.6233956560216279,15.384615948919734,190.83514404296875,0.4954432893853562,9.871668200422231,219.75949096679688,0.2627914269653024,7.692307974459867,231.1511688232422,cdip,2026-03-25 20:06:18,0.0
29,2026-03-26 23:00:00-07:00,0.8563,9.87,312.6,False,,,,,,,,,0.3069,0.8563,2.789999,1d_transect,2026-03-26 23:00:00-07:00,0.8563036322593689,0.5870732982145591,14.28571422489322,191.41358947753903,0.2563098299771504,10.526315921561542,216.91864013671875,0.3709244716284544,7.692307974459867,231.13172912597656,cdip,2026-03-25 20:06:18,0.0
29,2026-03-27 02:00:00-07:00,0.8172,9.87,313.6,False,,,,,,,,,0.2911,0.8172,2.80748,1d_transect,2026-03-27 02:00:00-07:00,0.8171758651733398,0.5637967332944394,14.28571422489322,190.9073181152344,0.4293811689998853,11.764705758606276,208.15921020507807,0.223757651577872,7.692307974459867,231.08587646484372,cdip,2026-03-25 20:06:18,0.0
29,2026-03-27 05:00:00-07:00,0.9239,10.53,314.7,False,,,,,,,,,0.3309,0.9239,2.791704,1d_transect,2026-03-27 05:00:00-07:00,0.9238755106925964,0.6379768195203155,14.28571422489322,190.7875518798828,0.4924748615215299,11.111110669595242,212.50289916992188,0.2441025019479805,7.692307974459867,230.91351318359372,cdip,2026-03-25 20:06:18,0.0
29,2026-03-27 08:00:00-07:00,0.7769,10.53,313.7,False,,,,,,,,,0.319,0.7769,2.435453,1d_transect,2026-03-27 08:00:00-07:00,0.7768881320953369,0.5364342949113791,14.28571422489322,190.70664978027344,0.4168943905890982,11.111110669595242,212.20919799804688,0.1962020015796689,7.14285711244661,233.20748901367188,cdip,2026-03-25 20:06:18,0.0
29,2026-03-27 11:00:00-07:00,0.7623,10.53,314.8,False,,,,,,,,,0.3022,0.7623,2.522976,1d_transect,2026-03-27 11:00:00-07:00,0.7623240947723389,0.4877629669003085,14.28571422489322,190.4949493408203,0.4071268344082788,11.111110669595242,211.60464477539065,0.2059549315689456,18.181818280338256,188.4127960205078,cdip,2026-03-25 20:06:18,0.0
29,2026-03-27 14:00:00-07:00,0.7572,10.53,308.6,False,,,,,,,,,0.3849,0.7572,1.967421,1d_transect,2026-03-27 14:00:00-07:00,0.7572187781333923,0.4865103942092359,14.28571422489322,190.19598388671875,0.2163937793565172,18.181818280338256,188.94158935546875,0.4007232963900374,11.111110669595242,210.71710205078125,cdip,2026-03-25 20:06:18,0.0
29,2026-03-27 17:00:00-07:00,0.7607,10.53,311.1,False,,,,,,,,,0.2785,0.7607,2.73089,1d_transect,2026-03-27 17:00:00-07:00,0.760678231716156,0.5418955174146518,14.28571422489322,189.9386749267578,0.4101679479470291,11.111110669595242,209.50457763671875,0.2714037216637693,4.545454570084564,255.3643035888672,cdip,2026-03-25 20:06:18,0.0
29,2026-03-27 20:00:00-07:00,0.8649,9.87,312.3,False,,,,,,,,,0.2357,0.8649,3.668828,1d_transect,2026-03-27 20:00:00-07:00,0.8649095296859741,0.658068401487977,14.28571422489322,189.54513549804688,0.4173519805502217,11.111110669595242,208.19091796875,0.1392642670210094,4.347826008084592,255.0234375,cdip,2026-03-25 20:06:18,0.0
29,2026-03-27 23:00:00-07:00,0.9149,9.87,313.4,False,,,,,,,,,0.2315,0.9149,3.951586,1d_transect,2026-03-27 23:00:00-07:00,0.9149349331855774,0.7141724021339162,14.28571422489322,188.98622131347656,0.456078527187798,11.111110669595242,207.35130310058597,0.299822871353801,4.545454570084564,254.87838745117188,cdip,2026-03-25 20:06:18,0.0
29,2026-03-28 02:00:00-07:00,0.9459,9.87,313.0,False,,,,,,,,,0.2292,0.9459,4.127617,1d_transect,2026-03-28 02:00:00-07:00,0.9459153413772584,0.7611484502119524,15.384615948919734,189.0743408203125,0.455020212276348,11.111110669595242,207.1190185546875,0.2826393414463471,4.761904910578484,254.11648559570312,cdip,2026-03-25 20:06:18,0.0
29,2026-03-28 05:00:00-07:00,0.9829,10.53,312.3,False,,,,,,,,,0.2675,0.9829,3.673886,1d_transect,2026-03-28 05:00:00-07:00,0.9829177856445312,0.8063185066821834,15.384615948919734,188.9540100097656,0.4584889035723144,11.111110669595242,207.4195556640625,0.2805827166050044,4.347826008084592,253.66741943359372,cdip,2026-03-25 20:06:18,0.0
29,2026-03-28 08:00:00-07:00,1.0145,10.53,311.3,False,,,,,,,,,0.2728,1.0145,3.718833,1d_transect,2026-03-28 08:00:00-07:00,1.014521241188049,0.9625223302591008,14.28571422489322,188.33433532714844,0.2777288118202521,4.347826008084592,254.44908142089844,0.1279085939476363,5.882352879303138,243.12271118164065,cdip,2026-03-25 20:06:18,0.0
29,2026-03-28 11:00:00-07:00,0.7811,14.29,265.8,False,0.7175,11.11,312.3,False,,,,,0.4976,1.0606,2.131481,1d_transect,2026-03-28 11:00:00-07:00,1.0606131553649902,1.0112229138487467,14.28571422489322,188.4591217041016,0.2778613029393617,4.166666759798926,254.95921325683597,0.1224074035379069,5.882352879303138,242.988525390625,cdip,2026-03-25 20:06:18,0.0
29,2026-03-28 14:00:00-07:00,0.7894,14.29,256.8,False,0.7806,11.11,308.0,False,,,,,0.6041,1.1102,1.837679,1d_transect,2026-03-28 14:00:00-07:00,1.1101971864700315,1.06468677579569,14.28571422489322,188.52520751953125,0.1151532733208121,5.882352879303138,242.72303771972656,,,,cdip,2026-03-25 20:06:18,0.0
29,2026-03-28 17:00:00-07:00,1.1813,11.11,309.0,False,,,,,,,,,0.4206,1.1813,2.808846,1d_transect,2026-03-28 17:00:00-07:00,1.1812751293182373,1.139874606423735,14.28571422489322,188.4662322998047,0.1095851113068475,5.882352879303138,242.4066619873047,,,,cdip,2026-03-25 20:06:18,0.0
29,2026-03-28 20:00:00-07:00,0.9166,13.33,264.5,False,0.7354,11.11,307.9,False,,,,,0.6294,1.1751,1.86712,1d_transect,2026-03-28 20:00:00-07:00,1.1751278638839722,1.140700854064062,14.28571422489322,188.34442138671875,0.0980939632200901,5.882352879303138,242.18653869628903,,,,cdip,2026-03-25 20:06:18,0.0
29,2026-03-28 23:00:00-07:00,1.0455,13.33,264.2,False,0.5147,10.53,311.3,False,,,,,0.5394,1.1653,2.160363,1d_transect,2026-03-28 23:00:00-07:00,1.1652930974960327,1.1377318659120264,14.28571422489322,188.27952575683597,0.2302611613101918,5.882352879303138,241.58987426757807,,,,cdip,2026-03-25 20:06:18,0.0
29,2026-03-29 02:00:00-07:00,0.9851,13.33,258.4,False,0.5804,10.53,306.1,False,,,,,0.5941,1.1434,1.924398,1d_transect,2026-03-29 02:00:00-07:00,1.143359661102295,1.1091584954729607,13.33333280351429,188.54534912109372,0.160405011327713,19.99999970197678,192.9107360839844,,,,cdip,2026-03-25 20:06:18,0.0
29,2026-03-29 05:00:00-07:00,1.0017,13.33,260.0,False,0.5175,9.87,307.9,False,,,,,0.5667,1.1275,1.989515,1d_transect,2026-03-29 05:00:00-07:00,1.127484679222107,1.0944193387065375,13.33333280351429,188.6480712890625,0.1736228826877464,19.99999970197678,193.6517333984375,,,,cdip,2026-03-25 20:06:18,0.0
29,2026-03-29 08:00:00-07:00,1.0055,13.33,260.6,False,0.4677,9.87,306.2,False,,,,,0.5975,1.109,1.856025,1d_transect,2026-03-29 08:00:00-07:00,1.1089686155319214,1.0922381783279058,13.33333280351429,188.70664978027344,,,,,,,cdip,2026-03-25 20:06:18,0.0
29,2026-03-29 11:00:00-07:00,0.9894,13.33,260.8,False,0.4364,9.87,307.2,False,,,,,0.5852,1.0814,1.847761,1d_transect,2026-03-29 11:00:00-07:00,1.0813801288604736,1.0350663821928217,13.33333280351429,188.7862548828125,0.259146576981279,18.181818280338256,191.96701049804688,,,,cdip,2026-03-25 20:06:18,0.0
29,2026-03-29 14:00:00-07:00,0.961,13.33,265.3,False,0.433,9.87,306.3,False,,,,,0.5286,1.054,1.994112,1d_transect,2026-03-29 14:00:00-07:00,1.0540335178375244,1.0024928293587114,13.33333280351429,188.906005859375,0.2834202615958299,18.181818280338256,192.0574951171875,,,,cdip,2026-03-25 20:06:18,0.0
29,2026-03-29 17:00:00-07:00,0.9473,13.33,266.3,False,0.4046,9.87,306.8,False,,,,,0.5174,1.0301,1.990955,1d_transect,2026-03-29 17:00:00-07:00,1.03007972240448,0.9725224248255298,13.33333280351429,189.1759033203125,0.3063714886703984,18.181818280338256,192.17190551757807,,,,cdip,2026-03-25 20:06:18,0.0
29,2026-03-29 20:00:00-07:00,0.9512,13.33,264.5,False,0.3224,9.09,305.8,False,,,,,0.6,1.0044,1.674061,1d_transect,2026-03-29 20:00:00-07:00,1.0043995380401611,0.9436695655471348,13.33333280351429,189.4443359375,0.3159155321870061,18.181818280338256,192.1795959472656,,,,cdip,2026-03-25 20:06:18,0.0
29,2026-03-29 23:00:00-07:00,0.9163,12.5,268.4,False,0.317,9.09,306.8,False,0.0883,3.7,319.0,True,0.5205,0.9736,1.87052,1d_transect,2026-03-29 23:00:00-07:00,0.9735947251319884,0.8800471510906058,13.33333280351429,189.59947204589844,0.3960794604232781,18.181818280338256,192.0703125,,,,cdip,2026-03-25 20:06:18,0.0
29,2026-03-30 02:00:00-07:00,0.9012,12.5,264.4,False,0.2981,9.09,308.0,False,,,,,0.5512,0.9492,1.722132,1d_transect,2026-03-30 02:00:00-07:00,0.9492468237876892,0.8452801737859473,13.33333280351429,189.52767944335935,0.4132529587222125,18.181818280338256,191.98431396484372,,,,cdip,2026-03-25 20:06:18,0.0
29,2026-03-30 05:00:00-07:00,0.8864,12.5,266.0,False,0.2926,9.09,309.2,False,,,,,0.5313,0.9335,1.756927,1d_transect,2026-03-30 05:00:00-07:00,0.9334830045700072,0.6161985777320884,13.33333280351429,189.32652282714844,0.4384278061764373,16.666667039195705,191.81878662109372,0.5329483572259365,11.111110669595242,185.22943115234372,cdip,2026-03-25 20:06:18,0.0
29,2026-03-30 08:00:00-07:00,0.9174,12.5,266.2,False,0.1947,9.09,308.0,False,0.1418,5.88,316.2,True,0.5032,0.9485,1.884799,1d_transect,2026-03-30 08:00:00-07:00,0.9485025405883788,0.4775230643518735,16.666667039195705,191.72325134277344,0.5921960824818573,12.50000027939678,189.8009796142578,,,,cdip,2026-03-25 20:06:18,0.0
29,2026-03-30 11:00:00-07:00,0.9149,12.5,267.3,False,0.1771,9.09,309.2,False,0.1188,5.56,314.6,True,0.5161,0.9395,1.820368,1d_transect,2026-03-30 11:00:00-07:00,0.9394543170928956,0.5599582805901915,16.666667039195705,191.6779937744141,0.4944152298480677,12.50000027939678,189.7983245849609,,,,cdip,2026-03-25 20:06:18,0.0
29,2026-03-30 14:00:00-07:00,0.9157,12.5,268.9,False,0.1735,9.09,307.9,False,0.108,5.56,315.6,True,0.4935,0.9382,1.901084,1d_transect,2026-03-30 14:00:00-07:00,0.9382089972496032,0.584927121332396,16.666667039195705,191.70628356933597,0.4548478121259654,11.111110669595242,183.4708251953125,,,,cdip,2026-03-25 20:06:18,0.0
29,2026-03-30 17:00:00-07:00,0.5112,15.38,232.6,False,0.7491,11.76,275.9,False,0.2745,9.09,309.4,False,0.4123,0.9475,2.298003,1d_transect,2026-03-30 17:00:00-07:00,0.947545289993286,0.6491894638095949,16.666667039195705,191.757080078125,0.3650757202494841,11.111110669595242,182.70530700683597,,,,cdip,2026-03-25 20:06:18,0.0
29,2026-03-30 20:00:00-07:00,0.6811,15.38,233.8,False,0.6204,11.11,286.5,False,0.2937,8.33,308.7,False,0.3357,0.9669,2.880634,1d_transect,2026-03-30 20:00:00-07:00,0.966926634311676,0.6736299655127267,16.666667039195705,191.7843170166016,0.3423967729162872,11.111110669595242,181.65618896484372,,,,cdip,2026-03-25 20:06:18,0.0
29,2026-03-30 23:00:00-07:00,0.7342,15.38,235.4,False,0.6023,11.11,288.1,False,0.2794,8.33,308.9,False,0.3307,0.9899,2.993446,1d_transect,2026-03-30 23:00:00-07:00,0.9898861050605774,0.6950999911417286,16.666667039195705,191.7863311767578,0.3275073813505071,11.111110669595242,180.3908233642578,,,,cdip,2026-03-25 20:06:18,0.0
29,2026-03-31 02:00:00-07:00,0.8069,15.38,242.8,False,0.4842,11.11,287.6,False,0.3348,8.33,300.5,False,0.3667,0.9988,2.723555,1d_transect,2026-03-31 02:00:00-07:00,0.9988019466400146,0.7091248344099753,16.666667039195705,191.8205718994141,0.317094425833772,11.111110669595242,179.9740447998047,,,,cdip,2026-03-25 20:06:18,0.0
29,2026-03-31 05:00:00-07:00,0.9156,14.29,245.3,False,0.3813,11.11,292.9,False,0.3198,8.33,295.7,False,0.3664,1.0421,2.844552,1d_transect,2026-03-31 05:00:00-07:00,1.042120099067688,0.7448108804668496,16.666667039195705,191.8761138916016,0.6471361722792611,11.111110669595242,178.425048828125,0.3045251631484692,12.50000027939678,189.35910034179688,cdip,2026-03-25 20:06:18,0.0
29,2026-03-31 08:00:00-07:00,0.9128,14.29,246.6,False,0.2941,11.11,295.5,False,0.4387,8.33,294.6,False,0.3812,1.0545,2.766106,1d_transect,2026-03-31 08:00:00-07:00,1.0545498132705688,0.7449908173288549,16.666667039195705,191.9478454589844,0.6706831117877348,11.111110669595242,178.5517578125,0.2957331367958624,12.50000027939678,189.62933349609372,cdip,2026-03-25 20:06:18,0.0
29,2026-03-31 11:00:00-07:00,0.9515,14.29,242.4,False,0.3733,11.11,291.3,False,0.2513,8.33,295.3,False,0.4186,1.0526,2.514381,1d_transect,2026-03-31 11:00:00-07:00,1.0525784492492676,0.8190794756800293,15.384615948919734,193.3684844970703,0.6447798166454487,11.111110669595242,178.1897430419922,,,,cdip,2026-03-25 20:06:18,0.0
29,2026-03-31 14:00:00-07:00,0.8816,14.29,245.5,False,0.5673,7.69,278.5,False,0.2352,11.11,303.6,False,0.4577,1.0744,2.347467,1d_transect,2026-03-31 14:00:00-07:00,1.0744001865386963,0.8166370846287879,15.384615948919734,193.4542236328125,0.6021898350890306,11.111110669595242,178.33953857421875,0.3187568387009324,7.692307974459867,210.1953887939453,cdip,2026-03-25 20:06:18,0.0
30,2026-03-25 02:00:00-07:00,0.349,15.38,260.5,False,0.2914,11.11,306.4,False,0.1605,3.85,332.6,True,0.1802,0.4822,2.676242,1d_transect,2026-03-25 02:00:00-07:00,0.4821567833423614,0.4122035978586296,18.181818280338256,201.37033081054688,0.2451919853044443,11.111110669595242,198.19754028320312,,,,cdip,2026-03-25 20:06:18,0.0
30,2026-03-25 05:00:00-07:00,0.4044,15.38,254.7,False,0.2211,11.11,306.8,False,0.1418,3.85,318.5,True,0.2207,0.4822,2.1851,1d_transect,2026-03-25 05:00:00-07:00,0.4822023212909698,0.4171070092493041,16.666667039195705,201.0663909912109,0.237372785724561,11.111110669595242,197.2681579589844,,,,cdip,2026-03-25 20:06:18,0.0
30,2026-03-25 08:00:00-07:00,0.3864,11.11,305.6,False,0.3095,4.17,326.3,True,,,,,0.132,0.4951,3.75101,1d_transect,2026-03-25 08:00:00-07:00,0.495067834854126,0.4337899815023507,16.666667039195705,200.71495056152344,0.2340742373998537,11.111110669595242,196.9309539794922,,,,cdip,2026-03-25 20:06:18,0.0
30,2026-03-25 11:00:00-07:00,0.3921,11.11,304.8,False,0.3287,4.76,322.7,True,,,,,0.1385,0.5117,3.695439,1d_transect,2026-03-25 11:00:00-07:00,0.5116514563560486,0.4605357137845107,16.666667039195705,200.5459899902344,0.2179843353634251,11.111110669595242,197.384521484375,,,,cdip,2026-03-25 20:06:18,0.0
30,2026-03-25 14:00:00-07:00,0.3862,11.11,296.8,False,0.3564,4.76,331.5,True,,,,,0.153,0.5256,3.4347,1d_transect,2026-03-25 14:00:00-07:00,0.5255733728408813,0.4722909469563782,16.666667039195705,200.5230712890625,0.2225679895295325,11.111110669595242,198.28878784179688,,,,cdip,2026-03-25 20:06:18,0.0
30,2026-03-25 17:00:00-07:00,0.3762,11.11,294.4,False,0.3826,5.0,327.0,True,,,,,0.1749,0.5366,3.067843,1d_transect,2026-03-25 17:00:00-07:00,0.5365954041481018,0.4866534551305961,16.666667039195705,200.7068328857422,0.2104856524272779,11.111110669595242,199.7176055908203,0.0628145790567799,5.882352879303138,239.5502471923828,cdip,2026-03-25 20:06:18,0.0
30,2026-03-25 20:00:00-07:00,0.3808,11.11,294.2,False,0.3962,5.26,329.5,True,,,,,0.1955,0.5496,2.811599,1d_transect,2026-03-25 20:00:00-07:00,0.5495772361755371,0.4935980342333687,16.666667039195705,201.08560180664065,0.2238301433102748,11.111110669595242,202.02670288085935,0.0637220676228523,6.25000013969839,238.79244995117188,cdip,2026-03-25 20:06:18,0.0
30,2026-03-25 23:00:00-07:00,0.3503,11.11,300.3,False,0.4604,6.67,319.1,False,,,,,0.2505,0.5785,2.309087,1d_transect,2026-03-25 23:00:00-07:00,0.57846599817276,0.5316386194120333,15.384615948919734,201.35763549804688,0.1918470928290353,8.333333519597852,226.9657287597656,0.0912600177054192,6.25000013969839,239.4172515869141,cdip,2026-03-25 20:06:18,0.0
30,2026-03-26 02:00:00-07:00,0.6166,8.33,312.0,False,,,,,,,,,0.2961,0.6166,2.082429,1d_transect,2026-03-26 02:00:00-07:00,0.6165903806686401,0.5052964121938247,15.384615948919734,201.25360107421875,0.3071645191450324,9.090909140169128,224.9628448486328,0.1145807850935462,6.25000013969839,239.71359252929688,cdip,2026-03-25 20:06:18,0.0
30,2026-03-26 05:00:00-07:00,0.6475,9.09,310.8,False,,,,,,,,,0.3458,0.6475,1.872453,1d_transect,2026-03-26 05:00:00-07:00,0.6474930644035339,0.4538214835324867,15.384615948919734,201.14334106445312,0.3622729012460115,9.871668200422231,222.63845825195312,0.1716581271393769,11.764705758606276,212.28184509277344,cdip,2026-03-25 20:06:18,0.0
30,2026-03-26 08:00:00-07:00,0.6598,9.87,308.3,False,,,,,,,,,0.3575,0.6598,1.845338,1d_transect,2026-03-26 08:00:00-07:00,0.6597610116004944,0.4843800488085562,15.384615948919734,201.1107940673828,0.3604629016367894,9.871668200422231,223.232421875,0.1785058632399922,5.882352879303138,239.5708770751953,cdip,2026-03-25 20:06:18,0.0
30,2026-03-26 11:00:00-07:00,0.6472,9.87,311.7,False,,,,,,,,,0.3498,0.6472,1.850361,1d_transect,2026-03-26 11:00:00-07:00,0.6472377777099609,0.4788211726168373,14.28571422489322,202.13270568847656,0.3392489945490604,9.871668200422231,223.4235076904297,0.1823597932567577,5.882352879303138,238.7321319580078,cdip,2026-03-25 20:06:18,0.0
30,2026-03-26 14:00:00-07:00,0.6127,9.87,306.6,False,,,,,,,,,0.3297,0.6127,1.858352,1d_transect,2026-03-26 14:00:00-07:00,0.6127168536186218,0.4629116046050421,14.28571422489322,202.0562896728516,0.3087776366550255,9.871668200422231,223.3467712402344,0.1711746898569409,5.882352879303138,238.28106689453125,cdip,2026-03-25 20:06:18,0.0
30,2026-03-26 17:00:00-07:00,0.5742,9.87,311.3,False,,,,,,,,,0.3118,0.5742,1.8418,1d_transect,2026-03-26 17:00:00-07:00,0.5742107033729553,0.440737713267176,14.28571422489322,201.88992309570312,0.2559688257573104,9.871668200422231,223.08468627929688,0.115305415981976,7.14285711244661,233.77867126464844,cdip,2026-03-25 20:06:18,0.0
30,2026-03-26 20:00:00-07:00,0.5358,9.87,310.3,False,,,,,,,,,0.2939,0.5358,1.823307,1d_transect,2026-03-26 20:00:00-07:00,0.5358162522315979,0.4244544745110821,14.28571422489322,201.76573181152344,0.2097423446867962,9.871668200422231,222.7097320556641,0.1072439910016991,7.14285711244661,234.05783081054688,cdip,2026-03-25 20:06:18,0.0
30,2026-03-26 23:00:00-07:00,0.5026,9.87,312.6,False,,,,,,,,,0.2738,0.5026,1.835446,1d_transect,2026-03-26 23:00:00-07:00,0.5026149153709412,0.3969995328926992,14.28571422489322,201.82135009765625,0.1909797292947327,9.871668200422231,222.13722229003903,0.1009162668395089,7.14285711244661,234.21844482421875,cdip,2026-03-25 20:06:18,0.0
30,2026-03-27 02:00:00-07:00,0.4781,9.87,313.6,False,,,,,,,,,0.2597,0.4781,1.84084,1d_transect,2026-03-27 02:00:00-07:00,0.4780628681182861,0.3785584590059807,13.33333280351429,202.83306884765625,0.1784130620882019,9.871668200422231,221.46383666992188,0.0952541074736994,7.14285711244661,234.3580322265625,cdip,2026-03-25 20:06:18,0.0
30,2026-03-27 05:00:00-07:00,0.463,10.53,314.7,False,,,,,,,,,0.2682,0.463,1.726093,1d_transect,2026-03-27 05:00:00-07:00,0.4629771709442138,0.4071063484166733,13.33333280351429,203.00120544433597,0.089700357667294,7.14285711244661,234.29666137695312,,,,cdip,2026-03-25 20:06:18,0.0
30,2026-03-27 08:00:00-07:00,0.4502,10.53,313.7,False,,,,,,,,,0.2585,0.4502,1.74125,1d_transect,2026-03-27 08:00:00-07:00,0.4501852095127105,0.396400853268861,13.33333280351429,203.11306762695312,0.0842259862768788,7.14285711244661,234.12646484375,0.0933483767216071,4.347826008084592,247.7497711181641,cdip,2026-03-25 20:06:18,0.0
30,2026-03-27 11:00:00-07:00,0.4352,10.53,314.8,False,,,,,,,,,0.2449,0.4352,1.77709,1d_transect,2026-03-27 11:00:00-07:00,0.4351982176303863,0.3826004579063662,13.33333280351429,203.1093597412109,0.0884213161403658,4.347826008084592,249.10198974609372,0.0793718808346925,5.882352879303138,241.61561584472656,cdip,2026-03-25 20:06:18,0.0
30,2026-03-27 14:00:00-07:00,0.4223,10.53,308.6,False,,,,,,,,,0.2333,0.4223,1.809894,1d_transect,2026-03-27 14:00:00-07:00,0.4222877025604248,0.3573916101931184,13.33333280351429,203.214599609375,0.0994043058123586,18.181818280338256,201.72439575195312,0.0842758881685219,4.347826008084592,249.89846801757807,cdip,2026-03-25 20:06:18,0.0
30,2026-03-27 17:00:00-07:00,0.4141,10.53,311.1,False,,,,,,,,,0.2258,0.4141,1.834188,1d_transect,2026-03-27 17:00:00-07:00,0.4140873253345489,0.3635558218256626,13.33333280351429,203.5294342041016,0.0807781067933963,4.347826008084592,250.47817993164065,0.0731181684180197,5.882352879303138,241.83290100097656,cdip,2026-03-25 20:06:18,0.0
30,2026-03-27 20:00:00-07:00,0.409,9.87,312.3,False,,,,,,,,,0.2103,0.409,1.944364,1d_transect,2026-03-27 20:00:00-07:00,0.4089694619178772,0.3610708406063436,13.33333280351429,203.53810119628903,0.0775963412856825,4.347826008084592,250.47740173339844,0.0703866256621372,5.882352879303138,241.92315673828125,cdip,2026-03-25 20:06:18,0.0
30,2026-03-27 23:00:00-07:00,0.4101,9.87,313.4,False,,,,,,,,,0.2066,0.4101,1.985076,1d_transect,2026-03-27 23:00:00-07:00,0.4100774526596069,0.3718727433155963,13.33333280351429,203.276611328125,0.148381150366657,4.347826008084592,249.8240203857422,0.0751233406690932,5.882352879303138,241.9022674560547,cdip,2026-03-25 20:06:18,0.0
30,2026-03-28 02:00:00-07:00,0.4152,9.87,313.0,False,,,,,,,,,0.2045,0.4152,2.030497,1d_transect,2026-03-28 02:00:00-07:00,0.4151692390441894,0.3202147949029083,13.33333280351429,203.1282958984375,0.2058406363950086,15.384615948919734,205.25833129882807,0.1405495757582454,4.347826008084592,248.40182495117188,cdip,2026-03-25 20:06:18,0.0
30,2026-03-28 05:00:00-07:00,0.4212,10.53,312.3,False,,,,,,,,,0.2168,0.4212,1.94238,1d_transect,2026-03-28 05:00:00-07:00,0.4211888611316681,0.388578239762791,15.384615948919734,205.13243103027344,0.1379790456040662,4.347826008084592,248.38514709472656,0.0718992100503873,5.882352879303138,242.00881958007807,cdip,2026-03-25 20:06:18,0.0
30,2026-03-28 08:00:00-07:00,0.4268,10.53,311.3,False,,,,,,,,,0.2211,0.4268,1.930265,1d_transect,2026-03-28 08:00:00-07:00,0.4267981648445129,0.3962158371453302,15.384615948919734,204.95199584960935,0.1346064353851317,4.347826008084592,249.37527465820312,0.0690613281816216,5.882352879303138,242.11517333984372,cdip,2026-03-25 20:06:18,0.0
30,2026-03-28 11:00:00-07:00,0.3886,11.11,312.3,False,0.1903,14.29,265.8,False,,,,,0.2661,0.4327,1.625848,1d_transect,2026-03-28 11:00:00-07:00,0.4327090978622436,0.4043254692451684,15.384615948919734,204.69224548339844,0.0656866536149431,5.882352879303138,242.06982421875,,,,cdip,2026-03-25 20:06:18,0.0
30,2026-03-28 14:00:00-07:00,0.2564,14.29,256.8,False,0.3514,11.11,308.0,False,,,,,0.2951,0.435,1.473826,1d_transect,2026-03-28 14:00:00-07:00,0.4349848926067352,0.4095602694603729,14.28571422489322,204.021240234375,0.0608313376012612,5.882352879303138,241.88626098632807,,,,cdip,2026-03-25 20:06:18,0.0
30,2026-03-28 17:00:00-07:00,0.4319,11.11,309.0,False,,,,,,,,,0.236,0.4319,1.829804,1d_transect,2026-03-28 17:00:00-07:00,0.4319137036800384,0.409788737807766,14.28571422489322,204.1971740722656,0.0556520744013177,5.882352879303138,241.6680908203125,,,,cdip,2026-03-25 20:06:18,0.0
30,2026-03-28 20:00:00-07:00,0.25,13.33,264.5,False,0.3452,11.11,307.9,False,,,,,0.273,0.4263,1.561629,1d_transect,2026-03-28 20:00:00-07:00,0.4262548387050628,0.4075658783774877,14.28571422489322,204.440673828125,0.0505794207506686,5.882352879303138,241.5353240966797,,,,cdip,2026-03-25 20:06:18,0.0
30,2026-03-28 23:00:00-07:00,0.2659,13.33,264.2,False,0.3253,10.53,311.3,False,,,,,0.2494,0.4201,1.684623,1d_transect,2026-03-28 23:00:00-07:00,0.4201165735721588,0.4044444422711395,13.33333280351429,201.38204956054688,0.0432063289013958,5.882352879303138,241.140625,,,,cdip,2026-03-25 20:06:18,0.0
30,2026-03-29 02:00:00-07:00,0.3024,13.33,258.4,False,0.2858,10.53,306.1,False,,,,,0.2662,0.416,1.563077,1d_transect,2026-03-29 02:00:00-07:00,0.4160407185554504,0.4029305052327139,13.33333280351429,201.21734619140625,0.0391378588499681,5.882352879303138,240.9570770263672,,,,cdip,2026-03-25 20:06:18,0.0
30,2026-03-29 05:00:00-07:00,0.311,13.33,260.0,False,0.2721,9.87,307.9,False,,,,,0.2528,0.4132,1.634826,1d_transect,2026-03-29 05:00:00-07:00,0.4132465124130249,0.4019908171579793,13.33333280351429,201.23179626464844,0.0354554003785084,5.882352879303138,240.61300659179688,,,,cdip,2026-03-25 20:06:18,0.0
30,2026-03-29 08:00:00-07:00,0.3044,13.33,260.6,False,0.2778,9.87,306.2,False,,,,,0.2392,0.4121,1.722916,1d_transect,2026-03-29 08:00:00-07:00,0.4120969176292419,0.3900228538306707,13.33333280351429,201.3542022705078,0.0989884702805652,18.181818280338256,201.49606323242188,0.0318873211835467,5.882352879303138,239.87725830078125,cdip,2026-03-25 20:06:18,0.0
30,2026-03-29 11:00:00-07:00,0.3094,13.33,260.8,False,0.2677,9.87,307.2,False,,,,,0.2309,0.4091,1.771502,1d_transect,2026-03-29 11:00:00-07:00,0.4090906083583832,0.3019683089824501,13.33333280351429,201.74539184570312,0.241798850919603,11.111110669595242,192.65321350097656,0.1058903197930135,18.181818280338256,201.52752685546875,cdip,2026-03-25 20:06:18,0.0
30,2026-03-29 14:00:00-07:00,0.2853,13.33,265.3,False,0.2869,9.87,306.3,False,,,,,0.196,0.4046,2.064674,1d_transect,2026-03-29 14:00:00-07:00,0.4045886099338531,0.2917492255981128,13.33333280351429,202.22454833984372,0.2458778765697222,11.111110669595242,191.4859771728516,0.114174816766368,18.181818280338256,201.66603088378903,cdip,2026-03-25 20:06:18,0.0
30,2026-03-29 17:00:00-07:00,0.2904,13.33,266.3,False,0.2767,9.87,306.8,False,,,,,0.1885,0.4011,2.128233,1d_transect,2026-03-29 17:00:00-07:00,0.4010865390300751,0.2819250799888151,13.33333280351429,202.7209014892578,0.2484858543373114,11.111110669595242,191.00685119628903,0.1236894853546067,18.181818280338256,201.78872680664065,cdip,2026-03-25 20:06:18,0.0
30,2026-03-29 20:00:00-07:00,0.3339,13.33,264.5,False,0.222,9.09,305.8,False,,,,,0.2226,0.4009,1.801512,1d_transect,2026-03-29 20:00:00-07:00,0.4009280204772949,0.2729680032698053,13.33333280351429,202.9686737060547,0.251465013073429,11.111110669595242,190.7098846435547,0.1384169100847056,18.181818280338256,201.6809539794922,cdip,2026-03-25 20:06:18,0.0
30,2026-03-29 23:00:00-07:00,0.2935,12.5,268.4,False,0.2519,9.09,306.8,False,0.1096,3.7,319.0,True,0.173,0.402,2.323339,1d_transect,2026-03-29 23:00:00-07:00,0.4020192623138428,0.2480265776146785,13.33333280351429,203.03179931640625,0.2547744485166157,11.111110669595242,190.44732666015625,0.1779165205757902,18.181818280338256,201.51319885253903,cdip,2026-03-25 20:06:18,0.0
30,2026-03-30 02:00:00-07:00,0.3295,12.5,264.4,False,0.232,9.09,308.0,False,,,,,0.1923,0.403,2.095233,1d_transect,2026-03-30 02:00:00-07:00,0.4029744863510132,0.2599350854542526,11.111110669595242,190.0763092041016,0.2332050038666173,13.33333280351429,202.92970275878903,0.1922343642315959,18.181818280338256,201.43206787109372,cdip,2026-03-25 20:06:18,0.0
30,2026-03-30 05:00:00-07:00,0.3122,12.5,266.0,False,0.2557,9.09,309.2,False,,,,,0.1682,0.4035,2.399454,1d_transect,2026-03-30 05:00:00-07:00,0.4035018384456634,0.2660107562414453,11.111110669595242,189.47218322753903,0.2011022748433251,18.181818280338256,201.45025634765625,0.2193158528617109,13.33333280351429,202.73292541503903,cdip,2026-03-25 20:06:18,0.0
30,2026-03-30 08:00:00-07:00,0.3184,12.5,266.2,False,0.1677,9.09,308.0,False,0.1909,5.88,316.2,True,0.1606,0.4074,2.537082,1d_transect,2026-03-30 08:00:00-07:00,0.4073755145072937,0.2715404350453499,11.111110669595242,188.94802856445312,0.2313080339761788,16.666667039195705,200.3763885498047,0.1878257482330074,12.50000027939678,202.7208709716797,cdip,2026-03-25 20:06:18,0.0
30,2026-03-30 11:00:00-07:00,0.3427,12.5,267.3,False,0.1646,9.09,309.2,False,0.1726,5.56,314.6,True,0.1579,0.4175,2.644367,1d_transect,2026-03-30 11:00:00-07:00,0.4175284802913666,0.2553365587153451,16.666667039195705,200.3343048095703,0.275653364260005,11.111110669595242,188.40745544433597,0.1723074295718246,12.50000027939678,202.5820770263672,cdip,2026-03-25 20:06:18,0.0
30,2026-03-30 14:00:00-07:00,0.3615,12.5,268.9,False,0.17,9.09,307.9,False,0.1654,5.56,315.6,True,0.1485,0.4324,2.910966,1d_transect,2026-03-30 14:00:00-07:00,0.4324081540107727,0.281559192496666,16.666667039195705,200.38121032714844,0.2800791584312908,11.111110669595242,187.88287353515625,0.1605110933173236,12.50000027939678,202.3291931152344,cdip,2026-03-25 20:06:18,0.0
30,2026-03-30 17:00:00-07:00,0.3868,15.38,232.6,False,0.1408,11.76,275.9,False,0.1746,9.09,309.4,False,0.1957,0.4471,2.284549,1d_transect,2026-03-30 17:00:00-07:00,0.4471397399902344,0.302372994912913,16.666667039195705,200.4309539794922,0.2851429140546963,11.111110669595242,187.34909057617188,0.1535143277669168,12.50000027939678,202.0513610839844,cdip,2026-03-25 20:06:18,0.0
30,2026-03-30 20:00:00-07:00,0.414,15.38,233.8,False,0.1184,11.11,286.5,False,0.1575,8.33,308.7,False,0.1993,0.4585,2.300574,1d_transect,2026-03-30 20:00:00-07:00,0.4585094153881073,0.3247595406696793,16.666667039195705,200.44580078125,0.317697546236102,11.111110669595242,186.73458862304688,,,,cdip,2026-03-25 20:06:18,0.0
30,2026-03-30 23:00:00-07:00,0.4226,15.38,235.4,False,0.1203,11.11,288.1,False,0.1567,8.33,308.9,False,0.1866,0.4665,2.500267,1d_transect,2026-03-30 23:00:00-07:00,0.4664721488952636,0.3324650126367465,16.666667039195705,200.42987060546875,0.3210717874397372,11.111110669595242,186.0153350830078,,,,cdip,2026-03-25 20:06:18,0.0
30,2026-03-31 02:00:00-07:00,0.4382,15.38,242.8,False,0.1017,11.11,287.6,False,0.1426,8.33,300.5,False,0.1972,0.4719,2.392824,1d_transect,2026-03-31 02:00:00-07:00,0.4719483852386474,0.3399230821473931,16.666667039195705,200.43019104003903,0.3213544910920834,11.111110669595242,185.68389892578125,,,,cdip,2026-03-25 20:06:18,0.0
30,2026-03-31 05:00:00-07:00,0.4696,14.29,245.3,False,0.108,11.11,292.9,False,0.1125,8.33,295.7,False,0.1799,0.4948,2.750847,1d_transect,2026-03-31 05:00:00-07:00,0.4948278963565826,0.370550046397573,15.384615948919734,200.5750732421875,0.3220459008540106,11.111110669595242,184.85769653320312,,,,cdip,2026-03-25 20:06:18,0.0
30,2026-03-31 08:00:00-07:00,0.4805,14.29,246.6,False,0.1054,11.11,295.5,False,0.1231,8.33,294.6,False,0.1847,0.5071,2.745592,1d_transect,2026-03-31 08:00:00-07:00,0.5070971846580505,0.3732398819106138,15.384615948919734,200.6253967285156,0.2867600690552566,11.111110669595242,184.8263702392578,0.1782052261873469,8.333333519597852,203.0223388671875,cdip,2026-03-25 20:06:18,0.0
30,2026-03-31 11:00:00-07:00,0.5018,14.29,242.4,False,0.0954,11.11,291.3,False,0.0798,8.33,295.3,False,0.2355,0.517,2.195016,1d_transect,2026-03-31 11:00:00-07:00,0.517021119594574,0.4125403634563219,15.384615948919734,200.66246032714844,0.3057302852087584,11.111110669595242,184.5943603515625,,,,cdip,2026-03-25 20:06:18,0.0
30,2026-03-31 14:00:00-07:00,0.5102,14.29,245.5,False,0.1148,11.11,303.6,False,0.1007,7.69,278.5,False,0.2079,0.5326,2.561428,1d_transect,2026-03-31 14:00:00-07:00,0.5325610041618347,0.4147344377218894,15.384615948919734,200.7438201904297,0.2849750637203062,11.111110669595242,184.5760498046875,0.1627706717498946,7.692307974459867,213.38270568847656,cdip,2026-03-25 20:06:18,0.0
31,2026-03-25 02:00:00-07:00,0.515,15.38,260.5,False,0.2373,11.11,306.4,False,0.1305,3.85,332.6,True,0.2674,0.5819,2.176026,1d_transect,2026-03-25 02:00:00-07:00,0.5818889737129211,0.5238740246843169,18.181818280338256,192.61685180664065,0.2493987447766665,12.50000027939678,190.0868988037109,,,,cdip,2026-03-25 20:06:18,0.0
31,2026-03-25 05:00:00-07:00,0.5573,15.38,254.7,False,0.1859,11.11,306.8,False,0.1191,3.85,318.5,True,0.3267,0.5994,1.834651,1d_transect,2026-03-25 05:00:00-07:00,0.5994473099708557,0.5478927919578894,18.181818280338256,192.28515625,0.2395270857039541,12.50000027939678,190.53488159179688,,,,cdip,2026-03-25 20:06:18,0.0
31,2026-03-25 08:00:00-07:00,0.4581,11.11,305.6,False,0.3664,4.17,326.3,True,,,,,0.1321,0.5866,4.440682,1d_transect,2026-03-25 08:00:00-07:00,0.5865548253059387,0.5403266696227604,16.666667039195705,192.4413146972656,0.1286937962599905,12.50000027939678,191.34190368652344,,,,cdip,2026-03-25 20:06:18,0.0
31,2026-03-25 11:00:00-07:00,0.4624,11.11,304.8,False,0.381,4.76,322.7,True,,,,,0.1399,0.5991,4.282423,1d_transect,2026-03-25 11:00:00-07:00,0.5991286635398865,0.5535651176651589,16.666667039195705,192.54263305664065,0.1308420898090962,11.111110669595242,193.1598358154297,,,,cdip,2026-03-25 20:06:18,0.0
31,2026-03-25 14:00:00-07:00,0.4672,11.11,296.8,False,0.3896,4.76,331.5,True,,,,,0.162,0.6083,3.754257,1d_transect,2026-03-25 14:00:00-07:00,0.6082989573478699,0.5691605344611823,16.666667039195705,192.41860961914065,0.2077728171273117,11.111110669595242,194.41319274902344,,,,cdip,2026-03-25 20:06:18,0.0
31,2026-03-25 17:00:00-07:00,0.4852,11.11,294.4,False,0.3691,5.0,327.0,True,,,,,0.206,0.6096,2.95968,1d_transect,2026-03-25 17:00:00-07:00,0.6096108555793762,0.5668411228874553,16.666667039195705,192.0389862060547,0.2131391561834246,11.111110669595242,196.345947265625,0.0530717242361245,5.263157960780771,243.3060760498047,cdip,2026-03-25 20:06:18,0.0
31,2026-03-25 20:00:00-07:00,0.4831,11.11,294.2,False,0.3761,5.26,329.5,True,,,,,0.2294,0.6122,2.668365,1d_transect,2026-03-25 20:00:00-07:00,0.612217128276825,0.5645997695260067,16.666667039195705,191.61729431152344,0.2122489577623739,11.111110669595242,199.27587890625,0.0781440490523094,7.14285711244661,229.73297119140625,cdip,2026-03-25 20:06:18,0.0
31,2026-03-25 23:00:00-07:00,0.4224,11.11,300.3,False,0.5455,6.67,319.1,False,,,,,0.2522,0.6899,2.736091,1d_transect,2026-03-25 23:00:00-07:00,0.6899263262748718,0.6083822627030334,16.666667039195705,191.3594512939453,0.2165385152795973,7.692307974459867,229.26593017578125,0.2226331000853772,5.263157960780771,241.76321411132807,cdip,2026-03-25 20:06:18,0.0
31,2026-03-26 02:00:00-07:00,0.6984,8.33,312.0,False,,,,,,,,,0.2961,0.6984,2.358595,1d_transect,2026-03-26 02:00:00-07:00,0.6983610391616821,0.5671054084216792,16.666667039195705,191.342041015625,0.1804981555538747,7.692307974459867,229.58726501464844,0.2124654629471662,5.263157960780771,242.26336669921875,cdip,2026-03-25 20:06:18,0.0
31,2026-03-26 05:00:00-07:00,0.6747,9.09,310.8,False,,,,,,,,,0.3458,0.6747,1.95099,1d_transect,2026-03-26 05:00:00-07:00,0.6746512055397034,0.5055915502024367,15.384615948919734,192.1223297119141,0.3945058898182123,9.871668200422231,217.57553100585935,0.1094451078658454,5.263157960780771,241.32748413085935,cdip,2026-03-25 20:06:18,0.0
31,2026-03-26 08:00:00-07:00,0.6703,9.87,308.3,False,,,,,,,,,0.3575,0.6703,1.874799,1d_transect,2026-03-26 08:00:00-07:00,0.6702942848205566,0.4805352448158751,15.384615948919734,192.0224151611328,0.3293357813910181,9.871668200422231,217.9468688964844,0.2270652253762602,7.692307974459867,229.1953887939453,cdip,2026-03-25 20:06:18,0.0
31,2026-03-26 11:00:00-07:00,0.6394,9.87,311.7,False,,,,,,,,,0.3498,0.6394,1.82798,1d_transect,2026-03-26 11:00:00-07:00,0.639409065246582,0.4532977505396934,15.384615948919734,191.811279296875,0.3212017508841064,9.871668200422231,218.0347137451172,0.2028019004198502,5.263157960780771,239.58432006835935,cdip,2026-03-25 20:06:18,0.0
31,2026-03-26 14:00:00-07:00,0.5975,9.87,306.6,False,,,,,,,,,0.3297,0.5975,1.812183,1d_transect,2026-03-26 14:00:00-07:00,0.59749436378479,0.4273149906617322,15.384615948919734,191.73829650878903,0.3002074540926664,10.526315921561542,216.60850524902344,0.1829029648463557,7.692307974459867,228.83763122558597,cdip,2026-03-25 20:06:18,0.0
31,2026-03-26 17:00:00-07:00,0.5419,9.87,311.3,False,,,,,,,,,0.3118,0.5419,1.738064,1d_transect,2026-03-26 17:00:00-07:00,0.5418691635131836,0.4062946951710893,14.28571422489322,193.09197998046875,0.2482930575615206,10.526315921561542,216.36654663085935,0.1619395460565964,7.14285711244661,230.5623016357422,cdip,2026-03-25 20:06:18,0.0
31,2026-03-26 20:00:00-07:00,0.508,9.87,310.3,False,,,,,,,,,0.2939,0.508,1.728539,1d_transect,2026-03-26 20:00:00-07:00,0.5079665184020996,0.3841235873224503,14.28571422489322,192.40304565429688,0.2271037274215976,10.526315921561542,215.9967498779297,0.1481967850274702,7.14285711244661,230.6913909912109,cdip,2026-03-25 20:06:18,0.0
31,2026-03-26 23:00:00-07:00,0.4797,9.87,312.6,False,,,,,,,,,0.2738,0.4797,1.751762,1d_transect,2026-03-26 23:00:00-07:00,0.4796989858150482,0.4202598642194514,14.28571422489322,191.7017364501953,0.1373664108501842,7.14285711244661,230.7799224853516,0.0927141745604641,4.761904910578484,247.22537231445312,cdip,2026-03-25 20:06:18,0.0
31,2026-03-27 02:00:00-07:00,0.4564,9.87,313.6,False,,,,,,,,,0.2597,0.4564,1.757373,1d_transect,2026-03-27 02:00:00-07:00,0.4563866555690765,0.4003528950589175,14.28571422489322,191.2251434326172,0.1284006044642371,7.14285711244661,230.8503875732422,0.0873225130665684,4.761904910578484,247.4404296875,cdip,2026-03-25 20:06:18,0.0
31,2026-03-27 05:00:00-07:00,0.4265,10.53,314.7,False,,,,,,,,,0.2682,0.4265,1.59008,1d_transect,2026-03-27 05:00:00-07:00,0.4264951944351196,0.3754536667048775,14.28571422489322,191.11862182617188,0.116933589058856,7.14285711244661,230.81494140625,0.0794260192019028,5.263157960780771,242.0299224853516,cdip,2026-03-25 20:06:18,0.0
31,2026-03-27 08:00:00-07:00,0.4255,10.53,313.7,False,,,,,,,,,0.2585,0.4255,1.645651,1d_transect,2026-03-27 08:00:00-07:00,0.4254688620567322,0.3753544635989711,14.28571422489322,191.0823516845703,0.112118910351406,7.14285711244661,230.731689453125,0.0766440531110005,4.545454570084564,250.06060791015625,cdip,2026-03-25 20:06:18,0.0
31,2026-03-27 11:00:00-07:00,0.4021,10.53,314.8,False,,,,,,,,,0.2449,0.4021,1.642089,1d_transect,2026-03-27 11:00:00-07:00,0.4021373093128204,0.3554653314764796,13.33333280351429,193.4551696777344,0.1018312064609813,7.14285711244661,230.6470947265625,0.0705673883375018,4.347826008084592,250.9763336181641,cdip,2026-03-25 20:06:18,0.0
31,2026-03-27 14:00:00-07:00,0.3938,10.53,308.6,False,,,,,,,,,0.2333,0.3938,1.687614,1d_transect,2026-03-27 14:00:00-07:00,0.39375701546669,0.2808970418623868,13.33333280351429,192.38894653320312,0.102856084900532,18.181818280338256,190.3025665283203,0.1801415491173619,7.14285711244661,230.58041381835935,cdip,2026-03-25 20:06:18,0.0
31,2026-03-27 17:00:00-07:00,0.3885,10.53,311.1,False,,,,,,,,,0.2258,0.3885,1.72106,1d_transect,2026-03-27 17:00:00-07:00,0.3885475099086761,0.2952412794920829,13.33333280351429,191.6747894287109,0.1866385246656869,11.111110669595242,207.51431274414065,0.0766696445409903,7.14285711244661,230.5194549560547,cdip,2026-03-25 20:06:18,0.0
31,2026-03-27 20:00:00-07:00,0.3787,9.87,312.3,False,,,,,,,,,0.2103,0.3787,1.800363,1d_transect,2026-03-27 20:00:00-07:00,0.3786810040473938,0.2919511697896425,13.33333280351429,191.31495666503903,0.1802108265444983,11.111110669595242,206.0948028564453,0.0710647918327129,7.14285711244661,230.39393615722656,cdip,2026-03-25 20:06:18,0.0
31,2026-03-27 23:00:00-07:00,0.394,9.87,313.4,False,,,,,,,,,0.2066,0.394,1.907182,1d_transect,2026-03-27 23:00:00-07:00,0.3939861357212066,0.3609613177307083,14.28571422489322,189.8573455810547,0.0697825306437103,7.14285711244661,230.2904052734375,0.059631224187627,4.545454570084564,251.74444580078125,cdip,2026-03-25 20:06:18,0.0
31,2026-03-28 02:00:00-07:00,0.4087,9.87,313.0,False,,,,,,,,,0.2045,0.4087,1.998648,1d_transect,2026-03-28 02:00:00-07:00,0.4086572825908661,0.3791083918910871,14.28571422489322,189.35406494140625,0.0698195238563937,7.14285711244661,230.27870178222656,0.0587720602655242,4.545454570084564,250.5630798339844,cdip,2026-03-25 20:06:18,0.0
31,2026-03-28 05:00:00-07:00,0.425,10.53,312.3,False,,,,,,,,,0.2168,0.425,1.95974,1d_transect,2026-03-28 05:00:00-07:00,0.4249531924724579,0.3974038667296845,14.28571422489322,188.99917602539065,0.0694320041540092,7.14285711244661,230.2412567138672,0.0563841778264582,4.347826008084592,250.380615234375,cdip,2026-03-25 20:06:18,0.0
31,2026-03-28 08:00:00-07:00,0.4382,10.53,311.3,False,,,,,,,,,0.2211,0.4382,1.981874,1d_transect,2026-03-28 08:00:00-07:00,0.4382093846797943,0.4183216342936214,14.28571422489322,188.8948516845703,0.1126346864184672,4.347826008084592,251.27767944335935,0.0529888118474263,5.882352879303138,239.77224731445312,cdip,2026-03-25 20:06:18,0.0
31,2026-03-28 11:00:00-07:00,0.3151,14.29,265.8,False,0.3204,11.11,312.3,False,,,,,0.3352,0.4494,1.340617,1d_transect,2026-03-28 11:00:00-07:00,0.4494239687919616,0.4312226960620059,14.28571422489322,188.91482543945312,0.0491286682450762,5.263157960780771,243.32113647460935,,,,cdip,2026-03-25 20:06:18,0.0
31,2026-03-28 14:00:00-07:00,0.3647,14.29,256.8,False,0.2735,11.11,308.0,False,,,,,0.3979,0.4559,1.145838,1d_transect,2026-03-28 14:00:00-07:00,0.4558875262737274,0.4398667163149665,14.28571422489322,188.88931274414065,0.0443217460373029,5.263157960780771,243.3240966796875,,,,cdip,2026-03-25 20:06:18,0.0
31,2026-03-28 17:00:00-07:00,0.4515,11.11,309.0,False,,,,,,,,,0.2363,0.4515,1.9105,1d_transect,2026-03-28 17:00:00-07:00,0.4515453577041626,0.4380713726205948,14.28571422489322,188.7463836669922,0.0389575539668466,5.263157960780771,243.3018798828125,,,,cdip,2026-03-25 20:06:18,0.0
31,2026-03-28 20:00:00-07:00,0.3753,13.33,264.5,False,0.2515,11.11,307.9,False,,,,,0.3977,0.4518,1.136065,1d_transect,2026-03-28 20:00:00-07:00,0.4517567455768585,0.4409254166817648,14.28571422489322,188.5517578125,0.0456961891668718,5.263157960780771,243.39859008789065,,,,cdip,2026-03-25 20:06:18,0.0
31,2026-03-28 23:00:00-07:00,0.3777,13.33,264.2,False,0.2239,10.53,311.3,False,,,,,0.3786,0.4391,1.159701,1d_transect,2026-03-28 23:00:00-07:00,0.4390616714954376,0.4302678597498628,13.33333280351429,188.3066253662109,0.0385970564953672,5.263157960780771,243.60055541992188,,,,cdip,2026-03-25 20:06:18,0.0
31,2026-03-29 02:00:00-07:00,0.3927,13.33,258.4,False,0.1926,10.53,306.1,False,,,,,0.4152,0.4374,1.053266,1d_transect,2026-03-29 02:00:00-07:00,0.4373663961887359,0.4251281202464557,13.33333280351429,188.3297271728516,0.06450281540783,19.99999970197678,193.73858642578125,0.0352034081100948,5.263157960780771,243.87713623046875,cdip,2026-03-25 20:06:18,0.0
31,2026-03-29 05:00:00-07:00,0.395,13.33,260.0,False,0.1793,9.87,307.9,False,,,,,0.4027,0.4338,1.077208,1d_transect,2026-03-29 05:00:00-07:00,0.4337936341762543,0.0685871722153771,13.33333280351429,188.39059448242188,0.4218543318889325,5.263157960780771,244.27496337890625,,,,cdip,2026-03-25 20:06:18,0.0
31,2026-03-29 08:00:00-07:00,0.3923,13.33,260.6,False,0.1735,9.87,306.2,False,,,,,0.3986,0.4289,1.075968,1d_transect,2026-03-29 08:00:00-07:00,0.4289128482341766,0.4113046656083468,13.33333280351429,188.4221954345703,0.1000016197466745,18.181818280338256,193.3124237060547,0.0299129058142725,5.263157960780771,244.57662963867188,cdip,2026-03-25 20:06:18,0.0
31,2026-03-29 11:00:00-07:00,0.3872,13.33,260.8,False,0.1624,9.87,307.2,False,,,,,0.3907,0.4199,1.074663,1d_transect,2026-03-29 11:00:00-07:00,0.4199111461639404,0.400690436700132,13.33333280351429,188.47010803222656,0.1080076578815594,18.181818280338256,193.3630828857422,0.027160214973619,5.263157960780771,244.72769165039065,cdip,2026-03-25 20:06:18,0.0
31,2026-03-29 14:00:00-07:00,0.372,13.33,265.3,False,0.1729,9.87,306.3,False,,,,,0.3296,0.4102,1.244542,1d_transect,2026-03-29 14:00:00-07:00,0.4101927280426025,0.3880184514976109,13.33333280351429,188.556884765625,0.1192057277025698,18.181818280338256,193.39007568359372,0.0244853164504436,5.263157960780771,244.84886169433597,cdip,2026-03-25 20:06:18,0.0
31,2026-03-29 17:00:00-07:00,0.3675,13.33,266.3,False,0.1619,9.87,306.8,False,,,,,0.3225,0.4016,1.245481,1d_transect,2026-03-29 17:00:00-07:00,0.4016238152980804,0.3764251802908095,13.33333280351429,188.8093719482422,0.1290303352915473,18.181818280338256,193.45469665527344,0.0219560950843986,5.263157960780771,245.14065551757807,cdip,2026-03-25 20:06:18,0.0
31,2026-03-29 20:00:00-07:00,0.374,13.33,264.5,False,0.1205,9.09,305.8,False,,,,,0.4017,0.393,0.978189,1d_transect,2026-03-29 20:00:00-07:00,0.3929833471775055,0.3542836110960841,13.33333280351429,189.09994506835935,0.1623314071586376,18.181818280338256,193.54432678222656,0.0196855993049125,5.263157960780771,245.26312255859372,cdip,2026-03-25 20:06:18,0.0
31,2026-03-29 23:00:00-07:00,0.3552,12.5,268.4,False,0.1303,9.09,306.8,False,0.0567,3.7,319.0,True,0.3185,0.3826,1.201118,1d_transect,2026-03-29 23:00:00-07:00,0.3825716972351074,0.3386817067363564,13.33333280351429,189.3172149658203,0.1713744928261057,18.181818280338256,193.568115234375,0.0173750637503585,5.263157960780771,245.07391357421875,cdip,2026-03-25 20:06:18,0.0
31,2026-03-30 02:00:00-07:00,0.3563,12.5,264.4,False,0.1142,9.09,308.0,False,,,,,0.3628,0.3741,1.031151,1d_transect,2026-03-30 02:00:00-07:00,0.3741421401500702,0.3242582374756529,13.33333280351429,189.3336181640625,0.1807939708535099,18.181818280338256,193.5488128662109,0.014777068530006,5.263157960780771,244.0121154785156,cdip,2026-03-25 20:06:18,0.0
31,2026-03-30 05:00:00-07:00,0.3482,12.5,266.0,False,0.1218,9.09,309.2,False,,,,,0.3227,0.3689,1.143251,1d_transect,2026-03-30 05:00:00-07:00,0.3689348995685577,0.311682372924761,13.33333280351429,189.2510986328125,0.1920687779276499,16.666667039195705,193.44151306152344,,,,cdip,2026-03-25 20:06:18,0.0
31,2026-03-30 08:00:00-07:00,0.3817,12.5,266.2,False,0.0859,9.09,308.0,False,0.0977,5.88,316.2,True,0.3105,0.4033,1.298939,1d_transect,2026-03-30 08:00:00-07:00,0.4032655656337738,0.2254454254583309,16.666667039195705,193.4501953125,0.2438359255051409,12.50000027939678,189.86404418945312,,,,cdip,2026-03-25 20:06:18,0.0
31,2026-03-30 11:00:00-07:00,0.3875,12.5,267.3,False,0.0795,9.09,309.2,False,0.0833,5.56,314.6,True,0.3166,0.4042,1.276955,1d_transect,2026-03-30 11:00:00-07:00,0.4042331278324127,0.265787795726656,16.666667039195705,193.4816436767578,0.2000093084842089,12.50000027939678,189.98394775390625,,,,cdip,2026-03-25 20:06:18,0.0
31,2026-03-30 14:00:00-07:00,0.3938,12.5,268.9,False,0.0791,9.09,307.9,False,0.0769,5.56,315.6,True,0.302,0.4089,1.354089,1d_transect,2026-03-30 14:00:00-07:00,0.4089275002479553,0.2826209880130143,16.666667039195705,193.52764892578125,0.1833428811397409,11.111110669595242,183.23194885253903,,,,cdip,2026-03-25 20:06:18,0.0
31,2026-03-30 17:00:00-07:00,0.325,15.38,232.6,False,0.2338,11.76,275.9,False,0.1137,9.09,309.4,False,0.2797,0.4162,1.487938,1d_transect,2026-03-30 17:00:00-07:00,0.416156530380249,0.3096399543358604,16.666667039195705,193.5521240234375,0.1475485771281753,11.111110669595242,182.4246063232422,,,,cdip,2026-03-25 20:06:18,0.0
31,2026-03-30 20:00:00-07:00,0.3829,15.38,233.8,False,0.145,11.11,286.5,False,0.1129,8.33,308.7,False,0.2575,0.4247,1.649597,1d_transect,2026-03-30 20:00:00-07:00,0.424717903137207,0.3206812974354383,16.666667039195705,193.5369110107422,0.1380663031070563,11.111110669595242,181.43145751953125,,,,cdip,2026-03-25 20:06:18,0.0
31,2026-03-30 23:00:00-07:00,0.3958,15.38,235.4,False,0.1406,11.11,288.1,False,0.1074,8.33,308.9,False,0.2532,0.4335,1.712469,1d_transect,2026-03-30 23:00:00-07:00,0.4335469603538513,0.3296418033171228,16.666667039195705,193.48748779296875,0.1323208033590415,11.111110669595242,180.28152465820312,,,,cdip,2026-03-25 20:06:18,0.0
31,2026-03-31 02:00:00-07:00,0.4133,15.38,242.8,False,0.1126,11.11,287.6,False,0.0925,8.33,300.5,False,0.2823,0.4383,1.552615,1d_transect,2026-03-31 02:00:00-07:00,0.438296914100647,0.3365890426319741,16.666667039195705,193.47251892089844,0.2442331071156564,11.111110669595242,179.77516174316406,0.1284230047198057,12.50000027939678,189.81175231933597,cdip,2026-03-25 20:06:18,0.0
31,2026-03-31 05:00:00-07:00,0.4295,14.29,245.3,False,0.0826,11.11,292.9,False,0.0644,8.33,295.7,False,0.2808,0.442,1.57451,1d_transect,2026-03-31 05:00:00-07:00,0.4420484900474548,0.3446530154487787,15.384615948919734,194.75845336914065,0.2440684789338771,11.111110669595242,178.49574279785156,0.1199996886609283,12.50000027939678,189.97781372070312,cdip,2026-03-25 20:06:18,0.0
31,2026-03-31 08:00:00-07:00,0.4355,14.29,246.6,False,0.0661,11.11,295.5,False,0.0762,8.33,294.6,False,0.287,0.447,1.557388,1d_transect,2026-03-31 08:00:00-07:00,0.4470121264457702,0.3451590409146076,15.384615948919734,194.7973175048828,0.2536150478288657,11.111110669595242,178.5050048828125,0.117161236444179,12.50000027939678,190.35052490234372,cdip,2026-03-25 20:06:18,0.0
31,2026-03-31 11:00:00-07:00,0.4437,14.29,242.4,False,0.0758,11.11,291.3,False,0.0474,8.33,295.3,False,0.3472,0.4526,1.30371,1d_transect,2026-03-31 11:00:00-07:00,0.4526373147964477,0.3769230967015763,15.384615948919734,194.7416534423828,0.244802096528081,11.111110669595242,178.2635498046875,,,,cdip,2026-03-25 20:06:18,0.0
31,2026-03-31 14:00:00-07:00,0.43,14.29,245.5,False,0.1517,7.69,278.5,False,0.0616,11.11,303.6,False,0.3405,0.4601,1.351074,1d_transect,2026-03-31 14:00:00-07:00,0.460077166557312,0.3763478087470461,15.384615948919734,194.781494140625,0.22738872695933,11.111110669595242,178.29379272460938,,,,cdip,2026-03-25 20:06:18,0.0
32,2026-03-25 02:00:00-07:00,0.3719,15.38,260.5,False,0.1201,11.11,306.4,False,0.0646,3.85,332.6,True,0.3675,0.3961,1.077997,1d_transect,2026-03-25 02:00:00-07:00,0.3961105942726135,0.3531872311848324,18.181818280338256,193.2817230224609,0.1760749707050935,12.50000027939678,192.94483947753903,,,,cdip,2026-03-25 20:06:18,0.0
32,2026-03-25 05:00:00-07:00,0.3871,15.38,254.7,False,0.0907,11.11,306.8,False,0.0568,3.85,318.5,True,0.4586,0.4016,0.875772,1d_transect,2026-03-25 05:00:00-07:00,0.4016228914260864,0.3625578641563217,18.181818280338256,192.91726684570312,0.0940823230541999,11.111110669595242,193.4999847412109,,,,cdip,2026-03-25 20:06:18,0.0
32,2026-03-25 08:00:00-07:00,0.3177,11.11,305.6,False,0.2487,4.17,326.3,True,,,,,0.1338,0.4034,3.014193,1d_transect,2026-03-25 08:00:00-07:00,0.4034163355827331,0.3670965728255728,16.666667039195705,193.35557556152344,0.0911963998829766,11.111110669595242,193.2429962158203,,,,cdip,2026-03-25 20:06:18,0.0
32,2026-03-25 11:00:00-07:00,0.3362,11.11,304.8,False,0.2482,4.76,322.7,True,,,,,0.1498,0.4179,2.789698,1d_transect,2026-03-25 11:00:00-07:00,0.4178645312786102,0.3814414913001401,16.666667039195705,193.23046875,0.0945900905753006,11.111110669595242,193.93533325195312,,,,cdip,2026-03-25 20:06:18,0.0
32,2026-03-25 14:00:00-07:00,0.3611,11.11,296.8,False,0.2347,4.76,331.5,True,,,,,0.1904,0.4307,2.261992,1d_transect,2026-03-25 14:00:00-07:00,0.4306561350822449,0.3985781857465114,16.666667039195705,193.1550750732422,0.1577857024862162,11.111110669595242,195.1006317138672,,,,cdip,2026-03-25 20:06:18,0.0
32,2026-03-25 17:00:00-07:00,0.385,11.11,294.4,False,0.2102,5.0,327.0,True,,,,,0.2603,0.4386,1.685182,1d_transect,2026-03-25 17:00:00-07:00,0.4385865926742553,0.4024958765120568,16.666667039195705,193.1342315673828,0.1673713250608526,11.111110669595242,196.9060821533203,,,,cdip,2026-03-25 20:06:18,0.0
32,2026-03-25 20:00:00-07:00,0.3927,11.11,294.2,False,0.2193,5.26,329.5,True,,,,,0.289,0.4498,1.556371,1d_transect,2026-03-25 20:00:00-07:00,0.4497834742069244,0.4146922032653861,16.666667039195705,193.20008850097656,0.1523206665843933,11.111110669595242,199.60379028320312,0.0664700673926371,7.14285711244661,229.4763336181641,cdip,2026-03-25 20:06:18,0.0
32,2026-03-25 23:00:00-07:00,0.279,11.11,300.3,False,0.3228,6.67,319.1,False,,,,,0.2635,0.4267,1.619308,1d_transect,2026-03-25 23:00:00-07:00,0.4267019033432007,0.3747240102933656,16.666667039195705,193.40606689453125,0.1416994414284983,11.111110669595242,202.63067626953125,0.1345886872058231,7.14285711244661,230.63714599609372,cdip,2026-03-25 20:06:18,0.0
32,2026-03-26 02:00:00-07:00,0.4702,8.33,312.0,False,,,,,,,,,0.2961,0.4702,1.587857,1d_transect,2026-03-26 02:00:00-07:00,0.4701516032218933,0.393090263925398,16.666667039195705,194.19630432128903,0.1872826179728131,7.692307974459867,229.54661560058597,0.148807037408308,9.871668200422231,216.88694763183597,cdip,2026-03-25 20:06:18,0.0
32,2026-03-26 05:00:00-07:00,0.4851,9.09,310.8,False,,,,,,,,,0.3458,0.4851,1.40284,1d_transect,2026-03-26 05:00:00-07:00,0.4851014018058777,0.3639278704446112,15.384615948919734,194.08837890625,0.2193255696779672,9.871668200422231,219.65887451171875,0.1931971298425951,7.692307974459867,229.4648284912109,cdip,2026-03-25 20:06:18,0.0
32,2026-03-26 08:00:00-07:00,0.489,9.87,308.3,False,,,,,,,,,0.3575,0.489,1.367649,1d_transect,2026-03-26 08:00:00-07:00,0.4889734983444214,0.3555127793051421,15.384615948919734,194.0951995849609,0.2294959664989322,9.871668200422231,220.10031127929688,0.1661380149920405,7.692307974459867,229.28936767578125,cdip,2026-03-25 20:06:18,0.0
32,2026-03-26 11:00:00-07:00,0.474,9.87,311.7,False,,,,,,,,,0.3498,0.474,1.355038,1d_transect,2026-03-26 11:00:00-07:00,0.4739787876605987,0.343125574707705,15.384615948919734,194.244384765625,0.224834223859962,9.871668200422231,220.2284393310547,0.1518338517582559,7.692307974459867,229.1060485839844,cdip,2026-03-25 20:06:18,0.0
32,2026-03-26 14:00:00-07:00,0.4293,9.87,306.6,False,,,,,,,,,0.3297,0.4293,1.301998,1d_transect,2026-03-26 14:00:00-07:00,0.4292814135551452,0.3152451389104958,15.384615948919734,194.57290649414065,0.2011719738506815,9.871668200422231,220.16009521484372,0.1320966398480263,7.692307974459867,229.0407867431641,cdip,2026-03-25 20:06:18,0.0
32,2026-03-26 17:00:00-07:00,0.3782,9.87,311.3,False,,,,,,,,,0.3118,0.3782,1.213242,1d_transect,2026-03-26 17:00:00-07:00,0.37824746966362,0.291399005552951,14.28571422489322,195.472412109375,0.1573450314651246,9.871668200422231,219.94308471679688,0.1123317419970551,7.692307974459867,229.0067138671875,cdip,2026-03-25 20:06:18,0.0
32,2026-03-26 20:00:00-07:00,0.3397,9.87,310.3,False,,,,,,,,,0.2939,0.3397,1.156019,1d_transect,2026-03-26 20:00:00-07:00,0.3397197425365448,0.2631722152289666,14.28571422489322,194.8651428222656,0.1373502918059456,9.871668200422231,219.6240234375,0.0982150264501801,7.692307974459867,228.8781890869141,cdip,2026-03-25 20:06:18,0.0
32,2026-03-26 23:00:00-07:00,0.3098,9.87,312.6,False,,,,,,,,,0.2738,0.3098,1.131278,1d_transect,2026-03-26 23:00:00-07:00,0.3097870349884033,0.248258627905149,14.28571422489322,194.27682495117188,0.104592170562554,9.871668200422231,219.13221740722656,0.0879624112831995,7.692307974459867,228.7626800537109,cdip,2026-03-25 20:06:18,0.0
32,2026-03-27 02:00:00-07:00,0.2885,9.87,313.6,False,,,,,,,,,0.2597,0.2885,1.110923,1d_transect,2026-03-27 02:00:00-07:00,0.2885046601295471,0.2509141345409131,14.28571422489322,194.09629821777344,0.0807868849319762,7.692307974459867,228.71282958984372,0.058566507373795,5.263157960780771,239.885498046875,cdip,2026-03-25 20:06:18,0.0
32,2026-03-27 05:00:00-07:00,0.2858,10.53,314.7,False,,,,,,,,,0.2682,0.2858,1.065581,1d_transect,2026-03-27 05:00:00-07:00,0.2858127951622009,0.2494349793778877,14.28571422489322,194.3836975097656,0.0788051785673403,7.692307974459867,228.6699066162109,0.0563769476888619,5.263157960780771,240.68392944335935,cdip,2026-03-25 20:06:18,0.0
32,2026-03-27 08:00:00-07:00,0.261,10.53,313.7,False,,,,,,,,,0.2585,0.261,1.009582,1d_transect,2026-03-27 08:00:00-07:00,0.2610185742378235,0.2282643695866202,13.33333280351429,196.9625701904297,0.0699054439827701,7.14285711244661,230.4474029541016,0.0497833216717315,4.347826008084592,247.763916015625,cdip,2026-03-25 20:06:18,0.0
32,2026-03-27 11:00:00-07:00,0.2513,10.53,314.8,False,,,,,,,,,0.2449,0.2513,1.026152,1d_transect,2026-03-27 11:00:00-07:00,0.2512983679771423,0.2200250497925089,13.33333280351429,196.1807098388672,0.0651673658495849,7.14285711244661,230.36264038085935,0.0468486717246378,4.347826008084592,249.0440368652344,cdip,2026-03-25 20:06:18,0.0
32,2026-03-27 14:00:00-07:00,0.2442,10.53,308.6,False,,,,,,,,,0.2333,0.2442,1.046811,1d_transect,2026-03-27 14:00:00-07:00,0.244243785738945,0.2054320114201607,13.33333280351429,195.3946685791016,0.0612534357402955,18.181818280338256,193.51593017578125,0.0615550478130775,7.14285711244661,230.29795837402344,cdip,2026-03-25 20:06:18,0.0
32,2026-03-27 17:00:00-07:00,0.24,10.53,311.1,False,,,,,,,,,0.2258,0.24,1.062901,1d_transect,2026-03-27 17:00:00-07:00,0.2399612069129943,0.2015119708537843,13.33333280351429,195.00851440429688,0.0622915692196536,18.181818280338256,193.80502319335935,0.0593004831116549,7.14285711244661,230.2393035888672,cdip,2026-03-25 20:06:18,0.0
32,2026-03-27 20:00:00-07:00,0.246,9.87,312.3,False,,,,,,,,,0.2103,0.246,1.169354,1d_transect,2026-03-27 20:00:00-07:00,0.2459571957588195,0.2178887649009892,13.33333280351429,194.87835693359372,0.0588338985363385,7.14285711244661,230.1219940185547,0.0421775563086548,4.347826008084592,250.28582763671875,cdip,2026-03-25 20:06:18,0.0
32,2026-03-27 23:00:00-07:00,0.2563,9.87,313.4,False,,,,,,,,,0.2066,0.2563,1.240844,1d_transect,2026-03-27 23:00:00-07:00,0.2563338279724121,0.2297501285366645,14.28571422489322,193.92100524902344,0.0588521766237889,7.14285711244661,230.0385589599609,0.0419938728316406,4.347826008084592,249.67469787597656,cdip,2026-03-25 20:06:18,0.0
32,2026-03-28 02:00:00-07:00,0.2645,9.87,313.0,False,,,,,,,,,0.2045,0.2645,1.293557,1d_transect,2026-03-28 02:00:00-07:00,0.2644895911216736,0.240166854662953,14.28571422489322,193.36997985839844,0.0593152054148151,7.14285711244661,230.04513549804688,0.0414251233100879,4.545454570084564,248.56283569335935,cdip,2026-03-25 20:06:18,0.0
32,2026-03-28 05:00:00-07:00,0.2801,10.53,312.3,False,,,,,,,,,0.2168,0.2801,1.291776,1d_transect,2026-03-28 05:00:00-07:00,0.2801109552383423,0.2564485230936558,15.384615948919734,193.7899169921875,0.0615887211378673,7.14285711244661,230.05540466308597,0.0407376422444362,4.347826008084592,248.37130737304688,cdip,2026-03-25 20:06:18,0.0
32,2026-03-28 08:00:00-07:00,0.286,10.53,311.3,False,,,,,,,,,0.2211,0.286,1.293523,1d_transect,2026-03-28 08:00:00-07:00,0.2860091924667358,0.2636840439103107,14.28571422489322,192.80731201171875,0.0622124028948194,7.14285711244661,230.0274658203125,0.0381070018220214,4.347826008084592,249.3372344970703,cdip,2026-03-25 20:06:18,0.0
32,2026-03-28 11:00:00-07:00,0.2429,14.29,265.8,False,0.1694,11.11,312.3,False,,,,,0.4186,0.2961,0.707408,1d_transect,2026-03-28 11:00:00-07:00,0.2961436808109283,0.2751727330306071,14.28571422489322,192.72610473632807,0.061969593591596,7.14285711244661,229.91651916503903,0.0358679113437523,5.263157960780771,242.0670166015625,cdip,2026-03-25 20:06:18,0.0
32,2026-03-28 14:00:00-07:00,0.2689,14.29,256.8,False,0.1413,11.11,308.0,False,,,,,0.5245,0.3038,0.579152,1d_transect,2026-03-28 14:00:00-07:00,0.3037795126438141,0.2848120137659075,14.28571422489322,192.60031127929688,0.0600889845365031,7.692307974459867,227.1115875244141,0.0329052848152369,5.263157960780771,242.1019592285156,cdip,2026-03-25 20:06:18,0.0
32,2026-03-28 17:00:00-07:00,0.3148,11.11,309.0,False,,,,,,,,,0.2415,0.3148,1.30387,1d_transect,2026-03-28 17:00:00-07:00,0.3148441016674042,0.3034866769603889,14.28571422489322,192.38291931152344,0.0428762484110197,5.263157960780771,242.1243896484375,,,,cdip,2026-03-25 20:06:18,0.0
32,2026-03-28 20:00:00-07:00,0.2832,13.33,264.5,False,0.1325,11.11,307.9,False,,,,,0.5336,0.3127,0.58602,1d_transect,2026-03-28 20:00:00-07:00,0.3127192556858063,0.3035552860926986,14.28571422489322,192.1560821533203,0.0356667071469194,5.263157960780771,242.25192260742188,,,,cdip,2026-03-25 20:06:18,0.0
32,2026-03-28 23:00:00-07:00,0.2828,13.33,264.2,False,0.1146,10.53,311.3,False,,,,,0.5141,0.3051,0.593467,1d_transect,2026-03-28 23:00:00-07:00,0.3051170110702514,0.2975239827862643,13.33333280351429,191.32562255859372,0.0304647498890225,5.263157960780771,242.45193481445312,,,,cdip,2026-03-25 20:06:18,0.0
32,2026-03-29 02:00:00-07:00,0.2864,13.33,258.4,False,0.0963,10.53,306.1,False,,,,,0.574,0.3022,0.526438,1d_transect,2026-03-29 02:00:00-07:00,0.3021870851516723,0.2914608224560158,13.33333280351429,191.17010498046875,0.050466202348946,19.99999970197678,194.9995574951172,0.0276809280253304,5.263157960780771,242.7008209228516,cdip,2026-03-25 20:06:18,0.0
32,2026-03-29 05:00:00-07:00,0.2855,13.33,260.0,False,0.0888,9.87,307.9,False,,,,,0.5605,0.299,0.533408,1d_transect,2026-03-29 05:00:00-07:00,0.2989541888236999,0.2881993320088856,13.33333280351429,191.1266632080078,0.055108402909407,19.99999970197678,196.4680938720703,0.0253019835840288,5.263157960780771,243.00567626953125,cdip,2026-03-25 20:06:18,0.0
32,2026-03-29 08:00:00-07:00,0.2829,13.33,260.6,False,0.0855,9.87,306.2,False,,,,,0.5573,0.2955,0.530333,1d_transect,2026-03-29 08:00:00-07:00,0.2955316007137298,0.2808521391823401,13.33333280351429,191.12159729003903,0.0756157677865642,19.99999970197678,197.51258850097656,0.0437785456530286,5.263157960780771,243.09869384765625,cdip,2026-03-25 20:06:18,0.0
32,2026-03-29 11:00:00-07:00,0.2777,13.33,260.8,False,0.0796,9.87,307.2,False,,,,,0.5485,0.2889,0.526783,1d_transect,2026-03-29 11:00:00-07:00,0.2889176905155182,0.2737831371452028,13.33333280351429,191.2286834716797,0.0786713849550857,18.181818280338256,193.4352569580078,0.0390162518708371,5.263157960780771,242.92498779296875,cdip,2026-03-25 20:06:18,0.0
32,2026-03-29 14:00:00-07:00,0.2687,13.33,265.3,False,0.0853,9.87,306.3,False,,,,,0.4594,0.2819,0.613633,1d_transect,2026-03-29 14:00:00-07:00,0.2819185554981231,0.265467391992373,13.33333280351429,191.40765380859372,0.0839487699980024,18.181818280338256,193.50071716308597,0.0342399665930415,5.263157960780771,242.6683349609375,cdip,2026-03-25 20:06:18,0.0
32,2026-03-29 17:00:00-07:00,0.2646,13.33,266.3,False,0.0796,9.87,306.8,False,,,,,0.4515,0.2764,0.612079,1d_transect,2026-03-29 17:00:00-07:00,0.2763503491878509,0.2581118564364574,13.33333280351429,191.7436065673828,0.0899457108659607,18.181818280338256,193.84146118164065,0.0296201747715076,5.263157960780771,242.42970275878903,cdip,2026-03-25 20:06:18,0.0
32,2026-03-29 20:00:00-07:00,0.2657,13.33,264.5,False,0.0585,9.09,305.8,False,,,,,0.5729,0.2721,0.474952,1d_transect,2026-03-29 20:00:00-07:00,0.2720940411090851,0.1988762679366662,13.33333280351429,192.0915679931641,0.0953610985973174,18.181818280338256,194.02220153808597,0.1546908107889179,11.111110669595242,186.60250854492188,cdip,2026-03-25 20:06:18,0.0
32,2026-03-29 23:00:00-07:00,0.258,12.5,268.4,False,0.0645,9.09,306.8,False,0.0281,3.7,319.0,True,0.4497,0.2674,0.59459,1d_transect,2026-03-29 23:00:00-07:00,0.2674145996570587,0.1785182282566124,13.33333280351429,192.37332153320312,0.1182705149216359,18.181818280338256,194.0213928222656,0.1559221888448503,11.111110669595242,186.3232421875,cdip,2026-03-25 20:06:18,0.0
32,2026-03-30 02:00:00-07:00,0.2582,12.5,264.4,False,0.0566,9.09,308.0,False,,,,,0.5175,0.2643,0.510711,1d_transect,2026-03-30 02:00:00-07:00,0.2642755508422851,0.1669820609001297,13.33333280351429,192.47073364257807,0.1243652266221716,18.181818280338256,194.0044403076172,0.1586095162818643,11.111110669595242,185.83338928222656,cdip,2026-03-25 20:06:18,0.0
32,2026-03-30 05:00:00-07:00,0.2562,12.5,266.0,False,0.0611,9.09,309.2,False,,,,,0.4595,0.2634,0.573203,1d_transect,2026-03-30 05:00:00-07:00,0.2633591294288635,0.1567098060316197,13.33333280351429,192.4862823486328,0.1624958950909564,11.111110669595242,185.0390167236328,0.130559165854287,18.181818280338256,194.0228271484375,cdip,2026-03-25 20:06:18,0.0
32,2026-03-30 08:00:00-07:00,0.2711,12.5,266.2,False,0.0416,9.09,308.0,False,0.0473,5.88,316.2,True,0.4426,0.2783,0.628726,1d_transect,2026-03-30 08:00:00-07:00,0.2782958745956421,0.1455480450180477,16.666667039195705,193.42811584472656,0.1548547120211665,11.111110669595242,184.2905731201172,,,,cdip,2026-03-25 20:06:18,0.0
32,2026-03-30 11:00:00-07:00,0.2763,12.5,267.3,False,0.0386,9.09,309.2,False,0.0405,5.56,314.6,True,0.4543,0.2819,0.62057,1d_transect,2026-03-30 11:00:00-07:00,0.2818970084190368,0.171388079571806,16.666667039195705,193.39585876464844,0.1797579399741174,11.111110669595242,183.5128936767578,0.1276723601064117,12.50000027939678,193.7261505126953,cdip,2026-03-25 20:06:18,0.0
32,2026-03-30 14:00:00-07:00,0.2835,12.5,268.9,False,0.0388,9.09,307.9,False,0.0378,5.56,315.6,True,0.4344,0.2886,0.664423,1d_transect,2026-03-30 14:00:00-07:00,0.2886035740375519,0.1833978501180608,16.666667039195705,193.47756958007807,0.1847819073157333,11.111110669595242,182.79736328125,0.1183145221409338,12.50000027939678,193.75860595703125,cdip,2026-03-25 20:06:18,0.0
32,2026-03-30 17:00:00-07:00,0.2355,15.38,232.6,False,0.1723,11.76,275.9,False,0.057,9.09,309.4,False,0.3985,0.2973,0.746083,1d_transect,2026-03-30 17:00:00-07:00,0.2973271012306213,0.2029031374443881,16.666667039195705,193.57472229003903,0.1906977224653199,11.111110669595242,182.0979156494141,0.0962593392116252,12.50000027939678,193.73057556152344,cdip,2026-03-25 20:06:18,0.0
32,2026-03-30 20:00:00-07:00,0.2818,15.38,233.8,False,0.1058,11.11,286.5,False,0.0575,8.33,308.7,False,0.3648,0.3064,0.839951,1d_transect,2026-03-30 20:00:00-07:00,0.306437224149704,0.2118131717447514,16.666667039195705,193.61680603027344,0.1975127249895622,11.111110669595242,181.3231964111328,0.0910878411776202,12.50000027939678,193.6826171875,cdip,2026-03-25 20:06:18,0.0
32,2026-03-30 23:00:00-07:00,0.2917,15.38,235.4,False,0.1026,11.11,288.1,False,0.0547,8.33,308.9,False,0.3601,0.314,0.87193,1d_transect,2026-03-30 23:00:00-07:00,0.3139765858650207,0.2183206832701554,16.666667039195705,193.59996032714844,0.2032083925354453,11.111110669595242,180.45343017578125,0.088189658745153,12.50000027939678,193.6212310791016,cdip,2026-03-25 20:06:18,0.0
32,2026-03-31 02:00:00-07:00,0.3034,15.38,242.8,False,0.0817,11.11,287.6,False,0.0469,8.33,300.5,False,0.4041,0.3177,0.786182,1d_transect,2026-03-31 02:00:00-07:00,0.3177137672901153,0.2232067862526274,16.666667039195705,193.5986328125,0.2044780568007473,11.111110669595242,180.0111083984375,0.0863978629932094,12.50000027939678,193.6141662597656,cdip,2026-03-25 20:06:18,0.0
32,2026-03-31 05:00:00-07:00,0.32,14.29,245.3,False,0.0591,11.11,292.9,False,0.0355,8.33,295.7,False,0.4052,0.3273,0.807935,1d_transect,2026-03-31 05:00:00-07:00,0.3273362219333648,0.235004178266461,15.384615948919734,194.51040649414065,0.2075771066712444,11.111110669595242,179.01698303222656,0.083333423564298,12.50000027939678,193.86358642578125,cdip,2026-03-25 20:06:18,0.0
32,2026-03-31 08:00:00-07:00,0.3251,14.29,246.6,False,0.0436,11.11,295.5,False,0.0577,8.33,294.6,False,0.416,0.333,0.800653,1d_transect,2026-03-31 08:00:00-07:00,0.3330409824848175,0.2504806332103306,15.384615948919734,194.55056762695312,0.2151257252177335,11.111110669595242,179.00711059570312,,,,cdip,2026-03-25 20:06:18,0.0
32,2026-03-31 11:00:00-07:00,0.3345,14.29,242.4,False,0.0549,11.11,291.3,False,0.0265,8.33,295.3,False,0.5011,0.34,0.678419,1d_transect,2026-03-31 11:00:00-07:00,0.3399737477302551,0.2645722981306272,15.384615948919734,194.61253356933597,0.2086809066587164,11.111110669595242,178.78384399414062,,,,cdip,2026-03-25 20:06:18,0.0
32,2026-03-31 14:00:00-07:00,0.3273,14.29,245.5,False,0.1146,7.69,278.5,False,0.0361,11.11,303.6,False,0.4923,0.3486,0.708203,1d_transect,2026-03-31 14:00:00-07:00,0.3486142158508301,0.2662911509225746,15.384615948919734,194.6626434326172,0.1954887111813781,11.111110669595242,178.78785705566406,0.1014138880893295,7.692307974459867,209.36981201171875,cdip,2026-03-25 20:06:18,0.0
33,2026-03-25 02:00:00-07:00,0.3382,15.38,260.5,False,0.1769,11.11,306.4,False,0.0973,3.85,332.6,True,0.2427,0.3939,1.623039,1d_transect,2026-03-25 02:00:00-07:00,0.393916517496109,0.3280759753116039,18.181818280338256,205.48190307617188,0.2135941979941822,11.111110669595242,200.3093414306641,,,,cdip,2026-03-25 20:06:18,0.0
33,2026-03-25 05:00:00-07:00,0.3508,15.38,254.7,False,0.1351,11.11,306.8,False,0.0865,3.85,318.5,True,0.2893,0.3857,1.333172,1d_transect,2026-03-25 05:00:00-07:00,0.3857297301292419,0.3248667088188173,16.666667039195705,205.7798767089844,0.2039061004299175,11.111110669595242,199.26248168945312,,,,cdip,2026-03-25 20:06:18,0.0
33,2026-03-25 08:00:00-07:00,0.3096,11.11,305.6,False,0.2477,4.17,326.3,True,,,,,0.1321,0.3965,3.002213,1d_transect,2026-03-25 08:00:00-07:00,0.3965004086494446,0.3393978593525237,16.666667039195705,205.2266082763672,0.2010043843396706,11.111110669595242,198.8728485107422,,,,cdip,2026-03-25 20:06:18,0.0
33,2026-03-25 11:00:00-07:00,0.3181,11.11,304.8,False,0.2628,4.76,322.7,True,,,,,0.1397,0.4126,2.954139,1d_transect,2026-03-25 11:00:00-07:00,0.41261026263237,0.36533004664912,16.666667039195705,204.94163513183597,0.1874279087772148,11.111110669595242,199.3578338623047,,,,cdip,2026-03-25 20:06:18,0.0
33,2026-03-25 14:00:00-07:00,0.3269,11.11,296.8,False,0.2766,4.76,331.5,True,,,,,0.1607,0.4282,2.665082,1d_transect,2026-03-25 14:00:00-07:00,0.4282345473766327,0.3796336875096421,16.666667039195705,204.9599456787109,0.191354419440375,11.111110669595242,200.3303375244141,,,,cdip,2026-03-25 20:06:18,0.0
33,2026-03-25 17:00:00-07:00,0.3487,11.11,294.4,False,0.274,5.0,327.0,True,,,,,0.2019,0.4435,2.197024,1d_transect,2026-03-25 17:00:00-07:00,0.4434748888015747,0.3985698452133782,16.666667039195705,205.3028564453125,0.1825999610558268,11.111110669595242,201.8350524902344,0.0480786635492274,5.882352879303138,240.5707855224609,cdip,2026-03-25 20:06:18,0.0
33,2026-03-25 20:00:00-07:00,0.3571,11.11,294.2,False,0.2871,5.26,329.5,True,,,,,0.2249,0.4583,2.037363,1d_transect,2026-03-25 20:00:00-07:00,0.4582532942295074,0.4085149785732757,16.666667039195705,205.7601623535156,0.1996984232441546,11.111110669595242,204.2465057373047,,,,cdip,2026-03-25 20:06:18,0.0
33,2026-03-25 23:00:00-07:00,0.2664,11.11,300.3,False,0.345,6.67,319.1,False,,,,,0.2519,0.4359,1.730564,1d_transect,2026-03-25 23:00:00-07:00,0.4359194636344909,0.4024134681946977,15.384615948919734,205.1368103027344,0.1039626966120648,8.333333519597852,228.1732635498047,,,,cdip,2026-03-25 20:06:18,0.0
33,2026-03-26 02:00:00-07:00,0.4683,8.33,312.0,False,,,,,,,,,0.2961,0.4683,1.581554,1d_transect,2026-03-26 02:00:00-07:00,0.468285322189331,0.3988743376049604,15.384615948919734,205.05909729003903,0.2253031726447883,9.090909140169128,226.80126953125,,,,cdip,2026-03-25 20:06:18,0.0
33,2026-03-26 05:00:00-07:00,0.4984,9.09,310.8,False,,,,,,,,,0.3458,0.4984,1.441332,1d_transect,2026-03-26 05:00:00-07:00,0.4984117746353149,0.396188324548977,16.666667039195705,207.39251708984372,0.2114174712753565,9.871668200422231,224.9829559326172,0.1297151616275131,7.14285711244661,236.7037353515625,cdip,2026-03-25 20:06:18,0.0
33,2026-03-26 08:00:00-07:00,0.5087,9.87,308.3,False,,,,,,,,,0.3575,0.5087,1.422875,1d_transect,2026-03-26 08:00:00-07:00,0.5087186694145203,0.3873474428776849,16.666667039195705,207.2642974853516,0.2233973138206288,9.871668200422231,225.8319854736328,0.131386068533223,7.14285711244661,236.26724243164065,cdip,2026-03-25 20:06:18,0.0
33,2026-03-26 11:00:00-07:00,0.5059,9.87,311.7,False,,,,,,,,,0.3498,0.5059,1.446277,1d_transect,2026-03-26 11:00:00-07:00,0.5058932900428772,0.2203778546279962,16.666667039195705,207.1505889892578,0.3188788160334923,14.28571422489322,205.35162353515625,0.2111343380319208,9.871668200422231,226.12022399902344,cdip,2026-03-25 20:06:18,0.0
33,2026-03-26 14:00:00-07:00,0.4719,9.87,306.6,False,,,,,,,,,0.3297,0.4719,1.431388,1d_transect,2026-03-26 14:00:00-07:00,0.4719424545764923,0.3114955310140419,14.28571422489322,205.2816925048828,0.1976199477757526,16.666667039195705,207.4052734375,0.1883265800062337,9.871668200422231,226.0218505859375,cdip,2026-03-25 20:06:18,0.0
33,2026-03-26 17:00:00-07:00,0.4448,9.87,311.3,False,,,,,,,,,0.3118,0.4448,1.426728,1d_transect,2026-03-26 17:00:00-07:00,0.444805234670639,0.3599775238430345,14.28571422489322,205.15432739257807,0.1547320197245392,9.871668200422231,225.68150329589844,0.104556380022358,7.14285711244661,236.05758666992188,cdip,2026-03-25 20:06:18,0.0
33,2026-03-26 20:00:00-07:00,0.4163,9.87,310.3,False,,,,,,,,,0.2939,0.4163,1.416586,1d_transect,2026-03-26 20:00:00-07:00,0.4162927269935608,0.33612663191859,14.28571422489322,205.08343505859372,0.1412338602353533,9.871668200422231,225.2021484375,0.0978952633667139,7.14285711244661,236.2631378173828,cdip,2026-03-25 20:06:18,0.0
33,2026-03-26 23:00:00-07:00,0.3882,9.87,312.6,False,,,,,,,,,0.2738,0.3882,1.417503,1d_transect,2026-03-26 23:00:00-07:00,0.3881661891937256,0.3108721650577439,13.33333280351429,205.9949951171875,0.1291714950510402,9.871668200422231,224.4842071533203,0.0919913539232896,7.14285711244661,236.4094696044922,cdip,2026-03-25 20:06:18,0.0
33,2026-03-27 02:00:00-07:00,0.3699,9.87,313.6,False,,,,,,,,,0.2597,0.3699,1.424534,1d_transect,2026-03-27 02:00:00-07:00,0.3699489235877991,0.3203249158317052,13.33333280351429,205.6337127685547,0.0870610610615282,7.14285711244661,236.5596618652344,,,,cdip,2026-03-25 20:06:18,0.0
33,2026-03-27 05:00:00-07:00,0.3717,10.53,314.7,False,,,,,,,,,0.2682,0.3717,1.385813,1d_transect,2026-03-27 05:00:00-07:00,0.3717062175273895,0.3234475126333659,13.33333280351429,205.7658843994141,0.1578990413133176,4.999999925494195,247.068359375,0.0847098644900823,7.14285711244661,236.51119995117188,cdip,2026-03-25 20:06:18,0.0
33,2026-03-27 08:00:00-07:00,0.3505,10.53,313.7,False,,,,,,,,,0.2585,0.3505,1.355748,1d_transect,2026-03-27 08:00:00-07:00,0.3505170047283172,0.3053809583343128,13.33333280351429,205.86166381835935,0.1032135042669923,4.999999925494195,248.2694396972656,0.0767837903907312,7.14285711244661,236.3600616455078,cdip,2026-03-25 20:06:18,0.0
33,2026-03-27 11:00:00-07:00,0.34,10.53,314.8,False,,,,,,,,,0.2449,0.34,1.38828,1d_transect,2026-03-27 11:00:00-07:00,0.3399812877178192,0.2954360280783757,13.33333280351429,205.8520355224609,0.0996920693648749,4.347826008084592,251.09423828125,0.072594982986222,5.882352879303138,244.1525115966797,cdip,2026-03-25 20:06:18,0.0
33,2026-03-27 14:00:00-07:00,0.33,10.53,308.6,False,,,,,,,,,0.2333,0.33,1.414464,1d_transect,2026-03-27 14:00:00-07:00,0.3300251364707947,0.2744678930829518,13.33333280351429,205.9508056640625,0.0807558185418532,18.181818280338256,205.0540008544922,0.0965847688463355,4.347826008084592,251.8590240478516,cdip,2026-03-25 20:06:18,0.0
33,2026-03-27 17:00:00-07:00,0.3233,10.53,311.1,False,,,,,,,,,0.2258,0.3233,1.432213,1d_transect,2026-03-27 17:00:00-07:00,0.3233371078968048,0.2675303976684248,13.33333280351429,206.2056427001953,0.0812519239355242,18.181818280338256,205.4531707763672,0.0940790552410411,4.347826008084592,252.41302490234372,cdip,2026-03-25 20:06:18,0.0
33,2026-03-27 20:00:00-07:00,0.3279,9.87,312.3,False,,,,,,,,,0.2103,0.3279,1.559131,1d_transect,2026-03-27 20:00:00-07:00,0.3279411494731903,0.2850626505586101,13.33333280351429,206.14247131347656,0.0938035416061987,4.347826008084592,252.40606689453125,0.066593573309009,5.882352879303138,244.48275756835935,cdip,2026-03-25 20:06:18,0.0
33,2026-03-27 23:00:00-07:00,0.3307,9.87,313.4,False,,,,,,,,,0.2066,0.3307,1.600709,1d_transect,2026-03-27 23:00:00-07:00,0.3306748569011688,0.2904876987404953,13.33333280351429,205.7989044189453,0.092028219967085,4.347826008084592,251.75714111328125,0.0651182616695963,5.882352879303138,244.46322631835935,cdip,2026-03-25 20:06:18,0.0
33,2026-03-28 02:00:00-07:00,0.3331,9.87,313.0,False,,,,,,,,,0.2045,0.3331,1.629208,1d_transect,2026-03-28 02:00:00-07:00,0.3331189155578613,0.2521402996236044,13.33333280351429,205.5517578125,0.1565335515780095,15.384615948919734,208.90884399414065,0.0886756059298408,4.999999925494195,248.74989318847656,cdip,2026-03-25 20:06:18,0.0
33,2026-03-28 05:00:00-07:00,0.3438,10.53,312.3,False,,,,,,,,,0.2168,0.3438,1.585303,1d_transect,2026-03-28 05:00:00-07:00,0.3437597155570984,0.163285454526734,15.384615948919734,208.7678985595703,0.2620246676810935,13.33333280351429,205.18247985839844,0.0862884123664996,4.347826008084592,250.42921447753903,cdip,2026-03-25 20:06:18,0.0
33,2026-03-28 08:00:00-07:00,0.3455,10.53,311.3,False,,,,,,,,,0.2211,0.3455,1.56248,1d_transect,2026-03-28 08:00:00-07:00,0.3454778492450714,0.3127909292242721,14.28571422489322,206.98519897460935,0.127629539089121,4.347826008084592,251.34945678710935,0.0615050462076406,7.14285711244661,235.53640747070312,cdip,2026-03-25 20:06:18,0.0
33,2026-03-28 11:00:00-07:00,0.232,14.29,265.8,False,0.2635,11.11,312.3,False,,,,,0.3185,0.3511,1.102547,1d_transect,2026-03-28 11:00:00-07:00,0.351113498210907,0.320687204593478,14.28571422489322,206.9273681640625,0.0518076385299556,7.14285711244661,235.33120727539065,,,,cdip,2026-03-25 20:06:18,0.0
33,2026-03-28 14:00:00-07:00,0.2697,14.29,256.8,False,0.2302,11.11,308.0,False,,,,,0.3677,0.3546,0.964549,1d_transect,2026-03-28 14:00:00-07:00,0.354624480009079,0.3271650754913935,14.28571422489322,206.9503631591797,0.0494658871693312,5.882352879303138,244.1743011474609,,,,cdip,2026-03-25 20:06:18,0.0
33,2026-03-28 17:00:00-07:00,0.3545,11.11,309.0,False,,,,,,,,,0.2363,0.3545,1.500213,1d_transect,2026-03-28 17:00:00-07:00,0.3544981777667999,0.333661682185547,14.28571422489322,207.0683135986328,0.0445221089085576,5.882352879303138,243.78057861328125,,,,cdip,2026-03-25 20:06:18,0.0
33,2026-03-28 20:00:00-07:00,0.2772,13.33,264.5,False,0.2077,11.11,307.9,False,,,,,0.3691,0.3464,0.938488,1d_transect,2026-03-28 20:00:00-07:00,0.3463542461395263,0.3289632701320946,13.33333280351429,203.98280334472656,0.0397613597553463,5.882352879303138,243.50225830078125,,,,cdip,2026-03-25 20:06:18,0.0
33,2026-03-28 23:00:00-07:00,0.2839,13.33,264.2,False,0.1883,10.53,311.3,False,,,,,0.3494,0.3407,0.975105,1d_transect,2026-03-28 23:00:00-07:00,0.3406603038311004,0.3265304444849577,13.33333280351429,203.92295837402344,0.0885572875716015,5.882352879303138,242.91009521484372,,,,cdip,2026-03-25 20:06:18,0.0
33,2026-03-29 02:00:00-07:00,0.2945,13.33,258.4,False,0.1634,10.53,306.1,False,,,,,0.3769,0.3368,0.893559,1d_transect,2026-03-29 02:00:00-07:00,0.3367820680141449,0.3250193922929181,13.33333280351429,203.81414794921875,0.0787882334811837,5.882352879303138,242.60369873046875,,,,cdip,2026-03-25 20:06:18,0.0
33,2026-03-29 05:00:00-07:00,0.2977,13.33,260.0,False,0.1528,9.87,307.9,False,,,,,0.3644,0.3346,0.918314,1d_transect,2026-03-29 05:00:00-07:00,0.3346268832683563,0.3195453382080143,13.33333280351429,203.837890625,0.0567669963268864,19.99999970197678,208.71290588378903,0.0710843283062223,5.882352879303138,242.2014312744141,cdip,2026-03-25 20:06:18,0.0
33,2026-03-29 08:00:00-07:00,0.2994,13.33,260.6,False,0.1481,9.87,306.2,False,,,,,0.3636,0.3341,0.918667,1d_transect,2026-03-29 08:00:00-07:00,0.3340567648410797,0.320050143419015,13.33333280351429,203.9339141845703,0.0586985713160445,19.99999970197678,209.09719848632807,0.0638569012234935,5.882352879303138,241.490234375,cdip,2026-03-25 20:06:18,0.0
33,2026-03-29 11:00:00-07:00,0.2999,13.33,260.8,False,0.1407,9.87,307.2,False,,,,,0.3558,0.3313,0.930971,1d_transect,2026-03-29 11:00:00-07:00,0.3312666118144989,0.3133755254118415,13.33333280351429,204.2601318359375,0.0815386002546054,18.181818280338256,205.44161987304688,,,,cdip,2026-03-25 20:06:18,0.0
33,2026-03-29 14:00:00-07:00,0.291,13.33,265.3,False,0.1497,9.87,306.3,False,,,,,0.3038,0.3273,1.077293,1d_transect,2026-03-29 14:00:00-07:00,0.3272679150104522,0.2318010084155673,13.33333280351429,204.6575927734375,0.2051597050356233,11.111110669595242,193.38674926757807,0.0846782518033592,18.181818280338256,205.93231201171875,cdip,2026-03-25 20:06:18,0.0
33,2026-03-29 17:00:00-07:00,0.2918,13.33,266.3,False,0.1422,9.87,306.8,False,,,,,0.2967,0.3246,1.093954,1d_transect,2026-03-29 17:00:00-07:00,0.3246106803417206,0.2249966010299375,13.33333280351429,205.06398010253903,0.2070383388928081,11.111110669595242,192.8871917724609,0.0918430802733272,18.181818280338256,206.1649169921875,cdip,2026-03-25 20:06:18,0.0
33,2026-03-29 20:00:00-07:00,0.3045,13.33,264.5,False,0.1098,9.09,305.8,False,,,,,0.3634,0.3237,0.890714,1d_transect,2026-03-29 20:00:00-07:00,0.3236775696277618,0.218645328870715,13.33333280351429,205.25852966308597,0.2089439745514545,11.111110669595242,192.60264587402344,0.1015841425208949,18.181818280338256,205.71871948242188,cdip,2026-03-25 20:06:18,0.0
33,2026-03-29 23:00:00-07:00,0.2956,12.5,268.4,False,0.1188,9.09,306.8,False,0.0517,3.7,319.0,True,0.2946,0.3227,1.095264,1d_transect,2026-03-29 23:00:00-07:00,0.3226957023143768,0.2013938065536363,13.33333280351429,205.3060302734375,0.2108358628857543,11.111110669595242,192.3816375732422,0.1281776333976674,18.181818280338256,205.0938415527344,cdip,2026-03-25 20:06:18,0.0
33,2026-03-30 02:00:00-07:00,0.2975,12.5,264.4,False,0.1059,9.09,308.0,False,,,,,0.3303,0.3158,0.95619,1d_transect,2026-03-30 02:00:00-07:00,0.3158033490180969,0.2099977136451187,11.111110669595242,192.0497131347656,0.1876233720458351,13.33333280351429,205.20864868164065,0.1339205508915253,18.181818280338256,204.7660217285156,cdip,2026-03-25 20:06:18,0.0
33,2026-03-30 05:00:00-07:00,0.2945,12.5,266.0,False,0.1129,9.09,309.2,False,,,,,0.2977,0.3154,1.05943,1d_transect,2026-03-30 05:00:00-07:00,0.31535404920578,0.213788201801296,11.111110669595242,191.46405029296875,0.1784036506420152,12.50000027939678,203.0485382080078,0.1393888384143548,18.181818280338256,204.8315277099609,cdip,2026-03-25 20:06:18,0.0
33,2026-03-30 08:00:00-07:00,0.2964,12.5,266.2,False,0.0731,9.09,308.0,False,0.0832,5.88,316.2,True,0.2862,0.3164,1.10531,1d_transect,2026-03-30 08:00:00-07:00,0.3163681030273437,0.21769133067835,11.111110669595242,190.8748321533203,0.1551634121526443,12.50000027939678,203.11778259277344,0.1619027396621706,16.666667039195705,203.8539276123047,cdip,2026-03-25 20:06:18,0.0
33,2026-03-30 11:00:00-07:00,0.3047,12.5,267.3,False,0.0685,9.09,309.2,False,0.0718,5.56,314.6,True,0.2912,0.3204,1.100472,1d_transect,2026-03-30 11:00:00-07:00,0.3204497992992401,0.2210942145104109,11.111110669595242,190.2155914306641,0.1746132575460392,16.666667039195705,203.4162750244141,0.1447391882775448,12.50000027939678,202.9517059326172,cdip,2026-03-25 20:06:18,0.0
33,2026-03-30 14:00:00-07:00,0.3293,12.5,268.9,False,0.0725,9.09,307.9,False,0.0705,5.56,315.6,True,0.2776,0.3445,1.241178,1d_transect,2026-03-30 14:00:00-07:00,0.3445073068141937,0.1990697644175807,16.666667039195705,203.30194091796875,0.2364743131382854,11.111110669595242,189.56260681152344,0.1433749100534001,12.50000027939678,202.6939697265625,cdip,2026-03-25 20:06:18,0.0
33,2026-03-30 17:00:00-07:00,0.2628,15.38,232.6,False,0.2118,11.76,275.9,False,0.1089,9.09,309.4,False,0.2489,0.3546,1.424822,1d_transect,2026-03-30 17:00:00-07:00,0.3546192049980163,0.213206123042973,16.666667039195705,203.36404418945312,0.2419663369075431,11.111110669595242,188.91824340820312,0.1381872167160027,12.50000027939678,202.43414306640625,cdip,2026-03-25 20:06:18,0.0
33,2026-03-30 20:00:00-07:00,0.3191,15.38,233.8,False,0.1369,11.11,286.5,False,0.1114,8.33,308.7,False,0.224,0.3646,1.627932,1d_transect,2026-03-30 20:00:00-07:00,0.3646297752857208,0.2339509987060528,16.666667039195705,203.48915100097656,0.2489716371267912,11.111110669595242,188.22164916992188,0.1159890375279767,12.50000027939678,202.2105712890625,cdip,2026-03-25 20:06:18,0.0
33,2026-03-30 23:00:00-07:00,0.3162,15.38,235.4,False,0.1267,11.11,288.1,False,0.1011,8.33,308.9,False,0.2203,0.3553,1.612872,1d_transect,2026-03-30 23:00:00-07:00,0.3553489148616791,0.2430863348444376,11.111110669595242,187.46827697753903,0.2306241186337801,16.666667039195705,203.6591033935547,0.1067249296644504,12.50000027939678,202.0585479736328,cdip,2026-03-25 20:06:18,0.0
33,2026-03-31 02:00:00-07:00,0.3339,15.38,242.8,False,0.102,11.11,287.6,False,0.0876,8.33,300.5,False,0.2449,0.36,1.469787,1d_transect,2026-03-31 02:00:00-07:00,0.3599770069122314,0.2449753424641346,11.111110669595242,187.13526916503903,0.2367302436690073,15.384615948919734,202.7496795654297,0.1047151188878482,12.50000027939678,201.95762634277344,cdip,2026-03-25 20:06:18,0.0
33,2026-03-31 05:00:00-07:00,0.3782,14.29,245.3,False,0.0817,11.11,292.9,False,0.0658,8.33,295.7,False,0.244,0.3925,1.608298,1d_transect,2026-03-31 05:00:00-07:00,0.3924652934074402,0.2732135687402787,15.384615948919734,202.8830718994141,0.2561418687311876,11.111110669595242,186.346923828125,0.1056710732932258,12.50000027939678,202.3075714111328,cdip,2026-03-25 20:06:18,0.0
33,2026-03-31 08:00:00-07:00,0.3879,14.29,246.6,False,0.0674,11.11,295.5,False,0.0821,8.33,294.6,False,0.2499,0.4022,1.609246,1d_transect,2026-03-31 08:00:00-07:00,0.4022091329097748,0.2747905049133385,15.384615948919734,202.9434356689453,0.2232006133443878,11.111110669595242,186.3388214111328,0.1040356566197346,12.50000027939678,202.4696044921875,cdip,2026-03-25 20:06:18,0.0
33,2026-03-31 11:00:00-07:00,0.3971,14.29,242.4,False,0.0768,11.11,291.3,False,0.0496,8.33,295.3,False,0.2985,0.4075,1.365047,1d_transect,2026-03-31 11:00:00-07:00,0.4075227081775665,0.3192830890099287,15.384615948919734,203.0791931152344,0.2485493262576151,11.111110669595242,186.11883544921875,,,,cdip,2026-03-25 20:06:18,0.0
33,2026-03-31 14:00:00-07:00,0.3852,14.29,245.5,False,0.1566,7.69,278.5,False,0.0639,11.11,303.6,False,0.2996,0.4207,1.404065,1d_transect,2026-03-31 14:00:00-07:00,0.4207105636596679,0.3201164545135274,15.384615948919734,203.1788024902344,0.2293979341503206,11.111110669595242,186.11871337890625,0.1392012150738038,7.692307974459867,215.0988922119141,cdip,2026-03-25 20:06:18,0.0
34,2026-03-25 02:00:00-07:00,0.3868,15.38,260.5,False,0.5953,11.11,306.4,False,0.1027,3.85,332.6,True,0.8153,0.7173,0.879823,1d_transect,2026-03-25 02:00:00-07:00,0.7173280715942383,0.6454029702363949,18.181818280338256,214.875,0.3037658267269366,11.111110669595242,223.62139892578125,,,,cdip,2026-03-25 20:06:18,0.0
34,2026-03-25 05:00:00-07:00,0.3935,15.38,254.7,False,0.5546,11.11,306.8,False,0.2371,3.85,318.5,True,0.8166,0.7201,0.881913,1d_transect,2026-03-25 05:00:00-07:00,0.7201399803161621,0.655807971279137,16.666667039195705,217.74978637695312,0.2892486649222572,11.111110669595242,221.57655334472656,,,,cdip,2026-03-25 20:06:18,0.0
34,2026-03-25 08:00:00-07:00,0.6927,11.11,305.6,False,0.2318,4.17,326.3,True,,,,,0.675,0.7305,1.082166,1d_transect,2026-03-25 08:00:00-07:00,0.7304761409759521,0.6683081120692456,16.666667039195705,217.27333068847656,0.2862333285843628,11.111110669595242,222.21495056152344,,,,cdip,2026-03-25 20:06:18,0.0
34,2026-03-25 11:00:00-07:00,0.6924,11.11,304.8,False,0.2714,4.76,322.7,True,,,,,0.813,0.7437,0.914797,1d_transect,2026-03-25 11:00:00-07:00,0.7437289953231812,0.6791652547793189,16.666667039195705,216.9502868652344,0.2938824316809289,11.111110669595242,224.71214294433597,,,,cdip,2026-03-25 20:06:18,0.0
34,2026-03-25 14:00:00-07:00,0.7416,11.11,296.8,False,0.1662,4.76,331.5,True,,,,,0.9232,0.76,0.82328,1d_transect,2026-03-25 14:00:00-07:00,0.7600192427635193,0.6854406348145448,16.666667039195705,216.6256256103516,0.3114875775553684,11.111110669595242,227.49526977539065,,,,cdip,2026-03-25 20:06:18,0.0
34,2026-03-25 17:00:00-07:00,0.7566,11.11,294.4,False,0.2267,5.0,327.0,True,,,,,1.1279,0.7898,0.700283,1d_transect,2026-03-25 17:00:00-07:00,0.7898421883583069,0.7724653638361277,16.666667039195705,216.4376220703125,0.1414914206032642,6.25000013969839,265.2548217773437,,,,cdip,2026-03-25 20:06:18,0.0
34,2026-03-25 20:00:00-07:00,0.7886,11.11,294.2,False,0.2418,5.26,329.5,True,,,,,1.2481,0.8249,0.66086,1d_transect,2026-03-25 20:00:00-07:00,0.8248510360717773,0.8042672491876995,16.666667039195705,216.4219512939453,0.1339725362215056,6.25000013969839,265.14971923828125,,,,cdip,2026-03-25 20:06:18,0.0
34,2026-03-25 23:00:00-07:00,0.7128,11.11,300.3,False,0.5651,6.67,319.1,False,,,,,1.381,0.9096,0.658652,1d_transect,2026-03-25 23:00:00-07:00,0.9096247553825378,0.8059410255482824,15.384615948919734,223.3703765869141,,,,,,,cdip,2026-03-25 20:06:18,0.0
34,2026-03-26 02:00:00-07:00,1.0235,8.33,312.0,False,,,,,,,,,1.6505,1.0235,0.620159,1d_transect,2026-03-26 02:00:00-07:00,1.023549199104309,0.6382259885869112,15.384615948919734,222.5883331298828,0.6963098107202808,10.526315921561542,245.55694580078125,0.2522910482923955,6.25000013969839,265.7142333984375,cdip,2026-03-25 20:06:18,0.0
34,2026-03-26 05:00:00-07:00,1.048,9.09,310.8,False,,,,,,,,,1.9274,1.048,0.543734,1d_transect,2026-03-26 05:00:00-07:00,1.047993540763855,0.7464652124131403,10.526315921561542,250.0523223876953,0.5307664676457188,14.28571422489322,230.1128845214844,0.2572397517231973,4.761904910578484,268.20672607421875,cdip,2026-03-25 20:06:18,0.0
34,2026-03-26 08:00:00-07:00,1.109,9.87,308.3,False,,,,,,,,,2.349,1.109,0.472136,1d_transect,2026-03-26 08:00:00-07:00,1.109048843383789,0.8151327080293342,10.526315921561542,251.34857177734372,0.4296776755390455,14.28571422489322,228.26954650878903,0.3287272182697117,4.761904910578484,267.7255249023437,cdip,2026-03-25 20:06:18,0.0
34,2026-03-26 11:00:00-07:00,1.0984,9.87,311.7,False,,,,,,,,,1.9496,1.0984,0.56338,1d_transect,2026-03-26 11:00:00-07:00,1.0983901023864746,0.8149475682439343,11.111110669595242,249.21771240234372,0.3961488869375045,14.28571422489322,227.14797973632807,0.3245044180733502,4.761904910578484,266.9667663574219,cdip,2026-03-25 20:06:18,0.0
34,2026-03-26 14:00:00-07:00,1.0391,9.87,306.6,False,,,,,,,,,2.1662,1.0391,0.479682,1d_transect,2026-03-26 14:00:00-07:00,1.0391011238098145,0.7793574377250236,11.111110669595242,249.34353637695312,0.3759798472435101,14.28571422489322,226.7022857666016,0.3030411497857079,4.761904910578484,266.2073974609375,cdip,2026-03-25 20:06:18,0.0
34,2026-03-26 17:00:00-07:00,0.9916,9.87,311.3,False,,,,,,,,,1.7377,0.9916,0.570622,1d_transect,2026-03-26 17:00:00-07:00,0.9915741086006165,0.7387499612901303,11.764705758606276,243.7998046875,0.3658565992158561,14.28571422489322,226.2762756347656,0.3361913993745647,4.761904910578484,266.5002746582031,cdip,2026-03-25 20:06:18,0.0
34,2026-03-26 20:00:00-07:00,0.944,9.87,310.3,False,,,,,,,,,1.638,0.944,0.576314,1d_transect,2026-03-26 20:00:00-07:00,0.9439807534217834,0.6795894693422415,11.764705758606276,243.0242919921875,0.3521387787798317,14.28571422489322,226.1591796875,0.5391247043138275,4.761904910578484,267.5065002441406,cdip,2026-03-25 20:06:18,0.0
34,2026-03-26 23:00:00-07:00,0.9038,9.87,312.6,False,,,,,,,,,1.5263,0.9038,0.592172,1d_transect,2026-03-26 23:00:00-07:00,0.9038349986076356,0.6300452934217944,11.764705758606276,242.5254364013672,0.3441299416974018,14.28571422489322,227.1936798095703,0.5379390302502165,4.761904910578484,267.67059326171875,cdip,2026-03-25 20:06:18,0.0
34,2026-03-27 02:00:00-07:00,0.8745,9.87,313.6,False,,,,,,,,,1.4475,0.8745,0.604119,1d_transect,2026-03-27 02:00:00-07:00,0.8744589686393738,0.6092024696327317,11.764705758606276,242.74951171875,0.3414958166086372,14.28571422489322,229.2957000732422,0.5160511744335048,4.761904910578484,267.41326904296875,cdip,2026-03-25 20:06:18,0.0
34,2026-03-27 05:00:00-07:00,0.8444,10.53,314.7,False,,,,,,,,,1.4638,0.8444,0.57687,1d_transect,2026-03-27 05:00:00-07:00,0.8444143533706665,0.6845081366366477,11.764705758606276,243.23297119140625,0.4848501376253834,4.761904910578484,267.3411865234375,,,,cdip,2026-03-25 20:06:18,0.0
34,2026-03-27 08:00:00-07:00,0.8761,10.53,313.7,False,,,,,,,,,1.411,0.8761,0.620946,1d_transect,2026-03-27 08:00:00-07:00,0.8761247396469116,0.4395419294868083,13.33333280351429,232.2407684326172,0.5633670444173584,11.764705758606276,243.2430877685547,0.4972371776385388,4.761904910578484,267.0489807128906,cdip,2026-03-25 20:06:18,0.0
34,2026-03-27 11:00:00-07:00,0.8438,10.53,314.8,False,,,,,,,,,1.3365,0.8438,0.631374,1d_transect,2026-03-27 11:00:00-07:00,0.8438143134117126,0.4336337737698503,13.33333280351429,232.12713623046875,0.5343177376102419,11.764705758606276,242.74215698242188,0.478968132742435,4.761904910578484,266.67938232421875,cdip,2026-03-25 20:06:18,0.0
34,2026-03-27 14:00:00-07:00,0.8137,10.53,308.6,False,,,,,,,,,1.5017,0.8137,0.541876,1d_transect,2026-03-27 14:00:00-07:00,0.8137291073799133,0.4264742507112405,13.33333280351429,232.32992553710935,0.507839682045823,11.111110669595242,245.17941284179688,0.4622606156911627,4.761904910578484,266.4035339355469,cdip,2026-03-25 20:06:18,0.0
34,2026-03-27 17:00:00-07:00,0.7914,10.53,311.1,False,,,,,,,,,1.2321,0.7914,0.642367,1d_transect,2026-03-27 17:00:00-07:00,0.7914320230484009,0.422965622592399,13.33333280351429,232.92526245117188,0.488724370505291,11.111110669595242,244.39566040039065,0.4472457940528728,4.761904910578484,265.9771728515625,cdip,2026-03-25 20:06:18,0.0
34,2026-03-27 20:00:00-07:00,0.7712,9.87,312.3,False,,,,,,,,,1.1724,0.7712,0.657801,1d_transect,2026-03-27 20:00:00-07:00,0.7711794376373291,0.4316169609656698,13.33333280351429,234.00082397460935,0.4631994625984122,11.111110669595242,243.53726196289065,0.431071537708655,4.761904910578484,266.21783447265625,cdip,2026-03-25 20:06:18,0.0
34,2026-03-27 23:00:00-07:00,0.8008,9.87,313.4,False,,,,,,,,,1.1514,0.8008,0.695463,1d_transect,2026-03-27 23:00:00-07:00,0.8007755279541016,0.4740089959816574,14.28571422489322,234.81797790527344,0.4634475078638249,11.111110669595242,243.0125732421875,0.4401260911645879,4.761904910578484,266.8726806640625,cdip,2026-03-25 20:06:18,0.0
34,2026-03-28 02:00:00-07:00,0.8147,9.87,313.0,False,,,,,,,,,1.1396,0.8147,0.714878,1d_transect,2026-03-28 02:00:00-07:00,0.8147091865539551,0.6896010701682728,14.28571422489322,235.05210876464844,0.4247540690973804,4.761904910578484,267.1500549316406,,,,cdip,2026-03-25 20:06:18,0.0
34,2026-03-28 05:00:00-07:00,0.8461,10.53,312.3,False,,,,,,,,,1.1834,0.8461,0.714961,1d_transect,2026-03-28 05:00:00-07:00,0.8460729122161865,0.72808600043473,15.384615948919734,234.28428649902344,0.421707357007867,4.761904910578484,267.22052001953125,,,,cdip,2026-03-25 20:06:18,0.0
34,2026-03-28 08:00:00-07:00,0.8312,10.53,311.3,False,,,,,,,,,1.2067,0.8312,0.688838,1d_transect,2026-03-28 08:00:00-07:00,0.8311992883682251,0.7236120847727302,14.28571422489322,235.0015869140625,0.3997225331557946,4.761904910578484,267.5438842773437,,,,cdip,2026-03-25 20:06:18,0.0
34,2026-03-28 11:00:00-07:00,0.7732,11.11,312.3,False,0.3166,14.29,265.8,False,,,,,1.3644,0.8355,0.612328,1d_transect,2026-03-28 11:00:00-07:00,0.8354763388633728,0.7335588752729847,14.28571422489322,235.13180541992188,0.3902109886582447,4.761904910578484,268.0075378417969,,,,cdip,2026-03-25 20:06:18,0.0
34,2026-03-28 14:00:00-07:00,0.7785,11.11,308.0,False,0.2764,14.29,256.8,False,,,,,1.5721,0.8261,0.525483,1d_transect,2026-03-28 14:00:00-07:00,0.8261178731918335,0.5612096149080525,14.28571422489322,235.10960388183597,0.4705112165400334,11.764705758606276,239.6498107910156,0.3721632512486701,4.761904910578484,268.3975830078125,cdip,2026-03-25 20:06:18,0.0
34,2026-03-28 17:00:00-07:00,0.8038,11.11,309.0,False,,,,,,,,,1.4667,0.8038,0.548025,1d_transect,2026-03-28 17:00:00-07:00,0.8038010597229004,0.5561535952564511,14.28571422489322,234.8820037841797,0.4592328143139795,11.764705758606276,238.0846405029297,0.3445244467376075,4.761904910578484,268.904541015625,cdip,2026-03-25 20:06:18,0.0
34,2026-03-28 20:00:00-07:00,0.7062,11.11,307.9,False,0.3268,13.33,264.5,False,,,,,1.5136,0.7781,0.514053,1d_transect,2026-03-28 20:00:00-07:00,0.7780926823616028,0.5473292050955522,14.28571422489322,234.66860961914065,0.4430726739122062,11.764705758606276,236.28009033203125,0.3206551897574341,4.761904910578484,269.583251953125,cdip,2026-03-25 20:06:18,0.0
34,2026-03-28 23:00:00-07:00,0.6423,10.53,311.3,False,0.382,13.33,264.2,False,,,,,1.226,0.7473,0.609572,1d_transect,2026-03-28 23:00:00-07:00,0.7473300695419312,0.5360744140225192,14.28571422489322,234.5653381347656,0.4194978358765043,11.764705758606276,233.9288330078125,0.2985136080265549,4.545454570084564,269.11602783203125,cdip,2026-03-25 20:06:18,0.0
34,2026-03-29 02:00:00-07:00,0.6367,10.53,306.1,False,0.3343,13.33,258.4,False,,,,,1.3291,0.7191,0.541066,1d_transect,2026-03-29 02:00:00-07:00,0.7191450595855713,0.6608099616916695,14.28571422489322,234.5101623535156,0.2738928283685644,4.545454570084564,269.7214050292969,,,,cdip,2026-03-25 20:06:18,0.0
34,2026-03-29 05:00:00-07:00,0.3395,13.33,260.0,False,0.6108,9.87,307.9,False,,,,,1.251,0.6988,0.558571,1d_transect,2026-03-29 05:00:00-07:00,0.6987901329994202,0.6476214782414027,14.28571422489322,234.68313598632807,0.2525022043696005,4.545454570084564,270.1315612792969,,,,cdip,2026-03-25 20:06:18,0.0
34,2026-03-29 08:00:00-07:00,0.3751,13.33,260.6,False,0.5663,9.87,306.2,False,,,,,1.2705,0.6792,0.534618,1d_transect,2026-03-29 08:00:00-07:00,0.6792155504226685,0.6344458253165541,14.28571422489322,234.87928771972656,0.2320268615175405,4.347826008084592,269.1082763671875,,,,cdip,2026-03-25 20:06:18,0.0
34,2026-03-29 11:00:00-07:00,0.3763,13.33,260.8,False,0.5388,9.87,307.2,False,,,,,1.2109,0.6572,0.54271,1d_transect,2026-03-29 11:00:00-07:00,0.6571680903434753,0.6186152627250346,14.28571422489322,235.09716796875,0.2116079950468593,4.347826008084592,269.726806640625,,,,cdip,2026-03-25 20:06:18,0.0
34,2026-03-29 14:00:00-07:00,0.3701,13.33,265.3,False,0.4976,9.87,306.3,False,,,,,1.1376,0.6202,0.545174,1d_transect,2026-03-29 14:00:00-07:00,0.6201826333999634,0.5763493117180202,13.33333280351429,232.91436767578125,0.1218040623146013,18.181818280338256,214.1291961669922,0.1844346111777819,4.166666759798926,269.93487548828125,cdip,2026-03-25 20:06:18,0.0
34,2026-03-29 17:00:00-07:00,0.3708,13.33,266.3,False,0.4725,9.87,306.8,False,,,,,1.0857,0.6006,0.553159,1d_transect,2026-03-29 17:00:00-07:00,0.6005852818489075,0.5600601859003325,13.33333280351429,233.73873901367188,0.1313874967928317,18.181818280338256,213.82736206054688,,,,cdip,2026-03-25 20:06:18,0.0
34,2026-03-29 20:00:00-07:00,0.3904,13.33,264.5,False,0.4296,9.09,305.8,False,,,,,1.094,0.5805,0.530627,1d_transect,2026-03-29 20:00:00-07:00,0.580532431602478,0.5427590478308462,13.33333280351429,234.06817626953125,0.1371110616427454,18.181818280338256,213.92117309570312,,,,cdip,2026-03-25 20:06:18,0.0
34,2026-03-29 23:00:00-07:00,0.38,12.5,268.4,False,0.3934,9.09,306.8,False,0.1079,3.7,319.0,True,1.0097,0.5575,0.552109,1d_transect,2026-03-29 23:00:00-07:00,0.5574655532836914,0.5223217403870546,13.33333280351429,233.89041137695312,0.1399657453698483,18.181818280338256,214.17886352539065,,,,cdip,2026-03-25 20:06:18,0.0
34,2026-03-30 02:00:00-07:00,0.3627,12.5,264.4,False,0.3933,9.09,308.0,False,,,,,0.9897,0.535,0.54058,1d_transect,2026-03-30 02:00:00-07:00,0.5350162386894226,0.5016135569617542,13.33333280351429,233.24024963378903,0.1400899500683691,18.181818280338256,214.35675048828125,,,,cdip,2026-03-25 20:06:18,0.0
34,2026-03-30 05:00:00-07:00,0.3646,12.5,266.0,False,0.36,9.09,309.2,False,,,,,0.9963,0.5124,0.51429,1d_transect,2026-03-30 05:00:00-07:00,0.5123785734176636,0.4648228805286035,13.33333280351429,232.25506591796875,0.1862739933087616,16.666667039195705,214.7159118652344,,,,cdip,2026-03-25 20:06:18,0.0
34,2026-03-30 08:00:00-07:00,0.3805,12.5,266.2,False,0.2416,9.09,308.0,False,0.1734,5.88,316.2,True,0.868,0.4829,0.55635,1d_transect,2026-03-30 08:00:00-07:00,0.482905775308609,0.4341218680336319,12.50000027939678,233.35086059570312,0.1907411001731999,16.666667039195705,214.8154754638672,,,,cdip,2026-03-25 20:06:18,0.0
34,2026-03-30 11:00:00-07:00,0.3753,12.5,267.3,False,0.2174,9.09,309.2,False,0.1731,5.56,314.6,True,0.8786,0.467,0.531473,1d_transect,2026-03-30 11:00:00-07:00,0.4669774174690246,0.415123465411794,12.50000027939678,232.62750244140625,0.196920838951304,16.666667039195705,215.24742126464844,,,,cdip,2026-03-25 20:06:18,0.0
34,2026-03-30 14:00:00-07:00,0.3788,12.5,268.9,False,0.2148,9.09,307.9,False,0.1318,5.56,315.6,True,0.8128,0.455,0.559798,1d_transect,2026-03-30 14:00:00-07:00,0.4549880027770996,0.3803351123355836,12.50000027939678,231.55789184570312,0.2382238073313094,16.666667039195705,215.6145782470703,,,,cdip,2026-03-25 20:06:18,0.0
34,2026-03-30 17:00:00-07:00,0.3528,11.76,275.9,False,0.1451,15.38,232.6,False,0.3087,9.09,309.4,False,0.7981,0.4907,0.614811,1d_transect,2026-03-30 17:00:00-07:00,0.4906970858573913,0.2721299392087217,16.666667039195705,215.8669586181641,0.401736823447005,12.50000027939678,230.282958984375,,,,cdip,2026-03-25 20:06:18,0.0
34,2026-03-30 20:00:00-07:00,0.3338,11.11,286.5,False,0.1714,15.38,233.8,False,0.3072,8.33,308.7,False,0.7096,0.485,0.683405,1d_transect,2026-03-30 20:00:00-07:00,0.4849635660648346,0.3092487259292119,16.666667039195705,216.09385681152344,0.3676233430217352,12.50000027939678,229.04214477539065,,,,cdip,2026-03-25 20:06:18,0.0
34,2026-03-30 23:00:00-07:00,0.1908,15.38,235.4,False,0.3297,11.11,288.1,False,0.2974,8.33,308.9,False,0.6689,0.4833,0.722409,1d_transect,2026-03-30 23:00:00-07:00,0.4832540154457092,0.3224109100802872,16.666667039195705,216.4112091064453,0.1934047993735208,12.50000027939678,227.87950134277344,,,,cdip,2026-03-25 20:06:18,0.0
34,2026-03-31 02:00:00-07:00,0.2307,15.38,242.8,False,0.2853,11.11,287.6,False,0.3182,8.33,300.5,False,0.6864,0.4857,0.707522,1d_transect,2026-03-31 02:00:00-07:00,0.4856524169445038,0.3349962468966814,16.666667039195705,216.93089294433597,0.1817793891910923,12.50000027939678,226.78414916992188,0.2440277968007983,8.333333519597852,222.94630432128903,cdip,2026-03-25 20:06:18,0.0
34,2026-03-31 05:00:00-07:00,0.2812,14.29,245.3,False,0.2707,11.11,292.9,False,0.2712,8.33,295.7,False,0.6072,0.4752,0.782606,1d_transect,2026-03-31 05:00:00-07:00,0.4752368330955505,0.3587417273022723,15.384615948919734,219.22296142578125,0.2689344925211568,12.50000027939678,226.3448638916016,0.1510491540762893,8.333333519597852,213.6506500244141,cdip,2026-03-25 20:06:18,0.0
34,2026-03-31 08:00:00-07:00,0.2983,14.29,246.6,False,0.249,11.11,295.5,False,0.3386,8.33,294.6,False,0.6363,0.5154,0.810035,1d_transect,2026-03-31 08:00:00-07:00,0.5154330134391785,0.3647076184462267,15.384615948919734,220.06222534179688,0.167530439306253,12.50000027939678,225.9451446533203,0.2165707724808284,8.333333519597852,225.44290161132807,cdip,2026-03-25 20:06:18,0.0
34,2026-03-31 11:00:00-07:00,0.3169,14.29,242.4,False,0.2957,11.11,291.3,False,0.2378,8.33,295.3,False,0.6404,0.4943,0.771958,1d_transect,2026-03-31 11:00:00-07:00,0.4943440854549408,0.4731662782892495,15.384615948919734,220.29751586914065,0.1282174187604574,8.333333519597852,209.02330017089844,0.0502881932144912,6.25000013969839,246.51873779296875,cdip,2026-03-25 20:06:18,0.0
34,2026-03-31 14:00:00-07:00,0.3373,14.29,245.5,False,0.2573,11.11,303.6,False,0.3392,7.69,278.5,False,0.6751,0.5432,0.804614,1d_transect,2026-03-31 14:00:00-07:00,0.5431638360023499,0.4366864997467113,15.384615948919734,221.3848114013672,0.2044515868114565,11.111110669595242,226.23580932617188,0.2440007739797125,7.692307974459867,231.97824096679688,cdip,2026-03-25 20:06:18,0.0
35,2026-03-25 02:00:00-07:00,0.7927,11.11,306.4,False,0.3316,15.38,260.5,False,0.2473,3.85,332.6,True,1.1554,0.8942,0.773923,1d_transect,2026-03-25 02:00:00-07:00,0.894181489944458,0.7496780911297607,13.33333280351429,224.23570251464844,0.3269227602166706,16.666667039195705,241.23858642578125,0.1719979130452856,6.25000013969839,285.131591796875,cdip,2026-03-25 20:06:18,0.0
35,2026-03-25 05:00:00-07:00,0.7442,11.11,306.8,False,0.3354,15.38,254.7,False,0.3899,3.85,318.5,True,1.1571,0.9046,0.781791,1d_transect,2026-03-25 05:00:00-07:00,0.9046345353126526,0.7604531474511745,13.33333280351429,223.99066162109372,0.3309451219408013,16.666667039195705,241.35092163085935,0.1978916425540337,4.761904910578484,293.256591796875,cdip,2026-03-25 20:06:18,0.0
35,2026-03-25 08:00:00-07:00,0.8449,11.11,305.6,False,0.4429,4.17,326.3,True,,,,,1.0941,0.954,0.871948,1d_transect,2026-03-25 08:00:00-07:00,0.9539840221405028,0.8138657175313506,13.33333280351429,223.77784729003903,0.3337473282210867,16.666667039195705,241.60765075683597,0.1464890745561071,4.761904910578484,293.556396484375,cdip,2026-03-25 20:06:18,0.0
35,2026-03-25 11:00:00-07:00,0.8856,11.11,304.8,False,0.5232,4.76,322.7,True,,,,,1.2156,1.0286,0.846157,1d_transect,2026-03-25 11:00:00-07:00,1.0286086797714231,0.916537897503943,13.33333280351429,225.04454040527344,0.4597305386593601,4.761904910578484,294.3227844238281,,,,cdip,2026-03-25 20:06:18,0.0
35,2026-03-25 14:00:00-07:00,1.0721,11.11,296.8,False,0.5187,4.76,331.5,True,,,,,1.2699,1.191,0.937853,1d_transect,2026-03-25 14:00:00-07:00,1.191008687019348,0.9438010854976592,13.33333280351429,228.2379608154297,0.7205706939801483,5.555555334797621,289.6859741210937,,,,cdip,2026-03-25 20:06:18,0.0
35,2026-03-25 17:00:00-07:00,1.1187,11.11,294.4,False,0.68,5.0,327.0,True,,,,,1.4784,1.3092,0.885575,1d_transect,2026-03-25 17:00:00-07:00,1.3091963529586792,0.9545697804335104,12.50000027939678,224.5834503173828,0.8898748978909644,5.555555334797621,289.0528259277344,,,,cdip,2026-03-25 20:06:18,0.0
35,2026-03-25 20:00:00-07:00,1.2142,11.11,294.2,False,0.7551,5.26,329.5,True,,,,,1.6431,1.4298,0.870196,1d_transect,2026-03-25 20:00:00-07:00,1.4298187494277954,1.0102893070667425,12.50000027939678,224.49420166015625,1.0043895174677917,6.25000013969839,284.7670593261719,,,,cdip,2026-03-25 20:06:18,0.0
35,2026-03-25 23:00:00-07:00,1.0242,11.11,300.3,False,1.0928,6.67,319.1,False,,,,,2.1882,1.4977,0.684457,1d_transect,2026-03-25 23:00:00-07:00,1.4977171421051023,0.8438308857081204,12.50000027939678,224.54183959960935,1.2305887351303066,6.666666401757145,282.0301208496094,,,,cdip,2026-03-25 20:06:18,0.0
35,2026-03-26 02:00:00-07:00,1.619,8.33,312.0,False,,,,,,,,,2.7702,1.619,0.584431,1d_transect,2026-03-26 02:00:00-07:00,1.6189706325531006,1.445048346145461,8.333333519597852,269.20477294921875,0.6631822523653221,12.50000027939678,224.5959930419922,0.2181478100753967,16.666667039195705,241.81234741210935,cdip,2026-03-25 20:06:18,0.0
35,2026-03-26 05:00:00-07:00,2.0062,9.09,310.8,False,,,,,,,,,3.2381,2.0062,0.619555,1d_transect,2026-03-26 05:00:00-07:00,2.006207227706909,0.6383058227617291,10.526315921561542,251.24371337890625,1.7022605490449716,9.090909140169128,266.67401123046875,0.7512479941766889,11.764705758606276,230.79995727539065,cdip,2026-03-25 20:06:18,0.0
35,2026-03-26 08:00:00-07:00,2.1123,9.87,308.3,False,,,,,,,,,3.5758,2.1123,0.590716,1d_transect,2026-03-26 08:00:00-07:00,2.1122841835021973,2.082341309917454,10.526315921561542,253.34664916992188,,,,,,,cdip,2026-03-25 20:06:18,0.0
35,2026-03-26 11:00:00-07:00,2.2781,9.87,311.7,False,,,,,,,,,3.2755,2.2781,0.6955,1d_transect,2026-03-26 11:00:00-07:00,2.278117656707764,0.998473487793106,11.764705758606276,231.73977661132807,2.014133632009549,10.526315921561542,254.07940673828125,,,,cdip,2026-03-25 20:06:18,0.0
35,2026-03-26 14:00:00-07:00,2.2407,9.87,306.6,False,,,,,,,,,3.2976,2.2407,0.679489,1d_transect,2026-03-26 14:00:00-07:00,2.2406656742095947,1.0828207239124088,12.50000027939678,225.0982666015625,1.9312301440507276,10.526315921561542,254.20803833007807,,,,cdip,2026-03-25 20:06:18,0.0
35,2026-03-26 17:00:00-07:00,2.1134,9.87,311.3,False,,,,,,,,,2.9194,2.1134,0.723903,1d_transect,2026-03-26 17:00:00-07:00,2.113396644592285,1.5939481007872078,12.50000027939678,223.37374877929688,1.3536697018434638,7.14285711244661,276.57232666015625,,,,cdip,2026-03-25 20:06:18,0.0
35,2026-03-26 20:00:00-07:00,1.979,9.87,310.3,False,,,,,,,,,2.7519,1.979,0.719142,1d_transect,2026-03-26 20:00:00-07:00,1.978986382484436,1.465751823477256,12.50000027939678,222.37796020507807,1.3014904898290387,6.666666401757145,277.7102355957031,,,,cdip,2026-03-25 20:06:18,0.0
35,2026-03-26 23:00:00-07:00,1.8439,9.87,312.6,False,,,,,,,,,2.5643,1.8439,0.71908,1d_transect,2026-03-26 23:00:00-07:00,1.8439245223999023,1.3426278734973824,12.50000027939678,221.76808166503903,1.239982109138445,6.25000013969839,278.26190185546875,,,,cdip,2026-03-25 20:06:18,0.0
35,2026-03-27 02:00:00-07:00,1.7196,9.87,313.6,False,,,,,,,,,2.4319,1.7196,0.70712,1d_transect,2026-03-27 02:00:00-07:00,1.7196251153945925,1.2668286439961642,12.50000027939678,222.04046630859372,1.141343807057568,6.666666401757145,276.797119140625,,,,cdip,2026-03-25 20:06:18,0.0
35,2026-03-27 05:00:00-07:00,1.74,10.53,314.7,False,,,,,,,,,2.4611,1.74,0.707018,1d_transect,2026-03-27 05:00:00-07:00,1.7400245666503906,1.2777309730185178,12.50000027939678,222.5235595703125,1.1604414718542633,6.666666401757145,276.3638610839844,,,,cdip,2026-03-25 20:06:18,0.0
35,2026-03-27 08:00:00-07:00,1.5879,10.53,313.7,False,,,,,,,,,2.3722,1.5879,0.669373,1d_transect,2026-03-27 08:00:00-07:00,1.5879172086715698,1.194233122466794,12.50000027939678,222.03268432617188,1.0282690112184223,6.666666401757145,276.40191650390625,,,,cdip,2026-03-25 20:06:18,0.0
35,2026-03-27 11:00:00-07:00,1.5119,10.53,314.8,False,,,,,,,,,2.247,1.5119,0.672826,1d_transect,2026-03-27 11:00:00-07:00,1.5118547677993774,1.1458217299413394,12.50000027939678,221.0248107910156,0.969216164740693,6.666666401757145,276.46392822265625,,,,cdip,2026-03-25 20:06:18,0.0
35,2026-03-27 14:00:00-07:00,1.4368,10.53,308.6,False,,,,,,,,,2.2873,1.4368,0.628157,1d_transect,2026-03-27 14:00:00-07:00,1.436793088912964,1.08770953172782,12.50000027939678,220.43331909179688,0.922377272684756,6.25000013969839,277.001708984375,,,,cdip,2026-03-25 20:06:18,0.0
35,2026-03-27 17:00:00-07:00,1.3781,10.53,311.1,False,,,,,,,,,2.0715,1.3781,0.665268,1d_transect,2026-03-27 17:00:00-07:00,1.378078579902649,1.0460483722232858,12.50000027939678,220.28208923339844,0.8808017179668456,6.25000013969839,276.89031982421875,,,,cdip,2026-03-25 20:06:18,0.0
35,2026-03-27 20:00:00-07:00,1.4025,9.87,312.3,False,,,,,,,,,1.9696,1.4025,0.712046,1d_transect,2026-03-27 20:00:00-07:00,1.4024689197540283,1.0677073717588643,12.50000027939678,220.2579040527344,0.8924426693315416,6.25000013969839,276.9376220703125,,,,cdip,2026-03-25 20:06:18,0.0
35,2026-03-27 23:00:00-07:00,1.4169,9.87,313.4,False,,,,,,,,,1.9345,1.4169,0.732428,1d_transect,2026-03-27 23:00:00-07:00,1.4168552160263062,1.0781999484869504,12.50000027939678,220.6949005126953,0.9029450117835124,6.25000013969839,277.2950134277344,,,,cdip,2026-03-25 20:06:18,0.0
35,2026-03-28 02:00:00-07:00,1.4297,9.87,313.0,False,,,,,,,,,1.9147,1.4297,0.746687,1d_transect,2026-03-28 02:00:00-07:00,1.429662823677063,1.0661153257215903,12.50000027939678,222.20201110839844,0.937849492502024,6.25000013969839,278.04150390625,,,,cdip,2026-03-25 20:06:18,0.0
35,2026-03-28 05:00:00-07:00,1.4241,10.53,312.3,False,,,,,,,,,1.9896,1.4241,0.715739,1d_transect,2026-03-28 05:00:00-07:00,1.4240548610687256,1.072648797124603,12.50000027939678,222.9950408935547,0.9226118202884448,6.25000013969839,278.5623474121094,,,,cdip,2026-03-25 20:06:18,0.0
35,2026-03-28 08:00:00-07:00,1.4208,10.53,311.3,False,,,,,,,,,2.0288,1.4208,0.700304,1d_transect,2026-03-28 08:00:00-07:00,1.4207638502120972,1.079709445277515,12.50000027939678,223.1946258544922,0.909705521615998,6.25000013969839,279.4930114746094,,,,cdip,2026-03-25 20:06:18,0.0
35,2026-03-28 11:00:00-07:00,1.3808,11.11,312.3,False,0.3315,14.29,265.8,False,,,,,2.1652,1.42,0.655839,1d_transect,2026-03-28 11:00:00-07:00,1.4200236797332764,1.0084238154068346,12.50000027939678,223.197998046875,0.4748361550630545,14.28571422489322,233.835205078125,0.8654259792751173,6.25000013969839,280.6607666015625,cdip,2026-03-25 20:06:18,0.0
35,2026-03-28 14:00:00-07:00,1.3672,11.11,308.0,False,0.3084,14.29,256.8,False,,,,,2.299,1.4016,0.609643,1d_transect,2026-03-28 14:00:00-07:00,1.4015581607818604,1.1058708656617786,12.50000027939678,223.4577178955078,0.8463387156781814,6.25000013969839,281.7752990722656,,,,cdip,2026-03-25 20:06:18,0.0
35,2026-03-28 17:00:00-07:00,1.4331,11.11,309.0,False,,,,,,,,,2.2203,1.4331,0.645474,1d_transect,2026-03-28 17:00:00-07:00,1.433131456375122,1.1347935512198877,12.50000027939678,223.59353637695312,0.8601557460854821,6.25000013969839,282.666259765625,,,,cdip,2026-03-25 20:06:18,0.0
35,2026-03-28 20:00:00-07:00,1.3802,11.11,307.9,False,0.4057,13.33,264.5,False,,,,,2.1674,1.4386,0.663744,1d_transect,2026-03-28 20:00:00-07:00,1.4386297464370728,1.1424150020574022,13.33333280351429,225.25799560546875,0.8596017335768553,6.25000013969839,283.35382080078125,,,,cdip,2026-03-25 20:06:18,0.0
35,2026-03-28 23:00:00-07:00,1.2892,10.53,311.3,False,0.4385,13.33,264.2,False,,,,,1.8713,1.3618,0.7277,1d_transect,2026-03-28 23:00:00-07:00,1.3617719411849976,1.0878045004260417,13.33333280351429,224.8159942626953,0.8056833843479391,6.25000013969839,284.2342834472656,,,,cdip,2026-03-25 20:06:18,0.0
35,2026-03-29 02:00:00-07:00,1.2415,10.53,306.1,False,0.4104,13.33,258.4,False,,,,,1.8878,1.3075,0.692639,1d_transect,2026-03-29 02:00:00-07:00,1.30754816532135,1.0503974728142154,13.33333280351429,224.6680603027344,0.7663389487671171,6.25000013969839,284.94891357421875,,,,cdip,2026-03-25 20:06:18,0.0
35,2026-03-29 05:00:00-07:00,1.1939,9.87,307.9,False,0.418,13.33,260.0,False,,,,,1.7636,1.265,0.717251,1d_transect,2026-03-29 05:00:00-07:00,1.264969825744629,1.0265691406495157,13.33333280351429,224.4918365478516,0.7274878449756774,5.882352879303138,284.4914855957031,,,,cdip,2026-03-25 20:06:18,0.0
35,2026-03-29 08:00:00-07:00,1.1323,9.87,306.2,False,0.4738,13.33,260.6,False,,,,,1.7479,1.2274,0.702261,1d_transect,2026-03-29 08:00:00-07:00,1.2274479866027832,0.8822085731511395,13.33333280351429,224.33767700195312,0.5137397636782542,10.526315921561542,246.10711669921875,0.66962440635629,5.882352879303138,285.21533203125,cdip,2026-03-25 20:06:18,0.0
35,2026-03-29 11:00:00-07:00,1.0883,9.87,307.2,False,0.4802,13.33,260.8,False,,,,,1.6518,1.1896,0.720186,1d_transect,2026-03-29 11:00:00-07:00,1.1895688772201538,0.8793120146854786,13.33333280351429,224.29721069335935,0.4827637033647799,10.526315921561542,246.14878845214844,0.628028179162287,5.555555334797621,286.7531433105469,cdip,2026-03-25 20:06:18,0.0
35,2026-03-29 14:00:00-07:00,1.0367,9.87,306.3,False,0.4905,13.33,265.3,False,,,,,1.5372,1.1469,0.746103,1d_transect,2026-03-29 14:00:00-07:00,1.1469284296035769,0.8741208789144197,13.33333280351429,224.42947387695312,0.4665128922464503,10.526315921561542,246.321533203125,0.567354505582029,5.555555334797621,287.87890625,cdip,2026-03-25 20:06:18,0.0
35,2026-03-29 17:00:00-07:00,0.9954,9.87,306.8,False,0.4969,13.33,266.3,False,,,,,1.4532,1.1126,0.765571,1d_transect,2026-03-29 17:00:00-07:00,1.1125599145889282,0.9764103885214378,13.33333280351429,224.86309814453125,0.5157881020513324,5.555555334797621,288.7421264648437,0.0932037764032572,18.181818280338256,241.1865997314453,cdip,2026-03-25 20:06:18,0.0
35,2026-03-29 20:00:00-07:00,0.5379,13.33,264.5,False,0.937,9.09,305.8,False,,,,,1.4212,1.0804,0.760237,1d_transect,2026-03-29 20:00:00-07:00,1.0804375410079956,0.9521151863421116,13.33333280351429,225.44259643554688,0.4931446723605762,5.555555334797621,289.3550109863281,0.0979549364250701,18.181818280338256,241.37432861328125,cdip,2026-03-25 20:06:18,0.0
35,2026-03-29 23:00:00-07:00,0.5039,12.5,268.4,False,0.8259,9.09,306.8,False,0.2761,3.7,319.0,True,1.3212,1.0061,0.761478,1d_transect,2026-03-29 23:00:00-07:00,1.0060926675796509,0.8716980383042622,12.50000027939678,222.7621612548828,0.4875811361536616,4.999999925494195,288.2783203125,0.0920384890629425,18.181818280338256,241.34593200683597,cdip,2026-03-25 20:06:18,0.0
35,2026-03-30 02:00:00-07:00,0.4962,12.5,264.4,False,0.8547,9.09,308.0,False,,,,,1.2808,0.9883,0.771673,1d_transect,2026-03-30 02:00:00-07:00,0.988348126411438,0.8701918443652497,12.50000027939678,223.156005859375,0.3326575224264685,4.761904910578484,289.734130859375,,,,cdip,2026-03-25 20:06:18,0.0
35,2026-03-30 05:00:00-07:00,0.5102,12.5,266.0,False,0.7977,9.09,309.2,False,,,,,1.265,0.9469,0.748526,1d_transect,2026-03-30 05:00:00-07:00,0.946875810623169,0.8374179225878662,12.50000027939678,223.29530334472656,0.4145127665981901,4.761904910578484,289.83740234375,0.1368586827725825,16.666667039195705,242.1964569091797,cdip,2026-03-25 20:06:18,0.0
35,2026-03-30 08:00:00-07:00,0.5418,12.5,266.2,False,0.5448,9.09,308.0,False,0.4764,5.88,316.2,True,1.0971,0.9041,0.824027,1d_transect,2026-03-30 08:00:00-07:00,0.904050588607788,0.812457523851423,12.50000027939678,223.1338348388672,0.1432477443874976,16.666667039195705,242.40399169921875,0.3636032423156657,4.761904910578484,291.3221740722656,cdip,2026-03-25 20:06:18,0.0
35,2026-03-30 11:00:00-07:00,0.5414,12.5,267.3,False,0.4965,9.09,309.2,False,0.4336,5.56,314.6,True,1.0697,0.853,0.797435,1d_transect,2026-03-30 11:00:00-07:00,0.8530029654502869,0.7627709898062585,12.50000027939678,222.83575439453125,0.1486292437427382,16.666667039195705,242.55686950683597,0.144432193111346,4.545454570084564,291.3487243652344,cdip,2026-03-25 20:06:18,0.0
35,2026-03-30 14:00:00-07:00,0.5294,12.5,268.9,False,0.4753,9.09,307.9,False,0.3553,5.56,315.6,True,0.9774,0.7952,0.813667,1d_transect,2026-03-30 14:00:00-07:00,0.7952468991279602,0.7326089402624391,12.50000027939678,222.6604461669922,0.1555647025142684,16.666667039195705,242.61767578125,0.2582580049650712,4.166666759798926,287.78631591796875,cdip,2026-03-25 20:06:18,0.0
35,2026-03-30 17:00:00-07:00,0.4227,11.76,275.9,False,0.5738,9.09,309.4,False,0.169,15.38,232.6,False,0.9757,0.7325,0.750726,1d_transect,2026-03-30 17:00:00-07:00,0.7324749827384949,0.672270589955571,12.50000027939678,222.84439086914065,0.1931445509677668,16.666667039195705,242.5918426513672,0.2048255416366051,4.166666759798926,289.3565673828125,cdip,2026-03-25 20:06:18,0.0
35,2026-03-30 20:00:00-07:00,0.3971,11.11,286.5,False,0.1796,15.38,233.8,False,0.5132,8.33,308.7,False,0.8971,0.6733,0.750589,1d_transect,2026-03-30 20:00:00-07:00,0.6733198165893555,0.6170625996459329,12.50000027939678,223.49630737304688,0.2002429424590622,16.666667039195705,242.46327209472656,,,,cdip,2026-03-25 20:06:18,0.0
35,2026-03-30 23:00:00-07:00,0.367,11.11,288.1,False,0.1874,15.38,235.4,False,0.4649,8.33,308.9,False,0.8367,0.6213,0.742473,1d_transect,2026-03-30 23:00:00-07:00,0.6212506294250488,0.5680938323734745,12.50000027939678,224.71929931640625,0.2065914645478674,16.666667039195705,242.22100830078125,,,,cdip,2026-03-25 20:06:18,0.0
35,2026-03-31 02:00:00-07:00,0.2215,15.38,242.8,False,0.31,11.11,287.6,False,0.4431,8.33,300.5,False,0.8232,0.5844,0.709866,1d_transect,2026-03-31 02:00:00-07:00,0.5843965411186218,0.4651866160774194,12.50000027939678,226.4868011474609,0.2399360259073007,16.666667039195705,241.95263671875,0.2334493550326926,8.333333519597852,255.4211883544922,cdip,2026-03-25 20:06:18,0.0
35,2026-03-31 05:00:00-07:00,0.231,14.29,245.3,False,0.2715,11.11,292.9,False,0.2962,8.33,295.7,False,0.6903,0.4635,0.67139,1d_transect,2026-03-31 05:00:00-07:00,0.4634564816951751,0.3693575772242906,11.764705758606276,231.7064208984375,0.2414244808480095,15.384615948919734,241.1632080078125,0.1302659720021329,8.333333519597852,275.4231262207031,cdip,2026-03-25 20:06:18,0.0
35,2026-03-31 08:00:00-07:00,0.2785,14.29,246.6,False,0.3082,11.11,295.5,False,0.3871,8.33,294.6,False,0.7189,0.5678,0.789842,1d_transect,2026-03-31 08:00:00-07:00,0.567818284034729,0.3821265349517291,11.764705758606276,232.8145751953125,0.2472365291055605,15.384615948919734,241.04254150390625,0.330792404566286,7.692307974459867,249.90103149414065,cdip,2026-03-25 20:06:18,0.0
35,2026-03-31 11:00:00-07:00,0.2414,14.29,242.4,False,0.2753,11.11,291.3,False,0.241,8.33,295.3,False,0.7132,0.4384,0.614658,1d_transect,2026-03-31 11:00:00-07:00,0.4383867979049682,0.3279283375804346,11.764705758606276,232.25125122070312,0.2636067295226806,15.384615948919734,240.9857940673828,0.1034319756917169,8.333333519597852,275.5520324707031,cdip,2026-03-25 20:06:18,0.0
35,2026-03-31 14:00:00-07:00,0.3152,14.29,245.5,False,0.3472,11.11,303.6,False,0.3235,7.69,278.5,False,0.7255,0.5696,0.785204,1d_transect,2026-03-31 14:00:00-07:00,0.5696439743041992,0.356560208659152,11.764705758606276,231.7381591796875,0.2738849670444775,15.384615948919734,240.870849609375,0.3420633810521806,7.692307974459867,248.31625366210935,cdip,2026-03-25 20:06:18,0.0
36,2026-03-25 02:00:00-07:00,0.6915,18.18,230.8,False,0.5078,12.5,258.2,False,0.231,4.0,286.7,True,1.5307,0.8885,0.580457,1d_transect,2026-03-25 02:00:00-07:00,0.8884941339492798,0.8784026497390461,16.666667039195705,222.43597412109372,,,,,,,cdip,2026-03-25 20:06:18,0.0
36,2026-03-25 05:00:00-07:00,0.6552,18.18,232.4,False,0.5817,12.5,258.5,False,0.1934,4.17,297.1,True,1.532,0.8973,0.585679,1d_transect,2026-03-25 05:00:00-07:00,0.8972585201263428,0.8836412413532762,16.666667039195705,224.2042388916016,,,,,,,cdip,2026-03-25 20:06:18,0.0
36,2026-03-25 08:00:00-07:00,0.6245,16.67,233.2,False,0.6083,13.33,262.4,False,0.2058,4.0,291.8,True,1.5953,0.8958,0.561508,1d_transect,2026-03-25 08:00:00-07:00,0.8957741856575012,0.8841384113642359,16.666667039195705,225.78985595703125,,,,,,,cdip,2026-03-25 20:06:18,0.0
36,2026-03-25 11:00:00-07:00,0.5914,16.67,236.1,False,0.6457,13.33,263.4,False,0.2512,4.35,298.0,True,1.7124,0.9109,0.53194,1d_transect,2026-03-25 11:00:00-07:00,0.910908043384552,0.8869339983180076,16.666667039195705,226.5232696533203,0.1437497190723447,4.761904910578484,287.59942626953125,,,,cdip,2026-03-25 20:06:18,0.0
36,2026-03-25 14:00:00-07:00,0.5758,16.67,228.9,False,0.7015,13.33,262.3,False,0.2861,4.76,295.0,True,1.8569,0.9516,0.512484,1d_transect,2026-03-25 14:00:00-07:00,0.9516168832778932,0.9011965059972188,16.666667039195705,226.73619079589844,0.2976945451478287,4.761904910578484,286.83502197265625,,,,cdip,2026-03-25 20:06:18,0.0
36,2026-03-25 17:00:00-07:00,0.5439,16.67,228.7,False,0.6936,13.33,262.3,False,0.4491,5.56,292.3,True,2.0214,0.9892,0.489376,1d_transect,2026-03-25 17:00:00-07:00,0.989212155342102,0.920004751460041,16.666667039195705,226.4375762939453,0.1823748648475005,4.761904910578484,286.73223876953125,,,,cdip,2026-03-25 20:06:18,0.0
36,2026-03-25 20:00:00-07:00,0.4952,16.67,228.6,False,0.6374,13.33,261.1,False,0.6963,6.67,285.6,False,2.3055,1.066,0.462367,1d_transect,2026-03-25 20:00:00-07:00,1.065975308418274,0.9410709428899908,16.666667039195705,225.53277587890625,0.2487185594053768,4.761904910578484,286.5060119628906,,,,cdip,2026-03-25 20:06:18,0.0
36,2026-03-25 23:00:00-07:00,0.4454,16.67,228.3,False,0.3903,12.5,266.3,False,0.9904,7.69,283.3,False,2.6043,1.154,0.443096,1d_transect,2026-03-25 23:00:00-07:00,1.1539641618728638,0.8664149363122955,16.666667039195705,224.0035095214844,0.4230302230608048,10.526315921561542,229.03530883789065,0.3092222754329048,4.761904910578484,283.2836303710937,cdip,2026-03-25 20:06:18,0.0
36,2026-03-26 02:00:00-07:00,0.4243,16.67,230.5,False,1.1342,9.09,277.9,False,,,,,2.9785,1.211,0.406563,1d_transect,2026-03-26 02:00:00-07:00,1.210968852043152,0.7797761511202076,16.666667039195705,220.49208068847656,0.5727649925050075,10.526315921561542,228.49456787109372,0.7171282794703527,4.761904910578484,280.12066650390625,cdip,2026-03-25 20:06:18,0.0
36,2026-03-26 05:00:00-07:00,1.1768,9.87,276.6,False,0.3261,15.38,244.1,False,,,,,3.0069,1.2212,0.406115,1d_transect,2026-03-26 05:00:00-07:00,1.2211565971374512,0.7293226796466937,15.384615948919734,220.93588256835935,0.5974388225711184,11.111110669595242,227.2643585205078,0.7658640065141173,4.761904910578484,278.21392822265625,cdip,2026-03-25 20:06:18,0.0
36,2026-03-26 08:00:00-07:00,1.159,9.87,274.0,False,0.2829,15.38,241.7,False,,,,,3.097,1.193,0.38522,1d_transect,2026-03-26 08:00:00-07:00,1.193020939826965,0.6844833840223286,15.384615948919734,220.8951568603516,0.6154438600690932,11.111110669595242,226.4462738037109,0.7494794521779693,4.761904910578484,277.81854248046875,cdip,2026-03-25 20:06:18,0.0
36,2026-03-26 11:00:00-07:00,1.1009,10.53,276.5,False,0.2774,15.38,241.5,False,,,,,2.8362,1.1353,0.400296,1d_transect,2026-03-26 11:00:00-07:00,1.135328769683838,0.6587661335989922,15.384615948919734,219.9326019287109,0.5985254958511078,11.764705758606276,226.0079040527344,0.696321130230804,4.761904910578484,277.7873229980469,cdip,2026-03-25 20:06:18,0.0
36,2026-03-26 14:00:00-07:00,1.0729,10.53,270.3,False,,,,,,,,,2.6976,1.0729,0.397726,1d_transect,2026-03-26 14:00:00-07:00,1.0729117393493652,0.6418581085703908,15.384615948919734,218.12844848632807,0.5661250625010927,11.764705758606276,225.9514617919922,0.3730390021107545,4.761904910578484,277.33563232421875,cdip,2026-03-25 20:06:18,0.0
36,2026-03-26 17:00:00-07:00,1.0205,10.53,276.5,False,,,,,,,,,2.3592,1.0205,0.43254,1d_transect,2026-03-26 17:00:00-07:00,1.0204620361328125,0.628683206333862,15.384615948919734,216.2711181640625,0.5280747045460428,11.764705758606276,226.07440185546875,0.4066109761451121,5.555555334797621,282.6419372558594,cdip,2026-03-25 20:06:18,0.0
36,2026-03-26 20:00:00-07:00,0.9872,10.53,271.0,False,,,,,,,,,2.2956,0.9872,0.430027,1d_transect,2026-03-26 20:00:00-07:00,0.987155556678772,0.6255021819595774,15.384615948919734,214.61720275878903,0.4984671726632322,11.764705758606276,225.8660888671875,0.5724369295552949,5.555555334797621,283.1949462890625,cdip,2026-03-25 20:06:18,0.0
36,2026-03-26 23:00:00-07:00,0.9701,10.53,276.4,False,,,,,,,,,2.1358,0.9701,0.454186,1d_transect,2026-03-26 23:00:00-07:00,0.9700661897659302,0.7941531732412672,15.384615948919734,213.26675415039065,0.3811392037337757,5.555555334797621,283.4616394042969,,,,cdip,2026-03-25 20:06:18,0.0
36,2026-03-27 02:00:00-07:00,0.9579,10.53,270.2,False,,,,,,,,,1.1805,0.9579,0.811428,1d_transect,2026-03-27 02:00:00-07:00,0.957918107509613,0.8005950363045332,15.384615948919734,211.99139404296875,0.3582146053596077,5.555555334797621,283.5955810546875,,,,cdip,2026-03-25 20:06:18,0.0
36,2026-03-27 05:00:00-07:00,0.9432,11.76,270.9,False,,,,,,,,,1.1947,0.9432,0.789516,1d_transect,2026-03-27 05:00:00-07:00,0.9432104825973512,0.7999172199209801,14.28571422489322,214.1541290283203,0.3410433405660988,5.555555334797621,283.57098388671875,,,,cdip,2026-03-25 20:06:18,0.0
36,2026-03-27 08:00:00-07:00,0.9207,10.53,268.9,False,,,,,,,,,1.1696,0.9207,0.78718,1d_transect,2026-03-27 08:00:00-07:00,0.9206876754760742,0.7886500704456767,14.28571422489322,212.21047973632807,0.3253734432964331,5.555555334797621,283.4652709960937,,,,cdip,2026-03-25 20:06:18,0.0
36,2026-03-27 11:00:00-07:00,0.3214,18.18,231.7,False,0.8466,10.53,276.1,False,,,,,1.0344,0.9056,0.875417,1d_transect,2026-03-27 11:00:00-07:00,0.905569314956665,0.7839098017749965,14.28571422489322,210.4747314453125,0.3134522168637547,5.555555334797621,283.2983093261719,,,,cdip,2026-03-25 20:06:18,0.0
36,2026-03-27 14:00:00-07:00,0.9059,10.53,271.9,False,,,,,,,,,1.0352,0.9059,0.87507,1d_transect,2026-03-27 14:00:00-07:00,0.9058505296707152,0.7935261863502544,14.28571422489322,208.9598846435547,0.3047324638017775,5.555555334797621,283.2238464355469,,,,cdip,2026-03-25 20:06:18,0.0
36,2026-03-27 17:00:00-07:00,0.916,10.53,275.8,False,,,,,,,,,0.9966,0.916,0.919182,1d_transect,2026-03-27 17:00:00-07:00,0.9160487055778505,0.8130576263815201,15.384615948919734,206.65365600585935,0.2947871914331249,5.555555334797621,283.2752990722656,,,,cdip,2026-03-25 20:06:18,0.0
36,2026-03-27 20:00:00-07:00,0.9326,11.76,269.4,False,,,,,,,,,1.179,0.9326,0.791013,1d_transect,2026-03-27 20:00:00-07:00,0.9326302409172058,0.8342090150319507,15.384615948919734,207.33721923828125,0.2867552136406197,5.555555334797621,283.5629272460937,,,,cdip,2026-03-25 20:06:18,0.0
36,2026-03-27 23:00:00-07:00,0.6443,12.5,266.2,False,0.7145,10.53,276.5,False,,,,,1.888,0.9621,0.509603,1d_transect,2026-03-27 23:00:00-07:00,0.9621337056159972,0.8529962013070105,15.384615948919734,208.38536071777344,0.2906344861326959,5.263157960780771,282.38140869140625,,,,cdip,2026-03-25 20:06:18,0.0
36,2026-03-28 02:00:00-07:00,0.6531,12.5,264.6,False,0.7254,10.53,271.3,False,,,,,2.0118,0.9761,0.485183,1d_transect,2026-03-28 02:00:00-07:00,0.9760825037956238,0.8714577231930816,15.384615948919734,209.28370666503903,0.285132581482997,5.263157960780771,282.97283935546875,,,,cdip,2026-03-25 20:06:18,0.0
36,2026-03-28 05:00:00-07:00,0.6583,12.5,265.1,False,0.7402,10.53,276.8,False,,,,,1.9778,0.9906,0.50086,1d_transect,2026-03-28 05:00:00-07:00,0.990589678287506,0.8877197099064432,15.384615948919734,209.9959716796875,0.2768337032636501,5.263157960780771,283.58746337890625,,,,cdip,2026-03-25 20:06:18,0.0
36,2026-03-28 08:00:00-07:00,0.431,14.29,249.0,False,0.7543,10.53,271.7,False,0.4955,12.5,265.0,False,2.0682,1.0001,0.483569,1d_transect,2026-03-28 08:00:00-07:00,1.0001322031021118,0.9029693715035748,15.384615948919734,210.48236083984372,0.2668436073018492,5.263157960780771,283.5887451171875,,,,cdip,2026-03-25 20:06:18,0.0
36,2026-03-28 11:00:00-07:00,0.4447,14.29,250.4,False,0.7504,10.53,277.2,False,0.493,12.5,265.1,False,1.952,1.0019,0.513255,1d_transect,2026-03-28 11:00:00-07:00,1.0018882751464844,0.9105160276086218,15.384615948919734,210.8824920654297,0.4103009734955236,4.761904910578484,276.45880126953125,,,,cdip,2026-03-25 20:06:18,0.0
36,2026-03-28 14:00:00-07:00,0.6217,12.5,265.9,False,0.7795,10.53,266.7,False,,,,,1.9495,0.9971,0.51145,1d_transect,2026-03-28 14:00:00-07:00,0.9970778226852416,0.9132190890940796,14.28571422489322,208.4046173095703,0.3922398100477244,4.761904910578484,276.9136657714844,,,,cdip,2026-03-25 20:06:18,0.0
36,2026-03-28 17:00:00-07:00,0.6888,13.33,249.2,False,0.7069,10.53,276.4,False,,,,,1.789,0.987,0.551723,1d_transect,2026-03-28 17:00:00-07:00,0.9870201349258424,0.9123891506274208,14.28571422489322,208.10955810546875,0.3682090111444518,4.761904910578484,277.1025695800781,,,,cdip,2026-03-25 20:06:18,0.0
36,2026-03-28 20:00:00-07:00,0.6655,13.33,250.0,False,0.7179,10.53,265.7,False,,,,,1.7771,0.9789,0.550864,1d_transect,2026-03-28 20:00:00-07:00,0.9789220094680786,0.91567476350902,14.28571422489322,207.68569946289065,0.3375710122361802,4.761904910578484,277.6444396972656,,,,cdip,2026-03-25 20:06:18,0.0
36,2026-03-28 23:00:00-07:00,0.7,13.33,251.4,False,0.6716,9.87,277.6,False,,,,,1.6068,0.97,0.603718,1d_transect,2026-03-28 23:00:00-07:00,0.9700255393981934,0.9145118887900964,14.28571422489322,207.43865966796875,0.3148206091030804,4.761904910578484,278.8169250488281,,,,cdip,2026-03-25 20:06:18,0.0
36,2026-03-29 02:00:00-07:00,0.6891,13.33,247.6,False,0.4635,9.87,249.6,False,0.4893,7.69,280.8,False,1.6028,0.9639,0.601372,1d_transect,2026-03-29 02:00:00-07:00,0.9638768434524536,0.9109091801470304,14.28571422489322,207.51890563964844,0.3065972426578319,4.761904910578484,280.2960205078125,,,,cdip,2026-03-25 20:06:18,0.0
36,2026-03-29 05:00:00-07:00,0.7191,13.33,248.0,False,0.3986,9.87,277.9,False,0.478,7.69,286.4,False,1.4942,0.951,0.636457,1d_transect,2026-03-29 05:00:00-07:00,0.950994312763214,0.9024026388220858,13.33333280351429,205.37550354003903,0.2912438383088249,4.761904910578484,281.5784912109375,,,,cdip,2026-03-25 20:06:18,0.0
36,2026-03-29 08:00:00-07:00,0.6997,13.33,247.3,False,0.4745,9.87,247.2,False,0.3962,6.25,277.8,False,1.4919,0.9337,0.625829,1d_transect,2026-03-29 08:00:00-07:00,0.9337033033370972,0.8887254598268723,13.33333280351429,205.65792846679688,0.2779314566339467,4.761904910578484,282.2709045410156,,,,cdip,2026-03-25 20:06:18,0.0
36,2026-03-29 11:00:00-07:00,0.7263,13.33,245.7,False,0.4039,9.87,277.1,False,0.3696,6.25,285.4,False,1.3843,0.9095,0.657023,1d_transect,2026-03-29 11:00:00-07:00,0.909537136554718,0.8693549916828679,13.33333280351429,205.76809692382807,0.2595541595692242,4.761904910578484,282.4732360839844,,,,cdip,2026-03-25 20:06:18,0.0
36,2026-03-29 14:00:00-07:00,0.7593,13.33,249.9,False,0.1863,18.18,228.4,False,0.4181,9.87,249.1,False,1.2858,0.8866,0.689546,1d_transect,2026-03-29 14:00:00-07:00,0.8866128325462341,0.8506411451777993,13.33333280351429,205.7084503173828,0.2425218423469981,4.761904910578484,282.9564208984375,,,,cdip,2026-03-25 20:06:18,0.0
36,2026-03-29 17:00:00-07:00,0.7612,13.33,249.3,False,0.2079,18.18,227.9,False,0.3477,9.87,277.0,False,1.2301,0.8623,0.700982,1d_transect,2026-03-29 17:00:00-07:00,0.8623127937316895,0.8176143645769477,13.33333280351429,205.75387573242188,0.1410623663981985,18.181818280338256,231.43382263183597,0.2276059197519774,4.761904910578484,283.6882629394531,cdip,2026-03-25 20:06:18,0.0
36,2026-03-29 20:00:00-07:00,0.7314,13.33,248.0,False,0.2122,18.18,227.9,False,0.3419,9.09,256.1,False,1.2485,0.8348,0.668651,1d_transect,2026-03-29 20:00:00-07:00,0.8348433375358582,0.7910767647138547,13.33333280351429,205.4449920654297,0.1483530620822041,18.181818280338256,231.01644897460935,0.2144887238860732,4.761904910578484,284.461181640625,cdip,2026-03-25 20:06:18,0.0
36,2026-03-29 23:00:00-07:00,0.7039,12.5,247.3,False,0.2667,18.18,231.3,False,0.2886,9.09,280.6,False,1.1888,0.8062,0.678134,1d_transect,2026-03-29 23:00:00-07:00,0.8061529994010925,0.7620210120466606,13.33333280351429,204.62196350097656,0.1473787081355926,18.181818280338256,230.1472930908203,0.2108688712650535,4.545454570084564,285.4717102050781,cdip,2026-03-25 20:06:18,0.0
36,2026-03-30 02:00:00-07:00,0.6758,12.5,247.7,False,0.2742,18.18,232.0,False,0.2663,9.09,280.2,False,1.1525,0.7764,0.673671,1d_transect,2026-03-30 02:00:00-07:00,0.7764343619346619,0.7314049920694392,13.33333280351429,203.3367462158203,0.1465033214083322,18.181818280338256,229.72227478027344,0.208370372542459,4.166666759798926,285.3997802734375,cdip,2026-03-25 20:06:18,0.0
36,2026-03-30 05:00:00-07:00,0.6509,12.5,247.2,False,0.2594,18.18,231.8,False,0.2604,4.76,294.4,True,1.2306,0.7475,0.60739,1d_transect,2026-03-30 05:00:00-07:00,0.7474737167358398,0.7204972042186022,12.50000027939678,201.71905517578125,0.1909591691020968,4.166666759798926,285.0343017578125,,,,cdip,2026-03-25 20:06:18,0.0
36,2026-03-30 08:00:00-07:00,0.6327,12.5,245.5,False,0.2761,16.67,230.8,False,0.1926,4.76,295.4,True,1.169,0.7167,0.613092,1d_transect,2026-03-30 08:00:00-07:00,0.7167166471481323,0.662346463916388,12.50000027939678,201.5624237060547,0.2217383292207086,16.666667039195705,228.91673278808597,,,,cdip,2026-03-25 20:06:18,0.0
36,2026-03-30 11:00:00-07:00,0.5884,12.5,242.4,False,0.3219,16.67,231.3,False,0.1638,4.55,294.4,True,1.1404,0.6904,0.605372,1d_transect,2026-03-30 11:00:00-07:00,0.690396785736084,0.6356698565365397,12.50000027939678,201.1412353515625,0.2368736428044936,16.666667039195705,228.6097412109375,,,,cdip,2026-03-25 20:06:18,0.0
36,2026-03-30 14:00:00-07:00,0.3393,16.67,232.0,False,0.5582,12.5,238.2,False,0.1325,4.35,294.1,True,1.1132,0.6665,0.59872,1d_transect,2026-03-30 14:00:00-07:00,0.6665229797363281,0.6099257259682811,12.50000027939678,200.7996826171875,0.2481107274384682,16.666667039195705,228.26174926757807,,,,cdip,2026-03-25 20:06:18,0.0
36,2026-03-30 17:00:00-07:00,0.358,16.67,232.7,False,0.5294,11.76,234.8,False,0.1073,4.17,294.5,True,1.0797,0.648,0.600159,1d_transect,2026-03-30 17:00:00-07:00,0.6480053067207336,0.5878668980111439,12.50000027939678,200.68130493164065,0.2584454018002936,16.666667039195705,228.01470947265625,,,,cdip,2026-03-25 20:06:18,0.0
36,2026-03-30 20:00:00-07:00,0.3755,16.67,233.3,False,0.5091,11.76,230.8,False,0.0894,4.0,294.3,True,1.058,0.6389,0.603901,1d_transect,2026-03-30 20:00:00-07:00,0.6389257907867432,0.572516728145465,12.50000027939678,200.8526153564453,0.2720515495859498,16.666667039195705,227.9298858642578,,,,cdip,2026-03-25 20:06:18,0.0
36,2026-03-30 23:00:00-07:00,0.3903,16.67,234.1,False,0.4903,11.76,227.1,False,0.126,2.94,283.0,True,1.0501,0.6392,0.608755,1d_transect,2026-03-30 23:00:00-07:00,0.6392346620559692,0.4938070631384207,12.50000027939678,200.96897888183597,0.398346651479291,16.666667039195705,227.8750457763672,,,,cdip,2026-03-25 20:06:18,0.0
36,2026-03-31 02:00:00-07:00,0.4566,16.67,235.3,False,0.3943,11.76,224.4,False,0.196,8.33,242.6,False,0.9659,0.6344,0.656783,1d_transect,2026-03-31 02:00:00-07:00,0.6343589425086975,0.4748763627002233,12.50000027939678,201.00440979003903,0.4146377230193983,16.666667039195705,227.6266021728516,,,,cdip,2026-03-25 20:06:18,0.0
36,2026-03-31 05:00:00-07:00,0.4617,15.38,234.7,False,0.388,11.76,223.7,False,0.181,8.33,266.3,False,1.0026,0.6297,0.628052,1d_transect,2026-03-31 05:00:00-07:00,0.6296629309654236,0.4403425734629185,12.50000027939678,201.0584259033203,0.4453096187645655,15.384615948919734,228.02838134765625,,,,cdip,2026-03-25 20:06:18,0.0
36,2026-03-31 08:00:00-07:00,0.4996,15.38,235.9,False,0.3609,11.76,226.1,False,0.2484,7.69,245.9,False,0.9916,0.6645,0.67005,1d_transect,2026-03-31 08:00:00-07:00,0.6644526720046997,0.4555486663437108,15.384615948919734,227.53854370117188,0.3944885211883375,12.50000027939678,201.90646362304688,0.2715020094691312,8.333333519597852,229.99923706054688,cdip,2026-03-25 20:06:18,0.0
36,2026-03-31 11:00:00-07:00,0.4897,15.38,236.1,False,0.4112,11.76,225.4,False,0.0879,3.03,223.8,True,1.0434,0.6455,0.618633,1d_transect,2026-03-31 11:00:00-07:00,0.6454879641532898,0.488042100999935,15.384615948919734,227.31515502929688,0.4164216876021285,12.50000027939678,203.1397705078125,,,,cdip,2026-03-25 20:06:18,0.0
36,2026-03-31 14:00:00-07:00,0.5588,15.38,237.1,False,0.3516,11.76,225.0,False,0.2566,7.69,243.7,False,1.0311,0.7083,0.686932,1d_transect,2026-03-31 14:00:00-07:00,0.7083008885383606,0.5080634490423759,15.384615948919734,226.75271606445312,0.38520465410296,12.50000027939678,205.0567321777344,0.2658071117185461,7.692307974459867,241.41183471679688,cdip,2026-03-25 20:06:18,0.0
37,2026-03-25 02:00:00-07:00,0.4268,16.67,219.2,False,0.6525,12.5,281.1,False,0.2952,3.57,316.4,True,1.5099,0.8337,0.552172,1d_transect,2026-03-25 02:00:00-07:00,0.8337222337722778,0.8257936573101081,18.181818280338256,246.61129760742188,,,,,,,cdip,2026-03-25 20:06:18,0.0
37,2026-03-25 05:00:00-07:00,0.4391,16.67,227.4,False,0.698,12.5,284.8,False,0.3038,3.85,320.3,True,1.5936,0.8789,0.551498,1d_transect,2026-03-25 05:00:00-07:00,0.8788644671440125,0.8713217174697829,18.181818280338256,245.9613342285156,,,,,,,cdip,2026-03-25 20:06:18,0.0
37,2026-03-25 08:00:00-07:00,0.8698,12.5,290.2,False,0.3921,4.0,301.9,True,,,,,1.7109,0.9541,0.557671,1d_transect,2026-03-25 08:00:00-07:00,0.9541187286376952,0.6165860556022863,16.666667039195705,248.90907287597656,0.7152279185670901,12.50000027939678,271.1250305175781,,,,cdip,2026-03-25 20:06:18,0.0
37,2026-03-25 11:00:00-07:00,0.954,12.5,294.2,False,0.411,4.35,311.2,True,,,,,1.8648,1.0387,0.557034,1d_transect,2026-03-25 11:00:00-07:00,1.0387412309646606,0.5715853102023369,16.666667039195705,247.61642456054688,0.8538553734851481,12.50000027939678,272.468505859375,,,,cdip,2026-03-25 20:06:18,0.0
37,2026-03-25 14:00:00-07:00,0.9544,11.76,294.8,False,0.577,4.76,315.6,True,,,,,2.1127,1.1153,0.527907,1d_transect,2026-03-25 14:00:00-07:00,1.1153088808059692,0.5649546455196436,16.666667039195705,247.0243225097656,0.9429866067108996,12.50000027939678,273.0118103027344,,,,cdip,2026-03-25 20:06:18,0.0
37,2026-03-25 17:00:00-07:00,0.8819,11.11,294.7,False,0.845,6.25,320.3,False,,,,,2.5419,1.2214,0.480495,1d_transect,2026-03-25 17:00:00-07:00,1.221386432647705,0.5459682379974921,16.666667039195705,246.909912109375,1.0772592521273985,11.764705758606276,274.2567749023437,,,,cdip,2026-03-25 20:06:18,0.0
37,2026-03-25 20:00:00-07:00,0.9237,11.11,302.0,False,1.3571,7.69,313.6,False,,,,,3.1569,1.6417,0.520032,1d_transect,2026-03-25 20:00:00-07:00,1.6416682004928589,0.8393600712284396,11.111110669595242,275.20654296875,0.5692827136439582,16.666667039195705,246.39694213867188,1.2741949835828974,6.666666401757145,285.760986328125,cdip,2026-03-25 20:06:18,0.0
37,2026-03-25 23:00:00-07:00,1.8503,8.33,316.3,False,,,,,,,,,3.4682,1.8503,0.533502,1d_transect,2026-03-25 23:00:00-07:00,1.850267052650452,1.753124812750033,7.692307974459867,285.6780090332031,0.5266602824737092,16.666667039195705,245.32847595214844,,,,cdip,2026-03-25 20:06:18,0.0
37,2026-03-26 02:00:00-07:00,1.9472,9.09,318.1,False,,,,,,,,,3.8207,1.9472,0.509648,1d_transect,2026-03-26 02:00:00-07:00,1.9472357034683228,1.86002439190172,8.333333519597852,283.9231872558594,0.478811114312748,16.666667039195705,244.54660034179688,,,,cdip,2026-03-25 20:06:18,0.0
37,2026-03-26 05:00:00-07:00,2.0444,9.09,314.5,False,,,,,,,,,4.1354,2.0444,0.494372,1d_transect,2026-03-26 05:00:00-07:00,2.0444343090057373,1.9760898809092724,9.090909140169128,281.7133178710937,0.3746790380080025,16.666667039195705,244.08880615234372,,,,cdip,2026-03-25 20:06:18,0.0
37,2026-03-26 08:00:00-07:00,2.094,9.09,318.8,False,,,,,,,,,3.9394,2.094,0.531548,1d_transect,2026-03-26 08:00:00-07:00,2.093975067138672,2.02714713104203,9.090909140169128,282.9728698730469,0.3420393974095673,15.384615948919734,245.54806518554688,,,,cdip,2026-03-25 20:06:18,0.0
37,2026-03-26 11:00:00-07:00,2.0392,9.87,315.7,False,,,,,,,,,3.6991,2.0392,0.551269,1d_transect,2026-03-26 11:00:00-07:00,2.0392158031463623,1.9744975985652264,9.871668200422231,279.968994140625,0.3235640173450067,15.384615948919734,245.12228393554688,,,,cdip,2026-03-25 20:06:18,0.0
37,2026-03-26 14:00:00-07:00,1.9037,9.87,312.1,False,,,,,,,,,3.4559,1.9037,0.550867,1d_transect,2026-03-26 14:00:00-07:00,1.9037269353866575,1.8322111368826144,9.871668200422231,280.4566650390625,0.3701187274669325,15.384615948919734,245.76356506347656,,,,cdip,2026-03-25 20:06:18,0.0
37,2026-03-26 17:00:00-07:00,1.7623,9.87,313.2,False,,,,,,,,,3.1995,1.7623,0.550802,1d_transect,2026-03-26 17:00:00-07:00,1.762296199798584,1.7045400192072937,9.871668200422231,280.7455444335937,0.3028833082540728,15.384615948919734,247.3319396972656,,,,cdip,2026-03-25 20:06:18,0.0
37,2026-03-26 20:00:00-07:00,1.6715,9.87,314.7,False,,,,,,,,,3.1372,1.6715,0.53279,1d_transect,2026-03-26 20:00:00-07:00,1.671470284461975,1.6421781884307924,9.871668200422231,280.83624267578125,,,,,,,cdip,2026-03-25 20:06:18,0.0
37,2026-03-26 23:00:00-07:00,1.6531,9.87,314.9,False,,,,,,,,,3.0582,1.6531,0.540535,1d_transect,2026-03-26 23:00:00-07:00,1.653066635131836,1.6244075687727453,10.526315921561542,278.8383483886719,,,,,,,cdip,2026-03-25 20:06:18,0.0
37,2026-03-27 02:00:00-07:00,1.618,9.87,319.3,False,,,,,,,,,2.8542,1.618,0.566892,1d_transect,2026-03-27 02:00:00-07:00,1.6180274486541748,1.5909294429587375,10.526315921561542,278.8576965332031,,,,,,,cdip,2026-03-25 20:06:18,0.0
37,2026-03-27 05:00:00-07:00,1.499,10.53,314.8,False,0.1558,18.18,208.8,False,,,,,2.7971,1.507,0.538787,1d_transect,2026-03-27 05:00:00-07:00,1.507030725479126,1.471276467868339,11.111110669595242,276.8409729003906,0.184090219512879,18.181818280338256,259.1502990722656,,,,cdip,2026-03-25 20:06:18,0.0
37,2026-03-27 08:00:00-07:00,1.4065,9.87,316.5,False,0.1904,18.18,221.6,False,,,,,2.5091,1.4193,0.565681,1d_transect,2026-03-27 08:00:00-07:00,1.4193352460861206,1.3819230109504994,11.111110669595242,276.9090576171875,0.2005711860499993,18.181818280338256,260.8289489746094,,,,cdip,2026-03-25 20:06:18,0.0
37,2026-03-27 11:00:00-07:00,1.3578,9.87,316.4,False,0.2062,18.18,232.3,False,,,,,2.4224,1.3734,0.566952,1d_transect,2026-03-27 11:00:00-07:00,1.373397707939148,1.3334820997019996,10.526315921561542,278.5272827148437,0.214304079584571,18.181818280338256,262.1537170410156,,,,cdip,2026-03-25 20:06:18,0.0
37,2026-03-27 14:00:00-07:00,1.3305,9.87,318.3,False,,,,,,,,,2.3439,1.3305,0.567655,1d_transect,2026-03-27 14:00:00-07:00,1.3305318355560305,1.273749541450096,10.526315921561542,278.4769287109375,0.2995641056446321,16.666667039195705,261.6795654296875,,,,cdip,2026-03-25 20:06:18,0.0
37,2026-03-27 17:00:00-07:00,1.2929,9.87,316.8,False,0.2989,16.67,247.7,False,,,,,2.374,1.327,0.558951,1d_transect,2026-03-27 17:00:00-07:00,1.3269720077514648,1.246674911858019,10.526315921561542,278.46368408203125,0.3883042845900879,16.666667039195705,263.78765869140625,,,,cdip,2026-03-25 20:06:18,0.0
37,2026-03-27 20:00:00-07:00,1.3263,9.87,318.1,False,,,,,,,,,2.4329,1.3263,0.545176,1d_transect,2026-03-27 20:00:00-07:00,1.326340675354004,1.2388026849913512,10.526315921561542,278.4642028808594,0.4145957300526711,16.666667039195705,264.6632080078125,,,,cdip,2026-03-25 20:06:18,0.0
37,2026-03-27 23:00:00-07:00,1.3673,9.87,316.1,False,,,,,,,,,2.5392,1.3673,0.538485,1d_transect,2026-03-27 23:00:00-07:00,1.3673155307769775,1.2794051808818905,10.526315921561542,278.56719970703125,0.4267327047028438,16.666667039195705,264.7792663574219,,,,cdip,2026-03-25 20:06:18,0.0
37,2026-03-28 02:00:00-07:00,1.4243,10.53,314.9,False,,,,,,,,,2.7721,1.4243,0.513784,1d_transect,2026-03-28 02:00:00-07:00,1.4242597818374634,1.3404255165614385,11.111110669595242,277.5267333984375,0.4233809832555734,16.666667039195705,264.0967712402344,,,,cdip,2026-03-25 20:06:18,0.0
37,2026-03-28 05:00:00-07:00,1.4844,10.53,314.9,False,,,,,,,,,2.8424,1.4844,0.522248,1d_transect,2026-03-28 05:00:00-07:00,1.484433889389038,1.382013114785414,11.111110669595242,277.4844970703125,0.4863415714663764,15.384615948919734,263.6595458984375,,,,cdip,2026-03-25 20:06:18,0.0
37,2026-03-28 08:00:00-07:00,1.3862,9.87,319.1,False,0.4745,14.29,290.7,False,,,,,2.6922,1.4651,0.544219,1d_transect,2026-03-28 08:00:00-07:00,1.465139389038086,1.3622780547734716,11.111110669595242,277.4350891113281,0.4865785325958367,15.384615948919734,263.8182067871094,,,,cdip,2026-03-25 20:06:18,0.0
37,2026-03-28 11:00:00-07:00,1.3377,9.87,318.2,False,0.4751,14.29,288.3,False,,,,,2.5581,1.4195,0.554911,1d_transect,2026-03-28 11:00:00-07:00,1.4195417165756226,1.3169619267537231,11.111110669595242,277.3921813964844,0.4828034522677142,15.384615948919734,263.6916198730469,,,,cdip,2026-03-25 20:06:18,0.0
37,2026-03-28 14:00:00-07:00,1.261,9.87,314.3,False,0.457,14.29,276.4,False,,,,,2.4404,1.3412,0.549604,1d_transect,2026-03-28 14:00:00-07:00,1.3412333726882937,1.212819085798687,11.111110669595242,277.32684326171875,0.5354721087185043,15.384615948919734,263.2373046875,,,,cdip,2026-03-25 20:06:18,0.0
37,2026-03-28 17:00:00-07:00,1.1468,9.87,314.3,False,0.5214,14.29,275.4,False,,,,,2.3333,1.2598,0.539906,1d_transect,2026-03-28 17:00:00-07:00,1.2597812414169312,1.1280738548522833,11.111110669595242,277.26153564453125,0.5288194643586985,15.384615948919734,262.8149719238281,,,,cdip,2026-03-25 20:06:18,0.0
37,2026-03-28 20:00:00-07:00,1.121,9.87,314.6,False,0.4972,14.29,274.2,False,,,,,2.3192,1.2263,0.528752,1d_transect,2026-03-28 20:00:00-07:00,1.2263020277023315,1.0973520595597672,11.111110669595242,277.156005859375,0.5169512170709866,14.28571422489322,264.3013916015625,,,,cdip,2026-03-25 20:06:18,0.0
37,2026-03-28 23:00:00-07:00,0.504,13.33,281.5,False,1.1469,8.33,318.1,False,,,,,2.2123,1.2528,0.566291,1d_transect,2026-03-28 23:00:00-07:00,1.2527809143066406,0.5057914740210493,13.33333280351429,264.83282470703125,1.1320176937247226,10.526315921561542,278.8392639160156,,,,cdip,2026-03-25 20:06:18,0.0
37,2026-03-29 02:00:00-07:00,0.5571,13.33,268.4,False,0.9461,8.33,312.8,False,0.4912,9.87,304.8,False,2.1051,1.2028,0.571371,1d_transect,2026-03-29 02:00:00-07:00,1.2028098106384275,0.4963653267085492,13.33333280351429,264.6777648925781,1.0823783249011538,9.871668200422231,280.1420288085937,,,,cdip,2026-03-25 20:06:18,0.0
37,2026-03-29 05:00:00-07:00,0.9203,13.33,268.2,False,0.6111,9.87,303.5,False,,,,,1.2416,1.1048,0.889811,1d_transect,2026-03-29 05:00:00-07:00,1.1047580242156982,0.5588106046242266,13.33333280351429,264.6209716796875,0.5484498848562774,9.871668200422231,280.6283264160156,0.759373259542378,7.14285711244661,295.5976867675781,cdip,2026-03-25 20:06:18,0.0
37,2026-03-29 08:00:00-07:00,0.5707,13.33,264.1,False,0.86,9.87,303.6,False,,,,,1.8208,1.0322,0.566862,1d_transect,2026-03-29 08:00:00-07:00,1.0321645736694336,0.5478291502701415,13.33333280351429,264.6719055175781,0.5018782726836715,9.871668200422231,280.8382568359375,0.6962813220456587,6.666666401757145,297.6400146484375,cdip,2026-03-25 20:06:18,0.0
37,2026-03-29 11:00:00-07:00,0.5557,13.33,259.1,False,0.8069,9.09,304.1,False,,,,,1.7276,0.9797,0.567129,1d_transect,2026-03-29 11:00:00-07:00,0.9797499179840088,0.5437642309493939,13.33333280351429,264.8163452148437,0.4698722379507621,9.871668200422231,280.7548217773437,0.4884573962063699,6.666666401757145,297.8555908203125,cdip,2026-03-25 20:06:18,0.0
37,2026-03-29 14:00:00-07:00,0.5369,13.33,266.4,False,0.7528,9.09,304.7,False,,,,,1.6474,0.9246,0.56126,1d_transect,2026-03-29 14:00:00-07:00,0.924647092819214,0.5162449035518528,13.33333280351429,265.0260009765625,0.4809659463278877,9.871668200422231,280.48895263671875,0.4027551011118242,6.25000013969839,300.0517272949219,cdip,2026-03-25 20:06:18,0.0
37,2026-03-29 17:00:00-07:00,0.4785,13.33,262.2,False,0.7277,9.09,303.3,False,0.0889,18.18,216.7,False,1.6807,0.8754,0.520853,1d_transect,2026-03-29 17:00:00-07:00,0.8754220604896545,0.502420436098995,13.33333280351429,264.81591796875,0.4524058748155279,9.090909140169128,283.74188232421875,0.1479863200549231,18.181818280338256,244.5355224609375,cdip,2026-03-25 20:06:18,0.0
37,2026-03-29 20:00:00-07:00,0.5097,13.33,255.4,False,0.4196,9.09,303.7,False,0.5141,5.56,320.8,True,1.5435,0.8368,0.542138,1d_transect,2026-03-29 20:00:00-07:00,0.8368075489997864,0.5128386070183496,13.33333280351429,264.1274719238281,0.3986290396512296,9.090909140169128,283.716796875,0.1627470161365359,18.181818280338256,244.55142211914065,cdip,2026-03-25 20:06:18,0.0
37,2026-03-29 23:00:00-07:00,0.5087,12.5,257.6,False,0.4015,9.09,304.8,False,0.4674,5.26,322.6,True,1.451,0.7991,0.550701,1d_transect,2026-03-29 23:00:00-07:00,0.7990696430206299,0.5170609661536266,12.50000027939678,265.1485290527344,0.1703795134824242,18.181818280338256,244.62661743164065,0.4145626340503841,9.090909140169128,283.49151611328125,cdip,2026-03-25 20:06:18,0.0
37,2026-03-30 02:00:00-07:00,0.5164,12.5,259.7,False,0.3991,9.09,305.1,False,0.3963,5.56,326.6,True,1.3201,0.7635,0.578422,1d_transect,2026-03-30 02:00:00-07:00,0.7635475993156433,0.4899331056204584,12.50000027939678,265.5661315917969,0.2060346689913443,18.181818280338256,244.75405883789065,0.3286244445763802,9.090909140169128,283.2047424316406,cdip,2026-03-25 20:06:18,0.0
37,2026-03-30 05:00:00-07:00,0.4788,12.5,257.7,False,0.1454,18.18,221.3,False,0.5329,9.09,304.3,False,1.2994,0.731,0.562582,1d_transect,2026-03-30 05:00:00-07:00,0.7310243844985962,0.4700959477184961,12.50000027939678,265.62994384765625,0.2218405574998464,18.181818280338256,245.103271484375,0.3114859399978669,8.333333519597852,287.283935546875,cdip,2026-03-25 20:06:18,0.0
37,2026-03-30 08:00:00-07:00,0.6813,12.5,253.2,False,0.1417,16.67,221.2,False,,,,,1.3238,0.6959,0.525685,1d_transect,2026-03-30 08:00:00-07:00,0.6958885192871094,0.4712876443964099,12.50000027939678,264.9297790527344,0.2428328265816112,16.666667039195705,244.4985809326172,0.2612183862191441,8.333333519597852,287.0899658203125,cdip,2026-03-25 20:06:18,0.0
37,2026-03-30 11:00:00-07:00,0.6471,12.5,245.6,False,0.1548,16.67,221.9,False,,,,,1.26,0.6653,0.528063,1d_transect,2026-03-30 11:00:00-07:00,0.6653412580490112,0.4493097586286147,12.50000027939678,263.5253601074219,0.2683866617809669,16.666667039195705,244.35179138183597,0.247129602819432,8.333333519597852,286.5685119628906,cdip,2026-03-25 20:06:18,0.0
37,2026-03-30 14:00:00-07:00,0.6201,12.5,235.4,False,0.1702,16.67,223.2,False,,,,,1.1907,0.643,0.540046,1d_transect,2026-03-30 14:00:00-07:00,0.643025279045105,0.3130658625667102,16.666667039195705,244.2996368408203,0.4763791071458985,12.50000027939678,261.4697570800781,0.206450719049804,6.25000013969839,301.5505676269531,cdip,2026-03-25 20:06:18,0.0
37,2026-03-30 17:00:00-07:00,0.5857,11.76,230.6,False,0.2197,16.67,225.8,False,,,,,1.125,0.6255,0.555988,1d_transect,2026-03-30 17:00:00-07:00,0.625507652759552,0.3405883977235118,16.666667039195705,244.42791748046875,0.4497502468770697,12.50000027939678,258.7312927246094,0.2141139390236008,6.25000013969839,301.9483337402344,cdip,2026-03-25 20:06:18,0.0
37,2026-03-30 20:00:00-07:00,0.2452,16.67,230.6,False,0.3897,11.76,220.7,False,0.3984,8.33,302.7,False,1.0473,0.6089,0.581373,1d_transect,2026-03-30 20:00:00-07:00,0.6088728308677673,0.3570190249823526,16.666667039195705,245.1048889160156,0.4335514017852386,11.764705758606276,258.9465026855469,0.1811050175851109,6.25000013969839,301.8044128417969,cdip,2026-03-25 20:06:18,0.0
37,2026-03-30 23:00:00-07:00,0.2538,16.67,237.3,False,0.3641,11.76,215.0,False,0.3915,8.33,303.5,False,1.0418,0.5918,0.568094,1d_transect,2026-03-30 23:00:00-07:00,0.5918405055999756,0.3770596416761906,16.666667039195705,246.50128173828125,0.2967571523437348,11.764705758606276,256.647705078125,0.2688186856452618,9.090909140169128,264.18231201171875,cdip,2026-03-25 20:06:18,0.0
37,2026-03-31 02:00:00-07:00,0.3624,16.67,246.6,False,0.4021,11.11,210.4,False,0.2117,8.33,301.3,False,0.8502,0.5813,0.683687,1d_transect,2026-03-31 02:00:00-07:00,0.5812504887580872,0.3816993019263829,16.666667039195705,247.50958251953125,0.2996074302503292,11.764705758606276,254.6868896484375,0.2806537744087233,8.333333519597852,260.91650390625,cdip,2026-03-25 20:06:18,0.0
37,2026-03-31 05:00:00-07:00,0.3328,16.67,251.9,False,0.3613,11.11,211.3,False,0.2853,8.33,278.9,False,0.9479,0.568,0.599283,1d_transect,2026-03-31 05:00:00-07:00,0.5680460333824158,0.3920357190194264,16.666667039195705,250.922119140625,0.2950232644146395,11.111110669595242,261.9349365234375,0.2496193425188456,8.333333519597852,260.7313232421875,cdip,2026-03-25 20:06:18,0.0
37,2026-03-31 08:00:00-07:00,0.3062,15.38,243.1,False,0.399,11.11,212.2,False,0.2893,5.26,236.8,True,1.084,0.5802,0.535252,1d_transect,2026-03-31 08:00:00-07:00,0.580211341381073,0.3960041100669665,16.666667039195705,251.43771362304688,0.2920722421095399,11.111110669595242,261.53570556640625,0.2858636144298025,8.333333519597852,259.4959716796875,cdip,2026-03-25 20:06:18,0.0
37,2026-03-31 11:00:00-07:00,0.3587,15.38,245.3,False,0.5137,11.11,211.1,False,0.0,3.23,150.3,True,1.053,0.6266,0.595052,1d_transect,2026-03-31 11:00:00-07:00,0.6265889406204224,0.4189416777286914,15.384615948919734,250.2459716796875,0.2924796567724098,11.111110669595242,259.7137756347656,0.2268963093477389,7.692307974459867,257.17645263671875,cdip,2026-03-25 20:06:18,0.0
37,2026-03-31 14:00:00-07:00,0.3537,15.38,249.7,False,0.4558,11.11,200.6,False,0.4667,6.25,230.8,False,1.328,0.7421,0.558789,1d_transect,2026-03-31 14:00:00-07:00,0.7420510649681091,0.4204752126964893,15.384615948919734,250.42022705078125,0.2890707817051147,11.111110669595242,259.72119140625,0.2926363680766849,5.555555334797621,257.1076965332031,cdip,2026-03-25 20:06:18,0.0
38,2026-03-25 02:00:00-07:00,0.4304,12.5,281.1,False,0.1845,16.67,219.2,False,0.1252,3.57,316.4,True,1.9867,0.4848,0.244006,1d_transect,2026-03-25 02:00:00-07:00,0.4847743511199951,0.4069620963660111,16.666667039195705,286.75103759765625,0.168747131750447,10.526315921561542,293.3046264648437,0.1236999434171243,6.666666401757145,295.6173400878906,cdip,2026-03-25 20:06:18,0.0
38,2026-03-25 05:00:00-07:00,0.4458,12.5,284.8,False,0.209,16.67,227.4,False,0.1125,3.85,320.3,True,2.1406,0.5051,0.235942,1d_transect,2026-03-25 05:00:00-07:00,0.505052924156189,0.407867832263783,16.666667039195705,286.1637878417969,0.1871305864810312,10.526315921561542,293.3545837402344,0.1393080770122337,6.25000013969839,295.2493591308594,cdip,2026-03-25 20:06:18,0.0
38,2026-03-25 08:00:00-07:00,0.5084,12.5,290.2,False,0.1978,4.0,301.9,True,,,,,2.4526,0.5455,0.222438,1d_transect,2026-03-25 08:00:00-07:00,0.5455435514450073,0.4033543533379073,15.384615948919734,288.22705078125,0.2362740716910241,9.871668200422231,294.28936767578125,0.1709910257755086,6.25000013969839,293.0267333984375,cdip,2026-03-25 20:06:18,0.0
38,2026-03-25 11:00:00-07:00,0.5883,12.5,294.2,False,0.1829,4.35,311.2,True,,,,,2.628,0.6161,0.23442,1d_transect,2026-03-25 11:00:00-07:00,0.6160627603530884,0.378365467848179,15.384615948919734,287.9022216796875,0.1501072529968102,11.764705758606276,291.28271484375,0.3468928212504436,9.871668200422231,293.9222717285156,cdip,2026-03-25 20:06:18,0.0
38,2026-03-25 14:00:00-07:00,0.6352,11.76,294.8,False,0.251,4.76,315.6,True,,,,,2.8555,0.683,0.239201,1d_transect,2026-03-25 14:00:00-07:00,0.6830323338508606,0.3866619829586266,15.384615948919734,287.6664428710937,0.1725006582672579,11.764705758606276,291.61749267578125,0.4022069983342721,4.347826008084592,294.7092590332031,cdip,2026-03-25 20:06:18,0.0
38,2026-03-25 17:00:00-07:00,0.8649,11.11,294.7,False,0.5066,6.25,320.3,False,,,,,3.1246,1.0023,0.320793,1d_transect,2026-03-25 17:00:00-07:00,1.0023421049118042,0.394968543874661,14.28571422489322,288.8901062011719,0.3017521922504763,4.761904910578484,296.535888671875,0.1964237311040878,11.764705758606276,291.460205078125,cdip,2026-03-25 20:06:18,0.0
38,2026-03-25 20:00:00-07:00,0.7971,11.11,302.0,False,0.9561,7.69,313.6,False,,,,,3.8132,1.2448,0.32645,1d_transect,2026-03-25 20:00:00-07:00,1.2448111772537231,1.1756215755424433,6.25000013969839,296.2137756347656,0.3913959384951274,14.28571422489322,288.82891845703125,,,,cdip,2026-03-25 20:06:18,0.0
38,2026-03-25 23:00:00-07:00,1.2823,8.33,316.3,False,,,,,,,,,3.5908,1.2823,0.357109,1d_transect,2026-03-25 23:00:00-07:00,1.2823193073272705,0.7475711091412286,9.090909140169128,292.79266357421875,0.564829809562904,6.666666401757145,297.1395874023437,0.3691442576491558,14.28571422489322,288.6732788085937,cdip,2026-03-25 20:06:18,0.0
38,2026-03-26 02:00:00-07:00,1.3095,9.09,318.1,False,,,,,,,,,4.0014,1.3095,0.327266,1d_transect,2026-03-26 02:00:00-07:00,1.309522032737732,0.788877909380402,9.871668200422231,292.222900390625,0.5276018005825159,5.555555334797621,295.4773864746094,0.3350798623785807,13.33333280351429,289.3558044433594,cdip,2026-03-25 20:06:18,0.0
38,2026-03-26 05:00:00-07:00,1.3476,9.09,314.5,False,,,,,,,,,4.77,1.3476,0.282517,1d_transect,2026-03-26 05:00:00-07:00,1.3475927114486694,0.8384053376640842,10.526315921561542,291.6298522949219,0.9883300539262384,5.555555334797621,295.5126953125,0.3043939628106242,13.33333280351429,289.153076171875,cdip,2026-03-25 20:06:18,0.0
38,2026-03-26 08:00:00-07:00,1.3338,9.09,318.8,False,,,,,,,,,4.1256,1.3338,0.323305,1d_transect,2026-03-26 08:00:00-07:00,1.3338419198989868,0.877950009763661,10.526315921561542,291.9581298828125,0.9840000077899153,5.555555334797621,295.1513366699219,,,,cdip,2026-03-25 20:06:18,0.0
38,2026-03-26 11:00:00-07:00,1.2428,9.87,315.7,False,,,,,,,,,3.874,1.2428,0.320796,1d_transect,2026-03-26 11:00:00-07:00,1.242775797843933,0.8001450049245152,10.526315921561542,292.3505249023437,0.933077739421331,5.555555334797621,294.9718933105469,,,,cdip,2026-03-25 20:06:18,0.0
38,2026-03-26 14:00:00-07:00,1.1469,9.87,312.1,False,,,,,,,,,3.9861,1.1469,0.287726,1d_transect,2026-03-26 14:00:00-07:00,1.146916151046753,0.7434543271155255,11.111110669595242,291.3663330078125,0.8573245838380464,5.555555334797621,294.519287109375,,,,cdip,2026-03-25 20:06:18,0.0
38,2026-03-26 17:00:00-07:00,1.0588,9.87,313.2,False,,,,,,,,,3.6904,1.0588,0.286896,1d_transect,2026-03-26 17:00:00-07:00,1.0587751865386963,0.6807521004777829,11.111110669595242,291.4862976074219,0.7933497159718312,6.25000013969839,295.1072692871094,0.0754478559474627,19.99999970197678,288.5333251953125,cdip,2026-03-25 20:06:18,0.0
38,2026-03-26 20:00:00-07:00,1.0226,9.87,314.7,False,,,,,,,,,3.6186,1.0226,0.282583,1d_transect,2026-03-26 20:00:00-07:00,1.02255117893219,0.6496945442319659,11.111110669595242,291.6640014648437,0.7725994417561592,6.25000013969839,294.9698791503906,0.0848370105897031,19.99999970197678,289.1378479003906,cdip,2026-03-25 20:06:18,0.0
38,2026-03-26 23:00:00-07:00,1.0066,9.87,314.9,False,,,,,,,,,3.5275,1.0066,0.285362,1d_transect,2026-03-26 23:00:00-07:00,1.0066040754318235,0.6479076405935397,11.111110669595242,291.900634765625,0.7532841569167494,6.25000013969839,295.27752685546875,0.0888626515362697,19.99999970197678,289.2265014648437,cdip,2026-03-25 20:06:18,0.0
38,2026-03-27 02:00:00-07:00,0.9551,9.87,319.3,False,,,,,,,,,2.9892,0.9551,0.319513,1d_transect,2026-03-27 02:00:00-07:00,0.9550747871398926,0.6358113178046536,11.111110669595242,292.0812072753906,0.6886286317336067,6.25000013969839,294.8092956542969,0.1291625685530016,18.181818280338256,288.5108642578125,cdip,2026-03-25 20:06:18,0.0
38,2026-03-27 05:00:00-07:00,0.8932,10.53,314.8,False,0.069,18.18,208.8,False,,,,,3.2457,0.8958,0.276011,1d_transect,2026-03-27 05:00:00-07:00,0.8958418369293213,0.6059314351973504,11.111110669595242,292.1588439941406,0.6311696525170555,6.25000013969839,294.3553466796875,0.1464249828257576,18.181818280338256,289.07745361328125,cdip,2026-03-25 20:06:18,0.0
38,2026-03-27 08:00:00-07:00,0.8414,9.87,316.5,False,0.1138,18.18,221.6,False,,,,,2.6276,0.849,0.323115,1d_transect,2026-03-27 08:00:00-07:00,0.8490312099456787,0.5780324741051422,10.526315921561542,293.125,0.5882198530304447,6.25000013969839,294.0062255859375,0.1618634915365921,18.181818280338256,289.30517578125,cdip,2026-03-25 20:06:18,0.0
38,2026-03-27 11:00:00-07:00,0.8125,9.87,316.4,False,0.1365,18.18,232.3,False,,,,,2.5434,0.8239,0.323946,1d_transect,2026-03-27 11:00:00-07:00,0.8239160776138306,0.4906062790008103,10.526315921561542,293.1214904785156,0.2802393041820081,13.33333280351429,288.7956848144531,0.1736569458330272,18.181818280338256,289.4463195800781,cdip,2026-03-25 20:06:18,0.0
38,2026-03-27 14:00:00-07:00,0.8019,9.87,318.3,False,,,,,,,,,2.4547,0.8019,0.326666,1d_transect,2026-03-27 14:00:00-07:00,0.8018773198127747,0.4687551398790215,10.526315921561542,293.1318054199219,0.2312858940788967,18.181818280338256,289.48883056640625,0.2532354774568787,13.33333280351429,288.80206298828125,cdip,2026-03-25 20:06:18,0.0
38,2026-03-27 17:00:00-07:00,0.7612,9.87,316.8,False,0.2223,16.67,247.7,False,,,,,2.5235,0.793,0.314255,1d_transect,2026-03-27 17:00:00-07:00,0.7930276989936829,0.4524625568645789,10.526315921561542,293.1894226074219,0.2466813474059039,16.666667039195705,289.3914794921875,0.2646422614189852,13.33333280351429,288.88232421875,cdip,2026-03-25 20:06:18,0.0
38,2026-03-27 20:00:00-07:00,0.8111,9.87,318.1,False,,,,,,,,,2.5479,0.8111,0.318342,1d_transect,2026-03-27 20:00:00-07:00,0.811103105545044,0.3794070312580732,16.666667039195705,289.4976806640625,0.4442118041642376,10.526315921561542,293.26580810546875,0.5510391035896202,6.25000013969839,293.736328125,cdip,2026-03-25 20:06:18,0.0
38,2026-03-27 23:00:00-07:00,0.8676,9.87,316.1,False,,,,,,,,,2.6592,0.8676,0.326251,1d_transect,2026-03-27 23:00:00-07:00,0.8675826787948608,0.389717862426123,16.666667039195705,289.4979248046875,0.2123185968273232,10.526315921561542,293.41827392578125,0.3880807152460577,5.882352879303138,293.70953369140625,cdip,2026-03-25 20:06:18,0.0
38,2026-03-28 02:00:00-07:00,0.9113,10.53,314.9,False,,,,,,,,,3.2244,0.9113,0.282614,1d_transect,2026-03-28 02:00:00-07:00,0.9112674593925476,0.3591662292823641,16.666667039195705,289.4061889648437,0.2670658840053874,10.526315921561542,293.4901733398437,0.3953032070319083,5.555555334797621,294.21697998046875,cdip,2026-03-25 20:06:18,0.0
38,2026-03-28 05:00:00-07:00,0.9182,10.53,314.9,False,,,,,,,,,3.3062,0.9182,0.277721,1d_transect,2026-03-28 05:00:00-07:00,0.9182000756263732,0.3573118733551468,15.384615948919734,289.26910400390625,0.4874352201954342,10.526315921561542,293.391845703125,0.6817276565713996,5.555555334797621,294.3349914550781,cdip,2026-03-25 20:06:18,0.0
38,2026-03-28 08:00:00-07:00,0.8186,9.87,319.1,False,0.3836,14.29,290.7,False,,,,,2.946,0.904,0.306866,1d_transect,2026-03-28 08:00:00-07:00,0.9040142297744752,0.3864462986168912,15.384615948919734,289.3196105957031,0.4607673811967841,10.526315921561542,293.34112548828125,0.6652807379160712,5.555555334797621,294.5742492675781,cdip,2026-03-25 20:06:18,0.0
38,2026-03-28 11:00:00-07:00,0.3818,14.29,288.3,False,0.7706,9.87,318.2,False,,,,,2.8175,0.86,0.305245,1d_transect,2026-03-28 11:00:00-07:00,0.8600391149520874,0.3884073289699959,15.384615948919734,289.33807373046875,0.435139812248052,10.526315921561542,293.4379272460937,0.6225979586852816,5.555555334797621,294.6151428222656,cdip,2026-03-25 20:06:18,0.0
38,2026-03-28 14:00:00-07:00,0.723,9.87,314.3,False,0.3357,14.29,276.4,False,,,,,2.9177,0.7972,0.273221,1d_transect,2026-03-28 14:00:00-07:00,0.7971760630607605,0.3856661044006073,15.384615948919734,289.31024169921875,0.403677279006315,10.526315921561542,293.59539794921875,0.5598462108682541,5.555555334797621,294.31121826171875,cdip,2026-03-25 20:06:18,0.0
38,2026-03-28 17:00:00-07:00,0.3743,14.29,275.4,False,0.6425,9.87,314.3,False,,,,,2.8353,0.7436,0.262246,1d_transect,2026-03-28 17:00:00-07:00,0.7435575723648071,0.3805839257763168,14.28571422489322,289.3554992675781,0.3719852855979038,10.526315921561542,293.88934326171875,0.5105719665616242,5.555555334797621,294.3837585449219,cdip,2026-03-25 20:06:18,0.0
38,2026-03-28 20:00:00-07:00,0.3563,14.29,274.2,False,0.6297,9.87,314.6,False,,,,,2.8097,0.7235,0.257499,1d_transect,2026-03-28 20:00:00-07:00,0.723484218120575,0.3727990802059315,14.28571422489322,289.3808898925781,0.3480923053042131,9.871668200422231,294.5083312988281,0.3851471367409748,5.555555334797621,295.271240234375,cdip,2026-03-25 20:06:18,0.0
38,2026-03-28 23:00:00-07:00,0.3936,13.33,281.5,False,0.6242,8.33,318.1,False,,,,,2.4791,0.7379,0.297653,1d_transect,2026-03-28 23:00:00-07:00,0.7379016876220703,0.3643168055348832,14.28571422489322,289.3825988769531,0.3390087414679272,9.871668200422231,294.798828125,0.3925281120345997,5.555555334797621,296.82257080078125,cdip,2026-03-25 20:06:18,0.0
38,2026-03-29 02:00:00-07:00,0.3881,13.33,268.4,False,0.5141,8.33,312.8,False,0.3239,9.87,304.8,False,2.6481,0.721,0.272263,1d_transect,2026-03-29 02:00:00-07:00,0.7209903597831726,0.3879878016513486,14.28571422489322,289.38897705078125,0.2833031559910042,9.871668200422231,294.9819641113281,0.3360738671556403,5.555555334797621,297.3931579589844,cdip,2026-03-25 20:06:18,0.0
38,2026-03-29 05:00:00-07:00,0.5728,13.33,268.2,False,0.36,9.87,303.5,False,,,,,1.786,0.6766,0.378815,1d_transect,2026-03-29 05:00:00-07:00,0.6765521764755249,0.3834322086944052,13.33333280351429,289.1945495605469,0.2531471900573685,9.871668200422231,295.330322265625,0.3077565013952567,5.555555334797621,297.2381896972656,cdip,2026-03-25 20:06:18,0.0
38,2026-03-29 08:00:00-07:00,0.3632,13.33,264.1,False,0.5249,9.87,303.6,False,,,,,2.5527,0.6383,0.250055,1d_transect,2026-03-29 08:00:00-07:00,0.6383147835731506,0.377493231128289,13.33333280351429,289.2154541015625,0.3075535337499785,5.555555334797621,297.55645751953125,0.2441667476030138,9.871668200422231,295.6852722167969,cdip,2026-03-25 20:06:18,0.0
38,2026-03-29 11:00:00-07:00,0.35,13.33,259.1,False,0.4967,9.09,304.1,False,,,,,2.4082,0.6076,0.252307,1d_transect,2026-03-29 11:00:00-07:00,0.6076140999794006,0.371099059069295,13.33333280351429,289.26708984375,0.4198217782772426,4.761904910578484,291.6700439453125,0.2260723443499446,9.871668200422231,295.837158203125,cdip,2026-03-25 20:06:18,0.0
38,2026-03-29 14:00:00-07:00,0.3495,13.33,266.4,False,0.4637,9.09,304.7,False,,,,,2.3238,0.5807,0.249888,1d_transect,2026-03-29 14:00:00-07:00,0.5806782841682434,0.363722841635587,13.33333280351429,289.34814453125,0.3966278981482523,4.761904910578484,292.1457824707031,0.2099567046958616,9.871668200422231,295.83428955078125,cdip,2026-03-25 20:06:18,0.0
38,2026-03-29 17:00:00-07:00,0.3232,13.33,262.2,False,0.4713,9.09,303.3,False,0.041,18.18,216.7,False,2.3498,0.573,0.243839,1d_transect,2026-03-29 17:00:00-07:00,0.5729629397392273,0.3635358725250963,13.33333280351429,289.38055419921875,0.3996014027438862,4.761904910578484,294.6359558105469,0.1830667836331794,9.090909140169128,295.9574584960937,cdip,2026-03-25 20:06:18,0.0
38,2026-03-29 20:00:00-07:00,0.4214,13.33,255.4,False,0.339,9.09,303.7,False,0.2599,5.56,320.8,True,1.8955,0.6,0.316524,1d_transect,2026-03-29 20:00:00-07:00,0.5999780893325806,0.349423981704885,13.33333280351429,289.3291931152344,0.449736864423752,4.761904910578484,298.08544921875,0.1695495862537497,9.090909140169128,296.0774841308594,cdip,2026-03-25 20:06:18,0.0
38,2026-03-29 23:00:00-07:00,0.4174,12.5,257.6,False,0.3205,9.09,304.8,False,0.2335,5.26,322.6,True,1.8119,0.5757,0.317734,1d_transect,2026-03-29 23:00:00-07:00,0.5757165551185608,0.3370617988344339,13.33333280351429,289.1532287597656,0.4313609030837586,4.761904910578484,300.0693054199219,0.1575902211745684,9.090909140169128,295.9959411621094,cdip,2026-03-25 20:06:18,0.0
38,2026-03-30 02:00:00-07:00,0.4146,12.5,259.7,False,0.285,9.09,305.1,False,0.1733,5.56,326.6,True,1.6295,0.5321,0.326555,1d_transect,2026-03-30 02:00:00-07:00,0.5321083664894104,0.3280118824624639,12.50000027939678,289.4352111816406,0.3877648905505497,4.761904910578484,300.8442687988281,0.1351523732651956,9.090909140169128,295.890625,cdip,2026-03-25 20:06:18,0.0
38,2026-03-30 05:00:00-07:00,0.3167,12.5,257.7,False,0.343,9.09,304.3,False,0.0707,18.18,221.3,False,1.8043,0.4721,0.261687,1d_transect,2026-03-30 05:00:00-07:00,0.4721496999263763,0.3284794522877486,12.50000027939678,289.45867919921875,0.3236568498116486,4.761904910578484,300.97705078125,0.093127028179225,18.181818280338256,283.03826904296875,cdip,2026-03-25 20:06:18,0.0
38,2026-03-30 08:00:00-07:00,0.414,12.5,253.2,False,0.0652,16.67,221.2,False,,,,,1.8134,0.4191,0.231133,1d_transect,2026-03-30 08:00:00-07:00,0.4191356301307678,0.3098850560584935,12.50000027939678,289.36993408203125,0.2608689877621687,4.761904910578484,302.0240783691406,0.100457439633973,16.666667039195705,282.9565734863281,cdip,2026-03-25 20:06:18,0.0
38,2026-03-30 11:00:00-07:00,0.3786,12.5,245.6,False,0.071,16.67,221.9,False,,,,,1.6663,0.3852,0.231186,1d_transect,2026-03-30 11:00:00-07:00,0.3852221965789795,0.2902766725079863,12.50000027939678,289.19415283203125,0.1098039896433771,16.666667039195705,282.9979248046875,0.0877138439491829,4.545454570084564,302.2117919921875,cdip,2026-03-25 20:06:18,0.0
38,2026-03-30 14:00:00-07:00,0.3486,12.5,235.4,False,0.0804,16.67,223.2,False,,,,,1.4692,0.3578,0.243526,1d_transect,2026-03-30 14:00:00-07:00,0.3577905297279358,0.2718474940795204,12.50000027939678,288.9389038085937,0.119988847406079,16.666667039195705,283.138427734375,0.1764246351996033,4.347826008084592,302.67095947265625,cdip,2026-03-25 20:06:18,0.0
38,2026-03-30 17:00:00-07:00,0.3179,11.76,230.6,False,0.1108,16.67,225.8,False,,,,,1.3362,0.3366,0.251925,1d_transect,2026-03-30 17:00:00-07:00,0.3366146683692932,0.2473055620468744,12.50000027939678,288.6001892089844,0.1453141808769621,16.666667039195705,283.6376647949219,0.1513782804792821,4.166666759798926,303.6961975097656,cdip,2026-03-25 20:06:18,0.0
38,2026-03-30 20:00:00-07:00,0.1241,16.67,230.6,False,0.1809,11.76,220.7,False,0.2351,8.33,302.7,False,1.2818,0.3215,0.25084,1d_transect,2026-03-30 20:00:00-07:00,0.3215308487415313,0.2288050041942884,12.50000027939678,288.219482421875,0.1683913443938794,16.666667039195705,284.5255126953125,0.0970019060864647,6.666666401757145,297.0343933105469,cdip,2026-03-25 20:06:18,0.0
38,2026-03-30 23:00:00-07:00,0.1362,16.67,237.3,False,0.1587,11.76,215.0,False,0.2338,8.33,303.5,False,1.2643,0.3137,0.248095,1d_transect,2026-03-30 23:00:00-07:00,0.3136737644672394,0.182811406015115,16.666667039195705,285.5513000488281,0.171296331556967,12.50000027939678,287.79266357421875,0.1297609431497591,9.090909140169128,289.32745361328125,cdip,2026-03-25 20:06:18,0.0
38,2026-03-31 02:00:00-07:00,0.2185,16.67,246.6,False,0.1647,11.11,210.4,False,0.1319,8.33,301.3,False,0.9746,0.3037,0.311639,1d_transect,2026-03-31 02:00:00-07:00,0.303725004196167,0.1941264968389912,16.666667039195705,286.2061767578125,0.1633825998150983,12.50000027939678,287.23663330078125,0.1267150200341596,8.333333519597852,285.20855712890625,cdip,2026-03-25 20:06:18,0.0
38,2026-03-31 05:00:00-07:00,0.1924,16.67,251.9,False,0.138,11.11,211.3,False,0.1761,8.33,278.9,False,1.1587,0.2951,0.254689,1d_transect,2026-03-31 05:00:00-07:00,0.2951021194458008,0.2156279053511361,16.666667039195705,287.24169921875,0.1613422203487409,11.764705758606276,288.044189453125,0.1158312611126358,8.333333519597852,289.4770812988281,cdip,2026-03-25 20:06:18,0.0
38,2026-03-31 08:00:00-07:00,0.1953,15.38,243.1,False,0.1776,11.11,212.2,False,0.166,5.26,236.8,True,1.1756,0.3118,0.265224,1d_transect,2026-03-31 08:00:00-07:00,0.3118099272251129,0.2177919855727225,16.666667039195705,287.36920166015625,0.1499357229061038,11.764705758606276,288.0468139648437,0.1538877287391076,8.333333519597852,285.5888671875,cdip,2026-03-25 20:06:18,0.0
38,2026-03-31 11:00:00-07:00,0.2288,15.38,245.3,False,0.2211,11.11,211.1,False,0.0,3.23,150.3,True,1.1162,0.3181,0.285031,1d_transect,2026-03-31 11:00:00-07:00,0.3181414902210235,0.2421848112506995,15.384615948919734,286.7955322265625,0.1627557990690705,11.764705758606276,287.993408203125,0.0998972322558422,8.333333519597852,286.0205383300781,cdip,2026-03-25 20:06:18,0.0
38,2026-03-31 14:00:00-07:00,0.248,15.38,249.7,False,0.1653,11.11,200.6,False,0.2791,6.25,230.8,False,1.3877,0.4083,0.294256,1d_transect,2026-03-31 14:00:00-07:00,0.40834441781044,0.2556826304769339,15.384615948919734,286.8523864746094,0.1291059943223345,11.764705758606276,287.88006591796875,0.2489207224221472,4.761904910578484,268.1529846191406,cdip,2026-03-25 20:06:18,0.0
39,2026-03-25 02:00:00-07:00,0.7613,18.18,230.8,False,0.5774,12.5,258.2,False,0.3188,4.0,286.7,True,1.4379,1.0073,0.700528,1d_transect,2026-03-25 02:00:00-07:00,1.0072687864303589,0.4246209154215259,16.666667039195705,274.57794189453125,0.798797164377638,11.111110669595242,298.34930419921875,0.3782557675154509,14.28571422489322,288.62030029296875,cdip,2026-03-25 20:06:18,0.0
39,2026-03-25 05:00:00-07:00,0.7471,18.18,232.4,False,0.6851,12.5,258.5,False,0.3054,4.17,297.1,True,1.446,1.0587,0.732143,1d_transect,2026-03-25 05:00:00-07:00,1.0586872100830078,0.8439904128177979,11.764705758606276,296.2925109863281,0.4137465513149029,14.28571422489322,289.6650390625,0.4136808736989652,16.666667039195705,273.51971435546875,cdip,2026-03-25 20:06:18,0.0
39,2026-03-25 08:00:00-07:00,0.7641,16.67,233.2,False,0.7969,13.33,262.4,False,0.33,4.0,291.8,True,1.5174,1.1523,0.759361,1d_transect,2026-03-25 08:00:00-07:00,1.1522692441940308,1.1155638885079628,11.764705758606276,297.2182922363281,,,,,,,cdip,2026-03-25 20:06:18,0.0
39,2026-03-25 11:00:00-07:00,0.7911,16.67,236.1,False,0.9149,13.33,263.4,False,0.4641,4.35,298.0,True,1.6648,1.2955,0.778163,1d_transect,2026-03-25 11:00:00-07:00,1.295496702194214,1.2389293826602208,12.50000027939678,297.15850830078125,,,,,,,cdip,2026-03-25 20:06:18,0.0
39,2026-03-25 14:00:00-07:00,0.808,16.67,228.9,False,1.0639,13.33,262.3,False,0.5656,4.76,295.0,True,1.8081,1.4508,0.802351,1d_transect,2026-03-25 14:00:00-07:00,1.4507557153701782,1.3914042116181753,12.50000027939678,298.2357482910156,0.3474234594553868,4.347826008084592,295.7503967285156,,,,cdip,2026-03-25 20:06:18,0.0
39,2026-03-25 17:00:00-07:00,0.8638,16.67,228.7,False,1.1904,13.33,262.3,False,0.9434,5.56,292.3,True,2.015,1.7473,0.867148,1d_transect,2026-03-25 17:00:00-07:00,1.7473289966583252,1.4699196411523812,12.50000027939678,298.4814147949219,0.5323737754561383,5.263157960780771,296.6742858886719,,,,cdip,2026-03-25 20:06:18,0.0
39,2026-03-25 20:00:00-07:00,0.8675,16.67,228.6,False,1.2066,13.33,261.1,False,1.5568,6.67,285.6,False,2.3816,2.1522,0.903669,1d_transect,2026-03-25 20:00:00-07:00,2.1522178649902344,1.4739293518392669,11.111110669595242,299.7724914550781,1.5372505329176598,7.14285711244661,293.9774780273437,,,,cdip,2026-03-25 20:06:18,0.0
39,2026-03-25 23:00:00-07:00,0.7851,16.67,228.3,False,2.1525,7.69,283.3,False,0.759,12.5,266.3,False,2.7697,2.4137,0.871463,1d_transect,2026-03-25 23:00:00-07:00,2.4136691093444824,2.3782914652460447,9.871668200422231,297.95135498046875,,,,,,,cdip,2026-03-25 20:06:18,0.0
39,2026-03-26 02:00:00-07:00,0.7653,16.67,230.5,False,2.4152,9.09,277.9,False,,,,,3.1261,2.5335,0.810458,1d_transect,2026-03-26 02:00:00-07:00,2.533545970916748,2.486966014041027,9.871668200422231,296.688720703125,,,,,,,cdip,2026-03-25 20:06:18,0.0
39,2026-03-26 05:00:00-07:00,2.6168,9.87,276.6,False,0.6265,15.38,244.1,False,,,,,3.1829,2.6908,0.845374,1d_transect,2026-03-26 05:00:00-07:00,2.6907644271850586,2.6328284511583493,9.090909140169128,296.82794189453125,,,,,,,cdip,2026-03-25 20:06:18,0.0
39,2026-03-26 08:00:00-07:00,2.6445,9.87,274.0,False,0.583,15.38,241.7,False,,,,,3.1492,2.708,0.859893,1d_transect,2026-03-26 08:00:00-07:00,2.7079899311065674,2.648131439189845,9.871668200422231,296.30584716796875,,,,,,,cdip,2026-03-25 20:06:18,0.0
39,2026-03-26 11:00:00-07:00,2.5172,10.53,276.5,False,0.5478,15.38,241.5,False,,,,,3.0078,2.5761,0.856495,1d_transect,2026-03-26 11:00:00-07:00,2.5761492252349854,2.5185997185336704,10.526315921561542,297.2494812011719,,,,,,,cdip,2026-03-25 20:06:18,0.0
39,2026-03-26 14:00:00-07:00,2.3996,10.53,270.3,False,,,,,,,,,2.7574,2.3996,0.87022,1d_transect,2026-03-26 14:00:00-07:00,2.39957046508789,2.345593017946656,10.526315921561542,298.116943359375,,,,,,,cdip,2026-03-25 20:06:18,0.0
39,2026-03-26 17:00:00-07:00,2.2195,10.53,276.5,False,,,,,,,,,2.5211,2.2195,0.880387,1d_transect,2026-03-26 17:00:00-07:00,2.2195498943328857,2.169936781421298,10.526315921561542,299.0396423339844,,,,,,,cdip,2026-03-25 20:06:18,0.0
39,2026-03-26 20:00:00-07:00,2.1443,10.53,271.0,False,,,,,,,,,2.3465,2.1443,0.91384,1d_transect,2026-03-26 20:00:00-07:00,2.1442902088165283,2.095397819880608,10.526315921561542,299.704345703125,0.1124492109246161,19.99999970197678,284.7475891113281,,,,cdip,2026-03-25 20:06:18,0.0
39,2026-03-26 23:00:00-07:00,2.1516,10.53,276.4,False,,,,,,,,,2.2824,2.1516,0.942704,1d_transect,2026-03-26 23:00:00-07:00,2.1516127586364746,2.1048108682728777,10.526315921561542,300.0308837890625,0.1172490827357995,19.99999970197678,284.98834228515625,,,,cdip,2026-03-25 20:06:18,0.0
39,2026-03-27 02:00:00-07:00,2.1137,10.53,270.2,False,,,,,,,,,1.2067,2.1137,1.751631,1d_transect,2026-03-27 02:00:00-07:00,2.1137068271636963,2.070806941980293,10.526315921561542,300.32489013671875,,,,,,,cdip,2026-03-25 20:06:18,0.0
39,2026-03-27 05:00:00-07:00,2.0073,11.76,270.9,False,,,,,,,,,1.2231,2.0073,1.641146,1d_transect,2026-03-27 05:00:00-07:00,2.007312536239624,1.9556233520407909,11.111110669595242,299.0443725585937,0.1962420471902126,18.181818280338256,284.41033935546875,,,,cdip,2026-03-25 20:06:18,0.0
39,2026-03-27 08:00:00-07:00,1.8991,10.53,268.9,False,,,,,,,,,1.1529,1.8991,1.647212,1d_transect,2026-03-27 08:00:00-07:00,1.8991167545318604,1.8459587974677525,11.111110669595242,298.732421875,0.2136887002602248,18.181818280338256,285.51922607421875,,,,cdip,2026-03-25 20:06:18,0.0
39,2026-03-27 11:00:00-07:00,1.7429,10.53,276.1,False,0.5648,18.18,231.7,False,,,,,1.0864,1.8321,1.686418,1d_transect,2026-03-27 11:00:00-07:00,1.8320772647857664,1.7766553404948315,10.526315921561542,300.1834411621094,0.2277872347398279,18.181818280338256,286.20574951171875,,,,cdip,2026-03-25 20:06:18,0.0
39,2026-03-27 14:00:00-07:00,1.7777,10.53,271.9,False,,,,,,,,,1.0581,1.7777,1.680055,1d_transect,2026-03-27 14:00:00-07:00,1.7777098417282104,1.70895183069032,10.526315921561542,299.98211669921875,0.3121573513321612,18.181818280338256,286.3893127441406,,,,cdip,2026-03-25 20:06:18,0.0
39,2026-03-27 17:00:00-07:00,1.7624,10.53,275.8,False,,,,,,,,,1.065,1.7624,1.654854,1d_transect,2026-03-27 17:00:00-07:00,1.7623735666275024,1.690729225160032,10.526315921561542,299.7828369140625,0.3330371545214911,16.666667039195705,286.46661376953125,,,,cdip,2026-03-25 20:06:18,0.0
39,2026-03-27 20:00:00-07:00,1.795,11.76,269.4,False,,,,,,,,,1.1625,1.795,1.544091,1d_transect,2026-03-27 20:00:00-07:00,1.7949601411819458,1.7237385374285266,10.526315921561542,299.7566223144531,0.3476851735831457,16.666667039195705,287.2326354980469,,,,cdip,2026-03-25 20:06:18,0.0
39,2026-03-27 23:00:00-07:00,1.1956,12.5,266.2,False,1.4328,10.53,276.5,False,,,,,1.9514,1.8661,0.956297,1d_transect,2026-03-27 23:00:00-07:00,1.8661370277404783,1.8326891043043327,10.526315921561542,299.98651123046875,,,,,,,cdip,2026-03-25 20:06:18,0.0
39,2026-03-28 02:00:00-07:00,1.2617,12.5,264.6,False,1.4914,10.53,271.3,False,,,,,2.0018,1.9535,0.975896,1d_transect,2026-03-28 02:00:00-07:00,1.9535133838653564,1.920963046030259,11.111110669595242,299.1827392578125,,,,,,,cdip,2026-03-25 20:06:18,0.0
39,2026-03-28 05:00:00-07:00,1.2724,12.5,265.1,False,1.5461,10.53,276.8,False,,,,,2.0453,2.0023,0.979004,1d_transect,2026-03-28 05:00:00-07:00,2.002337455749512,0.5941784499165508,11.111110669595242,299.2942810058594,,,,,,,cdip,2026-03-25 20:06:18,0.0
39,2026-03-28 08:00:00-07:00,1.5567,10.53,271.7,False,0.8106,14.29,249.0,False,0.9607,12.5,265.0,False,2.0495,2.0008,0.976265,1d_transect,2026-03-28 08:00:00-07:00,2.000833511352539,1.874890248245572,11.111110669595242,299.184814453125,0.5936302780788941,14.28571422489322,289.60955810546875,,,,cdip,2026-03-25 20:06:18,0.0
39,2026-03-28 11:00:00-07:00,1.5044,10.53,277.2,False,0.7865,14.29,250.4,False,0.9145,12.5,265.1,False,2.0024,1.9282,0.962939,1d_transect,2026-03-28 11:00:00-07:00,1.9282361268997192,1.8028333038553712,11.111110669595242,299.1670837402344,0.5835784386645161,14.28571422489322,289.05743408203125,,,,cdip,2026-03-25 20:06:18,0.0
39,2026-03-28 14:00:00-07:00,1.1372,12.5,265.9,False,1.4214,10.53,266.7,False,,,,,1.9241,1.8203,0.946088,1d_transect,2026-03-28 14:00:00-07:00,1.820322036743164,1.6967992877227325,11.111110669595242,299.1968688964844,0.5644379365421903,14.28571422489322,288.4325561523437,,,,cdip,2026-03-25 20:06:18,0.0
39,2026-03-28 17:00:00-07:00,1.1036,13.33,249.2,False,1.3015,10.53,276.4,False,,,,,1.7952,1.7064,0.950537,1d_transect,2026-03-28 17:00:00-07:00,1.7064244747161863,1.5460301883483287,11.111110669595242,299.1366271972656,0.6469335156423038,14.28571422489322,287.9586181640625,,,,cdip,2026-03-25 20:06:18,0.0
39,2026-03-28 20:00:00-07:00,1.0685,13.33,250.0,False,1.2219,10.53,265.7,False,,,,,1.7066,1.6232,0.951079,1d_transect,2026-03-28 20:00:00-07:00,1.6231558322906494,1.4616930583692076,10.526315921561542,300.21044921875,0.6364646363217784,14.28571422489322,287.77423095703125,,,,cdip,2026-03-25 20:06:18,0.0
39,2026-03-28 23:00:00-07:00,1.0815,13.33,251.4,False,1.1814,9.87,277.6,False,,,,,1.611,1.6017,0.99419,1d_transect,2026-03-28 23:00:00-07:00,1.601677179336548,1.445546417380572,9.871668200422231,301.2662353515625,0.6224885660410854,13.33333280351429,287.9301147460937,,,,cdip,2026-03-25 20:06:18,0.0
39,2026-03-29 02:00:00-07:00,1.0497,13.33,247.6,False,0.7197,9.87,249.6,False,0.8855,7.69,280.8,False,1.5741,1.5505,0.985008,1d_transect,2026-03-29 02:00:00-07:00,1.5504683256149292,1.3971621449187095,9.871668200422231,300.7074584960937,0.6110579911486349,13.33333280351429,287.6750183105469,,,,cdip,2026-03-25 20:06:18,0.0
39,2026-03-29 05:00:00-07:00,0.9878,13.33,248.0,False,0.6289,9.87,277.9,False,0.8082,7.69,286.4,False,1.5134,1.4228,0.94016,1d_transect,2026-03-29 05:00:00-07:00,1.4228394031524658,1.2685578414490148,9.871668200422231,300.28564453125,0.5886931583304049,13.33333280351429,287.4686584472656,0.0676564864799824,19.99999970197678,264.6434020996094,cdip,2026-03-25 20:06:18,0.0
39,2026-03-29 08:00:00-07:00,0.9509,13.33,247.3,False,0.6574,9.87,247.2,False,0.6177,6.25,277.8,False,1.4333,1.3107,0.914491,1d_transect,2026-03-29 08:00:00-07:00,1.3107004165649414,0.6757568666091592,13.33333280351429,287.3644104003906,1.097490623983683,9.871668200422231,300.1123352050781,0.0675040317433463,19.99999970197678,264.9296569824219,cdip,2026-03-25 20:06:18,0.0
39,2026-03-29 11:00:00-07:00,0.9179,13.33,245.7,False,0.5864,9.87,277.1,False,0.5746,6.25,285.4,False,1.3792,1.2315,0.892884,1d_transect,2026-03-29 11:00:00-07:00,1.2314834594726562,0.6563295869325836,13.33333280351429,287.2269592285156,1.0205072097228975,9.871668200422231,299.96844482421875,,,,cdip,2026-03-25 20:06:18,0.0
39,2026-03-29 14:00:00-07:00,0.9902,13.33,249.9,False,0.2361,18.18,228.4,False,0.5558,9.87,249.1,False,1.1995,1.1598,0.966897,1d_transect,2026-03-29 14:00:00-07:00,1.1597952842712402,0.6345657241108853,13.33333280351429,287.02325439453125,0.9510719978290136,9.090909140169128,301.6543273925781,,,,cdip,2026-03-25 20:06:18,0.0
39,2026-03-29 17:00:00-07:00,0.947,13.33,249.3,False,0.2514,18.18,227.9,False,0.4968,9.87,277.0,False,1.1715,1.0985,0.93764,1d_transect,2026-03-29 17:00:00-07:00,1.09848153591156,0.6058508789996615,13.33333280351429,286.6976318359375,0.8927272921361591,9.090909140169128,301.4925537109375,0.1038041768677485,18.181818280338256,263.90576171875,cdip,2026-03-25 20:06:18,0.0
39,2026-03-29 20:00:00-07:00,0.9561,13.33,248.0,False,0.2696,18.18,227.9,False,0.4417,9.09,256.1,False,1.1567,1.0871,0.939803,1d_transect,2026-03-29 20:00:00-07:00,1.0871158838272097,0.582832106274548,13.33333280351429,286.08843994140625,0.6573149152660401,9.090909140169128,301.4555969238281,0.6097049354859118,5.882352879303138,304.0624389648437,cdip,2026-03-25 20:06:18,0.0
39,2026-03-29 23:00:00-07:00,0.8941,12.5,247.3,False,0.3321,18.18,231.3,False,0.4357,9.09,280.6,False,1.1329,1.0485,0.925538,1d_transect,2026-03-29 23:00:00-07:00,1.0485438108444214,0.5907651536587982,13.33333280351429,285.30792236328125,0.5867076866386862,9.090909140169128,301.52850341796875,0.6102698355317376,5.263157960780771,304.42852783203125,cdip,2026-03-25 20:06:18,0.0
39,2026-03-30 02:00:00-07:00,0.8339,12.5,247.7,False,0.3316,18.18,232.0,False,0.3906,9.09,280.2,False,1.0958,0.9788,0.893225,1d_transect,2026-03-30 02:00:00-07:00,0.978782594203949,0.5650126087583929,12.50000027939678,286.5700988769531,0.572453474518706,9.090909140169128,301.6424560546875,0.5295668613709411,4.761904910578484,303.79815673828125,cdip,2026-03-25 20:06:18,0.0
39,2026-03-30 05:00:00-07:00,0.7553,12.5,247.2,False,0.295,18.18,231.8,False,0.3849,4.76,294.4,True,1.1852,0.8975,0.757318,1d_transect,2026-03-30 05:00:00-07:00,0.8975418210029602,0.5578451225214086,12.50000027939678,286.8177490234375,0.5125340362475653,9.090909140169128,301.6548767089844,0.440976129542292,5.555555334797621,306.90533447265625,cdip,2026-03-25 20:06:18,0.0
39,2026-03-30 08:00:00-07:00,0.7094,12.5,245.5,False,0.301,16.67,230.8,False,0.293,4.76,295.4,True,1.1162,0.8245,0.738633,1d_transect,2026-03-30 08:00:00-07:00,0.8244611024856567,0.5286592121067778,12.50000027939678,286.765625,0.6014145794673471,8.333333519597852,303.0956726074219,0.1563504652428317,16.666667039195705,265.64794921875,cdip,2026-03-25 20:06:18,0.0
39,2026-03-30 11:00:00-07:00,0.6484,12.5,242.4,False,0.3469,16.67,231.3,False,0.2313,4.55,294.4,True,1.069,0.7709,0.721152,1d_transect,2026-03-30 11:00:00-07:00,0.7709243297576904,0.4963493495956259,12.50000027939678,286.3747863769531,0.5538139928555578,8.333333519597852,303.1089172363281,0.1699495523392862,16.666667039195705,266.5250244140625,cdip,2026-03-25 20:06:18,0.0
39,2026-03-30 14:00:00-07:00,0.3624,16.67,232.0,False,0.6032,12.5,238.2,False,0.1855,4.35,294.1,True,1.0296,0.7277,0.706784,1d_transect,2026-03-30 14:00:00-07:00,0.7277143001556396,0.4495240107249421,12.50000027939678,285.38153076171875,0.5219829734945921,8.333333519597852,303.2245483398437,0.2097403253121253,16.666667039195705,267.4159851074219,cdip,2026-03-25 20:06:18,0.0
39,2026-03-30 17:00:00-07:00,0.3754,16.67,232.7,False,0.5527,11.76,234.8,False,0.1474,4.17,294.5,True,0.9835,0.6842,0.695693,1d_transect,2026-03-30 17:00:00-07:00,0.6841924786567688,0.4098155491274646,12.50000027939678,283.5046081542969,0.4903890946914208,8.333333519597852,303.013671875,0.2233377771595141,16.666667039195705,268.88983154296875,cdip,2026-03-25 20:06:18,0.0
39,2026-03-30 20:00:00-07:00,0.3774,16.67,233.3,False,0.5093,11.76,230.8,False,0.1178,4.0,294.3,True,0.9612,0.6447,0.670805,1d_transect,2026-03-30 20:00:00-07:00,0.6447488069534302,0.3719617630216539,12.50000027939678,280.8265991210937,0.4596293298326837,8.333333519597852,301.96563720703125,0.2396132875654411,16.666667039195705,271.04278564453125,cdip,2026-03-25 20:06:18,0.0
39,2026-03-30 23:00:00-07:00,0.3736,16.67,234.1,False,0.4667,11.76,227.1,False,0.1473,2.94,283.0,True,0.9558,0.6157,0.644153,1d_transect,2026-03-30 23:00:00-07:00,0.6156951785087585,0.2798052150857362,16.666667039195705,273.6205749511719,0.3236422440116306,11.764705758606276,281.5194396972656,0.434022068456345,8.333333519597852,300.2896728515625,cdip,2026-03-25 20:06:18,0.0
39,2026-03-31 02:00:00-07:00,0.4282,16.67,235.3,False,0.3609,11.76,224.4,False,0.1899,8.33,242.6,False,0.8779,0.5913,0.67354,1d_transect,2026-03-31 02:00:00-07:00,0.5912869572639465,0.2975514484750216,16.666667039195705,275.9793395996094,0.3025684124813237,11.111110669595242,287.18359375,0.4031393029434968,8.333333519597852,294.30096435546875,cdip,2026-03-25 20:06:18,0.0
39,2026-03-31 05:00:00-07:00,0.4198,15.38,234.7,False,0.3485,11.76,223.7,False,0.1797,8.33,266.3,False,0.9085,0.5744,0.632274,1d_transect,2026-03-31 05:00:00-07:00,0.574440062046051,0.335057539327696,16.666667039195705,278.7622375488281,0.3269226077637256,11.111110669595242,289.13848876953125,0.3215559297946312,8.333333519597852,286.4456481933594,cdip,2026-03-25 20:06:18,0.0
39,2026-03-31 08:00:00-07:00,0.4512,15.38,235.9,False,0.3212,11.76,226.1,False,0.2332,7.69,245.9,False,0.9064,0.6009,0.662986,1d_transect,2026-03-31 08:00:00-07:00,0.6009255051612854,0.3402594597907212,16.666667039195705,279.1761779785156,0.3446940968708786,11.111110669595242,289.7437744140625,0.3371012937979494,8.333333519597852,286.95819091796875,cdip,2026-03-25 20:06:18,0.0
39,2026-03-31 11:00:00-07:00,0.5108,15.38,236.1,False,0.4226,11.76,225.4,False,0.0918,3.03,223.8,True,0.9468,0.6693,0.706857,1d_transect,2026-03-31 11:00:00-07:00,0.6692793965339661,0.3776739636573094,15.384615948919734,277.40399169921875,0.5377391144334805,10.526315921561542,297.072509765625,0.0527988818576217,4.166666759798926,276.73309326171875,cdip,2026-03-25 20:06:18,0.0
39,2026-03-31 14:00:00-07:00,0.604,15.38,237.1,False,0.3745,11.76,225.0,False,0.2871,7.69,243.7,False,0.9423,0.7664,0.813411,1d_transect,2026-03-31 14:00:00-07:00,0.7664446234703064,0.4037630986041907,15.384615948919734,277.57568359375,0.5130065445596369,9.871668200422231,301.04766845703125,0.3333044199461306,4.761904910578484,247.7333526611328,cdip,2026-03-25 20:06:18,0.0
40,2026-03-25 02:00:00-07:00,0.6073,18.18,230.8,False,0.1383,12.5,258.2,False,0.0668,4.0,286.7,True,0.3833,0.6264,1.634267,1d_transect,2026-03-25 02:00:00-07:00,0.626427948474884,0.4815899136454452,18.181818280338256,204.0971221923828,0.394058356271226,12.50000027939678,203.1441802978516,,,,cdip,2026-03-25 20:06:18,0.0
40,2026-03-25 05:00:00-07:00,0.5984,18.18,232.4,False,0.1647,12.5,258.5,False,0.0657,4.17,297.1,True,0.364,0.6241,1.714851,1d_transect,2026-03-25 05:00:00-07:00,0.6241289973258972,0.5008078445306963,18.181818280338256,203.80300903320312,0.3634350506221517,12.50000027939678,204.31634521484372,,,,cdip,2026-03-25 20:06:18,0.0
40,2026-03-25 08:00:00-07:00,0.5934,16.67,233.2,False,0.2073,13.33,262.4,False,0.0745,4.0,291.8,True,0.3371,0.6329,1.877551,1d_transect,2026-03-25 08:00:00-07:00,0.6329394578933716,0.4927267995971629,18.181818280338256,203.3067779541016,0.3852826651353638,12.50000027939678,205.7067413330078,0.04587536517902,5.555555334797621,260.00927734375,cdip,2026-03-25 20:06:18,0.0
40,2026-03-25 11:00:00-07:00,0.5913,16.67,236.1,False,0.2673,13.33,263.4,False,0.1184,4.35,298.0,True,0.3053,0.6596,2.160269,1d_transect,2026-03-25 11:00:00-07:00,0.659619152545929,0.4871683856875779,18.181818280338256,203.3507537841797,0.4262181419844499,11.764705758606276,213.4160003662109,0.0847506355923396,4.761904910578484,263.0188293457031,cdip,2026-03-25 20:06:18,0.0
40,2026-03-25 14:00:00-07:00,0.6561,16.67,228.9,False,0.249,13.33,262.3,False,0.1156,4.76,295.0,True,0.3985,0.7112,1.784716,1d_transect,2026-03-25 14:00:00-07:00,0.7112342119216919,0.4887122248270131,16.666667039195705,201.78097534179688,0.4831615826219821,11.111110669595242,221.7017822265625,0.1569154368058585,4.761904910578484,263.043212890625,cdip,2026-03-25 20:06:18,0.0
40,2026-03-25 17:00:00-07:00,0.6846,16.67,228.7,False,0.2719,13.33,262.3,False,0.1869,5.56,292.3,True,0.4037,0.76,1.882598,1d_transect,2026-03-25 17:00:00-07:00,0.7599558234214783,0.5202153010760475,16.666667039195705,201.7288818359375,0.5103593377423639,11.111110669595242,224.89337158203125,0.1885657220044364,4.761904910578484,262.73114013671875,cdip,2026-03-25 20:06:18,0.0
40,2026-03-25 20:00:00-07:00,0.7423,16.67,228.6,False,0.2976,13.33,261.1,False,0.3024,6.67,285.6,False,0.4036,0.855,2.118267,1d_transect,2026-03-25 20:00:00-07:00,0.8550383448600769,0.5231435493613479,16.666667039195705,201.5994110107422,0.4208002861092629,11.111110669595242,226.8427734375,0.4336465210633876,7.692307974459867,240.425048828125,cdip,2026-03-25 20:06:18,0.0
40,2026-03-25 23:00:00-07:00,0.8949,16.67,228.3,False,0.2187,12.5,266.3,False,0.5255,7.69,283.3,False,0.3897,1.0606,2.72127,1d_transect,2026-03-25 23:00:00-07:00,1.060577392578125,0.8436111069863358,8.333333519597852,240.4597320556641,0.5156324705619953,16.666667039195705,201.3311767578125,0.3383266090669963,5.555555334797621,256.75262451171875,cdip,2026-03-25 20:06:18,0.0
40,2026-03-26 02:00:00-07:00,0.9372,16.67,230.5,False,0.7367,9.09,277.9,False,,,,,0.3772,1.1921,3.16032,1d_transect,2026-03-26 02:00:00-07:00,1.192114233970642,0.9699571561983532,8.333333519597852,239.51394653320312,0.4910429082508556,16.666667039195705,200.7576446533203,0.4185253441422477,4.761904910578484,261.25836181640625,cdip,2026-03-25 20:06:18,0.0
40,2026-03-26 05:00:00-07:00,0.6762,15.38,244.1,False,1.0331,9.87,276.6,False,,,,,0.2894,1.2347,4.26665,1d_transect,2026-03-26 05:00:00-07:00,1.2346938848495483,1.0053314550403056,9.871668200422231,237.85882568359372,0.4607839578656177,15.384615948919734,200.65673828125,0.4668560100351676,4.761904910578484,260.88336181640625,cdip,2026-03-25 20:06:18,0.0
40,2026-03-26 08:00:00-07:00,0.6465,15.38,241.7,False,1.0714,9.87,274.0,False,,,,,0.2806,1.2514,4.459476,1d_transect,2026-03-26 08:00:00-07:00,1.2513881921768188,1.0285488044169506,9.871668200422231,238.8570098876953,0.4362083162113646,15.384615948919734,200.572265625,0.4771516248227257,4.761904910578484,260.7564697265625,cdip,2026-03-25 20:06:18,0.0
40,2026-03-26 11:00:00-07:00,0.5887,15.38,241.5,False,1.0281,10.53,276.5,False,,,,,0.2752,1.1847,4.304728,1d_transect,2026-03-26 11:00:00-07:00,1.1847234964370728,0.9804248401034596,9.871668200422231,239.5147399902344,0.380421295528921,15.384615948919734,200.4077606201172,0.4733118660892476,4.761904910578484,260.96099853515625,cdip,2026-03-25 20:06:18,0.0
40,2026-03-26 14:00:00-07:00,1.0961,10.53,270.3,False,,,,,,,,,0.2238,1.0961,4.897522,1d_transect,2026-03-26 14:00:00-07:00,1.0960633754730225,0.9056020966202828,9.871668200422231,239.953369140625,0.3692468229933704,15.384615948919734,200.365234375,0.4313544564318894,4.761904910578484,260.9426574707031,cdip,2026-03-25 20:06:18,0.0
40,2026-03-26 17:00:00-07:00,1.0063,10.53,276.5,False,,,,,,,,,0.2049,1.0063,4.911989,1d_transect,2026-03-26 17:00:00-07:00,1.00632643699646,0.8233770320006029,9.871668200422231,240.12738037109372,0.3586941016453202,15.384615948919734,200.2353973388672,0.4002320405872271,4.761904910578484,261.4952697753906,cdip,2026-03-25 20:06:18,0.0
40,2026-03-26 20:00:00-07:00,0.9469,10.53,271.0,False,,,,,,,,,0.1904,0.9469,4.971961,1d_transect,2026-03-26 20:00:00-07:00,0.9468827843666076,0.7638386546701903,9.871668200422231,240.17971801757807,0.3513711489700085,15.384615948919734,200.0586395263672,0.3909586286352561,4.761904910578484,262.083740234375,cdip,2026-03-25 20:06:18,0.0
40,2026-03-26 23:00:00-07:00,0.9144,10.53,276.4,False,,,,,,,,,0.1855,0.9144,4.929931,1d_transect,2026-03-26 23:00:00-07:00,0.9143652319908142,0.7353027594786916,9.871668200422231,240.17498779296875,0.3447661452255164,15.384615948919734,200.21849060058597,0.3795549171519611,4.761904910578484,262.307373046875,cdip,2026-03-25 20:06:18,0.0
40,2026-03-27 02:00:00-07:00,0.8974,10.53,270.2,False,,,,,,,,,0.0979,0.8974,9.162964,1d_transect,2026-03-27 02:00:00-07:00,0.8974148631095886,0.7242056388269998,9.871668200422231,240.19119262695312,0.3403169853197126,15.384615948919734,200.5988006591797,0.3671358223068997,4.761904910578484,262.410400390625,cdip,2026-03-25 20:06:18,0.0
40,2026-03-27 05:00:00-07:00,0.8616,11.76,270.9,False,,,,,,,,,0.1045,0.8616,8.24384,1d_transect,2026-03-27 05:00:00-07:00,0.8615517616271973,0.6935017298582394,9.871668200422231,239.90884399414065,0.3377037278229134,14.28571422489322,201.2109222412109,0.3461717222022286,4.761904910578484,262.356201171875,cdip,2026-03-25 20:06:18,0.0
40,2026-03-27 08:00:00-07:00,0.8191,10.53,268.9,False,,,,,,,,,0.0921,0.8191,8.898479,1d_transect,2026-03-27 08:00:00-07:00,0.81914222240448,0.6298712851334513,9.871668200422231,239.462158203125,0.3821584332502499,14.28571422489322,201.0380706787109,0.3221564035574398,4.761904910578484,262.2745361328125,cdip,2026-03-25 20:06:18,0.0
40,2026-03-27 11:00:00-07:00,0.6388,18.18,231.7,False,0.4685,10.53,276.1,False,,,,,0.142,0.7921,5.578095,1d_transect,2026-03-27 11:00:00-07:00,0.7921484708786011,0.6092391107115931,9.871668200422231,239.3002014160156,0.3806937663846474,14.28571422489322,200.8220672607422,0.2973913843439537,4.761904910578484,262.0999755859375,cdip,2026-03-25 20:06:18,0.0
40,2026-03-27 14:00:00-07:00,0.7748,10.53,271.9,False,,,,,,,,,0.0859,0.7748,9.022331,1d_transect,2026-03-27 14:00:00-07:00,0.7748385071754456,0.5948718025568993,9.871668200422231,239.2218780517578,0.3835530790120815,14.28571422489322,200.64588928222656,0.2776888610872812,4.761904910578484,261.838623046875,cdip,2026-03-25 20:06:18,0.0
40,2026-03-27 17:00:00-07:00,0.7561,10.53,275.8,False,,,,,,,,,0.0865,0.7561,8.737173,1d_transect,2026-03-27 17:00:00-07:00,0.7561347484588623,0.5743490824576392,9.871668200422231,239.07601928710935,0.3916174720834556,14.28571422489322,200.66917419433597,0.2598881271308547,4.761904910578484,261.49786376953125,cdip,2026-03-25 20:06:18,0.0
40,2026-03-27 20:00:00-07:00,0.7501,11.76,269.4,False,,,,,,,,,0.0989,0.7501,7.581057,1d_transect,2026-03-27 20:00:00-07:00,0.7501359581947327,0.5637003850352317,9.871668200422231,238.94161987304688,0.4014333404486225,14.28571422489322,200.8045654296875,0.2524919196489224,4.761904910578484,261.54693603515625,cdip,2026-03-25 20:06:18,0.0
40,2026-03-27 23:00:00-07:00,0.5178,12.5,266.2,False,0.5464,10.53,276.5,False,,,,,0.1677,0.7528,4.48792,1d_transect,2026-03-27 23:00:00-07:00,0.7528113126754761,0.5526553272701215,9.871668200422231,238.76373291015625,0.4106594755847421,14.28571422489322,200.95916748046875,0.2719821885457112,4.761904910578484,262.33966064453125,cdip,2026-03-25 20:06:18,0.0
40,2026-03-28 02:00:00-07:00,0.5453,12.5,264.6,False,0.5495,10.53,271.3,False,,,,,0.1748,0.7741,4.429877,1d_transect,2026-03-28 02:00:00-07:00,0.7741321921348572,0.4201428469621096,14.28571422489322,201.1678466796875,0.5546234005255357,9.871668200422231,238.633056640625,0.3116842201774406,4.761904910578484,262.908447265625,cdip,2026-03-25 20:06:18,0.0
40,2026-03-28 05:00:00-07:00,0.5421,12.5,265.1,False,0.58,10.53,276.8,False,,,,,0.1757,0.7938,4.519275,1d_transect,2026-03-28 05:00:00-07:00,0.7938455939292908,0.4291067371300026,14.28571422489322,201.43588256835935,0.3364867610505804,11.111110669595242,230.2090301513672,0.4539932996122607,4.761904910578484,263.1115417480469,cdip,2026-03-25 20:06:18,0.0
40,2026-03-28 08:00:00-07:00,0.5235,14.29,249.0,False,0.3572,12.5,265.0,False,0.4934,10.53,271.7,False,0.2107,0.8032,3.812451,1d_transect,2026-03-28 08:00:00-07:00,0.8031910061836243,0.4384254132887109,14.28571422489322,201.66989135742188,0.3384453706847611,11.111110669595242,230.3109893798828,0.4588536017877105,4.761904910578484,263.081298828125,cdip,2026-03-25 20:06:18,0.0
40,2026-03-28 11:00:00-07:00,0.474,14.29,250.4,False,0.5179,10.53,277.2,False,0.3575,12.5,265.1,False,0.1931,0.7878,4.079281,1d_transect,2026-03-28 11:00:00-07:00,0.7878472208976746,0.4445062503495515,14.28571422489322,201.7581787109375,0.5498525262452297,11.111110669595242,230.1436920166016,0.3213152215332156,4.761904910578484,263.14569091796875,cdip,2026-03-25 20:06:18,0.0
40,2026-03-28 14:00:00-07:00,0.5177,12.5,265.9,False,0.5598,10.53,266.7,False,,,,,0.1634,0.7625,4.66681,1d_transect,2026-03-28 14:00:00-07:00,0.7624865770339966,0.4490012062605247,14.28571422489322,201.5400848388672,0.5205280422364386,11.111110669595242,229.83111572265625,0.3062095752104967,4.761904910578484,263.1892395019531,cdip,2026-03-25 20:06:18,0.0
40,2026-03-28 17:00:00-07:00,0.6192,13.33,249.2,False,0.3935,10.53,276.4,False,,,,,0.2075,0.7337,3.536441,1d_transect,2026-03-28 17:00:00-07:00,0.7336644530296326,0.4507584882864083,13.33333280351429,202.09194946289065,0.4908106192469569,11.111110669595242,229.3470458984375,0.2853862758552968,4.761904910578484,263.2039794921875,cdip,2026-03-25 20:06:18,0.0
40,2026-03-28 20:00:00-07:00,0.6092,13.33,250.0,False,0.3688,10.53,265.7,False,,,,,0.1981,0.7121,3.595382,1d_transect,2026-03-28 20:00:00-07:00,0.7121034860610962,0.4839121677003086,13.33333280351429,202.46583557128903,0.4373707555118082,11.111110669595242,228.79852294921875,0.2655060618862562,4.761904910578484,263.2967834472656,cdip,2026-03-25 20:06:18,0.0
40,2026-03-28 23:00:00-07:00,0.5824,13.33,251.4,False,0.3882,9.87,277.6,False,,,,,0.1676,0.7,4.1768,1d_transect,2026-03-28 23:00:00-07:00,0.6999529600143433,0.4863518929681871,13.33333280351429,202.7525634765625,0.4224155947640994,10.526315921561542,233.4398193359375,0.2537770881551945,4.761904910578484,263.49755859375,cdip,2026-03-25 20:06:18,0.0
40,2026-03-29 02:00:00-07:00,0.5613,13.33,247.6,False,0.3348,9.87,249.6,False,0.2455,7.69,280.8,False,0.1999,0.6981,3.492617,1d_transect,2026-03-29 02:00:00-07:00,0.6981364488601685,0.5132493359008187,13.33333280351429,203.0117645263672,0.3828325851740123,10.526315921561542,232.93679809570312,0.2476742854314585,4.761904910578484,263.8499755859375,cdip,2026-03-25 20:06:18,0.0
40,2026-03-29 05:00:00-07:00,0.5982,13.33,248.0,False,0.1975,9.87,277.9,False,0.2536,7.69,286.4,False,0.1799,0.6791,3.774921,1d_transect,2026-03-29 05:00:00-07:00,0.6790556311607361,0.5130224414964021,13.33333280351429,203.2563934326172,0.3573292750060529,9.871668200422231,237.0992126464844,0.0724550911650818,19.99999970197678,205.38185119628903,cdip,2026-03-25 20:06:18,0.0
40,2026-03-29 08:00:00-07:00,0.538,13.33,247.3,False,0.3235,9.87,247.2,False,0.1955,6.25,277.8,False,0.1917,0.6575,3.430818,1d_transect,2026-03-29 08:00:00-07:00,0.6575189232826233,0.515812415068984,13.33333280351429,203.4957275390625,0.3258814364493104,9.871668200422231,236.97772216796875,0.2286507057484163,4.761904910578484,264.0121459960937,cdip,2026-03-25 20:06:18,0.0
40,2026-03-29 11:00:00-07:00,0.5758,13.33,245.7,False,0.1908,9.87,277.1,False,0.1981,6.25,285.4,False,0.1718,0.6381,3.71421,1d_transect,2026-03-29 11:00:00-07:00,0.6381372213363647,0.1069413403041426,13.33333280351429,204.0406036376953,0.5010859851425863,9.871668200422231,236.6507873535156,0.3027709238039747,4.761904910578484,264.090087890625,cdip,2026-03-25 20:06:18,0.0
40,2026-03-29 14:00:00-07:00,0.3002,18.18,228.4,False,0.4909,13.33,249.9,False,0.2397,9.87,249.1,False,0.1961,0.6233,3.178492,1d_transect,2026-03-29 14:00:00-07:00,0.6233393549919128,0.5147550895829758,13.33333280351429,204.71075439453125,0.2535083474990445,9.871668200422231,236.22784423828125,0.1148204691780485,18.181818280338256,204.50933837890625,cdip,2026-03-25 20:06:18,0.0
40,2026-03-29 17:00:00-07:00,0.3347,18.18,227.9,False,0.4917,13.33,249.3,False,0.1338,9.87,277.0,False,0.1889,0.6097,3.228245,1d_transect,2026-03-29 17:00:00-07:00,0.6096619367599487,0.5620191771783337,13.33333280351429,205.18081665039065,0.1247432927765644,18.181818280338256,204.3080902099609,0.1883377721687009,4.545454570084564,264.0881652832031,cdip,2026-03-25 20:06:18,0.0
40,2026-03-29 20:00:00-07:00,0.3421,18.18,227.9,False,0.4729,13.33,248.0,False,0.1186,9.09,256.1,False,0.1932,0.5956,3.082473,1d_transect,2026-03-29 20:00:00-07:00,0.5955808162689209,0.5503680409945619,13.33333280351429,204.9330902099609,0.1313201758556301,18.181818280338256,204.53289794921875,0.1745887744778723,4.347826008084592,263.8794860839844,cdip,2026-03-25 20:06:18,0.0
40,2026-03-29 23:00:00-07:00,0.3817,18.18,231.3,False,0.4191,12.5,247.3,False,0.1126,9.09,280.6,False,0.1858,0.578,3.110917,1d_transect,2026-03-29 23:00:00-07:00,0.5779600739479065,0.53846354949217,12.50000027939678,207.156005859375,0.1303577557512477,18.181818280338256,204.64341735839844,,,,cdip,2026-03-25 20:06:18,0.0
40,2026-03-30 02:00:00-07:00,0.3829,18.18,232.0,False,0.3927,12.5,247.7,False,0.1014,9.09,280.2,False,0.1849,0.5577,3.015646,1d_transect,2026-03-30 02:00:00-07:00,0.5577433705329895,0.5250408777131486,12.50000027939678,207.9622344970703,0.1283818202991159,18.181818280338256,204.74038696289065,,,,cdip,2026-03-25 20:06:18,0.0
40,2026-03-30 05:00:00-07:00,0.3646,18.18,231.8,False,0.3807,12.5,247.2,False,0.127,4.76,294.4,True,0.1981,0.5422,2.736777,1d_transect,2026-03-30 05:00:00-07:00,0.5421571731567383,0.5124724599174918,12.50000027939678,207.93968200683597,0.1278248105976281,18.181818280338256,204.81353759765625,,,,cdip,2026-03-25 20:06:18,0.0
40,2026-03-30 08:00:00-07:00,0.3572,16.67,230.8,False,0.3739,12.5,245.5,False,0.1018,4.76,295.4,True,0.1888,0.527,2.79082,1d_transect,2026-03-30 08:00:00-07:00,0.526976466178894,0.4889568836372714,12.50000027939678,206.90147399902344,0.1643633098960693,18.181818280338256,204.82647705078125,,,,cdip,2026-03-25 20:06:18,0.0
40,2026-03-30 11:00:00-07:00,0.3546,16.67,231.3,False,0.3623,12.5,242.4,False,0.0687,4.55,294.4,True,0.218,0.5116,2.347008,1d_transect,2026-03-30 11:00:00-07:00,0.5115851759910583,0.4740960724441124,12.50000027939678,205.16915893554688,0.1706721863961682,16.666667039195705,202.94256591796875,,,,cdip,2026-03-25 20:06:18,0.0
40,2026-03-30 14:00:00-07:00,0.3275,16.67,232.0,False,0.3729,12.5,238.2,False,0.0487,4.35,294.1,True,0.2452,0.4987,2.033766,1d_transect,2026-03-30 14:00:00-07:00,0.4986791312694549,0.4605577824448388,12.50000027939678,203.2969665527344,0.1760569221352411,16.666667039195705,203.1158447265625,,,,cdip,2026-03-25 20:06:18,0.0
40,2026-03-30 17:00:00-07:00,0.3056,16.67,232.7,False,0.3774,11.76,234.8,False,0.0349,4.17,294.5,True,0.2701,0.4868,1.80267,1d_transect,2026-03-30 17:00:00-07:00,0.4868232607841491,0.4475569009662709,12.50000027939678,201.6990509033203,0.1797324474336288,16.666667039195705,203.3312530517578,,,,cdip,2026-03-25 20:06:18,0.0
40,2026-03-30 20:00:00-07:00,0.3147,16.67,233.3,False,0.3564,11.76,230.8,False,0.0285,4.0,294.3,True,0.2674,0.4763,1.781099,1d_transect,2026-03-30 20:00:00-07:00,0.4763131737709045,0.4350850168247066,12.50000027939678,200.50108337402344,0.1831237624139574,16.666667039195705,203.46353149414065,,,,cdip,2026-03-25 20:06:18,0.0
40,2026-03-30 23:00:00-07:00,0.2821,16.67,234.1,False,0.3688,11.76,227.1,False,0.0318,2.94,283.0,True,0.3005,0.4654,1.548589,1d_transect,2026-03-30 23:00:00-07:00,0.4653787612915039,0.423821706143163,12.50000027939678,199.4658050537109,0.1822909253537327,16.666667039195705,203.55545043945312,,,,cdip,2026-03-25 20:06:18,0.0
40,2026-03-31 02:00:00-07:00,0.281,16.67,235.3,False,0.3515,11.76,224.4,False,0.0742,8.33,242.6,False,0.2778,0.4561,1.641964,1d_transect,2026-03-31 02:00:00-07:00,0.4560874700546264,0.3336498707438093,12.50000027939678,198.5676727294922,0.2544787878699215,16.666667039195705,203.81239318847656,0.1695970949192424,8.333333519597852,216.91326904296875,cdip,2026-03-25 20:06:18,0.0
40,2026-03-31 05:00:00-07:00,0.3033,15.38,234.7,False,0.3344,11.76,223.7,False,0.0328,8.33,266.3,False,0.2981,0.4527,1.518386,1d_transect,2026-03-31 05:00:00-07:00,0.452668160200119,0.3164766985266662,12.50000027939678,198.21597290039065,0.2677223012738004,15.384615948919734,201.6031494140625,0.1744957488404984,8.333333519597852,217.11135864257807,cdip,2026-03-25 20:06:18,0.0
40,2026-03-31 08:00:00-07:00,0.3333,15.38,235.9,False,0.3078,11.76,226.1,False,0.0902,7.69,245.9,False,0.2393,0.4626,1.933021,1d_transect,2026-03-31 08:00:00-07:00,0.4625757932662964,0.303382048431276,12.50000027939678,198.1308441162109,0.269657019465822,15.384615948919734,201.90023803710935,0.2140510478236189,8.333333519597852,217.06788635253903,cdip,2026-03-25 20:06:18,0.0
40,2026-03-31 11:00:00-07:00,0.301,15.38,236.1,False,0.3231,11.76,225.4,False,0.0842,3.03,223.8,True,0.2734,0.4495,1.644096,1d_transect,2026-03-31 11:00:00-07:00,0.4495299160480499,0.2850679628768351,15.384615948919734,202.1875762939453,0.2966841426135653,12.50000027939678,198.11404418945312,0.1509139016917109,8.333333519597852,211.71337890625,cdip,2026-03-25 20:06:18,0.0
40,2026-03-31 14:00:00-07:00,0.3895,15.38,237.1,False,0.3132,11.76,225.0,False,0.1179,7.69,243.7,False,0.2481,0.5135,2.070087,1d_transect,2026-03-31 14:00:00-07:00,0.5135032534599304,0.2907428794884313,15.384615948919734,202.4984893798828,0.2892999479268146,12.50000027939678,197.69688415527344,0.1999254210102846,7.692307974459867,219.46966552734372,cdip,2026-03-25 20:06:18,0.0
41,2026-03-25 02:00:00-07:00,0.425,18.18,230.8,False,0.2968,12.5,258.2,False,0.098,4.0,286.7,True,1.9625,0.5275,0.268804,1d_transect,2026-03-25 02:00:00-07:00,0.5275273323059082,0.3847855267636209,12.50000027939678,213.36802673339844,0.2341323311513838,14.28571422489322,214.6914520263672,0.2618093200637852,16.666667039195705,215.1172637939453,cdip,2026-03-25 20:06:18,0.0
41,2026-03-25 05:00:00-07:00,0.4018,18.18,232.4,False,0.3392,12.5,258.5,False,0.0741,4.17,297.1,True,1.9621,0.531,0.270607,1d_transect,2026-03-25 05:00:00-07:00,0.5309712290763855,0.3542680420124595,14.28571422489322,215.6559295654297,0.3858051134418321,11.764705758606276,218.8978576660156,,,,cdip,2026-03-25 20:06:18,0.0
41,2026-03-25 08:00:00-07:00,0.4016,16.67,233.2,False,0.3532,13.33,262.4,False,0.0862,4.0,291.8,True,2.0101,0.5417,0.269503,1d_transect,2026-03-25 08:00:00-07:00,0.5417180061340332,0.4044304136016939,11.764705758606276,221.4115447998047,0.3499996984231326,15.384615948919734,215.20248413085935,,,,cdip,2026-03-25 20:06:18,0.0
41,2026-03-25 11:00:00-07:00,0.4025,16.67,236.1,False,0.4002,13.33,263.4,False,0.1067,4.35,298.0,True,2.1188,0.5775,0.272581,1d_transect,2026-03-25 11:00:00-07:00,0.5775469541549683,0.4728868978118491,11.764705758606276,224.1274871826172,0.303435575342473,15.384615948919734,215.2880401611328,0.0917659356095185,4.761904910578484,260.1157531738281,cdip,2026-03-25 20:06:18,0.0
41,2026-03-25 14:00:00-07:00,0.4233,16.67,228.9,False,0.4625,13.33,262.3,False,0.1293,4.76,295.0,True,2.2915,0.6401,0.279357,1d_transect,2026-03-25 14:00:00-07:00,0.6401465535163879,0.5322058520530979,11.764705758606276,226.9479217529297,0.3084848339353608,15.384615948919734,215.5972900390625,0.1673838111286797,4.545454570084564,259.51910400390625,cdip,2026-03-25 20:06:18,0.0
41,2026-03-25 17:00:00-07:00,0.4438,16.67,228.7,False,0.5075,13.33,262.3,False,0.2372,5.56,292.3,True,2.4136,0.7147,0.296099,1d_transect,2026-03-25 17:00:00-07:00,0.7146781086921692,0.5676632711625743,12.50000027939678,229.06407165527344,0.3126929219878844,15.384615948919734,215.6040802001953,0.243374269276143,7.14285711244661,243.89419555664065,cdip,2026-03-25 20:06:18,0.0
41,2026-03-25 20:00:00-07:00,0.4673,16.67,228.6,False,0.5395,13.33,261.1,False,0.4459,6.67,285.6,False,2.6009,0.8416,0.323571,1d_transect,2026-03-25 20:00:00-07:00,0.8415632247924805,0.6571829039604741,11.764705758606276,229.68751525878903,0.4687344394525033,7.14285711244661,244.0181579589844,0.2236123221392907,4.761904910578484,259.22637939453125,cdip,2026-03-25 20:06:18,0.0
41,2026-03-25 23:00:00-07:00,0.4849,16.67,228.3,False,0.3641,12.5,266.3,False,0.7654,7.69,283.3,False,2.7295,0.9765,0.357749,1d_transect,2026-03-25 23:00:00-07:00,0.9764681458473206,0.6804744516802316,11.111110669595242,231.0215759277344,0.415102175233564,8.333333519597852,241.6676025390625,0.4329857225250858,4.761904910578484,257.7809753417969,cdip,2026-03-25 20:06:18,0.0
41,2026-03-26 02:00:00-07:00,0.4712,16.67,230.5,False,0.9527,9.09,277.9,False,,,,,3.1545,1.0628,0.336924,1d_transect,2026-03-26 02:00:00-07:00,1.062819242477417,0.8255154186315886,9.871668200422231,233.82911682128903,0.2926386052457342,16.666667039195705,213.4993438720703,0.4155078293894579,7.14285711244661,243.5458068847656,cdip,2026-03-25 20:06:18,0.0
41,2026-03-26 05:00:00-07:00,1.0234,9.87,276.6,False,0.3699,15.38,244.1,False,,,,,3.1229,1.0882,0.348448,1d_transect,2026-03-26 05:00:00-07:00,1.0881820917129517,0.8217047570323407,10.526315921561542,232.92083740234372,0.2520439442620331,13.33333280351429,216.04391479492188,0.2736075532958361,16.666667039195705,213.0776824951172,cdip,2026-03-25 20:06:18,0.0
41,2026-03-26 08:00:00-07:00,1.0384,9.87,274.0,False,0.3062,15.38,241.7,False,,,,,3.4329,1.0826,0.315363,1d_transect,2026-03-26 08:00:00-07:00,1.082607626914978,0.8796112623769609,10.526315921561542,233.0855407714844,0.2527700856364145,15.384615948919734,213.1876220703125,0.3609974120935937,7.14285711244661,243.11264038085935,cdip,2026-03-25 20:06:18,0.0
41,2026-03-26 11:00:00-07:00,0.9693,10.53,276.5,False,0.3175,15.38,241.5,False,,,,,2.9424,1.02,0.346655,1d_transect,2026-03-26 11:00:00-07:00,1.0200016498565674,0.8351541251056499,10.526315921561542,233.18638610839844,0.2428374058066855,15.384615948919734,212.8375701904297,0.3369417275942978,7.14285711244661,243.111328125,cdip,2026-03-25 20:06:18,0.0
41,2026-03-26 14:00:00-07:00,0.9467,10.53,270.3,False,,,,,,,,,2.9604,0.9467,0.319788,1d_transect,2026-03-26 14:00:00-07:00,0.9467119574546814,0.7751638647819252,11.111110669595242,232.34262084960935,0.2392947066335235,15.384615948919734,212.41030883789065,0.3504166911815861,7.14285711244661,243.32864379882807,cdip,2026-03-25 20:06:18,0.0
41,2026-03-26 17:00:00-07:00,0.8761,10.53,276.5,False,,,,,,,,,2.3986,0.8761,0.365263,1d_transect,2026-03-26 17:00:00-07:00,0.8761200308799744,0.6949999822193768,11.111110669595242,232.3042907714844,0.2821467569937351,15.384615948919734,212.0090789794922,0.3309039008817941,7.14285711244661,243.59381103515625,cdip,2026-03-25 20:06:18,0.0
41,2026-03-26 20:00:00-07:00,0.8269,10.53,271.0,False,,,,,,,,,2.5192,0.8269,0.328254,1d_transect,2026-03-26 20:00:00-07:00,0.8269436955451965,0.6363675122865814,11.111110669595242,232.2749938964844,0.2789517870444625,15.384615948919734,211.7246856689453,0.3464826641879158,7.14285711244661,243.7446136474609,cdip,2026-03-25 20:06:18,0.0
41,2026-03-26 23:00:00-07:00,0.8119,10.53,276.4,False,,,,,,,,,2.1715,0.8119,0.373896,1d_transect,2026-03-26 23:00:00-07:00,0.8119060397148132,0.6919271224241572,11.111110669595242,232.2970123291016,0.3258016899784098,7.14285711244661,243.7445068359375,0.2467054483111739,4.761904910578484,255.82489013671875,cdip,2026-03-25 20:06:18,0.0
41,2026-03-27 02:00:00-07:00,0.8071,10.53,270.2,False,,,,,,,,,1.2955,0.8071,0.623008,1d_transect,2026-03-27 02:00:00-07:00,0.8071383833885193,0.7014822673221941,11.111110669595242,232.32394409179688,0.305786865294411,7.14285711244661,243.71585083007807,0.2317047485914254,4.761904910578484,255.7325134277344,cdip,2026-03-25 20:06:18,0.0
41,2026-03-27 05:00:00-07:00,0.78,11.76,270.9,False,,,,,,,,,1.307,0.78,0.596765,1d_transect,2026-03-27 05:00:00-07:00,0.7799550294876099,0.6832190915294829,11.111110669595242,232.27023315429688,0.2866339745624707,7.14285711244661,243.7281188964844,0.2202312617726364,4.761904910578484,255.67501831054688,cdip,2026-03-25 20:06:18,0.0
41,2026-03-27 08:00:00-07:00,0.739,10.53,268.9,False,,,,,,,,,1.3466,0.739,0.548795,1d_transect,2026-03-27 08:00:00-07:00,0.7389846444129944,0.6480765937531308,11.111110669595242,232.1179351806641,0.2704780248911667,7.14285711244661,243.7490234375,0.20783321234374,4.761904910578484,255.57110595703125,cdip,2026-03-25 20:06:18,0.0
41,2026-03-27 11:00:00-07:00,0.3145,18.18,231.7,False,0.6347,10.53,276.1,False,,,,,1.0973,0.7084,0.645543,1d_transect,2026-03-27 11:00:00-07:00,0.7083842754364014,0.6211261141508793,11.111110669595242,231.9223480224609,0.2675699612144795,7.14285711244661,243.771728515625,0.1878310536881448,4.761904910578484,255.4705810546875,cdip,2026-03-25 20:06:18,0.0
41,2026-03-27 14:00:00-07:00,0.6856,10.53,271.9,False,,,,,,,,,1.136,0.6856,0.603523,1d_transect,2026-03-27 14:00:00-07:00,0.6856189966201782,0.5009148115355392,11.111110669595242,231.6553649902344,0.3312500870909498,13.33333280351429,217.5220642089844,0.2608773099269694,7.14285711244661,243.76611328125,cdip,2026-03-25 20:06:18,0.0
41,2026-03-27 17:00:00-07:00,0.6676,10.53,275.8,False,,,,,,,,,1.0132,0.6676,0.658855,1d_transect,2026-03-27 17:00:00-07:00,0.6675670146942139,0.4728782542280837,11.111110669595242,231.29556274414065,0.3469479025746555,14.28571422489322,212.3368225097656,0.2509702549969299,7.14285711244661,243.73773193359372,cdip,2026-03-25 20:06:18,0.0
41,2026-03-27 20:00:00-07:00,0.6747,11.76,269.4,False,,,,,,,,,1.361,0.6747,0.495725,1d_transect,2026-03-27 20:00:00-07:00,0.6746664047241211,0.4714331881179157,11.111110669595242,231.0366058349609,0.3651345782200169,13.33333280351429,216.3504180908203,0.2364816979459006,7.14285711244661,243.7103271484375,cdip,2026-03-25 20:06:18,0.0
41,2026-03-27 23:00:00-07:00,0.4997,12.5,266.2,False,0.4876,10.53,276.5,False,,,,,2.0412,0.6982,0.342032,1d_transect,2026-03-27 23:00:00-07:00,0.6981686353683472,0.4878072211519398,11.111110669595242,231.0299224853516,0.3831178082560398,13.33333280351429,216.4162750244141,0.2347701764498627,7.14285711244661,243.68841552734372,cdip,2026-03-25 20:06:18,0.0
41,2026-03-28 02:00:00-07:00,0.507,12.5,264.6,False,0.5104,10.53,271.3,False,,,,,2.3127,0.7194,0.311044,1d_transect,2026-03-28 02:00:00-07:00,0.719355046749115,0.508012686298696,11.111110669595242,231.19058227539065,0.3958443289365821,13.33333280351429,215.469482421875,0.2351203312800715,7.14285711244661,243.63429260253903,cdip,2026-03-25 20:06:18,0.0
41,2026-03-28 05:00:00-07:00,0.5229,12.5,265.1,False,0.5173,10.53,276.8,False,,,,,2.1364,0.7355,0.344264,1d_transect,2026-03-28 05:00:00-07:00,0.7354884147644043,0.5228421148758309,11.111110669595242,231.3539886474609,0.4049623490924595,13.33333280351429,214.2003173828125,0.2053813225706151,7.14285711244661,243.53146362304688,cdip,2026-03-25 20:06:18,0.0
41,2026-03-28 08:00:00-07:00,0.3585,14.29,249.0,False,0.3802,12.5,265.0,False,0.5247,10.53,271.7,False,2.4163,0.7406,0.306486,1d_transect,2026-03-28 08:00:00-07:00,0.7405602335929871,0.5272066308938864,11.111110669595242,231.43429565429688,0.41362205168451,13.33333280351429,212.86981201171875,0.2002141955239305,7.14285711244661,243.44418334960935,cdip,2026-03-25 20:06:18,0.0
41,2026-03-28 11:00:00-07:00,0.3759,14.29,250.4,False,0.3748,12.5,265.1,False,0.502,10.53,277.2,False,2.1634,0.7306,0.337705,1d_transect,2026-03-28 11:00:00-07:00,0.7305851578712463,0.5151673402769766,11.111110669595242,231.3657989501953,0.4185894510536598,13.33333280351429,211.74143981933597,0.1897852716821466,7.692307974459867,242.42849731445312,cdip,2026-03-25 20:06:18,0.0
41,2026-03-28 14:00:00-07:00,0.4437,12.5,265.9,False,0.5542,10.53,266.7,False,,,,,2.2477,0.71,0.315863,1d_transect,2026-03-28 14:00:00-07:00,0.7099559307098389,0.4938132762351222,11.111110669595242,231.1989898681641,0.4217379102917053,13.33333280351429,211.31298828125,0.1744222433226343,7.692307974459867,242.20046997070312,cdip,2026-03-25 20:06:18,0.0
41,2026-03-28 17:00:00-07:00,0.5386,13.33,249.2,False,0.4244,10.53,276.4,False,,,,,2.1047,0.6857,0.325801,1d_transect,2026-03-28 17:00:00-07:00,0.6857182383537292,0.4956416466855209,11.111110669595242,231.00148010253903,0.4227062920392877,13.33333280351429,211.82293701171875,0.2019773236470345,4.761904910578484,256.9863586425781,cdip,2026-03-25 20:06:18,0.0
41,2026-03-28 20:00:00-07:00,0.4789,13.33,250.0,False,0.4492,10.53,265.7,False,,,,,2.1932,0.6566,0.299392,1d_transect,2026-03-28 20:00:00-07:00,0.6566289067268372,0.4193014591375187,13.33333280351429,212.8883819580078,0.4634576718985356,11.111110669595242,230.52880859375,0.1903779873603202,4.761904910578484,257.26904296875,cdip,2026-03-25 20:06:18,0.0
41,2026-03-28 23:00:00-07:00,0.5055,13.33,251.4,False,0.3794,9.87,277.6,False,,,,,1.8781,0.6321,0.336537,1d_transect,2026-03-28 23:00:00-07:00,0.6320613026618958,0.4572333446002334,13.33333280351429,214.10009765625,0.392421985826414,11.111110669595242,229.5557403564453,0.18006936570987,4.761904910578484,257.61627197265625,cdip,2026-03-25 20:06:18,0.0
41,2026-03-29 02:00:00-07:00,0.4693,13.33,247.6,False,0.3256,9.87,249.6,False,0.2409,7.69,280.8,False,2.0042,0.6199,0.309306,1d_transect,2026-03-29 02:00:00-07:00,0.6199039816856384,0.456006286183372,13.33333280351429,215.15089416503903,0.3755449325476768,11.111110669595242,227.5710906982422,0.1770274921605606,4.761904910578484,257.8913879394531,cdip,2026-03-25 20:06:18,0.0
41,2026-03-29 05:00:00-07:00,0.5112,13.33,248.0,False,0.2169,9.87,277.9,False,0.2346,7.69,286.4,False,1.7642,0.6028,0.341694,1d_transect,2026-03-29 05:00:00-07:00,0.6028293371200562,0.5754943898258469,13.33333280351429,215.90509033203125,0.1692846939788227,4.761904910578484,258.07525634765625,,,,cdip,2026-03-25 20:06:18,0.0
41,2026-03-29 08:00:00-07:00,0.4536,13.33,247.3,False,0.3173,9.87,247.2,False,0.1941,6.25,277.8,False,1.9147,0.5867,0.306404,1d_transect,2026-03-29 08:00:00-07:00,0.5866570472717285,0.5614867062190898,13.33333280351429,216.4270477294922,0.1607053621249525,4.761904910578484,258.2728881835937,,,,cdip,2026-03-25 20:06:18,0.0
41,2026-03-29 11:00:00-07:00,0.5027,13.33,245.7,False,0.214,9.87,277.1,False,0.1768,6.25,285.4,False,1.672,0.5743,0.343455,1d_transect,2026-03-29 11:00:00-07:00,0.5742606520652771,0.5518607191711883,12.50000027939678,209.76368713378903,0.1499262889257769,4.761904910578484,258.4017028808594,,,,cdip,2026-03-25 20:06:18,0.0
41,2026-03-29 14:00:00-07:00,0.482,13.33,249.9,False,0.1196,18.18,228.4,False,0.2738,9.87,249.1,False,1.7155,0.5671,0.330561,1d_transect,2026-03-29 14:00:00-07:00,0.5670781135559082,0.5473749334884163,12.50000027939678,209.874267578125,0.1394532052325036,4.761904910578484,258.6334533691406,,,,cdip,2026-03-25 20:06:18,0.0
41,2026-03-29 17:00:00-07:00,0.5125,13.33,249.3,False,0.1416,18.18,227.9,False,0.1791,9.87,277.0,False,1.5742,0.561,0.356376,1d_transect,2026-03-29 17:00:00-07:00,0.5610174536705017,0.5395477752256588,12.50000027939678,210.14059448242188,0.0661060181923628,18.181818280338256,216.15635681152344,0.1300872669304532,4.761904910578484,258.9105224609375,cdip,2026-03-25 20:06:18,0.0
41,2026-03-29 20:00:00-07:00,0.4895,13.33,248.0,False,0.1437,18.18,227.9,False,0.217,9.09,256.1,False,1.6404,0.5544,0.337963,1d_transect,2026-03-29 20:00:00-07:00,0.5543943047523499,0.5336034440859823,12.50000027939678,210.90640258789065,0.0730362089900861,18.181818280338256,216.21571350097656,0.1228829845898611,4.761904910578484,259.3310546875,cdip,2026-03-25 20:06:18,0.0
41,2026-03-29 23:00:00-07:00,0.4953,12.5,247.3,False,0.1863,18.18,231.3,False,0.1453,9.09,280.6,False,1.5374,0.5488,0.356951,1d_transect,2026-03-29 23:00:00-07:00,0.5487599968910217,0.5284061536499536,12.50000027939678,211.7594146728516,0.0789125343349984,18.181818280338256,216.26412963867188,0.1166260508755061,4.347826008084592,258.7999267578125,cdip,2026-03-25 20:06:18,0.0
41,2026-03-30 02:00:00-07:00,0.487,12.5,247.7,False,0.1962,18.18,232.0,False,0.1373,9.09,280.2,False,1.4944,0.5427,0.363133,1d_transect,2026-03-30 02:00:00-07:00,0.54265958070755,0.522816493612493,12.50000027939678,212.2413482666016,0.080453366263561,18.181818280338256,216.3216857910156,,,,cdip,2026-03-25 20:06:18,0.0
41,2026-03-30 05:00:00-07:00,0.4852,12.5,247.2,False,0.192,18.18,231.8,False,0.1267,4.76,294.4,True,1.5853,0.5369,0.338692,1d_transect,2026-03-30 05:00:00-07:00,0.5369307398796082,0.5187706539413723,12.50000027939678,212.1196136474609,0.0797675734522681,18.181818280338256,216.37762451171875,,,,cdip,2026-03-25 20:06:18,0.0
41,2026-03-30 08:00:00-07:00,0.479,12.5,245.5,False,0.2096,16.67,230.8,False,0.0904,4.76,295.4,True,1.5282,0.5306,0.34722,1d_transect,2026-03-30 08:00:00-07:00,0.5306177735328674,0.5220597151835178,12.50000027939678,211.1662139892578,,,,,,,cdip,2026-03-25 20:06:18,0.0
41,2026-03-30 11:00:00-07:00,0.4564,12.5,242.4,False,0.2477,16.67,231.3,False,0.0821,4.55,294.4,True,1.5124,0.5257,0.347623,1d_transect,2026-03-30 11:00:00-07:00,0.5257475972175598,0.5075394331892955,12.50000027939678,209.63255310058597,0.1118709866231446,16.666667039195705,216.1335601806641,,,,cdip,2026-03-25 20:06:18,0.0
41,2026-03-30 14:00:00-07:00,0.2669,16.67,232.0,False,0.4434,12.5,238.2,False,0.0679,4.35,294.1,True,1.4849,0.522,0.351532,1d_transect,2026-03-30 14:00:00-07:00,0.5219767093658447,0.5031891716912109,12.50000027939678,207.9033966064453,0.1202293856451124,16.666667039195705,216.09451293945312,,,,cdip,2026-03-25 20:06:18,0.0
41,2026-03-30 17:00:00-07:00,0.2871,16.67,232.7,False,0.4257,11.76,234.8,False,0.056,4.17,294.5,True,1.4379,0.5166,0.359248,1d_transect,2026-03-30 17:00:00-07:00,0.5165624618530273,0.4964835241392297,12.50000027939678,206.3966827392578,0.1270665534330425,16.666667039195705,216.15109252929688,,,,cdip,2026-03-25 20:06:18,0.0
41,2026-03-30 20:00:00-07:00,0.2997,16.67,233.3,False,0.4073,11.76,230.8,False,0.0465,4.0,294.3,True,1.4121,0.5078,0.359609,1d_transect,2026-03-30 20:00:00-07:00,0.5077869296073914,0.4865676834814039,12.50000027939678,205.2756805419922,0.1305252973736016,16.666667039195705,216.34085083007807,,,,cdip,2026-03-25 20:06:18,0.0
41,2026-03-30 23:00:00-07:00,0.3034,16.67,234.1,False,0.3857,11.76,227.1,False,0.0701,2.94,283.0,True,1.4035,0.4957,0.353155,1d_transect,2026-03-30 23:00:00-07:00,0.4956651329994201,0.4741407885306494,12.50000027939678,204.4291534423828,0.1300488858507395,16.666667039195705,216.6981201171875,,,,cdip,2026-03-25 20:06:18,0.0
41,2026-03-31 02:00:00-07:00,0.3348,16.67,235.3,False,0.2955,11.76,224.4,False,0.1479,8.33,242.6,False,1.2974,0.4704,0.362579,1d_transect,2026-03-31 02:00:00-07:00,0.4704018831253052,0.4477801871600595,12.50000027939678,203.80674743652344,0.1323617227577623,16.666667039195705,217.08010864257807,,,,cdip,2026-03-25 20:06:18,0.0
41,2026-03-31 05:00:00-07:00,0.3417,15.38,234.7,False,0.2895,11.76,223.7,False,0.1139,8.33,266.3,False,1.3381,0.4621,0.345335,1d_transect,2026-03-31 05:00:00-07:00,0.4621088206768036,0.4287416168918286,12.50000027939678,203.56863403320312,0.1633544019137418,16.666667039195705,217.57652282714844,,,,cdip,2026-03-25 20:06:18,0.0
41,2026-03-31 08:00:00-07:00,0.3461,15.38,235.9,False,0.2536,11.76,226.1,False,0.1743,7.69,245.9,False,1.3334,0.4631,0.347285,1d_transect,2026-03-31 08:00:00-07:00,0.4630594253540039,0.3711267795419701,12.50000027939678,203.5482482910156,0.1960888201511788,15.384615948919734,217.94509887695312,0.1866361374172115,8.333333519597852,213.92056274414065,cdip,2026-03-25 20:06:18,0.0
41,2026-03-31 11:00:00-07:00,0.3358,15.38,236.1,False,0.286,11.76,225.4,False,0.0599,3.03,223.8,True,1.4025,0.4451,0.317348,1d_transect,2026-03-31 11:00:00-07:00,0.4450899660587311,0.3915425266493939,12.50000027939678,203.3965759277344,0.2036580299893445,15.384615948919734,218.1524200439453,,,,cdip,2026-03-25 20:06:18,0.0
41,2026-03-31 14:00:00-07:00,0.3739,15.38,237.1,False,0.2387,11.76,225.0,False,0.1747,7.69,243.7,False,1.3861,0.4768,0.343972,1d_transect,2026-03-31 14:00:00-07:00,0.4767727851867676,0.3550240143640152,12.50000027939678,203.1403961181641,0.2157178094719579,15.384615948919734,218.7986602783203,0.1856531460000825,7.692307974459867,221.33714294433597,cdip,2026-03-25 20:06:18,0.0
42,2026-03-25 02:00:00-07:00,1.2518,11.11,306.4,False,0.4356,15.38,260.5,False,0.5583,3.85,332.6,True,0.9043,1.4382,1.590441,1d_transect,2026-03-25 02:00:00-07:00,1.438240885734558,1.135993056645589,18.181818280338256,215.96604919433597,0.8190250101766887,12.50000027939678,224.51858520507807,,,,cdip,2026-03-25 20:06:18,0.0
42,2026-03-25 05:00:00-07:00,1.1291,11.11,306.8,False,0.4258,15.38,254.7,False,0.7954,3.85,318.5,True,0.9363,1.4452,1.543571,1d_transect,2026-03-25 05:00:00-07:00,1.44523286819458,1.1466454016898588,18.181818280338256,215.7125396728516,0.772392411904779,12.50000027939678,226.91864013671875,,,,cdip,2026-03-25 20:06:18,0.0
42,2026-03-25 08:00:00-07:00,1.0657,11.11,305.6,False,0.7786,4.17,326.3,True,,,,,0.9222,1.3198,1.431142,1d_transect,2026-03-25 08:00:00-07:00,1.3198182582855225,1.251343745333808,16.666667039195705,218.13226318359372,0.4007126328109885,4.347826008084592,294.96063232421875,,,,cdip,2026-03-25 20:06:18,0.0
42,2026-03-25 11:00:00-07:00,1.0544,11.11,304.8,False,0.8587,4.76,322.7,True,,,,,1.0279,1.3598,1.322972,1d_transect,2026-03-25 11:00:00-07:00,1.359840989112854,1.273434942987105,16.666667039195705,217.53038024902344,0.4581039812713197,4.347826008084592,295.13946533203125,,,,cdip,2026-03-25 20:06:18,0.0
42,2026-03-25 14:00:00-07:00,1.2468,11.11,296.8,False,0.8749,4.76,331.5,True,,,,,1.0575,1.5231,1.44027,1d_transect,2026-03-25 14:00:00-07:00,1.5231482982635498,1.3166397041482794,16.666667039195705,217.2524261474609,0.7513718299645097,4.761904910578484,293.8129272460937,,,,cdip,2026-03-25 20:06:18,0.0
42,2026-03-25 17:00:00-07:00,1.2116,11.11,294.4,False,1.0441,5.0,327.0,True,,,,,1.2599,1.5995,1.269522,1d_transect,2026-03-25 17:00:00-07:00,1.5994627475738523,1.3687025921997515,16.666667039195705,217.05325317382807,0.8109019366280797,4.761904910578484,292.7688293457031,,,,cdip,2026-03-25 20:06:18,0.0
42,2026-03-25 20:00:00-07:00,1.3671,11.11,294.2,False,1.2053,5.26,329.5,True,,,,,1.4053,1.8226,1.296882,1d_transect,2026-03-25 20:00:00-07:00,1.822550058364868,1.413539302520896,16.666667039195705,216.78526306152344,0.8981222517497882,6.25000013969839,278.63543701171875,0.6945118649288555,4.761904910578484,293.8694763183594,cdip,2026-03-25 20:06:18,0.0
42,2026-03-25 23:00:00-07:00,1.0627,11.11,300.3,False,1.4715,6.67,319.1,False,,,,,1.9463,1.8151,0.932587,1d_transect,2026-03-25 23:00:00-07:00,1.8150635957717896,1.086247466413318,16.666667039195705,216.4833068847656,1.4399806475436658,7.14285711244661,271.55377197265625,,,,cdip,2026-03-25 20:06:18,0.0
42,2026-03-26 02:00:00-07:00,1.4026,8.33,312.0,False,,,,,,,,,2.4626,1.4026,0.569551,1d_transect,2026-03-26 02:00:00-07:00,1.4025620222091677,1.2605360329146225,8.333333519597852,263.83221435546875,0.5767367849412697,16.666667039195705,216.06198120117188,,,,cdip,2026-03-25 20:06:18,0.0
42,2026-03-26 05:00:00-07:00,1.5324,9.09,310.8,False,,,,,,,,,2.7545,1.5324,0.556335,1d_transect,2026-03-26 05:00:00-07:00,1.5324186086654663,1.4031158197210645,9.090909140169128,260.9698486328125,0.5542622465304305,16.666667039195705,215.4937744140625,,,,cdip,2026-03-25 20:06:18,0.0
42,2026-03-26 08:00:00-07:00,1.5746,9.87,308.3,False,,,,,,,,,3.0039,1.5746,0.524203,1d_transect,2026-03-26 08:00:00-07:00,1.5746324062347412,1.4722475646508018,9.871668200422231,257.0895690917969,0.4806211704646089,15.384615948919734,216.6418914794922,,,,cdip,2026-03-25 20:06:18,0.0
42,2026-03-26 11:00:00-07:00,1.5554,9.87,311.7,False,,,,,,,,,2.7863,1.5554,0.558245,1d_transect,2026-03-26 11:00:00-07:00,1.5554245710372925,1.4580936684948578,9.871668200422231,257.6747436523437,0.4634062886641487,15.384615948919734,215.73471069335935,,,,cdip,2026-03-25 20:06:18,0.0
42,2026-03-26 14:00:00-07:00,1.5027,9.87,306.6,False,,,,,,,,,2.7701,1.5027,0.542453,1d_transect,2026-03-26 14:00:00-07:00,1.50266695022583,1.4059741009396989,10.526315921561542,255.5802001953125,0.4584844959751857,15.384615948919734,215.1825408935547,,,,cdip,2026-03-25 20:06:18,0.0
42,2026-03-26 17:00:00-07:00,1.3893,9.87,311.3,False,,,,,,,,,2.4834,1.3893,0.559434,1d_transect,2026-03-26 17:00:00-07:00,1.389295220375061,1.2956684601634647,10.526315921561542,255.733642578125,0.4394418602917317,15.384615948919734,214.70494079589844,,,,cdip,2026-03-25 20:06:18,0.0
42,2026-03-26 20:00:00-07:00,1.2824,9.87,310.3,False,,,,,,,,,2.3408,1.2824,0.547843,1d_transect,2026-03-26 20:00:00-07:00,1.2824149131774902,0.9627473361355008,10.526315921561542,255.62286376953125,0.4209656356671807,15.384615948919734,214.4293365478516,,,,cdip,2026-03-25 20:06:18,0.0
42,2026-03-26 23:00:00-07:00,1.1905,9.87,312.6,False,,,,,,,,,2.1813,1.1905,0.545773,1d_transect,2026-03-26 23:00:00-07:00,1.1904823780059814,0.8877599715471839,10.526315921561542,255.40850830078125,0.4096972898350564,14.28571422489322,218.95071411132807,0.6501802304239142,6.25000013969839,272.7619323730469,cdip,2026-03-25 20:06:18,0.0
42,2026-03-27 02:00:00-07:00,1.142,9.87,313.6,False,,,,,,,,,2.0686,1.142,0.552041,1d_transect,2026-03-27 02:00:00-07:00,1.1419767141342163,0.7228029412572716,10.526315921561542,255.30706787109372,0.4608520517056415,12.50000027939678,244.22747802734372,0.4063305622669789,14.28571422489322,219.5383758544922,cdip,2026-03-25 20:06:18,0.0
42,2026-03-27 05:00:00-07:00,1.325,10.53,314.7,False,,,,,,,,,2.003,1.325,0.66152,1d_transect,2026-03-27 05:00:00-07:00,1.3250272274017334,1.0062504607001377,12.50000027939678,244.85903930664065,0.4844533061333611,14.28571422489322,219.9986267089844,,,,cdip,2026-03-25 20:06:18,0.0
42,2026-03-27 08:00:00-07:00,1.1533,10.53,313.7,False,,,,,,,,,1.9307,1.1533,0.59732,1d_transect,2026-03-27 08:00:00-07:00,1.1532505750656128,0.8776414767523137,11.764705758606276,247.94708251953125,0.4372994925672314,14.28571422489322,219.65538024902344,,,,cdip,2026-03-25 20:06:18,0.0
42,2026-03-27 11:00:00-07:00,1.0636,10.53,314.8,False,,,,,,,,,1.8288,1.0636,0.581592,1d_transect,2026-03-27 11:00:00-07:00,1.0636100769042969,0.8019160984507187,11.111110669595242,251.48880004882807,0.4250516898425936,14.28571422489322,218.75086975097656,0.529555888759252,6.25000013969839,273.003662109375,cdip,2026-03-25 20:06:18,0.0
42,2026-03-27 14:00:00-07:00,1.0356,10.53,308.6,False,,,,,,,,,1.8378,1.0356,0.563502,1d_transect,2026-03-27 14:00:00-07:00,1.0356316566467283,0.7316190374658933,11.111110669595242,250.8416748046875,0.5053413533963872,14.28571422489322,217.5991973876953,0.5061517288966982,6.25000013969839,272.94635009765625,cdip,2026-03-25 20:06:18,0.0
42,2026-03-27 17:00:00-07:00,0.9892,10.53,311.1,False,,,,,,,,,1.6859,0.9892,0.586745,1d_transect,2026-03-27 17:00:00-07:00,0.9891997575759888,0.6858009125442295,10.526315921561542,254.6756896972656,0.3024170592258323,16.666667039195705,219.8536834716797,0.4110492499812495,14.28571422489322,216.7964782714844,cdip,2026-03-25 20:06:18,0.0
42,2026-03-27 20:00:00-07:00,1.5028,9.87,312.3,False,,,,,,,,,1.6754,1.5028,0.896929,1d_transect,2026-03-27 20:00:00-07:00,1.5027549266815186,0.8072419943139595,16.666667039195705,223.6370086669922,1.008535425228959,10.526315921561542,254.40045166015625,0.7331555530759307,6.25000013969839,273.0704650878906,cdip,2026-03-25 20:06:18,0.0
42,2026-03-27 23:00:00-07:00,1.5397,9.87,313.4,False,,,,,,,,,1.6455,1.5397,0.935679,1d_transect,2026-03-27 23:00:00-07:00,1.539686918258667,0.8625079860089239,16.666667039195705,226.65023803710935,0.4975122446345557,10.526315921561542,254.13595581054688,0.8874125110780258,6.25000013969839,273.320556640625,cdip,2026-03-25 20:06:18,0.0
42,2026-03-28 02:00:00-07:00,1.4504,9.87,313.0,False,,,,,,,,,1.6287,1.4504,0.8905,1d_transect,2026-03-28 02:00:00-07:00,1.4503531455993652,0.9653644502859832,15.384615948919734,219.81222534179688,0.8124408378427205,10.526315921561542,253.81771850585935,0.684886999077759,6.25000013969839,273.8918762207031,cdip,2026-03-25 20:06:18,0.0
42,2026-03-28 05:00:00-07:00,1.4668,10.53,312.3,False,,,,,,,,,1.6193,1.4668,0.905794,1d_transect,2026-03-28 05:00:00-07:00,1.4667587280273438,0.9914951936559252,15.384615948919734,220.8578338623047,0.8170454963523818,10.526315921561542,253.55812072753903,,,,cdip,2026-03-25 20:06:18,0.0
42,2026-03-28 08:00:00-07:00,1.4933,10.53,311.3,False,,,,,,,,,1.6512,1.4933,0.904378,1d_transect,2026-03-28 08:00:00-07:00,1.493282914161682,1.4792466876395214,15.384615948919734,222.02426147460935,,,,,,,cdip,2026-03-25 20:06:18,0.0
42,2026-03-28 11:00:00-07:00,1.4758,11.11,312.3,False,0.3024,14.29,265.8,False,,,,,1.6726,1.5064,0.900661,1d_transect,2026-03-28 11:00:00-07:00,1.506425142288208,1.4921947339231083,15.384615948919734,223.02137756347656,,,,,,,cdip,2026-03-25 20:06:18,0.0
42,2026-03-28 14:00:00-07:00,1.3787,11.11,308.0,False,0.2713,14.29,256.8,False,,,,,1.7564,1.4051,0.799998,1d_transect,2026-03-28 14:00:00-07:00,1.4051060676574707,1.391892723549312,14.28571422489322,220.2926483154297,,,,,,,cdip,2026-03-25 20:06:18,0.0
42,2026-03-28 17:00:00-07:00,1.451,11.11,309.0,False,,,,,,,,,1.7061,1.451,0.850448,1d_transect,2026-03-28 17:00:00-07:00,1.450977444648743,1.3239545456037456,14.28571422489322,220.03271484375,,,,,,,cdip,2026-03-25 20:06:18,0.0
42,2026-03-28 20:00:00-07:00,1.3515,11.11,307.9,False,0.3615,13.33,264.5,False,,,,,1.6541,1.399,0.845801,1d_transect,2026-03-28 20:00:00-07:00,1.3990473747253418,1.242614949898817,14.28571422489322,219.846923828125,,,,,,,cdip,2026-03-25 20:06:18,0.0
42,2026-03-28 23:00:00-07:00,1.2141,10.53,311.3,False,0.3548,13.33,264.2,False,,,,,1.5022,1.2649,0.842021,1d_transect,2026-03-28 23:00:00-07:00,1.2648948431015017,1.1244463799591156,13.33333280351429,218.1332092285156,0.5419044693454892,6.25000013969839,278.9487609863281,0.1215068611721512,19.99999970197678,215.7839508056641,cdip,2026-03-25 20:06:18,0.0
42,2026-03-29 02:00:00-07:00,1.176,10.53,306.1,False,0.3403,13.33,258.4,False,,,,,1.4993,1.2243,0.8166,1d_transect,2026-03-29 02:00:00-07:00,1.224299073219299,0.8841973983242398,13.33333280351429,218.6396484375,0.635464372477788,10.526315921561542,249.41146850585935,0.1358840896164569,19.99999970197678,216.0749969482422,cdip,2026-03-25 20:06:18,0.0
42,2026-03-29 05:00:00-07:00,1.1474,9.87,307.9,False,0.3364,13.33,260.0,False,,,,,1.4572,1.1957,0.820565,1d_transect,2026-03-29 05:00:00-07:00,1.1957017183303833,0.8655305346085487,13.33333280351429,219.2682647705078,0.6192092539017573,10.526315921561542,247.88414001464844,0.1406763322030077,19.99999970197678,216.58981323242188,cdip,2026-03-25 20:06:18,0.0
42,2026-03-29 08:00:00-07:00,1.1027,9.87,306.2,False,0.384,13.33,260.6,False,,,,,1.4343,1.1677,0.814088,1d_transect,2026-03-29 08:00:00-07:00,1.1676501035690308,0.8565988062412839,13.33333280351429,219.71983337402344,0.645826573621095,9.871668200422231,252.16668701171875,0.4338302612262804,5.555555334797621,282.4678955078125,cdip,2026-03-25 20:06:18,0.0
42,2026-03-29 11:00:00-07:00,1.0606,9.87,307.2,False,0.3896,13.33,260.8,False,,,,,1.3524,1.1299,0.83547,1d_transect,2026-03-29 11:00:00-07:00,1.1298811435699463,0.8175289572790924,13.33333280351429,220.32839965820312,0.6121407393189062,9.871668200422231,250.74578857421875,0.1943614391204473,18.181818280338256,216.5450439453125,cdip,2026-03-25 20:06:18,0.0
42,2026-03-29 14:00:00-07:00,1.015,9.87,306.3,False,0.3973,13.33,265.3,False,,,,,1.2535,1.09,0.869506,1d_transect,2026-03-29 14:00:00-07:00,1.0899500846862793,0.982198062902216,13.33333280351429,221.1407928466797,0.2148216363008306,18.181818280338256,215.93975830078125,0.3971484748367779,5.555555334797621,284.0178527832031,cdip,2026-03-25 20:06:18,0.0
42,2026-03-29 17:00:00-07:00,0.975,9.87,306.8,False,0.4027,13.33,266.3,False,,,,,1.1817,1.0549,0.892638,1d_transect,2026-03-29 17:00:00-07:00,1.0548701286315918,0.9183366976863634,13.33333280351429,222.2206878662109,0.2296267164011476,18.181818280338256,215.8075256347656,0.2356689358278277,5.555555334797621,284.68585205078125,cdip,2026-03-25 20:06:18,0.0
42,2026-03-29 20:00:00-07:00,0.4403,13.33,264.5,False,0.9214,9.09,305.8,False,,,,,1.1475,1.0212,0.889899,1d_transect,2026-03-29 20:00:00-07:00,1.021184325218201,0.889775233342724,13.33333280351429,222.7691192626953,0.223303421909781,18.181818280338256,216.11752319335935,0.2175618468115781,5.555555334797621,285.3589172363281,cdip,2026-03-25 20:06:18,0.0
42,2026-03-29 23:00:00-07:00,0.8165,9.09,306.8,False,0.4315,12.5,268.4,False,0.3357,3.7,319.0,True,1.0965,0.9826,0.896154,1d_transect,2026-03-29 23:00:00-07:00,0.9826128482818604,0.8615325212331858,13.33333280351429,222.48504638671875,0.2072869060970729,18.181818280338256,216.66000366210935,0.1964592039150514,4.761904910578484,286.6685791015625,cdip,2026-03-25 20:06:18,0.0
42,2026-03-30 02:00:00-07:00,0.8498,9.09,308.0,False,0.4309,12.5,264.4,False,,,,,1.0433,0.9528,0.913276,1d_transect,2026-03-30 02:00:00-07:00,0.952784299850464,0.819673372474624,13.33333280351429,221.2453765869141,0.2631109632223829,18.181818280338256,216.896728515625,0.3921937698543052,4.761904910578484,288.5115051269531,cdip,2026-03-25 20:06:18,0.0
42,2026-03-30 05:00:00-07:00,0.436,12.5,266.0,False,0.787,9.09,309.2,False,,,,,1.0234,0.8997,0.879166,1d_transect,2026-03-30 05:00:00-07:00,0.8997456431388855,0.7567513238258761,12.50000027939678,220.28250122070312,0.2687978854761133,16.666667039195705,216.3195343017578,0.3920735575918757,4.761904910578484,291.7334289550781,cdip,2026-03-25 20:06:18,0.0
42,2026-03-30 08:00:00-07:00,0.4458,12.5,266.2,False,0.5174,9.09,308.0,False,0.5565,5.88,316.2,True,0.9455,0.881,0.931708,1d_transect,2026-03-30 08:00:00-07:00,0.8809751272201538,0.7346098616529494,12.50000027939678,220.2481842041016,0.2833529162056518,16.666667039195705,216.2435760498047,0.3817904759682505,4.761904910578484,293.831787109375,cdip,2026-03-25 20:06:18,0.0
42,2026-03-30 11:00:00-07:00,0.4591,12.5,267.3,False,0.486,9.09,309.2,False,0.5155,5.56,314.6,True,0.9085,0.8442,0.929216,1d_transect,2026-03-30 11:00:00-07:00,0.8441967368125916,0.718660612867,12.50000027939678,218.9965667724609,0.2901962383637153,16.666667039195705,216.59359741210935,0.319097194202022,4.761904910578484,295.26971435546875,cdip,2026-03-25 20:06:18,0.0
42,2026-03-30 14:00:00-07:00,0.4709,12.5,268.9,False,0.488,9.09,307.9,False,0.4487,5.56,315.6,True,0.8176,0.8132,0.994647,1d_transect,2026-03-30 14:00:00-07:00,0.8132011890411377,0.6810323868825636,12.50000027939678,217.2156524658203,0.3423412477045667,16.666667039195705,217.1316680908203,0.2646967404109774,4.761904910578484,297.2886962890625,cdip,2026-03-25 20:06:18,0.0
42,2026-03-30 17:00:00-07:00,0.4307,11.76,275.9,False,0.6498,9.09,309.4,False,0.1458,15.38,232.6,False,0.7837,0.7931,1.011988,1d_transect,2026-03-30 17:00:00-07:00,0.7930933833122253,0.6635694162189257,12.50000027939678,215.15655517578125,0.3600803030357528,16.666667039195705,217.49180603027344,0.1138824348232343,4.761904910578484,299.1762390136719,cdip,2026-03-25 20:06:18,0.0
42,2026-03-30 20:00:00-07:00,0.4236,11.11,286.5,False,0.6362,8.33,308.7,False,0.1622,15.38,233.8,False,0.7376,0.7813,1.059329,1d_transect,2026-03-30 20:00:00-07:00,0.7813183665275574,0.6497029571911876,12.50000027939678,213.06570434570312,0.3775959515898853,16.666667039195705,217.6792907714844,0.1010582979554071,4.761904910578484,301.1549072265625,cdip,2026-03-25 20:06:18,0.0
42,2026-03-30 23:00:00-07:00,0.4226,11.11,288.1,False,0.1834,15.38,235.4,False,0.6221,8.33,308.9,False,0.6843,0.774,1.131135,1d_transect,2026-03-30 23:00:00-07:00,0.7740474939346313,0.3162841296734487,12.50000027939678,211.22727966308597,0.4293478993081251,16.666667039195705,218.10610961914065,0.534844261791357,4.545454570084564,301.20587158203125,cdip,2026-03-25 20:06:18,0.0
42,2026-03-31 02:00:00-07:00,0.2979,15.38,242.8,False,0.4896,11.11,287.6,False,0.8063,8.33,300.5,False,0.6669,0.9893,1.483474,1d_transect,2026-03-31 02:00:00-07:00,0.9892924427986144,0.5651536793581317,16.666667039195705,219.3187255859375,0.3834473798774702,11.111110669595242,204.73150634765625,,,,cdip,2026-03-25 20:06:18,0.0
42,2026-03-31 05:00:00-07:00,0.3994,14.29,245.3,False,0.5261,11.11,292.9,False,0.6581,8.33,295.7,False,0.5415,0.9324,1.722074,1d_transect,2026-03-31 05:00:00-07:00,0.9324266314506532,0.5624582333970842,15.384615948919734,218.6703338623047,0.6249850797092247,11.111110669595242,201.44711303710935,0.3753188610054175,8.333333519597852,235.66763305664065,cdip,2026-03-25 20:06:18,0.0
42,2026-03-31 08:00:00-07:00,0.4254,14.29,246.6,False,0.5286,11.11,295.5,False,0.758,8.33,294.6,False,0.5686,1.0174,1.789294,1d_transect,2026-03-31 08:00:00-07:00,1.017399549484253,0.6171521766946736,16.666667039195705,222.3175506591797,0.6728941724771499,11.111110669595242,201.40673828125,0.4256548708573787,8.333333519597852,234.20755004882807,cdip,2026-03-25 20:06:18,0.0
42,2026-03-31 11:00:00-07:00,0.4608,14.29,242.4,False,0.5889,11.11,291.3,False,0.5912,8.33,295.3,False,0.5477,0.9532,1.740304,1d_transect,2026-03-31 11:00:00-07:00,0.9532231092453004,0.6127394247818526,15.384615948919734,219.8195953369141,0.6457648478343692,11.111110669595242,200.81121826171875,0.3124821950770465,7.692307974459867,239.50326538085935,cdip,2026-03-25 20:06:18,0.0
42,2026-03-31 14:00:00-07:00,0.4698,14.29,245.5,False,0.5846,11.11,303.6,False,0.6485,7.69,278.5,False,0.5711,0.9914,1.736141,1d_transect,2026-03-31 14:00:00-07:00,0.991439163684845,0.6263436693516992,15.384615948919734,220.86029052734372,0.6494445897165909,11.111110669595242,200.7566680908203,0.3465511262011241,7.692307974459867,237.842529296875,cdip,2026-03-25 20:06:18,0.0
43,2026-03-25 02:00:00-07:00,1.0295,15.38,260.5,False,0.4085,11.11,306.4,False,0.1334,3.85,332.6,True,0.5014,1.1156,2.225032,1d_transect,2026-03-25 02:00:00-07:00,1.1155827045440674,0.974056849579624,18.181818280338256,203.4541015625,0.5356692733486641,12.50000027939678,203.90045166015625,,,,cdip,2026-03-25 20:06:18,0.0
43,2026-03-25 05:00:00-07:00,1.054,15.38,254.7,False,0.3366,11.11,306.8,False,0.128,3.85,318.5,True,0.5646,1.1139,1.972795,1d_transect,2026-03-25 05:00:00-07:00,1.1138591766357422,0.9827006221651586,18.181818280338256,202.95248413085935,0.5167734341223627,12.50000027939678,205.18968200683597,,,,cdip,2026-03-25 20:06:18,0.0
43,2026-03-25 08:00:00-07:00,0.9386,11.11,305.6,False,0.4459,4.17,326.3,True,,,,,0.1923,1.0391,5.40452,1d_transect,2026-03-25 08:00:00-07:00,1.0391265153884888,0.9238567036682624,16.666667039195705,203.3480224609375,0.4687343803187982,12.50000027939678,207.69146728515625,,,,cdip,2026-03-25 20:06:18,0.0
43,2026-03-25 11:00:00-07:00,1.0058,11.11,304.8,False,0.3616,4.76,322.7,True,,,,,0.2629,1.0688,4.064882,1d_transect,2026-03-25 11:00:00-07:00,1.0688437223434448,0.9519042796700368,16.666667039195705,203.3117828369141,0.4789915177887338,12.50000027939678,210.70404052734372,,,,cdip,2026-03-25 20:06:18,0.0
43,2026-03-25 14:00:00-07:00,1.0486,11.11,296.8,False,0.3055,4.76,331.5,True,,,,,0.3711,1.0922,2.943337,1d_transect,2026-03-25 14:00:00-07:00,1.0921754837036133,1.0868774047269771,16.666667039195705,203.21849060058597,,,,,,,cdip,2026-03-25 20:06:18,0.0
43,2026-03-25 17:00:00-07:00,1.0779,11.11,294.4,False,0.2635,5.0,327.0,True,,,,,0.5252,1.1096,2.112929,1d_transect,2026-03-25 17:00:00-07:00,1.1096266508102417,1.101421005900805,16.666667039195705,203.0586853027344,,,,,,,cdip,2026-03-25 20:06:18,0.0
43,2026-03-25 20:00:00-07:00,1.0934,11.11,294.2,False,0.2735,5.26,329.5,True,,,,,0.5808,1.1271,1.940507,1d_transect,2026-03-25 20:00:00-07:00,1.1270517110824585,1.103124137711798,16.666667039195705,202.9106903076172,0.1976290494855614,7.14285711244661,244.0043487548828,,,,cdip,2026-03-25 20:06:18,0.0
43,2026-03-25 23:00:00-07:00,0.8416,11.11,300.3,False,0.4743,6.67,319.1,False,,,,,0.4061,0.9661,2.379004,1d_transect,2026-03-25 23:00:00-07:00,0.9660879969596864,0.9017681558016982,16.666667039195705,202.8163604736328,0.3208172734266818,7.14285711244661,245.7028045654297,,,,cdip,2026-03-25 20:06:18,0.0
43,2026-03-26 02:00:00-07:00,1.0495,8.33,312.0,False,,,,,,,,,0.3231,1.0495,3.247938,1d_transect,2026-03-26 02:00:00-07:00,1.049497365951538,0.8423348731180126,16.666667039195705,202.63629150390625,0.4275093873054832,9.871668200422231,229.89476013183597,0.4045343764803998,7.14285711244661,245.75103759765625,cdip,2026-03-25 20:06:18,0.0
43,2026-03-26 05:00:00-07:00,1.1068,9.09,310.8,False,,,,,,,,,0.387,1.1068,2.859987,1d_transect,2026-03-26 05:00:00-07:00,1.106842041015625,0.7873512156149265,16.666667039195705,202.5749664306641,0.5768414204250686,9.871668200422231,232.3226776123047,0.414134738545175,7.14285711244661,245.48519897460935,cdip,2026-03-25 20:06:18,0.0
43,2026-03-26 08:00:00-07:00,1.0242,9.87,308.3,False,,,,,,,,,0.585,1.0242,1.750893,1d_transect,2026-03-26 08:00:00-07:00,1.0242294073104858,0.6616816141460906,15.384615948919734,202.6560516357422,0.5955182687067312,10.526315921561542,231.50958251953125,0.3816803729290716,7.14285711244661,245.19580078125,cdip,2026-03-25 20:06:18,0.0
43,2026-03-26 11:00:00-07:00,1.0096,9.87,311.7,False,,,,,,,,,0.3915,1.0096,2.578962,1d_transect,2026-03-26 11:00:00-07:00,1.0096005201339722,0.643720842806796,15.384615948919734,202.23123168945312,0.5980976034608558,10.526315921561542,231.71902465820312,0.3632073379391724,7.14285711244661,244.89617919921875,cdip,2026-03-25 20:06:18,0.0
43,2026-03-26 14:00:00-07:00,0.9541,9.87,306.6,False,,,,,,,,,0.5395,0.9541,1.768687,1d_transect,2026-03-26 14:00:00-07:00,0.954135000705719,0.7032137334917679,15.384615948919734,201.81170654296875,0.4554849235947517,10.526315921561542,231.59788513183597,0.3325404970925503,7.14285711244661,244.9203643798828,cdip,2026-03-25 20:06:18,0.0
43,2026-03-26 17:00:00-07:00,0.9049,9.87,311.3,False,,,,,,,,,0.3489,0.9049,2.593486,1d_transect,2026-03-26 17:00:00-07:00,0.9049195647239684,0.6853126876265012,15.384615948919734,201.25515747070312,0.4119549288703434,10.526315921561542,231.2726287841797,0.3084405947992159,7.14285711244661,245.1519470214844,cdip,2026-03-25 20:06:18,0.0
43,2026-03-26 20:00:00-07:00,0.8589,9.87,310.3,False,,,,,,,,,0.3289,0.8589,2.611388,1d_transect,2026-03-26 20:00:00-07:00,0.8588645458221436,0.6611891055155126,15.384615948919734,200.5684356689453,0.3729094238330163,10.526315921561542,230.79656982421875,0.2877182787405387,7.14285711244661,245.26280212402344,cdip,2026-03-25 20:06:18,0.0
43,2026-03-26 23:00:00-07:00,0.8231,9.87,312.6,False,,,,,,,,,0.3065,0.8231,2.685743,1d_transect,2026-03-26 23:00:00-07:00,0.8231054544448853,0.6447666163254441,15.384615948919734,199.76161193847656,0.338150537567467,10.526315921561542,230.0677795410156,0.2697681729966098,7.14285711244661,245.33627319335935,cdip,2026-03-25 20:06:18,0.0
43,2026-03-27 02:00:00-07:00,0.8021,9.87,313.6,False,,,,,,,,,0.2906,0.8021,2.759554,1d_transect,2026-03-27 02:00:00-07:00,0.8020567893981934,0.7145069567227736,15.384615948919734,199.0496368408203,0.2541810182669992,7.14285711244661,245.40835571289065,0.2448965000169325,4.761904910578484,251.4772186279297,cdip,2026-03-25 20:06:18,0.0
43,2026-03-27 05:00:00-07:00,0.8399,10.53,314.7,False,,,,,,,,,0.3037,0.8399,2.76583,1d_transect,2026-03-27 05:00:00-07:00,0.8398832082748413,0.7543238906561172,15.384615948919734,198.53695678710935,0.2261399365454861,7.14285711244661,245.36846923828125,0.1671199892615442,4.761904910578484,252.71365356445312,cdip,2026-03-25 20:06:18,0.0
43,2026-03-27 08:00:00-07:00,0.7805,10.53,313.7,False,,,,,,,,,0.2927,0.7805,2.666553,1d_transect,2026-03-27 08:00:00-07:00,0.7805098295211792,0.703656429235489,15.384615948919734,198.0468597412109,0.2017019541066739,7.14285711244661,245.2757568359375,0.1496294451863286,4.761904910578484,254.04510498046875,cdip,2026-03-25 20:06:18,0.0
43,2026-03-27 11:00:00-07:00,0.7651,10.53,314.8,False,,,,,,,,,0.2773,0.7651,2.759673,1d_transect,2026-03-27 11:00:00-07:00,0.7651268839836121,0.6912562825324763,15.384615948919734,197.42706298828125,0.1910904685357606,7.14285711244661,245.16917419433597,0.1434214184095507,4.347826008084592,254.30447387695312,cdip,2026-03-25 20:06:18,0.0
43,2026-03-27 14:00:00-07:00,0.7613,10.53,308.6,False,,,,,,,,,0.376,0.7613,2.024865,1d_transect,2026-03-27 14:00:00-07:00,0.7612519860267639,0.6908494579815382,15.384615948919734,196.5310821533203,0.1833370420900827,7.14285711244661,245.0751037597656,0.1382847405592245,4.347826008084592,254.81588745117188,cdip,2026-03-25 20:06:18,0.0
43,2026-03-27 17:00:00-07:00,0.7633,10.53,311.1,False,,,,,,,,,0.2556,0.7633,2.986411,1d_transect,2026-03-27 17:00:00-07:00,0.763300895690918,0.6953515956577654,15.384615948919734,195.7605133056641,0.1779186305702011,7.14285711244661,244.98388671875,0.2475240962823768,4.347826008084592,255.15203857421875,cdip,2026-03-25 20:06:18,0.0
43,2026-03-27 20:00:00-07:00,0.8009,9.87,312.3,False,,,,,,,,,0.2354,0.8009,3.402242,1d_transect,2026-03-27 20:00:00-07:00,0.8008956909179688,0.7345271105925698,15.384615948919734,195.69190979003903,0.1798260019711316,7.14285711244661,244.81253051757807,0.2508661201735875,4.347826008084592,255.1640625,cdip,2026-03-25 20:06:18,0.0
43,2026-03-27 23:00:00-07:00,0.8257,9.87,313.4,False,,,,,,,,,0.2312,0.8257,3.571266,1d_transect,2026-03-27 23:00:00-07:00,0.8256734609603882,0.7636249672629019,15.384615948919734,196.12034606933597,0.177204078008249,7.14285711244661,244.68817138671875,0.2459914140561275,4.545454570084564,255.05718994140625,cdip,2026-03-25 20:06:18,0.0
43,2026-03-28 02:00:00-07:00,0.8408,9.87,313.0,False,,,,,,,,,0.2288,0.8408,3.674161,1d_transect,2026-03-28 02:00:00-07:00,0.840772271156311,0.7843959477773638,15.384615948919734,196.77679443359372,0.1765826247242591,7.14285711244661,244.74777221679688,0.2322639491279746,4.761904910578484,254.36105346679688,cdip,2026-03-25 20:06:18,0.0
43,2026-03-28 05:00:00-07:00,0.8577,10.53,312.3,False,,,,,,,,,0.2455,0.8577,3.493857,1d_transect,2026-03-28 05:00:00-07:00,0.8577209115028381,0.8038059022272204,15.384615948919734,197.42828369140625,0.1754524981152456,7.14285711244661,244.79714965820312,0.2288694059867514,4.347826008084592,253.80894470214844,cdip,2026-03-25 20:06:18,0.0
43,2026-03-28 08:00:00-07:00,0.8732,10.53,311.3,False,,,,,,,,,0.2503,0.8732,3.488228,1d_transect,2026-03-28 08:00:00-07:00,0.8731898069381714,0.8214095735185653,15.384615948919734,198.0878753662109,0.1740377787798098,7.14285711244661,244.84298706054688,0.2254343279869133,4.347826008084592,254.62863159179688,cdip,2026-03-25 20:06:18,0.0
43,2026-03-28 11:00:00-07:00,0.7597,14.29,265.8,False,0.4595,11.11,312.3,False,,,,,0.5853,0.8879,1.516884,1d_transect,2026-03-28 11:00:00-07:00,0.8878519535064697,0.8390014047213915,15.384615948919734,198.66156005859372,0.1689589471485173,7.14285711244661,244.77151489257807,,,,cdip,2026-03-25 20:06:18,0.0
43,2026-03-28 14:00:00-07:00,0.6986,14.29,256.8,False,0.4675,11.11,308.0,False,,,,,0.7227,0.8406,1.163152,1d_transect,2026-03-28 14:00:00-07:00,0.8406137824058533,0.8024291928014166,14.28571422489322,198.6875915527344,0.1304493194238525,7.14285711244661,244.5440216064453,,,,cdip,2026-03-25 20:06:18,0.0
43,2026-03-28 17:00:00-07:00,0.8842,11.11,309.0,False,,,,,,,,,0.3979,0.8842,2.222136,1d_transect,2026-03-28 17:00:00-07:00,0.8842386603355408,0.8487913804436739,14.28571422489322,198.59451293945312,0.1282313926419739,7.14285711244661,244.25079345703125,,,,cdip,2026-03-25 20:06:18,0.0
43,2026-03-28 20:00:00-07:00,0.7194,13.33,264.5,False,0.3962,11.11,307.9,False,,,,,0.7726,0.8213,1.063089,1d_transect,2026-03-28 20:00:00-07:00,0.8213191628456116,0.7856520789871765,13.33333280351429,198.4471435546875,0.1051425082443646,19.99999970197678,204.7270355224609,0.1119999033417615,7.14285711244661,243.9400787353516,cdip,2026-03-25 20:06:18,0.0
43,2026-03-28 23:00:00-07:00,0.7649,13.33,264.2,False,0.2506,10.53,311.3,False,,,,,0.7021,0.8049,1.146455,1d_transect,2026-03-28 23:00:00-07:00,0.8048747181892395,0.774065838990998,13.33333280351429,198.8235015869141,0.1040021301152353,19.99999970197678,205.0357208251953,0.0995190615755292,7.14285711244661,243.3309326171875,cdip,2026-03-25 20:06:18,0.0
43,2026-03-29 02:00:00-07:00,0.7315,13.33,258.4,False,0.3019,10.53,306.1,False,,,,,0.7721,0.7914,1.024911,1d_transect,2026-03-29 02:00:00-07:00,0.7913600206375122,0.7632753782709315,13.33333280351429,199.0957794189453,0.1072559996351071,19.99999970197678,205.3027191162109,,,,cdip,2026-03-25 20:06:18,0.0
43,2026-03-29 05:00:00-07:00,0.7255,13.33,260.0,False,0.2815,9.87,307.9,False,,,,,0.7529,0.7782,1.03357,1d_transect,2026-03-29 05:00:00-07:00,0.7782221436500549,0.7599256794448533,13.33333280351429,199.3456268310547,,,,,,,cdip,2026-03-25 20:06:18,0.0
43,2026-03-29 08:00:00-07:00,0.7221,13.33,260.6,False,0.255,9.87,306.2,False,,,,,0.7921,0.7658,0.966798,1d_transect,2026-03-29 08:00:00-07:00,0.7657857537269592,0.7542567287043367,13.33333280351429,199.48146057128903,,,,,,,cdip,2026-03-25 20:06:18,0.0
43,2026-03-29 11:00:00-07:00,0.713,13.33,260.8,False,0.2388,9.87,307.2,False,,,,,0.7785,0.752,0.965919,1d_transect,2026-03-29 11:00:00-07:00,0.7519649863243103,0.7206166617259707,13.33333280351429,199.6391448974609,0.1768855389833426,18.181818280338256,204.6425018310547,,,,cdip,2026-03-25 20:06:18,0.0
43,2026-03-29 14:00:00-07:00,0.698,13.33,265.3,False,0.2417,9.87,306.3,False,,,,,0.6946,0.7386,1.063462,1d_transect,2026-03-29 14:00:00-07:00,0.7386488914489746,0.7026036530374101,13.33333280351429,199.88626098632807,0.1985410936437073,18.181818280338256,204.68528747558597,,,,cdip,2026-03-25 20:06:18,0.0
43,2026-03-29 17:00:00-07:00,0.6906,13.33,266.3,False,0.2267,9.87,306.8,False,,,,,0.682,0.7269,1.06578,1d_transect,2026-03-29 17:00:00-07:00,0.7268954515457153,0.6872190328641321,13.33333280351429,200.3600311279297,0.2133772611970167,18.181818280338256,204.69281005859372,,,,cdip,2026-03-25 20:06:18,0.0
43,2026-03-29 20:00:00-07:00,0.6962,13.33,264.5,False,0.1792,9.09,305.8,False,,,,,0.8089,0.7189,0.88875,1d_transect,2026-03-29 20:00:00-07:00,0.718891441822052,0.6735167691021702,13.33333280351429,200.7190399169922,0.2321453341862992,18.181818280338256,204.6516571044922,,,,cdip,2026-03-25 20:06:18,0.0
43,2026-03-29 23:00:00-07:00,0.6859,12.5,268.4,False,0.1833,9.09,306.8,False,0.0487,3.7,319.0,True,0.6889,0.7117,1.033012,1d_transect,2026-03-29 23:00:00-07:00,0.7116582989692688,0.6599976903409454,13.33333280351429,200.7092742919922,0.2498777685703197,18.181818280338256,204.5478515625,,,,cdip,2026-03-25 20:06:18,0.0
43,2026-03-30 02:00:00-07:00,0.6835,12.5,264.4,False,0.1724,9.09,308.0,False,,,,,0.7409,0.7049,0.951356,1d_transect,2026-03-30 02:00:00-07:00,0.7048697471618652,0.6270262162594923,13.33333280351429,200.23146057128903,0.3091058056900835,18.181818280338256,204.4689483642578,,,,cdip,2026-03-25 20:06:18,0.0
43,2026-03-30 05:00:00-07:00,0.6444,12.5,266.0,False,0.1643,9.09,309.2,False,,,,,0.7058,0.665,0.942248,1d_transect,2026-03-30 05:00:00-07:00,0.6650153398513794,0.5849750526037735,12.50000027939678,201.5636138916016,0.3046276118035969,18.181818280338256,204.4050445556641,,,,cdip,2026-03-25 20:06:18,0.0
43,2026-03-30 08:00:00-07:00,0.6465,12.5,266.2,False,0.106,9.09,308.0,False,0.0737,5.88,316.2,True,0.6728,0.6592,0.979845,1d_transect,2026-03-30 08:00:00-07:00,0.659239649772644,0.5731661516459013,12.50000027939678,201.6575164794922,0.3147424455102726,16.666667039195705,204.2480010986328,,,,cdip,2026-03-25 20:06:18,0.0
43,2026-03-30 11:00:00-07:00,0.6454,12.5,267.3,False,0.0965,9.09,309.2,False,0.0618,5.56,314.6,True,0.6919,0.6555,0.947348,1d_transect,2026-03-30 11:00:00-07:00,0.6555063128471375,0.3956071308929995,12.50000027939678,201.0174865722656,0.3264541438430633,16.666667039195705,204.2995147705078,0.3996716640384137,11.111110669595242,189.9277801513672,cdip,2026-03-25 20:06:18,0.0
43,2026-03-30 14:00:00-07:00,0.8282,12.5,268.9,False,0.1212,9.09,307.9,False,0.0721,5.56,315.6,True,0.6623,0.8401,1.268516,1d_transect,2026-03-30 14:00:00-07:00,0.8401182889938354,0.4865636110218715,16.666667039195705,204.4157867431641,0.4360283594593109,12.50000027939678,200.1397399902344,0.5174857183928611,11.111110669595242,189.25656127929688,cdip,2026-03-25 20:06:18,0.0
43,2026-03-30 17:00:00-07:00,0.495,15.38,232.6,False,0.6567,11.76,275.9,False,0.1925,9.09,309.4,False,0.5488,0.8446,1.539126,1d_transect,2026-03-30 17:00:00-07:00,0.8446251749992371,0.5073124177208445,16.666667039195705,204.47450256347656,0.4115266803438345,12.50000027939678,199.18777465820312,0.5246181605086899,11.111110669595242,188.44998168945312,cdip,2026-03-25 20:06:18,0.0
43,2026-03-30 20:00:00-07:00,0.6448,15.38,233.8,False,0.5121,11.11,286.5,False,0.2097,8.33,308.7,False,0.4505,0.8497,1.886287,1d_transect,2026-03-30 20:00:00-07:00,0.8496818542480469,0.553551164480616,16.666667039195705,204.4320068359375,0.5357410848925441,11.111110669595242,187.3726959228516,0.341011848932991,12.50000027939678,198.26437377929688,cdip,2026-03-25 20:06:18,0.0
43,2026-03-30 23:00:00-07:00,0.6775,15.38,235.4,False,0.4864,11.11,288.1,False,0.1952,8.33,308.9,False,0.4467,0.8566,1.917701,1d_transect,2026-03-30 23:00:00-07:00,0.8565620183944702,0.5626247680762194,16.666667039195705,204.3130798339844,0.5481845783225459,11.111110669595242,186.02264404296875,0.3218259093718124,12.50000027939678,197.4496612548828,cdip,2026-03-25 20:06:18,0.0
43,2026-03-31 02:00:00-07:00,0.7309,15.38,242.8,False,0.3858,11.11,287.6,False,0.2391,8.33,300.5,False,0.4998,0.8604,1.721375,1d_transect,2026-03-31 02:00:00-07:00,0.8603782057762146,0.5703584535827406,16.666667039195705,204.2760772705078,0.5537872248491791,11.111110669595242,185.20140075683597,0.3079293547430622,12.50000027939678,196.63510131835935,cdip,2026-03-25 20:06:18,0.0
43,2026-03-31 05:00:00-07:00,0.7482,14.29,245.3,False,0.2666,11.11,292.9,False,0.2142,8.33,295.7,False,0.5038,0.8226,1.632741,1d_transect,2026-03-31 05:00:00-07:00,0.8226451873779297,0.5579233758512011,15.384615948919734,204.64337158203125,0.5312957865309862,11.111110669595242,183.6965789794922,0.2658655006511454,12.50000027939678,196.32171630859372,cdip,2026-03-25 20:06:18,0.0
43,2026-03-31 08:00:00-07:00,0.7513,14.29,246.6,False,0.1945,11.11,295.5,False,0.3047,8.33,294.6,False,0.5213,0.8338,1.599398,1d_transect,2026-03-31 08:00:00-07:00,0.8337628841400146,0.5577720084667452,15.384615948919734,204.69607543945312,0.5527620708521193,11.111110669595242,183.57415771484372,0.256222306594904,12.50000027939678,196.18418884277344,cdip,2026-03-25 20:06:18,0.0
43,2026-03-31 11:00:00-07:00,0.7782,14.29,242.4,False,0.2594,11.11,291.3,False,0.1673,8.33,295.3,False,0.5836,0.8372,1.434367,1d_transect,2026-03-31 11:00:00-07:00,0.8371641635894775,0.5821159181198875,15.384615948919734,204.6562347412109,0.5331834161919512,11.111110669595242,183.1419219970703,0.2531817473200467,12.50000027939678,196.9471740722656,cdip,2026-03-25 20:06:18,0.0
43,2026-03-31 14:00:00-07:00,0.7424,14.29,245.5,False,0.4231,7.69,278.5,False,0.1452,11.11,303.6,False,0.6242,0.8668,1.388689,1d_transect,2026-03-31 14:00:00-07:00,0.8667959570884705,0.5828263615880022,15.384615948919734,204.7159118652344,0.5029636673359872,11.111110669595242,183.0271148681641,0.2470140602625713,12.50000027939678,197.2837829589844,cdip,2026-03-25 20:06:18,0.0
44,2026-03-25 02:00:00-07:00,0.806,15.38,260.5,False,0.3887,11.11,306.4,False,0.1296,3.85,332.6,True,0.4185,0.9042,2.160512,1d_transect,2026-03-25 02:00:00-07:00,0.9041921496391296,0.796494749968558,18.181818280338256,198.8460235595703,0.4217089285222286,12.50000027939678,202.11302185058597,,,,cdip,2026-03-25 20:06:18,0.0
44,2026-03-25 05:00:00-07:00,0.8481,15.38,254.7,False,0.3311,11.11,306.8,False,0.1285,3.85,318.5,True,0.4643,0.9195,1.980336,1d_transect,2026-03-25 05:00:00-07:00,0.919464647769928,0.8217169533868174,18.181818280338256,198.0848388671875,0.4066389527726625,12.50000027939678,203.35809326171875,,,,cdip,2026-03-25 20:06:18,0.0
44,2026-03-25 08:00:00-07:00,0.8425,11.11,305.6,False,0.4084,4.17,326.3,True,,,,,0.1891,0.9362,4.94977,1d_transect,2026-03-25 08:00:00-07:00,0.9362434148788452,0.843117041337794,18.181818280338256,197.86474609375,0.4011648328792396,12.50000027939678,205.70237731933597,,,,cdip,2026-03-25 20:06:18,0.0
44,2026-03-25 11:00:00-07:00,0.8755,11.11,304.8,False,0.3461,4.76,322.7,True,,,,,0.242,0.9415,3.89111,1d_transect,2026-03-25 11:00:00-07:00,0.9414547085762024,0.8467520493631847,18.181818280338256,198.0619354248047,0.4053125822622289,12.50000027939678,208.43670654296875,,,,cdip,2026-03-25 20:06:18,0.0
44,2026-03-25 14:00:00-07:00,0.9021,11.11,296.8,False,0.3057,4.76,331.5,True,,,,,0.3234,0.9525,2.945513,1d_transect,2026-03-25 14:00:00-07:00,0.9525065422058104,0.946814247929408,18.181818280338256,198.4009246826172,,,,,,,cdip,2026-03-25 20:06:18,0.0
44,2026-03-25 17:00:00-07:00,0.8605,11.11,294.4,False,0.251,5.0,327.0,True,,,,,0.4454,0.8963,2.012436,1d_transect,2026-03-25 17:00:00-07:00,0.8963369131088257,0.8876831894579231,16.666667039195705,202.9931182861328,0.0791165862700847,6.25000013969839,253.0642242431641,,,,cdip,2026-03-25 20:06:18,0.0
44,2026-03-25 20:00:00-07:00,0.8819,11.11,294.2,False,0.2632,5.26,329.5,True,,,,,0.4928,0.9203,1.86737,1d_transect,2026-03-25 20:00:00-07:00,0.9203198552131652,0.9072868197270882,16.666667039195705,202.5215759277344,0.1120901305732644,6.25000013969839,253.25930786132807,,,,cdip,2026-03-25 20:06:18,0.0
44,2026-03-25 23:00:00-07:00,0.672,11.11,300.3,False,0.4165,6.67,319.1,False,,,,,0.3785,0.7906,2.088898,1d_transect,2026-03-25 23:00:00-07:00,0.7905831933021545,0.7161231829370572,16.666667039195705,201.993896484375,0.2787897057578705,8.333333519597852,242.7109375,0.1479603450391929,6.25000013969839,253.82400512695312,cdip,2026-03-25 20:06:18,0.0
44,2026-03-26 02:00:00-07:00,0.8721,8.33,312.0,False,,,,,,,,,0.2961,0.8721,2.945327,1d_transect,2026-03-26 02:00:00-07:00,0.8720877170562744,0.6898833347137436,16.666667039195705,201.127197265625,0.4140232242679001,8.333333519597852,244.81890869140625,0.2055421800232993,10.526315921561542,228.8179168701172,cdip,2026-03-25 20:06:18,0.0
44,2026-03-26 05:00:00-07:00,0.9228,9.09,310.8,False,,,,,,,,,0.3604,0.9228,2.560265,1d_transect,2026-03-26 05:00:00-07:00,0.9227752685546876,0.6193616180781578,16.666667039195705,200.4655303955078,0.4640093332964045,8.333333519597852,244.74661254882807,0.3609334923062418,10.526315921561542,233.8975524902344,cdip,2026-03-25 20:06:18,0.0
44,2026-03-26 08:00:00-07:00,0.8513,9.87,308.3,False,,,,,,,,,0.5307,0.8513,1.604052,1d_transect,2026-03-26 08:00:00-07:00,0.8512932062149048,0.5355195575155335,15.384615948919734,202.6703643798828,0.363002289644682,10.526315921561542,235.0100555419922,0.4148128663045591,8.333333519597852,244.55569458007807,cdip,2026-03-25 20:06:18,0.0
44,2026-03-26 11:00:00-07:00,0.8329,9.87,311.7,False,,,,,,,,,0.3646,0.8329,2.284671,1d_transect,2026-03-26 11:00:00-07:00,0.832947850227356,0.5167299670080129,15.384615948919734,201.78858947753903,0.378601809821785,11.111110669595242,232.88482666015625,0.3830844512271876,9.090909140169128,244.2042999267578,cdip,2026-03-25 20:06:18,0.0
44,2026-03-26 14:00:00-07:00,0.7794,9.87,306.6,False,,,,,,,,,0.4894,0.7794,1.592566,1d_transect,2026-03-26 14:00:00-07:00,0.7794337272644043,0.4934605701476425,15.384615948919734,201.1138458251953,0.3650507503367243,11.111110669595242,232.8151092529297,0.3409302195784731,9.090909140169128,244.1564483642578,cdip,2026-03-25 20:06:18,0.0
44,2026-03-26 17:00:00-07:00,0.7364,9.87,311.3,False,,,,,,,,,0.3249,0.7364,2.266063,1d_transect,2026-03-26 17:00:00-07:00,0.7363553643226624,0.4775774883770606,15.384615948919734,200.50588989257807,0.3477758236420327,11.764705758606276,227.77896118164065,0.3035256581979124,9.090909140169128,243.9385986328125,cdip,2026-03-25 20:06:18,0.0
44,2026-03-26 20:00:00-07:00,0.7022,9.87,310.3,False,,,,,,,,,0.3063,0.7022,2.292456,1d_transect,2026-03-26 20:00:00-07:00,0.702172577381134,0.5669849186655892,15.384615948919734,199.9635772705078,0.2728211534874863,9.090909140169128,243.5782012939453,0.1674761084910739,6.25000013969839,252.83987426757807,cdip,2026-03-25 20:06:18,0.0
44,2026-03-26 23:00:00-07:00,0.6765,9.87,312.6,False,,,,,,,,,0.2854,0.6765,2.370363,1d_transect,2026-03-26 23:00:00-07:00,0.6765429377555847,0.6037231419303547,15.384615948919734,199.46331787109372,0.1587233902376271,4.999999925494195,257.833984375,,,,cdip,2026-03-25 20:06:18,0.0
44,2026-03-27 02:00:00-07:00,0.6601,9.87,313.6,False,,,,,,,,,0.2707,0.6601,2.4387,1d_transect,2026-03-27 02:00:00-07:00,0.6601065993309021,0.5919286498448395,15.384615948919734,199.14581298828125,0.1500848249853637,4.999999925494195,258.01666259765625,,,,cdip,2026-03-25 20:06:18,0.0
44,2026-03-27 05:00:00-07:00,0.6491,10.53,314.7,False,,,,,,,,,0.3031,0.6491,2.141234,1d_transect,2026-03-27 05:00:00-07:00,0.6491145491600037,0.5850903895217603,14.28571422489322,202.1897735595703,0.140809051458299,4.999999925494195,258.6234130859375,,,,cdip,2026-03-25 20:06:18,0.0
44,2026-03-27 08:00:00-07:00,0.606,10.53,313.7,False,,,,,,,,,0.2922,0.606,2.073749,1d_transect,2026-03-27 08:00:00-07:00,0.6059657335281372,0.5463945530498913,14.28571422489322,202.0239715576172,0.1256787787630738,4.761904910578484,260.77459716796875,,,,cdip,2026-03-25 20:06:18,0.0
44,2026-03-27 11:00:00-07:00,0.597,10.53,314.8,False,,,,,,,,,0.2768,0.597,2.157019,1d_transect,2026-03-27 11:00:00-07:00,0.5970265865325928,0.5385651195515752,14.28571422489322,201.55923461914065,0.1197927333086842,4.761904910578484,261.1297302246094,,,,cdip,2026-03-25 20:06:18,0.0
44,2026-03-27 14:00:00-07:00,0.5984,10.53,308.6,False,,,,,,,,,0.3601,0.5984,1.661729,1d_transect,2026-03-27 14:00:00-07:00,0.5984421968460083,0.5425013784988311,14.28571422489322,200.75418090820312,0.1150459178336749,4.761904910578484,261.2989196777344,,,,cdip,2026-03-25 20:06:18,0.0
44,2026-03-27 17:00:00-07:00,0.7037,10.53,311.1,False,,,,,,,,,0.2552,0.7037,2.757709,1d_transect,2026-03-27 17:00:00-07:00,0.7036528587341309,0.6426022975171249,16.666667039195705,195.4384002685547,0.1279960016061561,4.761904910578484,261.3512268066406,,,,cdip,2026-03-25 20:06:18,0.0
44,2026-03-27 20:00:00-07:00,0.7499,9.87,312.3,False,,,,,,,,,0.2192,0.7499,3.420765,1d_transect,2026-03-27 20:00:00-07:00,0.7499346733093262,0.6899671766648388,16.666667039195705,197.28526306152344,0.129516703792112,4.761904910578484,261.51092529296875,,,,cdip,2026-03-25 20:06:18,0.0
44,2026-03-27 23:00:00-07:00,0.7731,9.87,313.4,False,,,,,,,,,0.2153,0.7731,3.590706,1d_transect,2026-03-27 23:00:00-07:00,0.7731351852416992,0.7167002201610196,16.666667039195705,199.6234130859375,0.1277642349591014,4.761904910578484,261.39703369140625,,,,cdip,2026-03-25 20:06:18,0.0
44,2026-03-28 02:00:00-07:00,0.7295,9.87,313.0,False,,,,,,,,,0.2131,0.7295,3.423238,1d_transect,2026-03-28 02:00:00-07:00,0.7295359969139099,0.6833028964293849,15.384615948919734,198.2642059326172,0.1166464644752382,4.761904910578484,261.06317138671875,,,,cdip,2026-03-25 20:06:18,0.0
44,2026-03-28 05:00:00-07:00,0.7455,10.53,312.3,False,,,,,,,,,0.2451,0.7455,3.041709,1d_transect,2026-03-28 05:00:00-07:00,0.7454566955566406,0.701658336402058,15.384615948919734,198.7442169189453,0.1129440480623961,4.761904910578484,261.163818359375,,,,cdip,2026-03-25 20:06:18,0.0
44,2026-03-28 08:00:00-07:00,0.7575,10.53,311.3,False,,,,,,,,,0.2499,0.7575,3.031285,1d_transect,2026-03-28 08:00:00-07:00,0.7575204968452454,0.7154220225090742,15.384615948919734,199.4554901123047,0.2152073306949398,4.545454570084564,261.1741943359375,0.1089325000867335,6.25000013969839,254.39419555664065,cdip,2026-03-25 20:06:18,0.0
44,2026-03-28 11:00:00-07:00,0.6096,14.29,265.8,False,0.4679,11.11,312.3,False,,,,,0.5112,0.7684,1.50312,1d_transect,2026-03-28 11:00:00-07:00,0.7684494256973267,0.7264315427673164,15.384615948919734,200.20872497558597,0.2125445767856882,4.347826008084592,260.7835998535156,0.0521297714121453,22.222221339190483,199.09475708007807,cdip,2026-03-25 20:06:18,0.0
44,2026-03-28 14:00:00-07:00,0.6007,14.29,256.8,False,0.4898,11.11,308.0,False,,,,,0.6233,0.7751,1.243448,1d_transect,2026-03-28 14:00:00-07:00,0.7750747203826904,0.7360497355872403,15.384615948919734,200.70005798339844,0.2051976564711394,4.347826008084592,261.0069885253906,0.0555676694229284,22.222221339190483,199.3415069580078,cdip,2026-03-25 20:06:18,0.0
44,2026-03-28 17:00:00-07:00,0.8137,11.11,309.0,False,,,,,,,,,0.39,0.8137,2.086519,1d_transect,2026-03-28 17:00:00-07:00,0.8137237429618835,0.7768038402860457,15.384615948919734,200.71896362304688,0.0607465909700348,22.222221339190483,199.70050048828125,0.2031995062147643,4.166666759798926,261.0181884765625,cdip,2026-03-25 20:06:18,0.0
44,2026-03-28 20:00:00-07:00,0.6215,13.33,264.5,False,0.4152,11.11,307.9,False,,,,,0.6575,0.7475,1.136792,1d_transect,2026-03-28 20:00:00-07:00,0.7474744319915771,0.7197095096231397,14.28571422489322,199.42657470703125,0.0819720049545913,6.25000013969839,254.2059631347656,,,,cdip,2026-03-25 20:06:18,0.0
44,2026-03-28 23:00:00-07:00,0.6405,13.33,264.2,False,0.2593,10.53,311.3,False,,,,,0.5815,0.691,1.188264,1d_transect,2026-03-28 23:00:00-07:00,0.6909787654876709,0.6688942312105238,13.33333280351429,198.62445068359372,0.067131802068938,6.25000013969839,254.05096435546875,,,,cdip,2026-03-25 20:06:18,0.0
44,2026-03-29 02:00:00-07:00,0.6081,13.33,258.4,False,0.2986,10.53,306.1,False,,,,,0.6403,0.6774,1.058059,1d_transect,2026-03-29 02:00:00-07:00,0.6774449944496155,0.6531866442585119,13.33333280351429,199.0956115722656,0.0842397839688427,19.99999970197678,197.2033843994141,0.0616189409222755,6.25000013969839,254.025390625,cdip,2026-03-25 20:06:18,0.0
44,2026-03-29 05:00:00-07:00,0.6091,13.33,260.0,False,0.2662,9.87,307.9,False,,,,,0.6169,0.6647,1.077459,1d_transect,2026-03-29 05:00:00-07:00,0.664688229560852,0.6417082070492743,13.33333280351429,199.49383544921875,0.0924485443815407,19.99999970197678,198.0153045654297,0.0571649302505805,6.25000013969839,253.8164825439453,cdip,2026-03-25 20:06:18,0.0
44,2026-03-29 08:00:00-07:00,0.6062,13.33,260.6,False,0.2404,9.87,306.2,False,,,,,0.6491,0.6521,1.004616,1d_transect,2026-03-29 08:00:00-07:00,0.6521250605583191,0.6302521285487358,13.33333280351429,199.7142791748047,0.0991815889613172,19.99999970197678,198.58810424804688,,,,cdip,2026-03-25 20:06:18,0.0
44,2026-03-29 11:00:00-07:00,0.5937,13.33,260.8,False,0.2233,9.87,307.2,False,,,,,0.6372,0.6343,0.995471,1d_transect,2026-03-29 11:00:00-07:00,0.6342925429344177,0.6241494485167417,13.33333280351429,199.92401123046875,,,,,,,cdip,2026-03-25 20:06:18,0.0
44,2026-03-29 14:00:00-07:00,0.5746,13.33,265.3,False,0.2227,9.87,306.3,False,,,,,0.5707,0.6163,1.079894,1d_transect,2026-03-29 14:00:00-07:00,0.6162881851196289,0.594060302025006,13.33333280351429,200.21908569335935,0.1284913871888325,18.181818280338256,200.58079528808597,,,,cdip,2026-03-25 20:06:18,0.0
44,2026-03-29 17:00:00-07:00,0.5641,13.33,266.3,False,0.2072,9.87,306.8,False,,,,,0.5597,0.6009,1.073628,1d_transect,2026-03-29 17:00:00-07:00,0.6009231805801392,0.5776527675133976,13.33333280351429,200.77410888671875,0.1377106817548216,18.181818280338256,200.4326629638672,,,,cdip,2026-03-25 20:06:18,0.0
44,2026-03-29 20:00:00-07:00,0.5628,13.33,264.5,False,0.1627,9.09,305.8,False,,,,,0.6588,0.5859,0.889347,1d_transect,2026-03-29 20:00:00-07:00,0.5858833193778992,0.560881027194845,13.33333280351429,201.1796417236328,0.1465437664636539,18.181818280338256,201.23513793945312,,,,cdip,2026-03-25 20:06:18,0.0
44,2026-03-29 23:00:00-07:00,0.5435,12.5,268.4,False,0.1622,9.09,306.8,False,0.0475,3.7,319.0,True,0.5648,0.5692,1.007659,1d_transect,2026-03-29 23:00:00-07:00,0.5691643357276917,0.5427787493710334,13.33333280351429,201.1516876220703,0.1520205227967804,18.181818280338256,201.9959259033203,,,,cdip,2026-03-25 20:06:18,0.0
44,2026-03-30 02:00:00-07:00,0.5344,12.5,264.4,False,0.1511,9.09,308.0,False,,,,,0.6042,0.5553,0.919171,1d_transect,2026-03-30 02:00:00-07:00,0.5553427934646606,0.5276376903077997,13.33333280351429,200.5707244873047,0.1551867808767821,18.181818280338256,202.2932281494141,,,,cdip,2026-03-25 20:06:18,0.0
44,2026-03-30 05:00:00-07:00,0.5234,12.5,266.0,False,0.149,9.09,309.2,False,,,,,0.5776,0.5442,0.942094,1d_transect,2026-03-30 05:00:00-07:00,0.5441531538963318,0.5164548593084409,13.33333280351429,199.634033203125,0.1542376863464727,18.181818280338256,202.0013885498047,,,,cdip,2026-03-25 20:06:18,0.0
44,2026-03-30 08:00:00-07:00,0.4953,12.5,266.2,False,0.0907,9.09,308.0,False,0.0695,5.88,316.2,True,0.55,0.5083,0.924164,1d_transect,2026-03-30 08:00:00-07:00,0.5082902312278748,0.3403122332039518,12.50000027939678,198.88897705078125,0.1948992055688438,16.666667039195705,205.55455017089844,,,,cdip,2026-03-25 20:06:18,0.0
44,2026-03-30 11:00:00-07:00,0.4908,12.5,267.3,False,0.0819,9.09,309.2,False,0.0579,5.56,314.6,True,0.5648,0.501,0.886897,1d_transect,2026-03-30 11:00:00-07:00,0.5009520053863525,0.3184902454373705,12.50000027939678,198.66207885742188,0.2086508349377656,16.666667039195705,205.6511688232422,,,,cdip,2026-03-25 20:06:18,0.0
44,2026-03-30 14:00:00-07:00,0.4867,12.5,268.9,False,0.0796,9.09,307.9,False,0.0521,5.56,315.6,True,0.5404,0.4959,0.917691,1d_transect,2026-03-30 14:00:00-07:00,0.4958853125572204,0.2987291501467595,12.50000027939678,198.25604248046875,0.2222261126768788,16.666667039195705,205.7977600097656,,,,cdip,2026-03-25 20:06:18,0.0
44,2026-03-30 17:00:00-07:00,0.3608,15.38,232.6,False,0.4937,11.76,275.9,False,0.1598,9.09,309.4,False,0.4486,0.632,1.408846,1d_transect,2026-03-30 17:00:00-07:00,0.6319815516471863,0.3361776495451944,16.666667039195705,205.91310119628903,0.4144076656581053,11.111110669595242,187.58497619628903,0.3279120403978003,12.50000027939678,197.7473907470703,cdip,2026-03-25 20:06:18,0.0
44,2026-03-30 20:00:00-07:00,0.4702,15.38,233.8,False,0.3894,11.11,286.5,False,0.1685,8.33,308.7,False,0.3666,0.6334,1.727923,1d_transect,2026-03-30 20:00:00-07:00,0.6333760023117065,0.3823801734224435,16.666667039195705,205.94107055664065,0.4197166011523009,11.111110669595242,186.5580291748047,0.2671847389161866,12.50000027939678,197.1885681152344,cdip,2026-03-25 20:06:18,0.0
44,2026-03-30 23:00:00-07:00,0.3557,15.38,235.4,False,0.266,11.11,288.1,False,0.1128,8.33,308.9,False,0.3628,0.4583,1.263423,1d_transect,2026-03-30 23:00:00-07:00,0.4583134949207306,0.3053249959794569,11.111110669595242,185.2133636474609,0.2826404016460278,16.666667039195705,205.9464569091797,0.1815413981744123,12.50000027939678,196.6729888916016,cdip,2026-03-25 20:06:18,0.0
44,2026-03-31 02:00:00-07:00,0.3839,15.38,242.8,False,0.2107,11.11,287.6,False,0.1358,8.33,300.5,False,0.4048,0.4585,1.132583,1d_transect,2026-03-31 02:00:00-07:00,0.4584800004959106,0.3048145854650698,11.111110669595242,184.7281646728516,0.2882270499619378,16.666667039195705,206.19357299804688,0.173805983922429,12.50000027939678,196.2071990966797,cdip,2026-03-25 20:06:18,0.0
44,2026-03-31 05:00:00-07:00,0.5393,14.29,245.3,False,0.2014,11.11,292.9,False,0.1645,8.33,295.7,False,0.407,0.5987,1.471184,1d_transect,2026-03-31 05:00:00-07:00,0.5987394452095032,0.3846814258759257,15.384615948919734,206.79397583007807,0.398975299815392,11.111110669595242,182.7550506591797,0.2107910041928632,12.50000027939678,196.34719848632807,cdip,2026-03-25 20:06:18,0.0
44,2026-03-31 08:00:00-07:00,0.5416,14.29,246.6,False,0.1506,11.11,295.5,False,0.2322,8.33,294.6,False,0.422,0.6082,1.441144,1d_transect,2026-03-31 08:00:00-07:00,0.6082203388214111,0.3851739573168132,15.384615948919734,207.06756591796875,0.4162935687103159,11.111110669595242,183.04937744140625,0.2029222662199577,12.50000027939678,196.5811004638672,cdip,2026-03-25 20:06:18,0.0
44,2026-03-31 11:00:00-07:00,0.5643,14.29,242.4,False,0.1975,11.11,291.3,False,0.1295,8.33,295.3,False,0.4695,0.6117,1.302861,1d_transect,2026-03-31 11:00:00-07:00,0.6117300391197205,0.4100759448405106,15.384615948919734,207.0788726806641,0.3972359266821001,11.111110669595242,182.08750915527344,0.2018066040004707,12.50000027939678,197.88548278808597,cdip,2026-03-25 20:06:18,0.0
44,2026-03-31 14:00:00-07:00,0.5379,14.29,245.5,False,0.3199,7.69,278.5,False,0.1196,11.11,303.6,False,0.5066,0.6372,1.257659,1d_transect,2026-03-31 14:00:00-07:00,0.6371757388114929,0.4147173487513004,15.384615948919734,207.4413299560547,0.3715858964249161,11.111110669595242,182.41461181640625,0.1968427436168792,12.50000027939678,198.54852294921875,cdip,2026-03-25 20:06:18,0.0
45,2026-03-25 02:00:00-07:00,0.8478,11.11,306.4,False,0.3231,15.38,260.5,False,0.3879,3.85,332.6,True,1.2708,0.9867,0.77647,1d_transect,2026-03-25 02:00:00-07:00,0.9867075085639954,0.4867010781413035,13.33333280351429,286.9894714355469,0.328972971578972,16.666667039195705,264.50177001953125,0.6477922041057322,4.761904910578484,339.873291015625,cdip,2026-03-25 20:06:18,0.0
45,2026-03-25 05:00:00-07:00,0.7873,11.11,306.8,False,0.3218,15.38,254.7,False,0.4757,3.85,318.5,True,1.256,0.9745,0.775871,1d_transect,2026-03-25 05:00:00-07:00,0.9744917750358582,0.5129740667599624,13.33333280351429,287.383544921875,0.3304380150387036,16.666667039195705,266.388916015625,0.4099236184091799,4.761904910578484,339.9429626464844,cdip,2026-03-25 20:06:18,0.0
45,2026-03-25 08:00:00-07:00,0.8239,11.11,305.6,False,0.5814,4.17,326.3,True,,,,,1.2642,1.0084,0.797666,1d_transect,2026-03-25 08:00:00-07:00,1.008389592170715,0.7348128372983297,13.33333280351429,287.30474853515625,0.6849776737607375,4.999999925494195,337.485595703125,,,,cdip,2026-03-25 20:06:18,0.0
45,2026-03-25 11:00:00-07:00,0.9117,11.11,304.8,False,0.7057,4.76,322.7,True,,,,,1.3385,1.1529,0.861341,1d_transect,2026-03-25 11:00:00-07:00,1.152943730354309,0.7786611219839861,14.28571422489322,285.2525329589844,0.8453886067998583,5.263157960780771,332.9777526855469,,,,cdip,2026-03-25 20:06:18,0.0
45,2026-03-25 14:00:00-07:00,1.0516,11.11,296.8,False,0.8068,4.76,331.5,True,,,,,1.4201,1.3255,0.933328,1d_transect,2026-03-25 14:00:00-07:00,1.3254607915878296,0.7918742655175465,14.28571422489322,284.8104248046875,1.0584326866215858,5.555555334797621,325.37359619140625,,,,cdip,2026-03-25 20:06:18,0.0
45,2026-03-25 17:00:00-07:00,1.0612,11.11,294.4,False,0.9469,5.0,327.0,True,,,,,1.6549,1.4222,0.859409,1d_transect,2026-03-25 17:00:00-07:00,1.4221986532211304,0.8088476136072659,14.28571422489322,284.4516296386719,1.164581237550356,5.882352879303138,323.45660400390625,,,,cdip,2026-03-25 20:06:18,0.0
45,2026-03-25 20:00:00-07:00,1.1656,11.11,294.2,False,1.0641,5.26,329.5,True,,,,,1.8466,1.5783,0.854677,1d_transect,2026-03-25 20:00:00-07:00,1.578254461288452,0.8668806762352361,14.28571422489322,284.2507629394531,1.3125319995646447,6.25000013969839,318.4975280761719,,,,cdip,2026-03-25 20:06:18,0.0
45,2026-03-25 23:00:00-07:00,0.7227,11.11,300.3,False,0.9382,6.67,319.1,False,,,,,2.4798,1.1843,0.477565,1d_transect,2026-03-25 23:00:00-07:00,1.1842788457870483,1.061411133975395,7.14285711244661,307.58184814453125,0.458531646891351,14.28571422489322,283.6209411621094,0.2237666932675809,11.111110669595242,294.4407043457031,cdip,2026-03-25 20:06:18,0.0
45,2026-03-26 02:00:00-07:00,1.4708,8.33,312.0,False,,,,,,,,,3.1684,1.4708,0.464227,1d_transect,2026-03-26 02:00:00-07:00,1.4708455801010132,1.388976967383783,9.090909140169128,300.9334716796875,0.4177465809175893,13.33333280351429,286.0830993652344,,,,cdip,2026-03-25 20:06:18,0.0
45,2026-03-26 05:00:00-07:00,1.7243,9.09,310.8,False,,,,,,,,,3.7038,1.7243,0.465551,1d_transect,2026-03-26 05:00:00-07:00,1.724315881729126,1.6444391824401143,9.871668200422231,299.2279968261719,0.3812528886354806,13.33333280351429,285.3392028808594,,,,cdip,2026-03-25 20:06:18,0.0
45,2026-03-26 08:00:00-07:00,1.7758,9.87,308.3,False,,,,,,,,,3.8025,1.7758,0.46701,1d_transect,2026-03-26 08:00:00-07:00,1.775794506072998,0.0166794912278149,9.871668200422231,298.679443359375,,,,,,,cdip,2026-03-25 20:06:18,0.0
45,2026-03-26 11:00:00-07:00,1.766,9.87,311.7,False,,,,,,,,,3.7466,1.766,0.471375,1d_transect,2026-03-26 11:00:00-07:00,1.766034483909607,1.721759750068654,9.871668200422231,298.74908447265625,,,,,,,cdip,2026-03-25 20:06:18,0.0
45,2026-03-26 14:00:00-07:00,1.6874,9.87,306.6,False,,,,,,,,,3.5066,1.6874,0.481214,1d_transect,2026-03-26 14:00:00-07:00,1.687429904937744,1.6459762621824583,9.871668200422231,298.95263671875,0.0491074134556759,19.99999970197678,265.7689208984375,,,,cdip,2026-03-25 20:06:18,0.0
45,2026-03-26 17:00:00-07:00,1.6009,9.87,311.3,False,,,,,,,,,3.3393,1.6009,0.479409,1d_transect,2026-03-26 17:00:00-07:00,1.6008840799331665,1.4917278404664895,9.871668200422231,299.6126708984375,0.4695026783505374,12.50000027939678,287.68902587890625,0.0536212869495925,19.99999970197678,273.1922302246094,cdip,2026-03-25 20:06:18,0.0
45,2026-03-26 20:00:00-07:00,1.4771,9.87,310.3,False,,,,,,,,,3.1476,1.4771,0.469275,1d_transect,2026-03-26 20:00:00-07:00,1.4770967960357666,1.3705575423978236,9.871668200422231,300.3896179199219,0.4510514347984065,12.50000027939678,287.8791809082031,0.0600416216440775,19.99999970197678,279.67999267578125,cdip,2026-03-25 20:06:18,0.0
45,2026-03-26 23:00:00-07:00,1.3378,9.87,312.6,False,,,,,,,,,2.933,1.3378,0.456111,1d_transect,2026-03-26 23:00:00-07:00,1.337795972824097,1.2331417545426908,9.871668200422231,301.0672607421875,0.4283196205274879,12.50000027939678,287.84844970703125,0.0676773465958299,19.99999970197678,282.3583374023437,cdip,2026-03-25 20:06:18,0.0
45,2026-03-27 02:00:00-07:00,1.2301,9.87,313.6,False,,,,,,,,,2.7816,1.2301,0.442229,1d_transect,2026-03-27 02:00:00-07:00,1.2301024198532104,1.123871119558296,9.871668200422231,301.5420837402344,0.4197158759607912,12.50000027939678,287.7819519042969,0.0711168561083593,19.99999970197678,282.6713256835937,cdip,2026-03-25 20:06:18,0.0
45,2026-03-27 05:00:00-07:00,1.2391,10.53,314.7,False,,,,,,,,,2.8152,1.2391,0.440136,1d_transect,2026-03-27 05:00:00-07:00,1.2390586137771606,1.1189830840031054,9.871668200422231,301.6309814453125,0.4634443100756273,12.50000027939678,287.785888671875,,,,cdip,2026-03-25 20:06:18,0.0
45,2026-03-27 08:00:00-07:00,1.1196,10.53,313.7,False,,,,,,,,,2.7136,1.1196,0.412603,1d_transect,2026-03-27 08:00:00-07:00,1.1196247339248655,1.000448134410199,9.871668200422231,301.4861145019531,0.428698783730034,12.50000027939678,287.8607177734375,0.1216749088094823,18.181818280338256,281.9819030761719,cdip,2026-03-25 20:06:18,0.0
45,2026-03-27 11:00:00-07:00,1.0612,10.53,314.8,False,,,,,,,,,2.5703,1.0612,0.412855,1d_transect,2026-03-27 11:00:00-07:00,1.06117045879364,0.9409257821880056,9.871668200422231,301.0795288085937,0.4185765571312669,12.50000027939678,287.95538330078125,0.1352921711984969,18.181818280338256,284.27227783203125,cdip,2026-03-25 20:06:18,0.0
45,2026-03-27 14:00:00-07:00,0.998,10.53,308.6,False,,,,,,,,,2.4315,0.998,0.410447,1d_transect,2026-03-27 14:00:00-07:00,0.9980058670043944,0.8516055591036897,9.090909140169128,304.2102355957031,0.457468621394918,12.50000027939678,287.9225158691406,0.143536779077868,18.181818280338256,285.2288818359375,cdip,2026-03-25 20:06:18,0.0
45,2026-03-27 17:00:00-07:00,0.9715,10.53,311.1,False,,,,,,,,,2.3695,0.9715,0.409987,1d_transect,2026-03-27 17:00:00-07:00,0.971468150615692,0.8227907821033188,9.090909140169128,304.27349853515625,0.4343304706959057,12.50000027939678,287.712890625,0.2000464186771759,18.181818280338256,285.4316711425781,cdip,2026-03-25 20:06:18,0.0
45,2026-03-27 20:00:00-07:00,1.0072,9.87,312.3,False,,,,,,,,,2.2529,1.0072,0.44707,1d_transect,2026-03-27 20:00:00-07:00,1.0071954727172852,0.8400762618456169,9.090909140169128,304.3085327148437,0.4681511613804975,12.50000027939678,287.40704345703125,0.2250488084871214,16.666667039195705,283.07666015625,cdip,2026-03-25 20:06:18,0.0
45,2026-03-27 23:00:00-07:00,1.0228,9.87,313.4,False,,,,,,,,,2.2127,1.0228,0.462236,1d_transect,2026-03-27 23:00:00-07:00,1.0227690935134888,0.8387786810392457,9.090909140169128,304.257568359375,0.4990488950476341,13.33333280351429,283.8157653808594,0.2382001363835917,16.666667039195705,284.8114624023437,cdip,2026-03-25 20:06:18,0.0
45,2026-03-28 02:00:00-07:00,1.0191,9.87,313.0,False,,,,,,,,,2.19,1.0191,0.465355,1d_transect,2026-03-28 02:00:00-07:00,1.0191363096237185,0.8279974830617106,9.090909140169128,304.0633850097656,0.5654561948434655,14.28571422489322,284.0184936523437,,,,cdip,2026-03-25 20:06:18,0.0
45,2026-03-28 05:00:00-07:00,1.3358,10.53,312.3,False,,,,,,,,,2.2759,1.3358,0.586938,1d_transect,2026-03-28 05:00:00-07:00,1.3358105421066284,0.7599109318240341,14.28571422489322,284.2743835449219,1.0738638195965506,9.090909140169128,303.8268737792969,,,,cdip,2026-03-25 20:06:18,0.0
45,2026-03-28 08:00:00-07:00,1.3488,10.53,311.3,False,,,,,,,,,2.3207,1.3488,0.581206,1d_transect,2026-03-28 08:00:00-07:00,1.3487941026687622,0.7701275615184449,14.28571422489322,284.3970642089844,1.082658560966316,9.090909140169128,303.84991455078125,,,,cdip,2026-03-25 20:06:18,0.0
45,2026-03-28 11:00:00-07:00,1.3544,11.11,312.3,False,0.2768,14.29,265.8,False,,,,,2.4545,1.3824,0.563206,1d_transect,2026-03-28 11:00:00-07:00,1.3823798894882202,0.7830925614923627,14.28571422489322,284.5424194335937,1.112806555590066,9.090909140169128,304.2594909667969,,,,cdip,2026-03-25 20:06:18,0.0
45,2026-03-28 14:00:00-07:00,1.3744,11.11,308.0,False,0.2822,14.29,256.8,False,,,,,2.4404,1.4031,0.574933,1d_transect,2026-03-28 14:00:00-07:00,1.4030873775482178,0.7894495476379803,14.28571422489322,284.6383972167969,1.1320447242445486,9.090909140169128,304.6998291015625,,,,cdip,2026-03-25 20:06:18,0.0
45,2026-03-28 17:00:00-07:00,1.4601,11.11,309.0,False,,,,,,,,,2.3667,1.4601,0.616945,1d_transect,2026-03-28 17:00:00-07:00,1.4601364135742188,0.7801741989724671,14.28571422489322,284.66571044921875,1.205913666278746,9.090909140169128,304.9476623535156,,,,cdip,2026-03-25 20:06:18,0.0
45,2026-03-28 20:00:00-07:00,1.3626,11.11,307.9,False,0.3652,13.33,264.5,False,,,,,2.2949,1.4107,0.614726,1d_transect,2026-03-28 20:00:00-07:00,1.410714626312256,0.8054538758684351,14.28571422489322,284.7358093261719,1.1305929867282187,9.090909140169128,305.3271789550781,,,,cdip,2026-03-25 20:06:18,0.0
45,2026-03-28 23:00:00-07:00,1.2252,10.53,311.3,False,0.3541,13.33,264.2,False,,,,,2.1095,1.2753,0.604563,1d_transect,2026-03-28 23:00:00-07:00,1.275329351425171,0.7391912823931447,13.33333280351429,281.5268249511719,1.014989493802554,9.090909140169128,305.53668212890625,,,,cdip,2026-03-25 20:06:18,0.0
45,2026-03-29 02:00:00-07:00,1.1667,10.53,306.1,False,0.3524,13.33,258.4,False,,,,,1.9904,1.2187,0.612316,1d_transect,2026-03-29 02:00:00-07:00,1.2187410593032837,0.7238344718224017,13.33333280351429,281.9134216308594,0.95901932760353,9.090909140169128,305.37225341796875,,,,cdip,2026-03-25 20:06:18,0.0
45,2026-03-29 05:00:00-07:00,1.1242,9.87,307.9,False,0.3595,13.33,260.0,False,,,,,1.8584,1.1803,0.635103,1d_transect,2026-03-29 05:00:00-07:00,1.180257797241211,0.7135206456031434,13.33333280351429,282.44287109375,0.9210346280238068,9.090909140169128,305.0183410644531,,,,cdip,2026-03-25 20:06:18,0.0
45,2026-03-29 08:00:00-07:00,1.0632,9.87,306.2,False,0.4066,13.33,260.6,False,,,,,1.8357,1.1383,0.620091,1d_transect,2026-03-29 08:00:00-07:00,1.1383185386657717,0.6988893234116477,13.33333280351429,283.05328369140625,0.882534292911587,8.333333519597852,308.0241394042969,,,,cdip,2026-03-25 20:06:18,0.0
45,2026-03-29 11:00:00-07:00,1.0018,9.87,307.2,False,0.404,13.33,260.8,False,,,,,1.7328,1.0802,0.623404,1d_transect,2026-03-29 11:00:00-07:00,1.0802030563354492,0.6803929296917494,13.33333280351429,283.65460205078125,0.8267188524097874,8.333333519597852,307.673828125,,,,cdip,2026-03-25 20:06:18,0.0
45,2026-03-29 14:00:00-07:00,0.9343,9.87,306.3,False,0.4043,13.33,265.3,False,,,,,1.6101,1.018,0.632283,1d_transect,2026-03-29 14:00:00-07:00,1.0180091857910156,0.6611311942991396,13.33333280351429,284.3027038574219,0.764309335459839,8.333333519597852,306.764404296875,,,,cdip,2026-03-25 20:06:18,0.0
45,2026-03-29 17:00:00-07:00,0.8797,9.87,306.8,False,0.4017,13.33,266.3,False,,,,,1.52,0.9671,0.636258,1d_transect,2026-03-29 17:00:00-07:00,0.967085599899292,0.6597868861663212,13.33333280351429,284.837158203125,0.6988447269717426,8.333333519597852,305.7537536621094,,,,cdip,2026-03-25 20:06:18,0.0
45,2026-03-29 20:00:00-07:00,0.4312,13.33,264.5,False,0.8217,9.09,305.8,False,,,,,1.4801,0.928,0.626955,1d_transect,2026-03-29 20:00:00-07:00,0.927979588508606,0.6534774250393082,13.33333280351429,285.0852355957031,0.6515960470784519,8.333333519597852,305.14166259765625,,,,cdip,2026-03-25 20:06:18,0.0
45,2026-03-29 23:00:00-07:00,0.4131,12.5,268.4,False,0.7399,9.09,306.8,False,0.286,3.7,319.0,True,1.3941,0.8944,0.641564,1d_transect,2026-03-29 23:00:00-07:00,0.8943856358528137,0.6356491994811083,13.33333280351429,284.9551696777344,0.6227688985994753,8.333333519597852,304.7285461425781,,,,cdip,2026-03-25 20:06:18,0.0
45,2026-03-30 02:00:00-07:00,0.3839,12.5,264.4,False,0.7231,9.09,308.0,False,,,,,1.3336,0.8186,0.61387,1d_transect,2026-03-30 02:00:00-07:00,0.8186374306678772,0.5862296801566401,12.50000027939678,283.6363220214844,0.3791989271146577,8.333333519597852,304.3669128417969,0.4200571826764837,6.25000013969839,313.450927734375,cdip,2026-03-25 20:06:18,0.0
45,2026-03-30 05:00:00-07:00,0.3951,12.5,266.0,False,0.6751,9.09,309.2,False,,,,,1.313,0.7822,0.595699,1d_transect,2026-03-30 05:00:00-07:00,0.7821584343910217,0.5670298214143206,12.50000027939678,284.385498046875,0.3500862040773825,8.333333519597852,303.818359375,0.4027227504670068,6.25000013969839,314.3994445800781,cdip,2026-03-25 20:06:18,0.0
45,2026-03-30 08:00:00-07:00,0.4042,12.5,266.2,False,0.4442,9.09,308.0,False,0.449,5.88,316.2,True,1.1869,0.7499,0.631787,1d_transect,2026-03-30 08:00:00-07:00,0.7498588562011719,0.5443212996379982,12.50000027939678,284.5726318359375,0.3281143804837491,7.692307974459867,307.6746826171875,,,,cdip,2026-03-25 20:06:18,0.0
45,2026-03-30 11:00:00-07:00,0.4189,12.5,267.3,False,0.4198,9.09,309.2,False,0.3946,5.56,314.6,True,1.1234,0.7123,0.634068,1d_transect,2026-03-30 11:00:00-07:00,0.7122883200645447,0.5173243142950494,12.50000027939678,284.25787353515625,0.3123314415971894,7.692307974459867,307.4227600097656,0.3707339755648672,5.882352879303138,315.7247009277344,cdip,2026-03-25 20:06:18,0.0
45,2026-03-30 14:00:00-07:00,0.4072,12.5,268.9,False,0.3995,9.09,307.9,False,0.3453,5.56,315.6,True,1.0367,0.6668,0.643143,1d_transect,2026-03-30 14:00:00-07:00,0.6667677164077759,0.5012449742685847,12.50000027939678,283.59283447265625,0.3010470365010381,7.692307974459867,307.4266967773437,0.3131153469249509,5.555555334797621,316.9961242675781,cdip,2026-03-25 20:06:18,0.0
45,2026-03-30 17:00:00-07:00,0.3405,11.76,275.9,False,0.504,9.09,309.4,False,0.1304,15.38,232.6,False,1.0032,0.6221,0.620138,1d_transect,2026-03-30 17:00:00-07:00,0.6221063137054443,0.4447299912248473,12.50000027939678,282.3768310546875,0.4001242897831676,7.692307974459867,307.446533203125,0.1563305518654589,15.384615948919734,255.95150756835935,cdip,2026-03-25 20:06:18,0.0
45,2026-03-30 20:00:00-07:00,0.3271,11.11,286.5,False,0.1418,15.38,233.8,False,0.4616,8.33,308.7,False,0.9192,0.5832,0.634519,1d_transect,2026-03-30 20:00:00-07:00,0.5832193493843079,0.4068075761933363,12.50000027939678,280.55047607421875,0.3569592871326314,7.692307974459867,307.3164367675781,0.1713075578231648,16.666667039195705,266.00274658203125,cdip,2026-03-25 20:06:18,0.0
45,2026-03-30 23:00:00-07:00,0.3072,11.11,288.1,False,0.1525,15.38,235.4,False,0.4249,8.33,308.9,False,0.8561,0.5461,0.637904,1d_transect,2026-03-30 23:00:00-07:00,0.5461119413375854,0.359264073557436,12.50000027939678,277.8581237792969,0.2076217548180546,16.666667039195705,268.9140625,0.3486555873498994,8.333333519597852,300.2353820800781,cdip,2026-03-25 20:06:18,0.0
45,2026-03-31 02:00:00-07:00,0.1774,15.38,242.8,False,0.2528,11.11,287.6,False,0.3674,8.33,300.5,False,0.8079,0.4799,0.594042,1d_transect,2026-03-31 02:00:00-07:00,0.4799188673496246,0.1670650332956961,11.111110669595242,284.4158630371094,0.2079738606650192,16.666667039195705,273.376953125,0.2658660167424987,8.333333519597852,297.9437561035156,cdip,2026-03-25 20:06:18,0.0
45,2026-03-31 05:00:00-07:00,0.2147,14.29,245.3,False,0.2553,11.11,292.9,False,0.2799,8.33,295.7,False,0.6742,0.4355,0.645891,1d_transect,2026-03-31 05:00:00-07:00,0.4354567527770996,0.2695551495050349,11.111110669595242,283.045654296875,0.233583677229551,16.666667039195705,276.89471435546875,0.2389776006306335,8.333333519597852,291.2674255371094,cdip,2026-03-25 20:06:18,0.0
45,2026-03-31 08:00:00-07:00,0.2975,14.29,246.6,False,0.3357,11.11,295.5,False,0.4189,8.33,294.6,False,0.7031,0.6138,0.872967,1d_transect,2026-03-31 08:00:00-07:00,0.6137740612030029,0.3427379824934082,16.666667039195705,278.8389892578125,0.3670017300187833,11.111110669595242,283.3894958496094,0.3447393614768778,8.333333519597852,290.150634765625,cdip,2026-03-25 20:06:18,0.0
45,2026-03-31 11:00:00-07:00,0.3039,14.29,242.4,False,0.352,11.11,291.3,False,0.3097,8.33,295.3,False,0.6949,0.5588,0.804066,1d_transect,2026-03-31 11:00:00-07:00,0.558751106262207,0.3528941125999023,15.384615948919734,272.14794921875,0.3215904079142337,11.111110669595242,283.5626220703125,0.2811325068573755,7.692307974459867,284.4439392089844,cdip,2026-03-25 20:06:18,0.0
45,2026-03-31 14:00:00-07:00,0.3129,14.29,245.5,False,0.3608,11.11,303.6,False,0.3266,7.69,278.5,False,0.7172,0.5786,0.806756,1d_transect,2026-03-31 14:00:00-07:00,0.5785768628120422,0.3718527730524483,15.384615948919734,274.6074523925781,0.3291524764567346,11.111110669595242,284.146484375,0.2861834224465484,7.692307974459867,282.7143859863281,cdip,2026-03-25 20:06:18,0.0
46,2026-03-25 02:00:00-07:00,0.8457,11.11,306.4,False,0.3224,15.38,260.5,False,0.3931,3.85,332.6,True,1.3141,0.9867,0.750863,1d_transect,2026-03-25 02:00:00-07:00,0.9867075085639954,0.4867010781413035,13.33333280351429,286.9894714355469,0.328972971578972,16.666667039195705,264.50177001953125,0.6477922041057322,4.761904910578484,339.873291015625,cdip,2026-03-25 20:06:18,0.0
46,2026-03-25 05:00:00-07:00,0.7886,11.11,306.8,False,0.3214,15.38,254.7,False,0.4737,3.85,318.5,True,1.2933,0.9745,0.753477,1d_transect,2026-03-25 05:00:00-07:00,0.9744917750358582,0.5129740667599624,13.33333280351429,287.383544921875,0.3304380150387036,16.666667039195705,266.388916015625,0.4099236184091799,4.761904910578484,339.9429626464844,cdip,2026-03-25 20:06:18,0.0
46,2026-03-25 08:00:00-07:00,0.8216,11.11,305.6,False,0.5846,4.17,326.3,True,,,,,1.3077,1.0084,0.771117,1d_transect,2026-03-25 08:00:00-07:00,1.008389592170715,0.7348128372983297,13.33333280351429,287.30474853515625,0.6849776737607375,4.999999925494195,337.485595703125,,,,cdip,2026-03-25 20:06:18,0.0
46,2026-03-25 11:00:00-07:00,0.9125,11.11,304.8,False,0.7047,4.76,322.7,True,,,,,1.3844,1.1529,0.832823,1d_transect,2026-03-25 11:00:00-07:00,1.152943730354309,0.7786611219839861,14.28571422489322,285.2525329589844,0.8453886067998583,5.263157960780771,332.9777526855469,,,,cdip,2026-03-25 20:06:18,0.0
46,2026-03-25 14:00:00-07:00,1.047,11.11,296.8,False,0.8128,4.76,331.5,True,,,,,1.4773,1.3255,0.897247,1d_transect,2026-03-25 14:00:00-07:00,1.3254607915878296,0.7918742655175465,14.28571422489322,284.8104248046875,1.0584326866215858,5.555555334797621,325.37359619140625,,,,cdip,2026-03-25 20:06:18,0.0
46,2026-03-25 17:00:00-07:00,1.0573,11.11,294.4,False,0.9512,5.0,327.0,True,,,,,1.7136,1.4222,0.829937,1d_transect,2026-03-25 17:00:00-07:00,1.4221986532211304,0.8088476136072659,14.28571422489322,284.4516296386719,1.164581237550356,5.882352879303138,323.45660400390625,,,,cdip,2026-03-25 20:06:18,0.0
46,2026-03-25 20:00:00-07:00,1.1613,11.11,294.2,False,1.0688,5.26,329.5,True,,,,,1.9124,1.5783,0.82529,1d_transect,2026-03-25 20:00:00-07:00,1.578254461288452,0.8668806762352361,14.28571422489322,284.2507629394531,1.3125319995646447,6.25000013969839,318.4975280761719,,,,cdip,2026-03-25 20:06:18,0.0
46,2026-03-25 23:00:00-07:00,0.7248,11.11,300.3,False,0.9366,6.67,319.1,False,,,,,2.5596,1.1843,0.462679,1d_transect,2026-03-25 23:00:00-07:00,1.1842788457870483,1.061411133975395,7.14285711244661,307.58184814453125,0.458531646891351,14.28571422489322,283.6209411621094,0.2237666932675809,11.111110669595242,294.4407043457031,cdip,2026-03-25 20:06:18,0.0
46,2026-03-26 02:00:00-07:00,1.4708,8.33,312.0,False,,,,,,,,,3.2573,1.4708,0.45156,1d_transect,2026-03-26 02:00:00-07:00,1.4708455801010132,1.388976967383783,9.090909140169128,300.9334716796875,0.4177465809175893,13.33333280351429,286.0830993652344,,,,cdip,2026-03-25 20:06:18,0.0
46,2026-03-26 05:00:00-07:00,1.7243,9.09,310.8,False,,,,,,,,,3.8134,1.7243,0.452171,1d_transect,2026-03-26 05:00:00-07:00,1.724315881729126,1.6444391824401143,9.871668200422231,299.2279968261719,0.3812528886354806,13.33333280351429,285.3392028808594,,,,cdip,2026-03-25 20:06:18,0.0
46,2026-03-26 08:00:00-07:00,1.7758,9.87,308.3,False,,,,,,,,,3.8843,1.7758,0.45717,1d_transect,2026-03-26 08:00:00-07:00,1.775794506072998,0.0166794912278149,9.871668200422231,298.679443359375,,,,,,,cdip,2026-03-25 20:06:18,0.0
46,2026-03-26 11:00:00-07:00,1.766,9.87,311.7,False,,,,,,,,,3.8574,1.766,0.457828,1d_transect,2026-03-26 11:00:00-07:00,1.766034483909607,1.721759750068654,9.871668200422231,298.74908447265625,,,,,,,cdip,2026-03-25 20:06:18,0.0
46,2026-03-26 14:00:00-07:00,1.6874,9.87,306.6,False,,,,,,,,,3.5821,1.6874,0.471074,1d_transect,2026-03-26 14:00:00-07:00,1.687429904937744,1.6459762621824583,9.871668200422231,298.95263671875,0.0491074134556759,19.99999970197678,265.7689208984375,,,,cdip,2026-03-25 20:06:18,0.0
46,2026-03-26 17:00:00-07:00,1.6009,9.87,311.3,False,,,,,,,,,3.4381,1.6009,0.46563,1d_transect,2026-03-26 17:00:00-07:00,1.6008840799331665,1.4917278404664895,9.871668200422231,299.6126708984375,0.4695026783505374,12.50000027939678,287.68902587890625,0.0536212869495925,19.99999970197678,273.1922302246094,cdip,2026-03-25 20:06:18,0.0
46,2026-03-26 20:00:00-07:00,1.4771,9.87,310.3,False,,,,,,,,,3.2408,1.4771,0.455788,1d_transect,2026-03-26 20:00:00-07:00,1.4770967960357666,1.3705575423978236,9.871668200422231,300.3896179199219,0.4510514347984065,12.50000027939678,287.8791809082031,0.0600416216440775,19.99999970197678,279.67999267578125,cdip,2026-03-25 20:06:18,0.0
46,2026-03-26 23:00:00-07:00,1.3378,9.87,312.6,False,,,,,,,,,3.0198,1.3378,0.443003,1d_transect,2026-03-26 23:00:00-07:00,1.337795972824097,1.2331417545426908,9.871668200422231,301.0672607421875,0.4283196205274879,12.50000027939678,287.84844970703125,0.0676773465958299,19.99999970197678,282.3583374023437,cdip,2026-03-25 20:06:18,0.0
46,2026-03-27 02:00:00-07:00,1.2301,9.87,313.6,False,,,,,,,,,2.8639,1.2301,0.429519,1d_transect,2026-03-27 02:00:00-07:00,1.2301024198532104,1.123871119558296,9.871668200422231,301.5420837402344,0.4197158759607912,12.50000027939678,287.7819519042969,0.0711168561083593,19.99999970197678,282.6713256835937,cdip,2026-03-25 20:06:18,0.0
46,2026-03-27 05:00:00-07:00,1.2391,10.53,314.7,False,,,,,,,,,2.9017,1.2391,0.427016,1d_transect,2026-03-27 05:00:00-07:00,1.2390586137771606,1.1189830840031054,9.871668200422231,301.6309814453125,0.4634443100756273,12.50000027939678,287.785888671875,,,,cdip,2026-03-25 20:06:18,0.0
46,2026-03-27 08:00:00-07:00,1.1196,10.53,313.7,False,,,,,,,,,2.7969,1.1196,0.400304,1d_transect,2026-03-27 08:00:00-07:00,1.1196247339248655,1.000448134410199,9.871668200422231,301.4861145019531,0.428698783730034,12.50000027939678,287.8607177734375,0.1216749088094823,18.181818280338256,281.9819030761719,cdip,2026-03-25 20:06:18,0.0
46,2026-03-27 11:00:00-07:00,1.0612,10.53,314.8,False,,,,,,,,,2.6493,1.0612,0.400548,1d_transect,2026-03-27 11:00:00-07:00,1.06117045879364,0.9409257821880056,9.871668200422231,301.0795288085937,0.4185765571312669,12.50000027939678,287.95538330078125,0.1352921711984969,18.181818280338256,284.27227783203125,cdip,2026-03-25 20:06:18,0.0
46,2026-03-27 14:00:00-07:00,0.998,10.53,308.6,False,,,,,,,,,2.4865,0.998,0.401371,1d_transect,2026-03-27 14:00:00-07:00,0.9980058670043944,0.8516055591036897,9.090909140169128,304.2102355957031,0.457468621394918,12.50000027939678,287.9225158691406,0.143536779077868,18.181818280338256,285.2288818359375,cdip,2026-03-25 20:06:18,0.0
46,2026-03-27 17:00:00-07:00,0.9715,10.53,311.1,False,,,,,,,,,2.4423,0.9715,0.397766,1d_transect,2026-03-27 17:00:00-07:00,0.971468150615692,0.8227907821033188,9.090909140169128,304.27349853515625,0.4343304706959057,12.50000027939678,287.712890625,0.2000464186771759,18.181818280338256,285.4316711425781,cdip,2026-03-25 20:06:18,0.0
46,2026-03-27 20:00:00-07:00,1.0072,9.87,312.3,False,,,,,,,,,2.3195,1.0072,0.434221,1d_transect,2026-03-27 20:00:00-07:00,1.0071954727172852,0.8400762618456169,9.090909140169128,304.3085327148437,0.4681511613804975,12.50000027939678,287.40704345703125,0.2250488084871214,16.666667039195705,283.07666015625,cdip,2026-03-25 20:06:18,0.0
46,2026-03-27 23:00:00-07:00,1.0228,9.87,313.4,False,,,,,,,,,2.2781,1.0228,0.448951,1d_transect,2026-03-27 23:00:00-07:00,1.0227690935134888,0.8387786810392457,9.090909140169128,304.257568359375,0.4990488950476341,13.33333280351429,283.8157653808594,0.2382001363835917,16.666667039195705,284.8114624023437,cdip,2026-03-25 20:06:18,0.0
46,2026-03-28 02:00:00-07:00,1.0191,9.87,313.0,False,,,,,,,,,2.2548,1.0191,0.45198,1d_transect,2026-03-28 02:00:00-07:00,1.0191363096237185,0.8279974830617106,9.090909140169128,304.0633850097656,0.5654561948434655,14.28571422489322,284.0184936523437,,,,cdip,2026-03-25 20:06:18,0.0
46,2026-03-28 05:00:00-07:00,1.3358,10.53,312.3,False,,,,,,,,,2.3458,1.3358,0.569442,1d_transect,2026-03-28 05:00:00-07:00,1.3358105421066284,0.7599109318240341,14.28571422489322,284.2743835449219,1.0738638195965506,9.090909140169128,303.8268737792969,,,,cdip,2026-03-25 20:06:18,0.0
46,2026-03-28 08:00:00-07:00,1.3488,10.53,311.3,False,,,,,,,,,2.392,1.3488,0.563881,1d_transect,2026-03-28 08:00:00-07:00,1.3487941026687622,0.7701275615184449,14.28571422489322,284.3970642089844,1.082658560966316,9.090909140169128,303.84991455078125,,,,cdip,2026-03-25 20:06:18,0.0
46,2026-03-28 11:00:00-07:00,1.3544,11.11,312.3,False,0.2768,14.29,265.8,False,,,,,2.5357,1.3824,0.545169,1d_transect,2026-03-28 11:00:00-07:00,1.3823798894882202,0.7830925614923627,14.28571422489322,284.5424194335937,1.112806555590066,9.090909140169128,304.2594909667969,,,,cdip,2026-03-25 20:06:18,0.0
46,2026-03-28 14:00:00-07:00,1.3745,11.11,308.0,False,0.282,14.29,256.8,False,,,,,2.5173,1.4031,0.557375,1d_transect,2026-03-28 14:00:00-07:00,1.4030873775482178,0.7894495476379803,14.28571422489322,284.6383972167969,1.1320447242445486,9.090909140169128,304.6998291015625,,,,cdip,2026-03-25 20:06:18,0.0
46,2026-03-28 17:00:00-07:00,1.4601,11.11,309.0,False,,,,,,,,,2.4413,1.4601,0.598089,1d_transect,2026-03-28 17:00:00-07:00,1.4601364135742188,0.7801741989724671,14.28571422489322,284.66571044921875,1.205913666278746,9.090909140169128,304.9476623535156,,,,cdip,2026-03-25 20:06:18,0.0
46,2026-03-28 20:00:00-07:00,1.3625,11.11,307.9,False,0.3655,13.33,264.5,False,,,,,2.3673,1.4107,0.595905,1d_transect,2026-03-28 20:00:00-07:00,1.410714626312256,0.8054538758684351,14.28571422489322,284.7358093261719,1.1305929867282187,9.090909140169128,305.3271789550781,,,,cdip,2026-03-25 20:06:18,0.0
46,2026-03-28 23:00:00-07:00,1.225,10.53,311.3,False,0.3546,13.33,264.2,False,,,,,2.1746,1.2753,0.58647,1d_transect,2026-03-28 23:00:00-07:00,1.275329351425171,0.7391912823931447,13.33333280351429,281.5268249511719,1.014989493802554,9.090909140169128,305.53668212890625,,,,cdip,2026-03-25 20:06:18,0.0
46,2026-03-29 02:00:00-07:00,1.1659,10.53,306.1,False,0.3551,13.33,258.4,False,,,,,2.0368,1.2187,0.598354,1d_transect,2026-03-29 02:00:00-07:00,1.2187410593032837,0.7238344718224017,13.33333280351429,281.9134216308594,0.95901932760353,9.090909140169128,305.37225341796875,,,,cdip,2026-03-25 20:06:18,0.0
46,2026-03-29 05:00:00-07:00,1.1232,9.87,307.9,False,0.3626,13.33,260.0,False,,,,,1.9001,1.1803,0.621171,1d_transect,2026-03-29 05:00:00-07:00,1.180257797241211,0.7135206456031434,13.33333280351429,282.44287109375,0.9210346280238068,9.090909140169128,305.0183410644531,,,,cdip,2026-03-25 20:06:18,0.0
46,2026-03-29 08:00:00-07:00,1.0618,9.87,306.2,False,0.4104,13.33,260.6,False,,,,,1.8778,1.1383,0.606201,1d_transect,2026-03-29 08:00:00-07:00,1.1383185386657717,0.6988893234116477,13.33333280351429,283.05328369140625,0.882534292911587,8.333333519597852,308.0241394042969,,,,cdip,2026-03-25 20:06:18,0.0
46,2026-03-29 11:00:00-07:00,1.0003,9.87,307.2,False,0.4077,13.33,260.8,False,,,,,1.7727,1.0802,0.60936,1d_transect,2026-03-29 11:00:00-07:00,1.0802030563354492,0.6803929296917494,13.33333280351429,283.65460205078125,0.8267188524097874,8.333333519597852,307.673828125,,,,cdip,2026-03-25 20:06:18,0.0
46,2026-03-29 14:00:00-07:00,0.9326,9.87,306.3,False,0.4081,13.33,265.3,False,,,,,1.6476,1.018,0.617858,1d_transect,2026-03-29 14:00:00-07:00,1.0180091857910156,0.6611311942991396,13.33333280351429,284.3027038574219,0.764309335459839,8.333333519597852,306.764404296875,,,,cdip,2026-03-25 20:06:18,0.0
46,2026-03-29 17:00:00-07:00,0.878,9.87,306.8,False,0.4054,13.33,266.3,False,,,,,1.5557,0.9671,0.621638,1d_transect,2026-03-29 17:00:00-07:00,0.967085599899292,0.6597868861663212,13.33333280351429,284.837158203125,0.6988447269717426,8.333333519597852,305.7537536621094,,,,cdip,2026-03-25 20:06:18,0.0
46,2026-03-29 20:00:00-07:00,0.4348,13.33,264.5,False,0.8198,9.09,305.8,False,,,,,1.5155,0.928,0.612337,1d_transect,2026-03-29 20:00:00-07:00,0.927979588508606,0.6534774250393082,13.33333280351429,285.0852355957031,0.6515960470784519,8.333333519597852,305.14166259765625,,,,cdip,2026-03-25 20:06:18,0.0
46,2026-03-29 23:00:00-07:00,0.4164,12.5,268.4,False,0.738,9.09,306.8,False,0.2863,3.7,319.0,True,1.4279,0.8944,0.626385,1d_transect,2026-03-29 23:00:00-07:00,0.8943856358528137,0.6356491994811083,13.33333280351429,284.9551696777344,0.6227688985994753,8.333333519597852,304.7285461425781,,,,cdip,2026-03-25 20:06:18,0.0
46,2026-03-30 02:00:00-07:00,0.3871,12.5,264.4,False,0.7213,9.09,308.0,False,,,,,1.3655,0.8186,0.599514,1d_transect,2026-03-30 02:00:00-07:00,0.8186374306678772,0.5862296801566401,12.50000027939678,283.6363220214844,0.3791989271146577,8.333333519597852,304.3669128417969,0.4200571826764837,6.25000013969839,313.450927734375,cdip,2026-03-25 20:06:18,0.0
46,2026-03-30 05:00:00-07:00,0.3982,12.5,266.0,False,0.6732,9.09,309.2,False,,,,,1.3449,0.7822,0.581569,1d_transect,2026-03-30 05:00:00-07:00,0.7821584343910217,0.5670298214143206,12.50000027939678,284.385498046875,0.3500862040773825,8.333333519597852,303.818359375,0.4027227504670068,6.25000013969839,314.3994445800781,cdip,2026-03-25 20:06:18,0.0
46,2026-03-30 08:00:00-07:00,0.4067,12.5,266.2,False,0.4422,9.09,308.0,False,0.4487,5.88,316.2,True,1.2178,0.7499,0.615749,1d_transect,2026-03-30 08:00:00-07:00,0.7498588562011719,0.5443212996379982,12.50000027939678,284.5726318359375,0.3281143804837491,7.692307974459867,307.6746826171875,,,,cdip,2026-03-25 20:06:18,0.0
46,2026-03-30 11:00:00-07:00,0.4222,12.5,267.3,False,0.4187,9.09,309.2,False,0.3921,5.56,314.6,True,1.1505,0.7123,0.619107,1d_transect,2026-03-30 11:00:00-07:00,0.7122883200645447,0.5173243142950494,12.50000027939678,284.25787353515625,0.3123314415971894,7.692307974459867,307.4227600097656,0.3707339755648672,5.882352879303138,315.7247009277344,cdip,2026-03-25 20:06:18,0.0
46,2026-03-30 14:00:00-07:00,0.4095,12.5,268.9,False,0.3975,9.09,307.9,False,0.3448,5.56,315.6,True,1.0643,0.6668,0.626482,1d_transect,2026-03-30 14:00:00-07:00,0.6667677164077759,0.5012449742685847,12.50000027939678,283.59283447265625,0.3010470365010381,7.692307974459867,307.4266967773437,0.3131153469249509,5.555555334797621,316.9961242675781,cdip,2026-03-25 20:06:18,0.0
46,2026-03-30 17:00:00-07:00,0.3438,11.76,275.9,False,0.5022,9.09,309.4,False,0.129,15.38,232.6,False,1.0286,0.6221,0.604821,1d_transect,2026-03-30 17:00:00-07:00,0.6221063137054443,0.4447299912248473,12.50000027939678,282.3768310546875,0.4001242897831676,7.692307974459867,307.446533203125,0.1563305518654589,15.384615948919734,255.95150756835935,cdip,2026-03-25 20:06:18,0.0
46,2026-03-30 20:00:00-07:00,0.3295,11.11,286.5,False,0.1406,15.38,233.8,False,0.4602,8.33,308.7,False,0.9404,0.5832,0.620214,1d_transect,2026-03-30 20:00:00-07:00,0.5832193493843079,0.4068075761933363,12.50000027939678,280.55047607421875,0.3569592871326314,7.692307974459867,307.3164367675781,0.1713075578231648,16.666667039195705,266.00274658203125,cdip,2026-03-25 20:06:18,0.0
46,2026-03-30 23:00:00-07:00,0.3094,11.11,288.1,False,0.1519,15.38,235.4,False,0.4236,8.33,308.9,False,0.8761,0.5461,0.623363,1d_transect,2026-03-30 23:00:00-07:00,0.5461119413375854,0.359264073557436,12.50000027939678,277.8581237792969,0.2076217548180546,16.666667039195705,268.9140625,0.3486555873498994,8.333333519597852,300.2353820800781,cdip,2026-03-25 20:06:18,0.0
46,2026-03-31 02:00:00-07:00,0.1755,15.38,242.8,False,0.252,11.11,287.6,False,0.3688,8.33,300.5,False,0.8351,0.4799,0.574702,1d_transect,2026-03-31 02:00:00-07:00,0.4799188673496246,0.1670650332956961,11.111110669595242,284.4158630371094,0.2079738606650192,16.666667039195705,273.376953125,0.2658660167424987,8.333333519597852,297.9437561035156,cdip,2026-03-25 20:06:18,0.0
46,2026-03-31 05:00:00-07:00,0.2136,14.29,245.3,False,0.2552,11.11,292.9,False,0.2808,8.33,295.7,False,0.6957,0.4355,0.625901,1d_transect,2026-03-31 05:00:00-07:00,0.4354567527770996,0.2695551495050349,11.111110669595242,283.045654296875,0.233583677229551,16.666667039195705,276.89471435546875,0.2389776006306335,8.333333519597852,291.2674255371094,cdip,2026-03-25 20:06:18,0.0
46,2026-03-31 08:00:00-07:00,0.2967,14.29,246.6,False,0.3377,11.11,295.5,False,0.418,8.33,294.6,False,0.7239,0.6138,0.847835,1d_transect,2026-03-31 08:00:00-07:00,0.6137740612030029,0.3427379824934082,16.666667039195705,278.8389892578125,0.3670017300187833,11.111110669595242,283.3894958496094,0.3447393614768778,8.333333519597852,290.150634765625,cdip,2026-03-25 20:06:18,0.0
46,2026-03-31 11:00:00-07:00,0.3019,14.29,242.4,False,0.3524,11.11,291.3,False,0.3112,8.33,295.3,False,0.7161,0.5588,0.780321,1d_transect,2026-03-31 11:00:00-07:00,0.558751106262207,0.3528941125999023,15.384615948919734,272.14794921875,0.3215904079142337,11.111110669595242,283.5626220703125,0.2811325068573755,7.692307974459867,284.4439392089844,cdip,2026-03-25 20:06:18,0.0
46,2026-03-31 14:00:00-07:00,0.3114,14.29,245.5,False,0.3619,11.11,303.6,False,0.3269,7.69,278.5,False,0.74,0.5786,0.781838,1d_transect,2026-03-31 14:00:00-07:00,0.5785768628120422,0.3718527730524483,15.384615948919734,274.6074523925781,0.3291524764567346,11.111110669595242,284.146484375,0.2861834224465484,7.692307974459867,282.7143859863281,cdip,2026-03-25 20:06:18,0.0
47,2026-03-25 02:00:00-07:00,0.8998,11.11,306.4,False,0.343,15.38,260.5,False,0.4516,3.85,332.6,True,1.2129,1.0636,0.876889,1d_transect,2026-03-25 02:00:00-07:00,1.063609004020691,0.7233047638982777,13.33333280351429,286.71337890625,0.3518955218365024,16.666667039195705,263.0009155273437,0.6873708095619822,4.761904910578484,339.7873840332031,cdip,2026-03-25 20:06:18,0.0
47,2026-03-25 05:00:00-07:00,0.8399,11.11,306.8,False,0.3427,15.38,254.7,False,0.5303,3.85,318.5,True,1.1931,1.0507,0.880678,1d_transect,2026-03-25 05:00:00-07:00,1.050739884376526,0.7200182024732458,13.33333280351429,287.1487731933594,0.3528516903853416,16.666667039195705,264.56085205078125,0.6715494033639716,4.761904910578484,339.86688232421875,cdip,2026-03-25 20:06:18,0.0
47,2026-03-25 08:00:00-07:00,0.8719,11.11,305.6,False,0.6634,4.17,326.3,True,,,,,1.2198,1.0956,0.89817,1d_transect,2026-03-25 08:00:00-07:00,1.0956202745437622,0.8135985214682355,13.33333280351429,286.9273681640625,0.7276625293932507,4.999999925494195,337.1751403808594,,,,cdip,2026-03-25 20:06:18,0.0
47,2026-03-25 11:00:00-07:00,0.9245,11.11,304.8,False,0.7528,4.76,322.7,True,,,,,1.2941,1.1922,0.921257,1d_transect,2026-03-25 11:00:00-07:00,1.1921736001968384,0.8322269056233275,13.33333280351429,286.273681640625,0.8484055484549914,5.263157960780771,332.5464172363281,,,,cdip,2026-03-25 20:06:18,0.0
47,2026-03-25 14:00:00-07:00,1.114,11.11,296.8,False,0.9289,4.76,331.5,True,,,,,1.3915,1.4505,1.042372,1d_transect,2026-03-25 14:00:00-07:00,1.4504880905151367,0.9085837065991288,14.28571422489322,283.0913391113281,1.1254679085143544,5.555555334797621,324.8287048339844,,,,cdip,2026-03-25 20:06:18,0.0
47,2026-03-25 17:00:00-07:00,1.1201,11.11,294.4,False,1.0768,5.0,327.0,True,,,,,1.6112,1.5538,0.964374,1d_transect,2026-03-25 17:00:00-07:00,1.5537527799606323,0.9310181173744618,14.28571422489322,282.64794921875,1.2377812196262712,5.882352879303138,322.6654357910156,,,,cdip,2026-03-25 20:06:18,0.0
47,2026-03-25 20:00:00-07:00,1.2246,11.11,294.2,False,1.2044,5.26,329.5,True,,,,,1.7994,1.7176,0.954577,1d_transect,2026-03-25 20:00:00-07:00,1.717631220817566,0.9867506155726832,14.28571422489322,282.8005676269531,1.3984967731154352,6.25000013969839,317.56427001953125,,,,cdip,2026-03-25 20:06:18,0.0
47,2026-03-25 23:00:00-07:00,0.9622,11.11,300.3,False,1.2803,6.67,319.1,False,,,,,2.388,1.6016,0.670663,1d_transect,2026-03-25 23:00:00-07:00,1.6015629768371582,0.7237877656346944,13.33333280351429,285.0975341796875,1.418543947654487,7.14285711244661,306.5874328613281,,,,cdip,2026-03-25 20:06:18,0.0
47,2026-03-26 02:00:00-07:00,1.5904,8.33,312.0,False,,,,,,,,,2.9959,1.5904,0.530848,1d_transect,2026-03-26 02:00:00-07:00,1.5903795957565308,1.4845155277566964,9.090909140169128,300.748779296875,0.5051856325912409,13.33333280351429,285.4979858398437,,,,cdip,2026-03-25 20:06:18,0.0
47,2026-03-26 05:00:00-07:00,1.8376,9.09,310.8,False,,,,,,,,,3.49,1.8376,0.526535,1d_transect,2026-03-26 05:00:00-07:00,1.8375897407531736,1.798387063603119,9.090909140169128,300.18359375,,,,,,,cdip,2026-03-25 20:06:18,0.0
47,2026-03-26 08:00:00-07:00,1.9243,9.87,308.3,False,,,,,,,,,3.5271,1.9243,0.545569,1d_transect,2026-03-26 08:00:00-07:00,1.924267053604126,0.0174740354338779,9.871668200422231,297.94384765625,,,,,,,cdip,2026-03-25 20:06:18,0.0
47,2026-03-26 11:00:00-07:00,1.9233,9.87,311.7,False,,,,,,,,,3.5302,1.9233,0.544819,1d_transect,2026-03-26 11:00:00-07:00,1.9233406782150269,1.874167142262308,9.871668200422231,297.79443359375,,,,,,,cdip,2026-03-25 20:06:18,0.0
47,2026-03-26 14:00:00-07:00,1.8475,9.87,306.6,False,,,,,,,,,3.2526,1.8475,0.56801,1d_transect,2026-03-26 14:00:00-07:00,1.8475346565246584,1.801309180331326,9.871668200422231,297.59637451171875,0.0530694971022296,19.99999970197678,263.8368530273437,,,,cdip,2026-03-25 20:06:18,0.0
47,2026-03-26 17:00:00-07:00,1.7548,9.87,311.3,False,,,,,,,,,3.1465,1.7548,0.557688,1d_transect,2026-03-26 17:00:00-07:00,1.754757285118103,1.630647938544391,9.871668200422231,298.01171875,0.5271014123480573,12.50000027939678,286.68487548828125,0.0573429622797357,19.99999970197678,269.89892578125,cdip,2026-03-25 20:06:18,0.0
47,2026-03-26 20:00:00-07:00,1.6187,9.87,310.3,False,,,,,,,,,2.9659,1.6187,0.545766,1d_transect,2026-03-26 20:00:00-07:00,1.61867356300354,1.4959302451248917,9.871668200422231,298.7029724121094,0.5121804574771753,12.50000027939678,286.84100341796875,0.0646266711847146,19.99999970197678,277.25958251953125,cdip,2026-03-25 20:06:18,0.0
47,2026-03-26 23:00:00-07:00,1.4738,9.87,312.6,False,,,,,,,,,2.7637,1.4738,0.533285,1d_transect,2026-03-26 23:00:00-07:00,1.473840594291687,1.34805038083524,9.871668200422231,299.3883972167969,0.5032088211145953,12.50000027939678,286.66046142578125,0.0734147468653547,19.99999970197678,280.5804443359375,cdip,2026-03-25 20:06:18,0.0
47,2026-03-27 02:00:00-07:00,1.3573,9.87,313.6,False,,,,,,,,,2.621,1.3573,0.517847,1d_transect,2026-03-27 02:00:00-07:00,1.3572726249694824,1.2257333350301298,9.871668200422231,299.8363647460937,0.5039912786626832,12.50000027939678,286.4411315917969,0.0771631051418326,19.99999970197678,280.9120483398437,cdip,2026-03-25 20:06:18,0.0
47,2026-03-27 05:00:00-07:00,1.3699,10.53,314.7,False,,,,,,,,,2.6458,1.3699,0.517778,1d_transect,2026-03-27 05:00:00-07:00,1.3699301481246948,1.1721907156006124,9.871668200422231,299.8402709960937,0.6519862857435066,12.50000027939678,286.3651733398437,,,,cdip,2026-03-25 20:06:18,0.0
47,2026-03-27 08:00:00-07:00,1.4484,10.53,313.7,False,,,,,,,,,2.5503,1.4484,0.567947,1d_transect,2026-03-27 08:00:00-07:00,1.4484307765960691,0.7109988168126032,12.50000027939678,286.4277648925781,1.2195474604255876,9.871668200422231,299.58154296875,0.1507212494651633,18.181818280338256,280.1841735839844,cdip,2026-03-25 20:06:18,0.0
47,2026-03-27 11:00:00-07:00,1.3725,10.53,314.8,False,,,,,,,,,2.4157,1.3725,0.568185,1d_transect,2026-03-27 11:00:00-07:00,1.3725473880767822,0.6874192605098902,12.50000027939678,286.5622253417969,1.1455304172436955,9.871668200422231,299.0898742675781,0.1672655781664087,18.181818280338256,282.87384033203125,cdip,2026-03-25 20:06:18,0.0
47,2026-03-27 14:00:00-07:00,1.3086,10.53,308.6,False,,,,,,,,,2.2493,1.3086,0.581807,1d_transect,2026-03-27 14:00:00-07:00,1.3086471557617188,0.6566403369978341,12.50000027939678,286.63446044921875,1.0889406246559854,9.090909140169128,303.22235107421875,0.1793677752636599,18.181818280338256,284.01959228515625,cdip,2026-03-25 20:06:18,0.0
47,2026-03-27 17:00:00-07:00,1.2716,10.53,311.1,False,,,,,,,,,2.2269,1.2716,0.571005,1d_transect,2026-03-27 17:00:00-07:00,1.2715933322906494,0.6221353919445965,12.50000027939678,286.5469970703125,1.0539007608123765,9.090909140169128,303.28643798828125,0.2448911570734692,18.181818280338256,284.38397216796875,cdip,2026-03-25 20:06:18,0.0
47,2026-03-27 20:00:00-07:00,1.3217,9.87,312.3,False,,,,,,,,,2.1228,1.3217,0.622631,1d_transect,2026-03-27 20:00:00-07:00,1.321724772453308,0.6695325843473026,12.50000027939678,286.2475891113281,1.0785809118834395,9.090909140169128,303.3190612792969,0.2732066399404883,16.666667039195705,282.5126342773437,cdip,2026-03-25 20:06:18,0.0
47,2026-03-27 23:00:00-07:00,1.3498,9.87,313.4,False,,,,,,,,,2.0849,1.3498,0.647432,1d_transect,2026-03-27 23:00:00-07:00,1.349833846092224,0.7750321421055464,12.50000027939678,285.90106201171875,1.078812677869848,9.090909140169128,303.2518920898437,,,,cdip,2026-03-25 20:06:18,0.0
47,2026-03-28 02:00:00-07:00,1.3474,9.87,313.0,False,,,,,,,,,2.0636,1.3474,0.652955,1d_transect,2026-03-28 02:00:00-07:00,1.3474200963974,0.7947066673608835,12.50000027939678,285.55340576171875,1.0637857751037234,9.090909140169128,303.04052734375,,,,cdip,2026-03-25 20:06:18,0.0
47,2026-03-28 05:00:00-07:00,1.3416,10.53,312.3,False,,,,,,,,,2.139,1.3416,0.627243,1d_transect,2026-03-28 05:00:00-07:00,1.3416472673416138,0.5957347412200368,12.50000027939678,285.4705810546875,0.551500495281933,14.28571422489322,281.1726989746094,1.045180251982341,9.090909140169128,302.8034362792969,cdip,2026-03-25 20:06:18,0.0
47,2026-03-28 08:00:00-07:00,1.5039,10.53,311.3,False,,,,,,,,,2.181,1.5039,0.689507,1d_transect,2026-03-28 08:00:00-07:00,1.5038502216339111,0.6321354149117901,14.28571422489322,281.5385131835937,0.6581676953131875,12.50000027939678,285.3795471191406,1.169963872236942,9.090909140169128,302.8434143066406,cdip,2026-03-25 20:06:18,0.0
47,2026-03-28 11:00:00-07:00,1.5011,11.11,312.3,False,0.3068,14.29,265.8,False,,,,,2.3103,1.5321,0.663163,1d_transect,2026-03-28 11:00:00-07:00,1.5321298837661743,0.644973616640908,14.28571422489322,282.0492248535156,0.6563582529658331,12.50000027939678,285.1238098144531,1.198246775472459,9.090909140169128,303.28375244140625,cdip,2026-03-25 20:06:18,0.0
47,2026-03-28 14:00:00-07:00,1.5133,11.11,308.0,False,0.3111,14.29,256.8,False,,,,,2.2937,1.545,0.673552,1d_transect,2026-03-28 14:00:00-07:00,1.5449564456939695,0.6445264831547862,14.28571422489322,282.43463134765625,1.2156884695888164,9.090909140169128,303.7567138671875,0.6517299087165868,12.50000027939678,284.5295715332031,cdip,2026-03-25 20:06:18,0.0
47,2026-03-28 17:00:00-07:00,1.6001,11.11,309.0,False,,,,,,,,,2.2244,1.6001,0.719367,1d_transect,2026-03-28 17:00:00-07:00,1.6001259088516235,0.9472668783454462,14.28571422489322,282.4978332519531,1.2606427593157887,9.090909140169128,304.0180358886719,,,,cdip,2026-03-25 20:06:18,0.0
47,2026-03-28 20:00:00-07:00,1.4856,11.11,307.9,False,0.3992,13.33,264.5,False,,,,,2.1572,1.5383,0.713116,1d_transect,2026-03-28 20:00:00-07:00,1.538320541381836,0.9137184570240946,14.28571422489322,282.39947509765625,1.2102589954023144,9.090909140169128,304.4259033203125,,,,cdip,2026-03-25 20:06:18,0.0
47,2026-03-28 23:00:00-07:00,1.3296,10.53,311.3,False,0.3853,13.33,264.2,False,,,,,1.983,1.3843,0.698109,1d_transect,2026-03-28 23:00:00-07:00,1.3843239545822144,0.8262056193336144,13.33333280351429,280.4679870605469,1.086788282427731,9.090909140169128,304.6543884277344,,,,cdip,2026-03-25 20:06:18,0.0
47,2026-03-29 02:00:00-07:00,1.2632,10.53,306.1,False,0.3886,13.33,258.4,False,,,,,1.8441,1.3216,0.716674,1d_transect,2026-03-29 02:00:00-07:00,1.3216091394424438,0.8001546339720642,13.33333280351429,280.6205749511719,1.0305570064262362,9.090909140169128,304.4988098144531,,,,cdip,2026-03-25 20:06:18,0.0
47,2026-03-29 05:00:00-07:00,1.2159,9.87,307.9,False,0.3949,13.33,260.0,False,,,,,1.7263,1.2784,0.740539,1d_transect,2026-03-29 05:00:00-07:00,1.2784074544906616,0.7788095153801808,13.33333280351429,280.9892578125,0.9946908706687718,8.333333519597852,307.5328063964844,,,,cdip,2026-03-25 20:06:18,0.0
47,2026-03-29 08:00:00-07:00,1.1474,9.87,306.2,False,0.4457,13.33,260.6,False,,,,,1.7062,1.2309,0.721423,1d_transect,2026-03-29 08:00:00-07:00,1.230905532836914,0.7524255466347854,13.33333280351429,281.5750732421875,0.9579326679121573,8.333333519597852,307.69482421875,,,,cdip,2026-03-25 20:06:18,0.0
47,2026-03-29 11:00:00-07:00,1.0777,9.87,307.2,False,0.4415,13.33,260.8,False,,,,,1.6108,1.1647,0.723024,1d_transect,2026-03-29 11:00:00-07:00,1.16465961933136,0.7219365613755281,13.33333280351429,282.17144775390625,0.9010629970807732,8.333333519597852,307.3575439453125,,,,cdip,2026-03-25 20:06:18,0.0
47,2026-03-29 14:00:00-07:00,0.9977,9.87,306.3,False,0.4385,13.33,265.3,False,,,,,1.4971,1.0898,0.727923,1d_transect,2026-03-29 14:00:00-07:00,1.0897974967956543,0.6925447775623462,13.33333280351429,282.81658935546875,0.2464452945227631,8.333333519597852,306.4053649902344,,,,cdip,2026-03-25 20:06:18,0.0
47,2026-03-29 17:00:00-07:00,0.9317,9.87,306.8,False,0.432,13.33,266.3,False,,,,,1.4137,1.027,0.726456,1d_transect,2026-03-29 17:00:00-07:00,1.0269794464111328,0.7080377998522657,13.33333280351429,283.2797241210937,0.7344508174863034,8.333333519597852,305.1346435546875,,,,cdip,2026-03-25 20:06:18,0.0
47,2026-03-29 20:00:00-07:00,0.4616,13.33,264.5,False,0.866,9.09,305.8,False,,,,,1.3776,0.9814,0.712361,1d_transect,2026-03-29 20:00:00-07:00,0.981370747089386,0.6827779161664528,13.33333280351429,283.4300537109375,0.6965731740104272,8.333333519597852,304.27392578125,,,,cdip,2026-03-25 20:06:18,0.0
47,2026-03-29 23:00:00-07:00,0.4386,12.5,268.4,False,0.7732,9.09,306.8,False,0.3164,3.7,319.0,True,1.3055,0.9435,0.72272,1d_transect,2026-03-29 23:00:00-07:00,0.9435058236122132,0.6612910132610414,13.33333280351429,283.2499084472656,0.6655610869560612,8.333333519597852,303.7215881347656,,,,cdip,2026-03-25 20:06:18,0.0
47,2026-03-30 02:00:00-07:00,0.4095,12.5,264.4,False,0.7581,9.09,308.0,False,,,,,1.2418,0.8616,0.693874,1d_transect,2026-03-30 02:00:00-07:00,0.8616469502449036,0.6071125966551615,12.50000027939678,284.2723999023437,0.4059191051828897,7.692307974459867,308.16192626953125,,,,cdip,2026-03-25 20:06:18,0.0
47,2026-03-30 05:00:00-07:00,0.4203,12.5,266.0,False,0.7069,9.09,309.2,False,,,,,1.2229,0.8224,0.6725,1d_transect,2026-03-30 05:00:00-07:00,0.8224135041236877,0.5855280903144893,12.50000027939678,284.89947509765625,0.3764102701708165,7.692307974459867,307.77880859375,,,,cdip,2026-03-25 20:06:18,0.0
47,2026-03-30 08:00:00-07:00,0.4215,12.5,266.2,False,0.4559,9.09,308.0,False,0.488,5.88,316.2,True,1.1296,0.7897,0.699093,1d_transect,2026-03-30 08:00:00-07:00,0.7896881699562073,0.5621706010141502,12.50000027939678,285.15313720703125,0.3548187439051065,7.692307974459867,307.2900390625,,,,cdip,2026-03-25 20:06:18,0.0
47,2026-03-30 11:00:00-07:00,0.4412,12.5,267.3,False,0.4351,9.09,309.2,False,0.4266,5.56,314.6,True,1.0617,0.7523,0.708584,1d_transect,2026-03-30 11:00:00-07:00,0.7523221969604492,0.5510483253439225,12.50000027939678,285.046142578125,0.3143449709986875,7.692307974459867,306.9252624511719,0.3967243090765867,5.882352879303138,315.1336975097656,cdip,2026-03-25 20:06:18,0.0
47,2026-03-30 14:00:00-07:00,0.429,12.5,268.9,False,0.4142,9.09,307.9,False,0.3791,5.56,315.6,True,0.9828,0.7066,0.718985,1d_transect,2026-03-30 14:00:00-07:00,0.7066150903701782,0.5259135093428547,12.50000027939678,284.6387939453125,0.3232084787057439,8.333333519597852,301.96795654296875,0.3347931338913993,5.555555334797621,316.57305908203125,cdip,2026-03-25 20:06:18,0.0
47,2026-03-30 17:00:00-07:00,0.3679,11.76,275.9,False,0.5324,9.09,309.4,False,0.137,15.38,232.6,False,0.9368,0.6615,0.706184,1d_transect,2026-03-30 17:00:00-07:00,0.661521852016449,0.4690200383706924,12.50000027939678,283.79180908203125,0.4288020710630504,8.333333519597852,301.7279052734375,0.1657766850844099,15.384615948919734,255.18649291992188,cdip,2026-03-25 20:06:18,0.0
47,2026-03-30 20:00:00-07:00,0.3505,11.11,286.5,False,0.1492,15.38,233.8,False,0.49,8.33,308.7,False,0.8578,0.6206,0.723491,1d_transect,2026-03-30 20:00:00-07:00,0.6206369996070862,0.4194500103743174,12.50000027939678,282.4154663085937,0.3829169434172073,8.333333519597852,300.8836669921875,0.2035005676986352,16.666667039195705,263.7049560546875,cdip,2026-03-25 20:06:18,0.0
47,2026-03-30 23:00:00-07:00,0.3285,11.11,288.1,False,0.1613,15.38,235.4,False,0.4501,8.33,308.9,False,0.7993,0.5801,0.72581,1d_transect,2026-03-30 23:00:00-07:00,0.5801239609718323,0.2006138539621258,12.50000027939678,280.2269287109375,0.2203301499444764,16.666667039195705,266.3642578125,0.3187815344126553,8.333333519597852,299.46270751953125,cdip,2026-03-25 20:06:18,0.0
47,2026-03-31 02:00:00-07:00,0.1828,15.38,242.8,False,0.2622,11.11,287.6,False,0.3937,8.33,300.5,False,0.7733,0.5071,0.655782,1d_transect,2026-03-31 02:00:00-07:00,0.5071088671684265,0.3277078112294885,11.111110669595242,284.070556640625,0.2168399542039715,16.666667039195705,270.76422119140625,0.3129843768181079,8.333333519597852,297.0634765625,cdip,2026-03-25 20:06:18,0.0
47,2026-03-31 05:00:00-07:00,0.2239,14.29,245.3,False,0.2666,11.11,292.9,False,0.2985,8.33,295.7,False,0.6395,0.4586,0.717155,1d_transect,2026-03-31 05:00:00-07:00,0.4586164355278015,0.2806424687041577,11.111110669595242,283.2491149902344,0.242053605988769,16.666667039195705,274.3641967773437,0.2582349086773111,8.333333519597852,290.97705078125,cdip,2026-03-25 20:06:18,0.0
47,2026-03-31 08:00:00-07:00,0.3107,14.29,246.6,False,0.3541,11.11,295.5,False,0.4405,8.33,294.6,False,0.6644,0.645,0.97078,1d_transect,2026-03-31 08:00:00-07:00,0.6449610590934753,0.3533648520304336,16.666667039195705,276.4916076660156,0.3818679425966534,11.111110669595242,283.57672119140625,0.3718057091326838,8.333333519597852,289.7862548828125,cdip,2026-03-25 20:06:18,0.0
47,2026-03-31 11:00:00-07:00,0.3199,14.29,242.4,False,0.372,11.11,291.3,False,0.3342,8.33,295.3,False,0.6571,0.5936,0.903262,1d_transect,2026-03-31 11:00:00-07:00,0.5935720801353455,0.3626035113667983,15.384615948919734,269.9755859375,0.3505596953676537,11.111110669595242,284.5643310546875,0.3024141758184748,7.692307974459867,284.710205078125,cdip,2026-03-25 20:06:18,0.0
47,2026-03-31 14:00:00-07:00,0.3272,14.29,245.5,False,0.3808,11.11,303.6,False,0.3511,7.69,278.5,False,0.6821,0.6126,0.898231,1d_transect,2026-03-31 14:00:00-07:00,0.6126386523246765,0.3802842924673685,15.384615948919734,272.5899658203125,0.3589836734249269,11.111110669595242,285.0146484375,0.3069596314711141,7.692307974459867,282.9731750488281,cdip,2026-03-25 20:06:18,0.0
48,2026-03-25 02:00:00-07:00,0.9602,11.11,306.4,False,0.3442,15.38,260.5,False,0.4951,3.85,332.6,True,1.2563,1.1338,0.90249,1d_transect,2026-03-25 02:00:00-07:00,1.1338224411010742,0.5602346720703049,18.181818280338256,273.77294921875,0.7906160499232024,4.761904910578484,339.8204650878906,0.5754556374424455,10.526315921561542,299.8374938964844,cdip,2026-03-25 20:06:18,0.0
48,2026-03-25 05:00:00-07:00,0.8999,11.11,306.8,False,0.3261,15.38,254.7,False,0.5507,3.85,318.5,True,1.2133,1.1043,0.910093,1d_transect,2026-03-25 05:00:00-07:00,1.1042555570602417,0.571927319717995,16.666667039195705,277.73590087890625,0.7725644072476785,4.761904910578484,339.9361267089844,0.5311681758052155,10.526315921561542,299.6400451660156,cdip,2026-03-25 20:06:18,0.0
48,2026-03-25 08:00:00-07:00,0.8875,11.11,305.6,False,0.6803,4.17,326.3,True,,,,,1.2682,1.1182,0.881708,1d_transect,2026-03-25 08:00:00-07:00,1.1182254552841189,0.566907882663263,16.666667039195705,277.1164245605469,0.0,4.999999925494195,337.7558288574219,0.467232375318096,11.111110669595242,297.9722900390625,cdip,2026-03-25 20:06:18,0.0
48,2026-03-25 11:00:00-07:00,0.9419,11.11,304.8,False,0.758,4.76,322.7,True,,,,,1.3354,1.209,0.905363,1d_transect,2026-03-25 11:00:00-07:00,1.2090389728546145,0.5492119390681852,16.666667039195705,276.1190490722656,0.9733557502990784,5.263157960780771,333.5409240722656,0.4490186826264189,11.111110669595242,298.1233215332031,cdip,2026-03-25 20:06:18,0.0
48,2026-03-25 14:00:00-07:00,1.0634,11.11,296.8,False,0.9207,4.76,331.5,True,,,,,1.4503,1.4066,0.969876,1d_transect,2026-03-25 14:00:00-07:00,1.4065828323364258,1.2044436965690144,5.555555334797621,326.30780029296875,0.5333534594696371,16.666667039195705,275.658203125,0.4806346626234348,11.111110669595242,298.5949401855469,cdip,2026-03-25 20:06:18,0.0
48,2026-03-25 17:00:00-07:00,1.0781,11.11,294.4,False,1.0574,5.0,327.0,True,,,,,1.6657,1.5101,0.906575,1d_transect,2026-03-25 17:00:00-07:00,1.510088324546814,1.3115256118472347,6.25000013969839,325.1872863769531,0.5030031813357775,16.666667039195705,275.551513671875,0.5405537530775992,11.111110669595242,299.17938232421875,cdip,2026-03-25 20:06:18,0.0
48,2026-03-25 20:00:00-07:00,1.1822,11.11,294.2,False,1.1863,5.26,329.5,True,,,,,1.8607,1.6748,0.900071,1d_transect,2026-03-25 20:00:00-07:00,1.6747796535491943,1.460250685400068,6.25000013969839,321.1749572753906,0.512082055252698,16.666667039195705,275.23602294921875,0.6246295516552685,11.111110669595242,299.81805419921875,cdip,2026-03-25 20:06:18,0.0
48,2026-03-25 23:00:00-07:00,1.2236,11.11,300.3,False,1.5879,6.67,319.1,False,,,,,2.437,2.0047,0.822596,1d_transect,2026-03-25 23:00:00-07:00,2.00465989112854,1.8313528993000896,7.14285711244661,311.14849853515625,0.6018007382612194,11.111110669595242,300.4980163574219,0.5048052192153922,15.384615948919734,281.07354736328125,cdip,2026-03-25 20:06:18,0.0
48,2026-03-26 02:00:00-07:00,2.4223,8.33,312.0,False,,,,,,,,,3.0046,2.4223,0.806181,1d_transect,2026-03-26 02:00:00-07:00,2.4222757816314697,2.3264602367094662,9.090909140169128,306.5935363769531,0.528806123317382,15.384615948919734,279.88922119140625,,,,cdip,2026-03-25 20:06:18,0.0
48,2026-03-26 05:00:00-07:00,2.7351,9.09,310.8,False,,,,,,,,,3.5064,2.7351,0.780039,1d_transect,2026-03-26 05:00:00-07:00,2.7351410388946533,2.6289089402671078,9.090909140169128,307.2084655761719,0.49106310696378,14.28571422489322,284.670166015625,,,,cdip,2026-03-25 20:06:18,0.0
48,2026-03-26 08:00:00-07:00,2.7747,9.87,308.3,False,,,,,,,,,3.7121,2.7747,0.747464,1d_transect,2026-03-26 08:00:00-07:00,2.774695634841919,2.7069262743155296,9.871668200422231,305.5747375488281,,,,,,,cdip,2026-03-25 20:06:18,0.0
48,2026-03-26 11:00:00-07:00,2.6903,9.87,311.7,False,,,,,,,,,3.5469,2.6903,0.758504,1d_transect,2026-03-26 11:00:00-07:00,2.6903226375579834,2.622962576212085,9.871668200422231,305.75323486328125,,,,,,,cdip,2026-03-25 20:06:18,0.0
48,2026-03-26 14:00:00-07:00,2.5682,9.87,306.6,False,,,,,,,,,3.4233,2.5682,0.750195,1d_transect,2026-03-26 14:00:00-07:00,2.568150043487549,2.506365716589702,9.871668200422231,305.6132202148437,,,,,,,cdip,2026-03-25 20:06:18,0.0
48,2026-03-26 17:00:00-07:00,2.4566,9.87,311.3,False,,,,,,,,,3.1613,2.4566,0.777077,1d_transect,2026-03-26 17:00:00-07:00,2.456585645675659,0.086635936198705,9.871668200422231,305.59246826171875,,,,,,,cdip,2026-03-25 20:06:18,0.0
48,2026-03-26 20:00:00-07:00,2.2932,9.87,310.3,False,,,,,,,,,2.9799,2.2932,0.769557,1d_transect,2026-03-26 20:00:00-07:00,2.293168067932129,2.2384572870081807,9.871668200422231,305.7274169921875,0.0972270270923106,19.99999970197678,286.2039794921875,,,,cdip,2026-03-25 20:06:18,0.0
48,2026-03-26 23:00:00-07:00,2.1065,9.87,312.6,False,,,,,,,,,2.7767,2.1065,0.758621,1d_transect,2026-03-26 23:00:00-07:00,2.106483459472656,2.053718760176674,9.871668200422231,305.8432006835937,0.1066507873915498,19.99999970197678,287.0621032714844,,,,cdip,2026-03-25 20:06:18,0.0
48,2026-03-27 02:00:00-07:00,1.9596,9.87,313.6,False,,,,,,,,,2.6333,1.9596,0.74414,1d_transect,2026-03-27 02:00:00-07:00,1.959580659866333,1.909720958997689,9.871668200422231,305.7098388671875,0.1117624304566334,19.99999970197678,287.5552978515625,,,,cdip,2026-03-25 20:06:18,0.0
48,2026-03-27 05:00:00-07:00,1.8602,10.53,314.7,False,,,,,,,,,2.6618,1.8602,0.698853,1d_transect,2026-03-27 05:00:00-07:00,1.8601865768432615,1.8091023373204225,9.871668200422231,305.3403625488281,0.1731272754068859,18.181818280338256,285.2672424316406,,,,cdip,2026-03-25 20:06:18,0.0
48,2026-03-27 08:00:00-07:00,1.7703,10.53,313.7,False,,,,,,,,,2.5657,1.7703,0.689969,1d_transect,2026-03-27 08:00:00-07:00,1.7702522277832031,1.72040818054013,9.871668200422231,304.7471923828125,0.1925984933930893,18.181818280338256,286.93731689453125,,,,cdip,2026-03-25 20:06:18,0.0
48,2026-03-27 11:00:00-07:00,1.6672,10.53,314.8,False,,,,,,,,,2.4303,1.6672,0.686034,1d_transect,2026-03-27 11:00:00-07:00,1.6672419309616089,1.6180429056424757,9.871668200422231,303.90484619140625,0.2111410633970752,18.181818280338256,287.6118469238281,,,,cdip,2026-03-25 20:06:18,0.0
48,2026-03-27 14:00:00-07:00,1.5865,10.53,308.6,False,,,,,,,,,2.3712,1.5865,0.669039,1d_transect,2026-03-27 14:00:00-07:00,1.5864551067352295,1.5273295923830543,9.871668200422231,303.24334716796875,0.2830581137576223,18.181818280338256,287.8637390136719,,,,cdip,2026-03-25 20:06:18,0.0
48,2026-03-27 17:00:00-07:00,1.536,10.53,311.1,False,,,,,,,,,2.2404,1.536,0.68561,1d_transect,2026-03-27 17:00:00-07:00,1.5360337495803833,1.4711001076968626,9.871668200422231,302.81768798828125,0.3138017335474438,18.181818280338256,287.7926330566406,,,,cdip,2026-03-25 20:06:18,0.0
48,2026-03-27 20:00:00-07:00,1.5022,9.87,312.3,False,,,,,,,,,2.1328,1.5022,0.704342,1d_transect,2026-03-27 20:00:00-07:00,1.502228856086731,1.3888534703473854,9.871668200422231,302.3920288085937,0.3938996505355884,16.666667039195705,287.1724853515625,0.2875211902252073,13.33333280351429,288.80059814453125,cdip,2026-03-25 20:06:18,0.0
48,2026-03-27 23:00:00-07:00,1.4866,9.87,313.4,False,,,,,,,,,2.0947,1.4866,0.709688,1d_transect,2026-03-27 23:00:00-07:00,1.4866046905517578,1.3660943756660566,9.871668200422231,301.9549560546875,0.4262679528164015,16.666667039195705,287.7200622558594,0.2826378277647535,13.33333280351429,288.9257202148437,cdip,2026-03-25 20:06:18,0.0
48,2026-03-28 02:00:00-07:00,1.486,9.87,313.0,False,,,,,,,,,2.0733,1.486,0.716722,1d_transect,2026-03-28 02:00:00-07:00,1.4859799146652222,1.3895915791184907,9.090909140169128,304.8201904296875,0.4493212099726396,16.666667039195705,287.837158203125,,,,cdip,2026-03-25 20:06:18,0.0
48,2026-03-28 05:00:00-07:00,1.4752,10.53,312.3,False,,,,,,,,,2.1519,1.4752,0.685544,1d_transect,2026-03-28 05:00:00-07:00,1.4752088785171509,1.3621018050147258,9.090909140169128,304.50439453125,0.5003838948679707,16.666667039195705,287.6669311523437,,,,cdip,2026-03-25 20:06:18,0.0
48,2026-03-28 08:00:00-07:00,1.4818,10.53,311.3,False,,,,,,,,,2.1942,1.4818,0.675329,1d_transect,2026-03-28 08:00:00-07:00,1.4818239212036133,1.369114481694051,9.090909140169128,304.46600341796875,0.5008223473574347,15.384615948919734,287.7395935058594,,,,cdip,2026-03-25 20:06:18,0.0
48,2026-03-28 11:00:00-07:00,1.4729,11.11,312.3,False,0.2934,14.29,265.8,False,,,,,2.3698,1.5018,0.633755,1d_transect,2026-03-28 11:00:00-07:00,1.5018421411514282,1.3885529872312858,9.090909140169128,304.7671203613281,0.5024336670862468,15.384615948919734,287.9607849121094,,,,cdip,2026-03-25 20:06:18,0.0
48,2026-03-28 14:00:00-07:00,1.4761,11.11,308.0,False,0.2818,14.29,256.8,False,,,,,2.3716,1.5027,0.633642,1d_transect,2026-03-28 14:00:00-07:00,1.5027334690093994,1.38877051575861,9.090909140169128,305.05682373046875,0.502252540689784,15.384615948919734,288.130126953125,,,,cdip,2026-03-25 20:06:18,0.0
48,2026-03-28 17:00:00-07:00,1.4658,11.11,309.0,False,,,,,,,,,2.3063,1.4658,0.635554,1d_transect,2026-03-28 17:00:00-07:00,1.4657524824142456,1.3351826086087524,9.090909140169128,305.0702819824219,0.5413487203849543,15.384615948919734,288.285400390625,,,,cdip,2026-03-25 20:06:18,0.0
48,2026-03-28 20:00:00-07:00,1.3673,11.11,307.9,False,0.3522,13.33,264.5,False,,,,,2.2305,1.4119,0.633012,1d_transect,2026-03-28 20:00:00-07:00,1.4119354486465454,1.281291581197303,9.090909140169128,305.2519836425781,0.5355891794734573,15.384615948919734,288.4698181152344,,,,cdip,2026-03-25 20:06:18,0.0
48,2026-03-28 23:00:00-07:00,1.2958,10.53,311.3,False,0.371,13.33,264.2,False,,,,,1.9931,1.3479,0.676271,1d_transect,2026-03-28 23:00:00-07:00,1.3478718996047974,1.2178719587019389,9.090909140169128,305.27685546875,0.5259265543245601,15.384615948919734,288.5677490234375,,,,cdip,2026-03-25 20:06:18,0.0
48,2026-03-29 02:00:00-07:00,1.2393,10.53,306.1,False,0.3524,13.33,258.4,False,,,,,1.9318,1.2885,0.666963,1d_transect,2026-03-29 02:00:00-07:00,1.2884560823440552,1.160288811585555,8.333333519597852,308.1175842285156,0.514945683661846,14.28571422489322,290.3530578613281,,,,cdip,2026-03-25 20:06:18,0.0
48,2026-03-29 05:00:00-07:00,1.1991,9.87,307.9,False,0.3606,13.33,260.0,False,,,,,1.8045,1.2522,0.693928,1d_transect,2026-03-29 05:00:00-07:00,1.2521945238113403,1.1266892089430849,8.333333519597852,308.59112548828125,0.505257360559402,14.28571422489322,290.53009033203125,,,,cdip,2026-03-25 20:06:18,0.0
48,2026-03-29 08:00:00-07:00,1.1403,9.87,306.2,False,0.4183,13.33,260.6,False,,,,,1.783,1.2147,0.681255,1d_transect,2026-03-29 08:00:00-07:00,1.2146583795547483,1.0792372298940134,8.333333519597852,308.750732421875,0.5233152024473494,14.28571422489322,290.5796203613281,,,,cdip,2026-03-25 20:06:18,0.0
48,2026-03-29 11:00:00-07:00,1.0782,9.87,307.2,False,0.4171,13.33,260.8,False,,,,,1.6821,1.1561,0.687261,1d_transect,2026-03-29 11:00:00-07:00,1.15605366230011,1.0229922520000576,8.333333519597852,308.3773498535156,0.5107558826516846,13.33333280351429,290.40350341796875,,,,cdip,2026-03-25 20:06:18,0.0
48,2026-03-29 14:00:00-07:00,0.9965,9.87,306.3,False,0.4189,13.33,265.3,False,,,,,1.5648,1.0809,0.690785,1d_transect,2026-03-29 14:00:00-07:00,1.0809284448623655,0.5227646302682626,13.33333280351429,290.7701721191406,0.9340365164954908,8.333333519597852,307.447998046875,,,,cdip,2026-03-25 20:06:18,0.0
48,2026-03-29 17:00:00-07:00,0.9287,9.87,306.8,False,0.4119,13.33,266.3,False,,,,,1.4766,1.016,0.688062,1d_transect,2026-03-29 17:00:00-07:00,1.0159931182861328,0.4973417985277423,13.33333280351429,290.8456420898437,0.8683891728642986,8.333333519597852,306.2934265136719,0.1128799355558447,18.181818280338256,269.506591796875,cdip,2026-03-25 20:06:18,0.0
48,2026-03-29 20:00:00-07:00,0.4361,13.33,264.5,False,0.8663,9.09,305.8,False,,,,,1.4325,0.9698,0.677042,1d_transect,2026-03-29 20:00:00-07:00,0.9698438048362732,0.4787283468368684,13.33333280351429,290.6658630371094,0.8256458282857569,7.692307974459867,310.0129699707031,0.120696421975945,18.181818280338256,269.490966796875,cdip,2026-03-25 20:06:18,0.0
48,2026-03-29 23:00:00-07:00,0.4207,12.5,268.4,False,0.7732,9.09,306.8,False,0.3021,3.7,319.0,True,1.3552,0.9306,0.68669,1d_transect,2026-03-29 23:00:00-07:00,0.93061363697052,0.4813979775563963,13.33333280351429,290.36376953125,0.7778998547119768,7.692307974459867,309.802001953125,0.1278817544982468,18.181818280338256,269.75421142578125,cdip,2026-03-25 20:06:18,0.0
48,2026-03-30 02:00:00-07:00,0.7942,9.09,308.0,False,0.4079,12.5,264.4,False,,,,,1.2927,0.8928,0.690645,1d_transect,2026-03-30 02:00:00-07:00,0.8927851915359497,0.4647293200414654,13.33333280351429,289.8489074707031,0.7435037398062281,7.692307974459867,309.43878173828125,0.1317033991606575,18.181818280338256,270.23699951171875,cdip,2026-03-25 20:06:18,0.0
48,2026-03-30 05:00:00-07:00,0.4206,12.5,266.0,False,0.7374,9.09,309.2,False,,,,,1.2736,0.8489,0.666557,1d_transect,2026-03-30 05:00:00-07:00,0.8489454388618469,0.4544439614385115,12.50000027939678,290.8648681640625,0.4483001501135188,7.692307974459867,309.0044860839844,0.1672331290013576,18.181818280338256,270.54559326171875,cdip,2026-03-25 20:06:18,0.0
48,2026-03-30 08:00:00-07:00,0.4299,12.5,266.2,False,0.4846,9.09,308.0,False,0.4953,5.88,316.2,True,1.1548,0.8154,0.706096,1d_transect,2026-03-30 08:00:00-07:00,0.8154196739196777,0.4332926204979848,12.50000027939678,291.04840087890625,0.4183067866628703,7.692307974459867,308.4414978027344,0.1764153127989182,16.666667039195705,271.1904602050781,cdip,2026-03-25 20:06:18,0.0
48,2026-03-30 11:00:00-07:00,0.452,12.5,267.3,False,0.4648,9.09,309.2,False,0.429,5.56,314.6,True,1.0811,0.7774,0.719094,1d_transect,2026-03-30 11:00:00-07:00,0.7774311304092407,0.4112681689314329,12.50000027939678,290.9699401855469,0.1888787910807838,16.666667039195705,271.9945068359375,0.3939496559731997,8.333333519597852,303.4857482910156,cdip,2026-03-25 20:06:18,0.0
48,2026-03-30 14:00:00-07:00,0.437,12.5,268.9,False,0.4399,9.09,307.9,False,0.3843,5.56,315.6,True,1.0056,0.7295,0.72543,1d_transect,2026-03-30 14:00:00-07:00,0.7295154929161072,0.3897702007728559,12.50000027939678,290.63873291015625,0.2019223308418465,16.666667039195705,272.4398803710937,0.4041998396631611,8.333333519597852,303.4895324707031,cdip,2026-03-25 20:06:18,0.0
48,2026-03-30 17:00:00-07:00,0.3772,11.76,275.9,False,0.563,9.09,309.4,False,0.1021,15.38,232.6,False,0.9659,0.6853,0.709574,1d_transect,2026-03-30 17:00:00-07:00,0.6853492259979248,0.3526414593061294,12.50000027939678,289.92462158203125,0.2370432139963709,16.666667039195705,272.9377136230469,0.5318341505922131,8.333333519597852,303.5255432128906,cdip,2026-03-25 20:06:18,0.0
48,2026-03-30 20:00:00-07:00,0.3677,11.11,286.5,False,0.5224,8.33,308.7,False,0.1123,15.38,233.8,False,0.883,0.6486,0.734524,1d_transect,2026-03-30 20:00:00-07:00,0.6486079692840576,0.2489113258489422,16.666667039195705,273.809814453125,0.2011631007734682,11.111110669595242,286.234375,0.258603265031205,8.333333519597852,303.2813415527344,cdip,2026-03-25 20:06:18,0.0
48,2026-03-30 23:00:00-07:00,0.3516,11.11,288.1,False,0.4896,8.33,308.9,False,0.1324,15.38,235.4,False,0.8209,0.6172,0.751834,1d_transect,2026-03-30 23:00:00-07:00,0.617181658744812,0.2758613706981038,16.666667039195705,275.48046875,0.2915549025984424,11.111110669595242,285.3239440917969,0.4630373051381585,8.333333519597852,302.789794921875,cdip,2026-03-25 20:06:18,0.0
48,2026-03-31 02:00:00-07:00,0.1748,15.38,242.8,False,0.3083,11.11,287.6,False,0.4652,8.33,300.5,False,0.7837,0.5848,0.746194,1d_transect,2026-03-31 02:00:00-07:00,0.5848029851913452,0.2915293044091498,16.666667039195705,277.3537902832031,0.2811147046508671,11.111110669595242,284.85504150390625,0.415850118110431,8.333333519597852,301.1787109375,cdip,2026-03-25 20:06:18,0.0
48,2026-03-31 05:00:00-07:00,0.2322,14.29,245.3,False,0.3164,11.11,292.9,False,0.3519,8.33,295.7,False,0.6341,0.5271,0.831204,1d_transect,2026-03-31 05:00:00-07:00,0.5271070599555969,0.310637425652725,16.666667039195705,280.5703430175781,0.2532318815661224,11.111110669595242,283.3114624023437,0.3297455128636548,8.333333519597852,297.376953125,cdip,2026-03-25 20:06:18,0.0
48,2026-03-31 08:00:00-07:00,0.234,14.29,246.6,False,0.3059,11.11,295.5,False,0.3707,8.33,294.6,False,0.654,0.5346,0.817337,1d_transect,2026-03-31 08:00:00-07:00,0.534555971622467,0.3221573154211548,16.666667039195705,281.94940185546875,0.2692961047166786,11.111110669595242,284.0562438964844,0.3251580864631841,8.333333519597852,296.18505859375,cdip,2026-03-25 20:06:18,0.0
48,2026-03-31 11:00:00-07:00,0.2465,14.29,242.4,False,0.3461,11.11,291.3,False,0.3089,8.33,295.3,False,0.64,0.5253,0.82085,1d_transect,2026-03-31 11:00:00-07:00,0.5253148674964905,0.3424125412382005,16.666667039195705,283.7380676269531,0.2660512134368311,11.111110669595242,283.9756164550781,0.288276612091361,7.692307974459867,293.9560852050781,cdip,2026-03-25 20:06:18,0.0
48,2026-03-31 14:00:00-07:00,0.2589,14.29,245.5,False,0.3492,11.11,303.6,False,0.3141,7.69,278.5,False,0.675,0.5363,0.794508,1d_transect,2026-03-31 14:00:00-07:00,0.5363287925720215,0.3505504204104356,16.666667039195705,284.8106689453125,0.2775976805021656,11.111110669595242,285.3392639160156,0.2853601212518595,7.692307974459867,292.1817626953125,cdip,2026-03-25 20:06:18,0.0
49,2026-03-25 02:00:00-07:00,0.3242,15.38,260.5,False,0.5533,11.11,306.4,False,0.1099,3.85,332.6,True,0.8491,0.6506,0.766215,1d_transect,2026-03-25 02:00:00-07:00,0.6505969762802124,0.4294991945256264,18.181818280338256,240.57669067382807,0.4471786544087065,11.764705758606276,262.1620483398437,,,,cdip,2026-03-25 20:06:18,0.0
49,2026-03-25 05:00:00-07:00,0.3215,15.38,254.7,False,0.5051,11.11,306.8,False,0.2288,3.85,318.5,True,0.8515,0.641,0.752768,1d_transect,2026-03-25 05:00:00-07:00,0.6409905552864075,0.4414363453409551,16.666667039195705,240.6790313720703,0.4245788692010818,12.50000027939678,262.0722351074219,0.1654009258923549,4.347826008084592,291.6103210449219,cdip,2026-03-25 20:06:18,0.0
49,2026-03-25 08:00:00-07:00,0.6036,11.11,305.6,False,0.2256,4.17,326.3,True,,,,,0.7292,0.6444,0.88365,1d_transect,2026-03-25 08:00:00-07:00,0.6443986892700195,0.4428339135516518,16.666667039195705,240.3505706787109,0.4205944081746011,12.50000027939678,262.5381774902344,0.1859562407969504,4.761904910578484,292.56884765625,cdip,2026-03-25 20:06:18,0.0
49,2026-03-25 11:00:00-07:00,0.6234,11.11,304.8,False,0.27,4.76,322.7,True,,,,,0.8653,0.6794,0.785187,1d_transect,2026-03-25 11:00:00-07:00,0.6793882846832275,0.4418272633348236,16.666667039195705,240.16616821289065,0.4483960691093381,12.50000027939678,263.2108764648437,0.2392716671377185,4.761904910578484,293.218017578125,cdip,2026-03-25 20:06:18,0.0
49,2026-03-25 14:00:00-07:00,0.7366,11.11,296.8,False,0.1966,4.76,331.5,True,,,,,0.9625,0.7624,0.792106,1d_transect,2026-03-25 14:00:00-07:00,0.7623827457427979,0.4397994142276837,16.666667039195705,240.19476318359372,0.4924352501059367,12.50000027939678,263.6450500488281,0.3685903636037806,5.882352879303138,286.6796264648437,cdip,2026-03-25 20:06:18,0.0
49,2026-03-25 17:00:00-07:00,0.8056,11.11,294.4,False,0.2829,5.0,327.0,True,,,,,1.1646,0.8538,0.733162,1d_transect,2026-03-25 17:00:00-07:00,0.8538332581520081,0.4356765580597704,16.666667039195705,240.41140747070312,0.5518648853892568,12.50000027939678,263.7011108398437,0.4720876994342137,6.25000013969839,283.4537353515625,cdip,2026-03-25 20:06:18,0.0
49,2026-03-25 20:00:00-07:00,0.876,11.11,294.2,False,0.3147,5.26,329.5,True,,,,,1.2896,0.9308,0.721768,1d_transect,2026-03-25 20:00:00-07:00,0.9307793378829956,0.4316991310163739,16.666667039195705,240.60894775390625,0.6143223072149777,12.50000027939678,263.41632080078125,0.5365332929930139,6.25000013969839,284.09588623046875,cdip,2026-03-25 20:06:18,0.0
49,2026-03-25 23:00:00-07:00,0.8646,11.11,300.3,False,0.7346,6.67,319.1,False,,,,,1.4896,1.1346,0.761668,1d_transect,2026-03-25 23:00:00-07:00,1.1345735788345337,0.4168841970524706,16.666667039195705,240.73703002929688,0.662498649447342,12.50000027939678,263.2274475097656,0.730786282581376,7.14285711244661,278.6637878417969,cdip,2026-03-25 20:06:18,0.0
49,2026-03-26 02:00:00-07:00,1.4151,8.33,312.0,False,,,,,,,,,1.8051,1.4151,0.783956,1d_transect,2026-03-26 02:00:00-07:00,1.4150813817977903,1.24895593879853,9.090909140169128,269.5699462890625,0.4302779177708214,16.666667039195705,241.08734130859372,0.4490922023988613,4.761904910578484,286.7244567871094,cdip,2026-03-25 20:06:18,0.0
49,2026-03-26 05:00:00-07:00,1.6435,9.09,310.8,False,,,,,,,,,2.1047,1.6435,0.780853,1d_transect,2026-03-26 05:00:00-07:00,1.6434634923934937,1.5590216388707787,9.090909140169128,270.139404296875,0.4046759253114889,16.666667039195705,241.70413208007807,,,,cdip,2026-03-25 20:06:18,0.0
49,2026-03-26 08:00:00-07:00,1.7372,9.87,308.3,False,,,,,,,,,2.5157,1.7372,0.690546,1d_transect,2026-03-26 08:00:00-07:00,1.7372255325317385,1.6553190292561262,9.871668200422231,267.5661926269531,0.3855594884597945,15.384615948919734,241.7945251464844,,,,cdip,2026-03-25 20:06:18,0.0
49,2026-03-26 11:00:00-07:00,1.7264,9.87,311.7,False,,,,,,,,,2.129,1.7264,0.810913,1d_transect,2026-03-26 11:00:00-07:00,1.7264258861541748,1.64847617137891,9.871668200422231,267.7998046875,0.3671196248423313,15.384615948919734,241.88641357421875,,,,cdip,2026-03-25 20:06:18,0.0
49,2026-03-26 14:00:00-07:00,1.657,9.87,306.6,False,,,,,,,,,2.32,1.657,0.714241,1d_transect,2026-03-26 14:00:00-07:00,1.6570277214050293,1.5839012749789394,9.871668200422231,268.0997009277344,0.3466750318842564,15.384615948919734,242.0367126464844,,,,cdip,2026-03-25 20:06:18,0.0
49,2026-03-26 17:00:00-07:00,1.5728,9.87,311.3,False,,,,,,,,,1.8976,1.5728,0.828865,1d_transect,2026-03-26 17:00:00-07:00,1.5728195905685425,1.5050472581838223,9.871668200422231,268.3199157714844,0.3276827777332868,15.384615948919734,242.1932678222656,,,,cdip,2026-03-25 20:06:18,0.0
49,2026-03-26 20:00:00-07:00,1.4778,9.87,310.3,False,,,,,,,,,1.7886,1.4778,0.826237,1d_transect,2026-03-26 20:00:00-07:00,1.4778386354446411,1.4260349805627333,9.871668200422231,268.458740234375,0.2537950367323094,15.384615948919734,242.35577392578125,,,,cdip,2026-03-25 20:06:18,0.0
49,2026-03-26 23:00:00-07:00,1.3781,9.87,312.6,False,,,,,,,,,1.6667,1.3781,0.826809,1d_transect,2026-03-26 23:00:00-07:00,1.378051996231079,1.03253414295609,9.871668200422231,268.51519775390625,0.8380438968992798,7.14285711244661,277.3964233398437,0.2413106521108009,15.384615948919734,242.56719970703125,cdip,2026-03-25 20:06:18,0.0
49,2026-03-27 02:00:00-07:00,1.295,9.87,313.6,False,,,,,,,,,1.5806,1.295,0.819267,1d_transect,2026-03-27 02:00:00-07:00,1.2949737310409546,0.9803045190374408,9.871668200422231,268.56396484375,0.7745449537612116,7.14285711244661,277.06982421875,0.2323284109005159,15.384615948919734,242.8213806152344,cdip,2026-03-25 20:06:18,0.0
49,2026-03-27 05:00:00-07:00,1.2449,10.53,314.7,False,,,,,,,,,1.5967,1.2449,0.779714,1d_transect,2026-03-27 05:00:00-07:00,1.2449359893798828,1.2009705180910786,9.871668200422231,268.6063232421875,0.2270009871969187,15.384615948919734,243.06881713867188,,,,cdip,2026-03-25 20:06:18,0.0
49,2026-03-27 08:00:00-07:00,1.2003,10.53,313.7,False,,,,,,,,,1.539,1.2003,0.779895,1d_transect,2026-03-27 08:00:00-07:00,1.200279951095581,1.157088511719124,10.526315921561542,266.40301513671875,0.2248049305195534,15.384615948919734,243.21568298339844,,,,cdip,2026-03-25 20:06:18,0.0
49,2026-03-27 11:00:00-07:00,1.1445,10.53,314.8,False,,,,,,,,,1.4578,1.1445,0.785103,1d_transect,2026-03-27 11:00:00-07:00,1.144513487815857,1.0999623010925568,11.111110669595242,263.78204345703125,0.2302812160831508,15.384615948919734,243.24169921875,,,,cdip,2026-03-25 20:06:18,0.0
49,2026-03-27 14:00:00-07:00,1.0974,10.53,308.6,False,,,,,,,,,1.6066,1.0974,0.683054,1d_transect,2026-03-27 14:00:00-07:00,1.0974133014678955,0.9001063127609472,11.111110669595242,263.8247985839844,0.2422816739731564,16.666667039195705,243.0240478515625,0.5395906882393896,6.25000013969839,278.74591064453125,cdip,2026-03-25 20:06:18,0.0
49,2026-03-27 17:00:00-07:00,1.0609,10.53,311.1,False,,,,,,,,,1.3439,1.0609,0.789409,1d_transect,2026-03-27 17:00:00-07:00,1.0608806610107422,0.8476345882416685,10.526315921561542,266.29559326171875,0.2527094652309057,16.666667039195705,242.9986267089844,0.547831179669752,6.25000013969839,278.66961669921875,cdip,2026-03-25 20:06:18,0.0
49,2026-03-27 20:00:00-07:00,1.0322,9.87,312.3,False,,,,,,,,,1.2802,1.0322,0.806251,1d_transect,2026-03-27 20:00:00-07:00,1.0321673154830933,0.8209129338569419,10.526315921561542,266.2848815917969,0.2575200463244806,16.666667039195705,242.94168090820312,0.5325347672952896,6.25000013969839,278.742431640625,cdip,2026-03-25 20:06:18,0.0
49,2026-03-27 23:00:00-07:00,1.0256,9.87,313.4,False,,,,,,,,,1.2573,1.0256,0.815695,1d_transect,2026-03-27 23:00:00-07:00,1.025612235069275,0.8116874655293027,10.526315921561542,266.3075561523437,0.2629058137532323,16.666667039195705,242.9955139160156,0.5328989960639763,6.25000013969839,279.1238708496094,cdip,2026-03-25 20:06:18,0.0
49,2026-03-28 02:00:00-07:00,1.045,9.87,313.0,False,,,,,,,,,1.2445,1.045,0.839666,1d_transect,2026-03-28 02:00:00-07:00,1.0449512004852295,0.8190634584712359,10.526315921561542,266.3076171875,0.270973036672262,16.666667039195705,242.9881591796875,0.5562750276616998,6.25000013969839,279.8007202148437,cdip,2026-03-25 20:06:18,0.0
49,2026-03-28 05:00:00-07:00,1.0472,10.53,312.3,False,,,,,,,,,1.2908,1.0472,0.811301,1d_transect,2026-03-28 05:00:00-07:00,1.0472283363342283,0.4628689797084864,10.526315921561542,266.2663879394531,0.274459017477038,15.384615948919734,243.53103637695312,0.6880079879808166,6.25000013969839,280.2987365722656,cdip,2026-03-25 20:06:18,0.0
49,2026-03-28 08:00:00-07:00,1.0453,10.53,311.3,False,,,,,,,,,1.3162,1.0453,0.794207,1d_transect,2026-03-28 08:00:00-07:00,1.0453357696533203,0.8369060780824262,11.764705758606276,263.68341064453125,0.2718244046680914,15.384615948919734,243.5250396728516,0.5314889100658045,6.25000013969839,281.04400634765625,cdip,2026-03-25 20:06:18,0.0
49,2026-03-28 11:00:00-07:00,0.9742,11.11,312.3,False,0.354,14.29,265.8,False,,,,,1.4606,1.0365,0.709641,1d_transect,2026-03-28 11:00:00-07:00,1.0365288257598877,0.6202187927990106,11.764705758606276,263.65399169921875,0.5623569140969594,9.090909140169128,270.8939514160156,0.2655613089647622,15.384615948919734,243.4892425537109,cdip,2026-03-25 20:06:18,0.0
49,2026-03-28 14:00:00-07:00,0.9674,11.11,308.0,False,0.3083,14.29,256.8,False,,,,,1.6593,1.0153,0.611905,1d_transect,2026-03-28 14:00:00-07:00,1.0153378248214722,0.6093570984754072,11.111110669595242,263.7410583496094,0.5580078333292882,9.090909140169128,270.8629150390625,0.2560605637231075,15.384615948919734,243.45016479492188,cdip,2026-03-25 20:06:18,0.0
49,2026-03-28 17:00:00-07:00,0.9765,11.11,309.0,False,,,,,,,,,1.5652,0.9765,0.623907,1d_transect,2026-03-28 17:00:00-07:00,0.9765331745147704,0.5869509214103215,11.111110669595242,263.6825866699219,0.5612016203478558,9.090909140169128,270.7938842773437,0.243685561698422,15.384615948919734,243.4445343017578,cdip,2026-03-25 20:06:18,0.0
49,2026-03-28 20:00:00-07:00,0.8516,11.11,307.9,False,0.354,13.33,264.5,False,,,,,1.5875,0.9223,0.58094,1d_transect,2026-03-28 20:00:00-07:00,0.9222509860992432,0.5531788006442114,11.111110669595242,263.6100769042969,0.5296308371807655,9.090909140169128,270.66357421875,0.2285313431467178,15.384615948919734,243.4785614013672,cdip,2026-03-25 20:06:18,0.0
49,2026-03-28 23:00:00-07:00,0.7645,10.53,311.3,False,0.3995,13.33,264.2,False,,,,,1.2969,0.8626,0.665149,1d_transect,2026-03-28 23:00:00-07:00,0.8626222610473633,0.4506385259939507,11.111110669595242,263.56134033203125,0.4931584461761048,9.090909140169128,270.5311889648437,0.2533295501048214,13.33333280351429,253.4578399658203,cdip,2026-03-25 20:06:18,0.0
49,2026-03-29 02:00:00-07:00,0.7371,10.53,306.1,False,0.3461,13.33,258.4,False,,,,,1.3909,0.8143,0.585434,1d_transect,2026-03-29 02:00:00-07:00,0.814280092716217,0.4141664442013649,10.526315921561542,266.1255187988281,0.2520780771012256,13.33333280351429,253.70962524414065,0.1991762315733098,15.384615948919734,243.5732879638672,cdip,2026-03-25 20:06:18,0.0
49,2026-03-29 05:00:00-07:00,0.6959,9.87,307.9,False,0.3456,13.33,260.0,False,,,,,1.3075,0.777,0.594271,1d_transect,2026-03-29 05:00:00-07:00,0.7770248651504517,0.3838775498783124,10.526315921561542,266.33221435546875,0.3133258561296781,13.33333280351429,254.18881225585935,0.4493879766573543,5.555555334797621,284.7559814453125,cdip,2026-03-25 20:06:18,0.0
49,2026-03-29 08:00:00-07:00,0.3794,13.33,260.6,False,0.64,9.87,306.2,False,,,,,1.3187,0.744,0.564178,1d_transect,2026-03-29 08:00:00-07:00,0.7440021634101868,0.5655394218708327,9.090909140169128,270.2930603027344,0.3093703877871819,13.33333280351429,254.7724456787109,0.3405858554625606,5.263157960780771,283.0413513183594,cdip,2026-03-25 20:06:18,0.0
49,2026-03-29 11:00:00-07:00,0.3742,13.33,260.8,False,0.5985,9.87,307.2,False,,,,,1.2538,0.7059,0.56296,1d_transect,2026-03-29 11:00:00-07:00,0.705862820148468,0.4944583272954117,9.871668200422231,268.79364013671875,0.2833197419357918,13.33333280351429,255.36178588867188,0.2262077966800396,11.764705758606276,260.4276733398437,cdip,2026-03-25 20:06:18,0.0
49,2026-03-29 14:00:00-07:00,0.3699,13.33,265.3,False,0.5537,9.87,306.3,False,,,,,1.1757,0.6659,0.566358,1d_transect,2026-03-29 14:00:00-07:00,0.6658923625946045,0.3524362098361502,13.33333280351429,255.83204650878903,0.4582738286824412,9.871668200422231,268.932861328125,0.1074633546690923,18.181818280338256,240.31109619140625,cdip,2026-03-25 20:06:18,0.0
49,2026-03-29 17:00:00-07:00,0.3637,13.33,266.3,False,0.5158,9.87,306.8,False,,,,,1.1192,0.6311,0.563896,1d_transect,2026-03-29 17:00:00-07:00,0.6311382055282593,0.3458847098370108,13.33333280351429,255.95635986328125,0.424363509001169,9.871668200422231,268.9646911621094,0.1154092541672459,18.181818280338256,240.39556884765625,cdip,2026-03-25 20:06:18,0.0
49,2026-03-29 20:00:00-07:00,0.3816,13.33,264.5,False,0.4692,9.09,305.8,False,,,,,1.1178,0.6048,0.541066,1d_transect,2026-03-29 20:00:00-07:00,0.6047773957252502,0.3399746618028617,13.33333280351429,255.74929809570312,0.3979718149240895,9.090909140169128,271.005615234375,0.1185761271556101,18.181818280338256,240.5751953125,cdip,2026-03-25 20:06:18,0.0
49,2026-03-29 23:00:00-07:00,0.3738,12.5,268.4,False,0.4321,9.09,306.8,False,0.1251,3.7,319.0,True,1.0328,0.5849,0.566296,1d_transect,2026-03-29 23:00:00-07:00,0.5848730802536011,0.322638733494579,13.33333280351429,255.402587890625,0.3740517347851446,9.090909140169128,271.172607421875,0.1533377014003754,18.181818280338256,240.75405883789065,cdip,2026-03-25 20:06:18,0.0
49,2026-03-30 02:00:00-07:00,0.3629,12.5,264.4,False,0.4406,9.09,308.0,False,,,,,1.0096,0.5708,0.565339,1d_transect,2026-03-30 02:00:00-07:00,0.5707533955574036,0.3441121898523089,12.50000027939678,259.6695556640625,0.3283876392585246,9.090909140169128,271.2563171386719,0.1620045720878671,18.181818280338256,240.83444213867188,cdip,2026-03-25 20:06:18,0.0
49,2026-03-30 05:00:00-07:00,0.3709,12.5,266.0,False,0.409,9.09,309.2,False,,,,,1.0121,0.5521,0.545564,1d_transect,2026-03-30 05:00:00-07:00,0.5521401166915894,0.3422950764958518,12.50000027939678,259.95904541015625,0.3096561967085225,9.090909140169128,271.28253173828125,0.1733244454548433,16.666667039195705,239.92913818359372,cdip,2026-03-25 20:06:18,0.0
49,2026-03-30 08:00:00-07:00,0.4011,12.5,266.2,False,0.2845,9.09,308.0,False,0.2155,5.88,316.2,True,0.8778,0.5369,0.611614,1d_transect,2026-03-30 08:00:00-07:00,0.536884605884552,0.3458365274572897,11.764705758606276,262.0766296386719,0.2106119139846323,16.666667039195705,240.04638671875,0.275236269544117,9.090909140169128,271.24139404296875,cdip,2026-03-25 20:06:18,0.0
49,2026-03-30 11:00:00-07:00,0.4002,12.5,267.3,False,0.2589,9.09,309.2,False,0.2128,5.56,314.6,True,0.8832,0.522,0.590996,1d_transect,2026-03-30 11:00:00-07:00,0.521982729434967,0.428792323786823,11.764705758606276,262.01788330078125,0.227855312237392,16.666667039195705,240.243408203125,0.1731714290159506,4.545454570084564,291.2632751464844,cdip,2026-03-25 20:06:18,0.0
49,2026-03-30 14:00:00-07:00,0.4034,12.5,268.9,False,0.2555,9.09,307.9,False,0.1654,5.56,315.6,True,0.8129,0.5054,0.62165,1d_transect,2026-03-30 14:00:00-07:00,0.5053586959838867,0.2429752361345011,16.666667039195705,240.4018096923828,0.4105404857803906,11.764705758606276,261.8216552734375,0.1474151666607869,4.347826008084592,289.216552734375,cdip,2026-03-25 20:06:18,0.0
49,2026-03-30 17:00:00-07:00,0.3376,11.76,275.9,False,0.1354,15.38,232.6,False,0.3241,9.09,309.4,False,0.8084,0.4872,0.602672,1d_transect,2026-03-30 17:00:00-07:00,0.4871808290481567,0.2662276999863969,16.666667039195705,240.46456909179688,0.3830284949539171,11.111110669595242,263.0224609375,0.1192323239464469,4.166666759798926,289.8769226074219,cdip,2026-03-25 20:06:18,0.0
49,2026-03-30 20:00:00-07:00,0.3166,11.11,286.5,False,0.1543,15.38,233.8,False,0.3116,8.33,308.7,False,0.7275,0.4702,0.646341,1d_transect,2026-03-30 20:00:00-07:00,0.4702425003051758,0.2770331090318384,16.666667039195705,240.45535278320312,0.3615101874312463,11.111110669595242,262.9109802246094,,,,cdip,2026-03-25 20:06:18,0.0
49,2026-03-30 23:00:00-07:00,0.1674,15.38,235.4,False,0.3043,11.11,288.1,False,0.2936,8.33,308.9,False,0.6839,0.4548,0.66497,1d_transect,2026-03-30 23:00:00-07:00,0.4547902643680572,0.2859994439077408,16.666667039195705,240.45001220703125,0.3403480852156694,11.111110669595242,262.6141357421875,,,,cdip,2026-03-25 20:06:18,0.0
49,2026-03-31 02:00:00-07:00,0.2015,15.38,242.8,False,0.2617,11.11,287.6,False,0.3066,8.33,300.5,False,0.6963,0.4506,0.647185,1d_transect,2026-03-31 02:00:00-07:00,0.450646162033081,0.2944357277436156,16.666667039195705,240.6678771972656,0.2663632688571146,11.111110669595242,262.4898986816406,0.1974615657782369,8.333333519597852,268.7973022460937,cdip,2026-03-25 20:06:18,0.0
49,2026-03-31 05:00:00-07:00,0.2506,14.29,245.3,False,0.2568,11.11,292.9,False,0.2622,8.33,295.7,False,0.6087,0.4444,0.73004,1d_transect,2026-03-31 05:00:00-07:00,0.4443617165088653,0.30665511670714,15.384615948919734,240.04196166992188,0.2321352453493652,11.111110669595242,261.6546325683594,0.2141362848921657,8.333333519597852,263.9829406738281,cdip,2026-03-25 20:06:18,0.0
49,2026-03-31 08:00:00-07:00,0.2483,14.29,246.6,False,0.224,11.11,295.5,False,0.3011,8.33,294.6,False,0.6376,0.45,0.705705,1d_transect,2026-03-31 08:00:00-07:00,0.449965626001358,0.3109581180134989,15.384615948919734,240.06008911132807,0.2280613191848595,11.111110669595242,261.6634521484375,0.2241958046799298,8.333333519597852,264.083984375,cdip,2026-03-25 20:06:18,0.0
49,2026-03-31 11:00:00-07:00,0.2763,14.29,242.4,False,0.2746,11.11,291.3,False,0.225,8.33,295.3,False,0.6382,0.4499,0.704952,1d_transect,2026-03-31 11:00:00-07:00,0.4498983323574066,0.3326278388633359,15.384615948919734,240.18670654296875,0.2105466358293155,11.111110669595242,261.31268310546875,0.210276887241163,7.692307974459867,256.64508056640625,cdip,2026-03-25 20:06:18,0.0
49,2026-03-31 14:00:00-07:00,0.2758,14.29,245.5,False,0.231,11.11,303.6,False,0.2849,7.69,278.5,False,0.6664,0.459,0.68879,1d_transect,2026-03-31 14:00:00-07:00,0.4589783549308777,0.3346331669609437,15.384615948919734,240.2914886474609,0.2106357077871486,11.111110669595242,261.32977294921875,0.2228397143697238,7.692307974459867,256.0464782714844,cdip,2026-03-25 20:06:18,0.0
50,2026-03-25 02:00:00-07:00,0.4802,11.11,306.4,False,0.1905,15.38,260.5,False,0.1785,3.85,332.6,True,1.0786,0.5466,0.506762,1d_transect,2026-03-25 02:00:00-07:00,0.5466130971908569,0.3489794776407018,18.181818280338256,252.83204650878903,0.3156311946027308,10.526315921561542,267.41668701171875,0.0,4.347826008084592,297.4559326171875,cdip,2026-03-25 20:06:18,0.0
50,2026-03-25 05:00:00-07:00,0.4327,11.11,306.8,False,0.1849,15.38,254.7,False,0.2515,3.85,318.5,True,1.0859,0.5336,0.491349,1d_transect,2026-03-25 05:00:00-07:00,0.5335589647293091,0.3535521695819426,16.666667039195705,253.8491058349609,0.2965958064368673,10.526315921561542,266.7114562988281,0.0,4.347826008084592,297.58172607421875,cdip,2026-03-25 20:06:18,0.0
50,2026-03-25 08:00:00-07:00,0.4572,11.11,305.6,False,0.2781,4.17,326.3,True,,,,,1.0493,0.5351,0.509982,1d_transect,2026-03-25 08:00:00-07:00,0.5351301431655884,0.370321028952778,16.666667039195705,253.54263305664065,0.2751064089417602,10.526315921561542,266.4906005859375,0.0,4.347826008084592,297.53955078125,cdip,2026-03-25 20:06:18,0.0
50,2026-03-25 11:00:00-07:00,0.4813,11.11,304.8,False,0.3274,4.76,322.7,True,,,,,1.1528,0.5821,0.504949,1d_transect,2026-03-25 11:00:00-07:00,0.5821022987365723,0.3775759714785416,16.666667039195705,253.0782165527344,0.2795791724870336,11.111110669595242,262.7677307128906,0.3375128518136715,4.761904910578484,297.3038635253906,cdip,2026-03-25 20:06:18,0.0
50,2026-03-25 14:00:00-07:00,0.6161,11.11,296.8,False,0.3661,4.76,331.5,True,,,,,1.1932,0.7167,0.600652,1d_transect,2026-03-25 14:00:00-07:00,0.7167204022407532,0.3730810397072571,16.666667039195705,252.92535400390625,0.3269205303021817,5.882352879303138,289.69580078125,0.312271287788962,11.111110669595242,263.5827331542969,cdip,2026-03-25 20:06:18,0.0
50,2026-03-25 17:00:00-07:00,0.6491,11.11,294.4,False,0.4779,5.0,327.0,True,,,,,1.3903,0.8061,0.579781,1d_transect,2026-03-25 17:00:00-07:00,0.8060653805732727,0.3847104426465557,16.666667039195705,252.95101928710935,0.6096010942579896,5.882352879303138,289.2885437011719,0.3513680132039299,11.111110669595242,264.64813232421875,cdip,2026-03-25 20:06:18,0.0
50,2026-03-25 20:00:00-07:00,0.7169,11.11,294.2,False,0.54,5.26,329.5,True,,,,,1.5481,0.8975,0.579728,1d_transect,2026-03-25 20:00:00-07:00,0.8974958062171936,0.3930531936739637,16.666667039195705,252.7344665527344,0.6930528534070297,6.25000013969839,287.5643615722656,0.4025203759262623,11.111110669595242,265.6473388671875,cdip,2026-03-25 20:06:18,0.0
50,2026-03-25 23:00:00-07:00,0.7247,11.11,300.3,False,0.8508,6.67,319.1,False,,,,,2.1019,1.1176,0.531724,1d_transect,2026-03-25 23:00:00-07:00,1.1176091432571411,0.2538497458455078,6.25000013969839,287.9866943359375,0.3891713646128774,16.666667039195705,252.0891265869141,0.2950254125933804,11.111110669595242,265.9525146484375,cdip,2026-03-25 20:06:18,0.0
50,2026-03-26 02:00:00-07:00,1.3403,8.33,312.0,False,,,,,,,,,2.6535,1.3403,0.505089,1d_transect,2026-03-26 02:00:00-07:00,1.340269923210144,1.2726899407191077,8.333333519597852,277.1187438964844,0.3730680009725413,16.666667039195705,251.28062438964844,,,,cdip,2026-03-25 20:06:18,0.0
50,2026-03-26 05:00:00-07:00,1.51,9.09,310.8,False,,,,,,,,,3.0781,1.51,0.490572,1d_transect,2026-03-26 05:00:00-07:00,1.5100196599960327,1.4414334320462012,9.090909140169128,275.914794921875,0.3611533942242002,16.666667039195705,250.5789337158203,,,,cdip,2026-03-25 20:06:18,0.0
50,2026-03-26 08:00:00-07:00,1.5755,9.87,308.3,False,,,,,,,,,3.342,1.5755,0.471421,1d_transect,2026-03-26 08:00:00-07:00,1.5754786729812622,1.5087044201413746,9.090909140169128,276.4603271484375,0.343316894290511,16.666667039195705,250.7623291015625,,,,cdip,2026-03-25 20:06:18,0.0
50,2026-03-26 11:00:00-07:00,1.5386,9.87,311.7,False,,,,,,,,,3.1136,1.5386,0.494158,1d_transect,2026-03-26 11:00:00-07:00,1.5386115312576294,1.483799821694871,9.090909140169128,276.7513122558594,0.2832372138249635,16.666667039195705,251.1646728515625,,,,cdip,2026-03-25 20:06:18,0.0
50,2026-03-26 14:00:00-07:00,1.4476,9.87,306.6,False,,,,,,,,,3.0819,1.4476,0.469713,1d_transect,2026-03-26 14:00:00-07:00,1.4476275444030762,1.1012722886059363,9.090909140169128,276.97833251953125,0.8567375763155703,6.25000013969839,283.1005249023437,0.272439081480151,16.666667039195705,250.98699951171875,cdip,2026-03-25 20:06:18,0.0
50,2026-03-26 17:00:00-07:00,1.3602,9.87,311.3,False,,,,,,,,,2.7751,1.3602,0.490122,1d_transect,2026-03-26 17:00:00-07:00,1.3601561784744265,1.0286125590177817,9.871668200422231,274.1458740234375,0.8121660857700205,6.25000013969839,282.5165100097656,0.2641142403771214,16.666667039195705,250.7213134765625,cdip,2026-03-25 20:06:18,0.0
50,2026-03-26 20:00:00-07:00,1.2793,9.87,310.3,False,,,,,,,,,2.6158,1.2793,0.489045,1d_transect,2026-03-26 20:00:00-07:00,1.2792637348175049,0.950601508579516,9.871668200422231,274.24981689453125,0.7879720792335075,6.25000013969839,282.1932373046875,0.24487677799037,16.666667039195705,250.75064086914065,cdip,2026-03-25 20:06:18,0.0
50,2026-03-26 23:00:00-07:00,1.195,9.87,312.6,False,,,,,,,,,2.4375,1.195,0.490237,1d_transect,2026-03-26 23:00:00-07:00,1.194966435432434,0.7878343707698982,9.871668200422231,274.2161865234375,0.3779499137256583,6.25000013969839,281.88385009765625,0.2204880590952618,16.666667039195705,251.13424682617188,cdip,2026-03-25 20:06:18,0.0
50,2026-03-27 02:00:00-07:00,1.1115,9.87,313.6,False,,,,,,,,,2.3117,1.1115,0.480818,1d_transect,2026-03-27 02:00:00-07:00,1.1114884614944458,0.816278545758951,9.871668200422231,274.1517028808594,0.7006807480066443,6.25000013969839,281.310791015625,0.1932290961666227,15.384615948919734,253.19859313964844,cdip,2026-03-25 20:06:18,0.0
50,2026-03-27 05:00:00-07:00,1.0496,10.53,314.7,False,,,,,,,,,2.3262,1.0496,0.451189,1d_transect,2026-03-27 05:00:00-07:00,1.0495539903640747,0.7843973242576834,9.871668200422231,274.1256103515625,0.6449084709710767,6.25000013969839,280.7110290527344,0.1947736121660938,15.384615948919734,253.85064697265625,cdip,2026-03-25 20:06:18,0.0
50,2026-03-27 08:00:00-07:00,1.0027,10.53,313.7,False,,,,,,,,,2.2422,1.0027,0.447193,1d_transect,2026-03-27 08:00:00-07:00,1.0027105808258057,0.7560614628686545,9.871668200422231,274.1058654785156,0.605988988102838,6.25000013969839,280.7266845703125,0.193612045816323,15.384615948919734,254.17807006835935,cdip,2026-03-25 20:06:18,0.0
50,2026-03-27 11:00:00-07:00,0.9558,10.53,314.8,False,,,,,,,,,2.1239,0.9558,0.450049,1d_transect,2026-03-27 11:00:00-07:00,0.9558463096618652,0.7196867050563217,10.526315921561542,271.45635986328125,0.5745807547868151,6.25000013969839,280.81207275390625,0.1984459171207815,15.384615948919734,254.2640380859375,cdip,2026-03-25 20:06:18,0.0
50,2026-03-27 14:00:00-07:00,0.9167,10.53,308.6,False,,,,,,,,,2.1259,0.9167,0.431226,1d_transect,2026-03-27 14:00:00-07:00,0.9167366027832032,0.6876580215230623,10.526315921561542,271.2320556640625,0.5487965968433005,6.25000013969839,280.7806396484375,0.164214027343229,15.384615948919734,254.6003875732422,cdip,2026-03-25 20:06:18,0.0
50,2026-03-27 17:00:00-07:00,0.8838,10.53,311.1,False,,,,,,,,,1.9579,0.8838,0.451409,1d_transect,2026-03-27 17:00:00-07:00,0.8838309049606323,0.6624596781707154,9.871668200422231,273.7363586425781,0.5248939469131593,6.25000013969839,280.7181091308594,0.1672080329291987,15.384615948919734,255.36117553710935,cdip,2026-03-25 20:06:18,0.0
50,2026-03-27 20:00:00-07:00,0.8576,9.87,312.3,False,,,,,,,,,1.8723,0.8576,0.45808,1d_transect,2026-03-27 20:00:00-07:00,0.8576498627662659,0.6380977821009728,9.871668200422231,273.57275390625,0.5127351545565955,6.25000013969839,280.821044921875,0.2077525962173087,16.666667039195705,259.68560791015625,cdip,2026-03-25 20:06:18,0.0
50,2026-03-27 23:00:00-07:00,0.8465,9.87,313.4,False,,,,,,,,,1.8388,0.8465,0.460366,1d_transect,2026-03-27 23:00:00-07:00,0.8465406894683838,0.6210643855836749,9.871668200422231,273.3707275390625,0.2083705152887822,16.666667039195705,259.8847961425781,0.5160103725090944,6.25000013969839,281.24169921875,cdip,2026-03-25 20:06:18,0.0
50,2026-03-28 02:00:00-07:00,0.8578,9.87,313.0,False,,,,,,,,,1.82,0.8578,0.47129,1d_transect,2026-03-28 02:00:00-07:00,0.8577618598937988,0.6157027807816811,9.871668200422231,273.15106201171875,0.2106278869335062,16.666667039195705,259.746337890625,0.5405640034016262,5.882352879303138,280.2342224121094,cdip,2026-03-25 20:06:18,0.0
50,2026-03-28 05:00:00-07:00,0.8486,10.53,312.3,False,,,,,,,,,1.8806,0.8486,0.45124,1d_transect,2026-03-28 05:00:00-07:00,0.8485966324806213,0.6162752497282621,9.871668200422231,272.949462890625,0.2091085705395832,16.666667039195705,259.3119201660156,0.5267691298440537,5.882352879303138,280.5741577148437,cdip,2026-03-25 20:06:18,0.0
50,2026-03-28 08:00:00-07:00,0.8415,10.53,311.3,False,,,,,,,,,1.9176,0.8415,0.438805,1d_transect,2026-03-28 08:00:00-07:00,0.8414503335952759,0.6213850973966322,9.871668200422231,272.8474426269531,0.2033181855077182,15.384615948919734,256.0655212402344,0.5117724832686065,6.25000013969839,283.54302978515625,cdip,2026-03-25 20:06:18,0.0
50,2026-03-28 11:00:00-07:00,0.8157,11.11,312.3,False,0.183,14.29,265.8,False,,,,,2.0294,0.836,0.411926,1d_transect,2026-03-28 11:00:00-07:00,0.8359749913215637,0.6133060723645021,9.871668200422231,272.728759765625,0.2334815163271909,15.384615948919734,256.3500061035156,0.4995946526315535,6.25000013969839,284.7293701171875,cdip,2026-03-25 20:06:18,0.0
50,2026-03-28 14:00:00-07:00,0.8047,11.11,308.0,False,0.1723,14.29,256.8,False,,,,,2.1219,0.8229,0.387841,1d_transect,2026-03-28 14:00:00-07:00,0.8229497671127319,0.1873177981735513,9.871668200422231,272.6123046875,0.028231160860787,15.384615948919734,256.6568298339844,0.6218812137082463,6.25000013969839,285.7460327148437,cdip,2026-03-25 20:06:18,0.0
50,2026-03-28 17:00:00-07:00,0.7969,11.11,309.0,False,,,,,,,,,2.0541,0.7969,0.387974,1d_transect,2026-03-28 17:00:00-07:00,0.7969471216201782,0.5497993855195326,9.871668200422231,272.52783203125,0.1826263392929557,15.384615948919734,256.9547119140625,0.1872686011245401,13.33333280351429,252.00241088867188,cdip,2026-03-25 20:06:18,0.0
50,2026-03-28 20:00:00-07:00,0.7347,11.11,307.9,False,0.2056,13.33,264.5,False,,,,,1.9977,0.7629,0.381909,1d_transect,2026-03-28 20:00:00-07:00,0.7629480957984924,0.5210528660081849,9.871668200422231,272.3288879394531,0.1887196766577437,13.33333280351429,252.57452392578125,0.1746043808794116,15.384615948919734,257.33856201171875,cdip,2026-03-25 20:06:18,0.0
50,2026-03-28 23:00:00-07:00,0.6893,10.53,311.3,False,0.2184,13.33,264.2,False,,,,,1.7566,0.7231,0.411648,1d_transect,2026-03-28 23:00:00-07:00,0.7231062054634094,0.4874096147793215,9.871668200422231,272.24810791015625,0.1876822966271316,13.33333280351429,253.05044555664065,0.1709650706770964,15.384615948919734,257.621826171875,cdip,2026-03-25 20:06:18,0.0
50,2026-03-29 02:00:00-07:00,0.658,10.53,306.1,False,0.206,13.33,258.4,False,,,,,1.7456,0.6895,0.394994,1d_transect,2026-03-29 02:00:00-07:00,0.6895192861557007,0.45701471425163,9.871668200422231,272.3031311035156,0.1848379117724095,13.33333280351429,253.47817993164065,0.1583612058417952,15.384615948919734,257.90142822265625,cdip,2026-03-25 20:06:18,0.0
50,2026-03-29 05:00:00-07:00,0.6268,9.87,307.9,False,0.2067,13.33,260.0,False,,,,,1.6381,0.66,0.402899,1d_transect,2026-03-29 05:00:00-07:00,0.6600046157836914,0.435853629863268,9.871668200422231,272.4464111328125,0.1821990095530366,13.33333280351429,253.96627807617188,0.1526004763181141,15.384615948919734,258.2601928710937,cdip,2026-03-25 20:06:18,0.0
50,2026-03-29 08:00:00-07:00,0.5913,9.87,306.2,False,0.2331,13.33,260.6,False,,,,,1.6198,0.6355,0.392348,1d_transect,2026-03-29 08:00:00-07:00,0.6355322599411011,0.2857127149013995,9.871668200422231,272.4862976074219,0.2169717349861208,13.33333280351429,254.49436950683597,0.2801855893311374,8.333333519597852,277.7296142578125,cdip,2026-03-25 20:06:18,0.0
50,2026-03-29 11:00:00-07:00,0.5606,9.87,307.2,False,0.233,13.33,260.8,False,,,,,1.5295,0.6071,0.396906,1d_transect,2026-03-29 11:00:00-07:00,0.6070807576179504,0.2396563325030734,9.871668200422231,272.52618408203125,0.24584606740118,13.33333280351429,255.03433227539065,0.2939144162641099,8.333333519597852,277.2571105957031,cdip,2026-03-25 20:06:18,0.0
50,2026-03-29 14:00:00-07:00,0.5257,9.87,306.3,False,0.2344,13.33,265.3,False,,,,,1.4219,0.5756,0.404797,1d_transect,2026-03-29 14:00:00-07:00,0.5755740404129028,0.2747663098671919,13.33333280351429,255.64889526367188,0.2197031496077938,9.871668200422231,272.5976867675781,0.2951309208479992,8.333333519597852,276.7444152832031,cdip,2026-03-25 20:06:18,0.0
50,2026-03-29 17:00:00-07:00,0.4964,9.87,306.8,False,0.2335,13.33,266.3,False,,,,,1.3429,0.5486,0.40849,1d_transect,2026-03-29 17:00:00-07:00,0.5485699772834778,0.2700036692659744,13.33333280351429,256.1724853515625,0.3413829463255111,9.871668200422231,272.5041809082031,0.1077110905481907,18.181818280338256,251.30023193359372,cdip,2026-03-25 20:06:18,0.0
50,2026-03-29 20:00:00-07:00,0.2502,13.33,264.5,False,0.4625,9.09,305.8,False,,,,,1.3096,0.5259,0.401532,1d_transect,2026-03-29 20:00:00-07:00,0.5258516073226929,0.2646320987246725,13.33333280351429,256.4433898925781,0.3194015563834214,9.871668200422231,272.1781005859375,0.1068425150495838,18.181818280338256,251.6598358154297,cdip,2026-03-25 20:06:18,0.0
50,2026-03-29 23:00:00-07:00,0.2412,12.5,268.4,False,0.4187,9.09,306.8,False,0.1537,3.7,319.0,True,1.2276,0.5071,0.413063,1d_transect,2026-03-29 23:00:00-07:00,0.5070633292198181,0.2596682952370945,13.33333280351429,256.42333984375,0.2719398047229645,9.871668200422231,271.6280517578125,0.1015475340597559,18.181818280338256,252.32379150390625,cdip,2026-03-25 20:06:18,0.0
50,2026-03-30 02:00:00-07:00,0.2382,12.5,264.4,False,0.4343,9.09,308.0,False,,,,,1.1807,0.4953,0.41949,1d_transect,2026-03-30 02:00:00-07:00,0.4953089654445648,0.2613090388066643,12.50000027939678,255.71392822265625,0.2628724031311593,9.090909140169128,273.9173278808594,0.1266389454739296,18.181818280338256,252.70187377929688,cdip,2026-03-25 20:06:18,0.0
50,2026-03-30 05:00:00-07:00,0.2435,12.5,266.0,False,0.4032,9.09,309.2,False,,,,,1.1635,0.471,0.404843,1d_transect,2026-03-30 05:00:00-07:00,0.4710207283496856,0.2566469643156815,12.50000027939678,256.3604736328125,0.1340521041985785,16.666667039195705,252.03829956054688,0.2460727351540802,9.871668200422231,269.99249267578125,cdip,2026-03-25 20:06:18,0.0
50,2026-03-30 08:00:00-07:00,0.2531,12.5,266.2,False,0.2696,9.09,308.0,False,0.2589,5.88,316.2,True,1.0347,0.4514,0.436276,1d_transect,2026-03-30 08:00:00-07:00,0.4513948261737823,0.3362315209477802,12.50000027939678,256.6167297363281,0.158437812459054,16.666667039195705,252.45553588867188,0.2491747901077626,4.761904910578484,293.1396484375,cdip,2026-03-25 20:06:18,0.0
50,2026-03-30 11:00:00-07:00,0.26,12.5,267.3,False,0.2525,9.09,309.2,False,0.2376,5.56,314.6,True,0.9986,0.4333,0.433949,1d_transect,2026-03-30 11:00:00-07:00,0.4333378076553345,0.3245520372395714,12.50000027939678,256.48541259765625,0.1652530266448348,16.666667039195705,252.97283935546875,0.2277852995633943,4.761904910578484,295.81597900390625,cdip,2026-03-25 20:06:18,0.0
50,2026-03-30 14:00:00-07:00,0.2602,12.5,268.9,False,0.2474,9.09,307.9,False,0.2031,5.56,315.6,True,0.9102,0.4125,0.453184,1d_transect,2026-03-30 14:00:00-07:00,0.4125033318996429,0.3125707330225368,12.50000027939678,256.0380249023437,0.1723093964857147,16.666667039195705,253.29147338867188,0.1991692240712856,4.761904910578484,297.4122314453125,cdip,2026-03-25 20:06:18,0.0
50,2026-03-30 17:00:00-07:00,0.2206,11.76,275.9,False,0.3144,9.09,309.4,False,0.0867,15.38,232.6,False,0.8945,0.3938,0.440176,1d_transect,2026-03-30 17:00:00-07:00,0.3937529325485229,0.1794422875807549,16.666667039195705,253.43295288085935,0.3056987778538314,12.50000027939678,255.2125396728516,0.162320400747256,4.545454570084564,297.2149658203125,cdip,2026-03-25 20:06:18,0.0
50,2026-03-30 20:00:00-07:00,0.2156,11.11,286.5,False,0.0966,15.38,233.8,False,0.2972,8.33,308.7,False,0.8225,0.3797,0.461571,1d_transect,2026-03-30 20:00:00-07:00,0.3796643912792206,0.2012568208879843,16.666667039195705,253.58334350585935,0.287261214782655,11.764705758606276,256.8460693359375,0.1346305445751671,4.545454570084564,298.4852905273437,cdip,2026-03-25 20:06:18,0.0
50,2026-03-30 23:00:00-07:00,0.2106,11.11,288.1,False,0.1067,15.38,235.4,False,0.2846,8.33,308.9,False,0.7661,0.3698,0.482655,1d_transect,2026-03-30 23:00:00-07:00,0.3697850406169891,0.208130030425437,16.666667039195705,253.9936065673828,0.2836606705425177,11.111110669595242,260.4682006835937,0.1003941969941097,4.166666759798926,296.1748352050781,cdip,2026-03-25 20:06:18,0.0
50,2026-03-31 02:00:00-07:00,0.1341,15.38,242.8,False,0.189,11.11,287.6,False,0.2836,8.33,300.5,False,0.747,0.3662,0.490249,1d_transect,2026-03-31 02:00:00-07:00,0.3662338852882385,0.2153340971300244,16.666667039195705,254.3392333984375,0.1956839522089951,11.111110669595242,260.3260192871094,0.2029335688553925,8.333333519597852,269.5860290527344,cdip,2026-03-25 20:06:18,0.0
50,2026-03-31 05:00:00-07:00,0.1808,14.29,245.3,False,0.2144,11.11,292.9,False,0.2409,8.33,295.7,False,0.618,0.3697,0.598313,1d_transect,2026-03-31 05:00:00-07:00,0.3697401285171509,0.2223132720313579,16.666667039195705,255.5689697265625,0.1825996240033847,11.111110669595242,259.21368408203125,0.2258914351557654,8.333333519597852,262.615234375,cdip,2026-03-25 20:06:18,0.0
50,2026-03-31 08:00:00-07:00,0.1819,14.29,246.6,False,0.2057,11.11,295.5,False,0.259,8.33,294.6,False,0.6426,0.3775,0.587409,1d_transect,2026-03-31 08:00:00-07:00,0.3774654269218445,0.2260938937100422,16.666667039195705,256.12548828125,0.1805988658078778,11.111110669595242,259.244384765625,0.2360296223476156,8.333333519597852,262.91485595703125,cdip,2026-03-25 20:06:18,0.0
50,2026-03-31 11:00:00-07:00,0.2009,14.29,242.4,False,0.2312,11.11,291.3,False,0.2085,8.33,295.3,False,0.6361,0.3705,0.582424,1d_transect,2026-03-31 11:00:00-07:00,0.3705035448074341,0.2335936411124412,15.384615948919734,252.54226684570312,0.2105410110756443,7.692307974459867,258.57958984375,0.1897847981325409,11.111110669595242,258.8243408203125,cdip,2026-03-25 20:06:18,0.0
50,2026-03-31 14:00:00-07:00,0.2034,14.29,245.5,False,0.2324,11.11,303.6,False,0.2192,7.69,278.5,False,0.6563,0.3787,0.577055,1d_transect,2026-03-31 14:00:00-07:00,0.3787188231945038,0.2319683077103479,15.384615948919734,252.935302734375,0.2232539431845694,7.692307974459867,258.0087280273437,0.1896346171653934,11.111110669595242,258.8676147460937,cdip,2026-03-25 20:06:18,0.0
51,2026-03-25 02:00:00-07:00,0.9947,16.67,222.4,False,0.1043,11.11,308.9,False,0.0929,5.26,335.7,True,1.1591,1.0045,0.866634,1d_transect,2026-03-25 02:00:00-07:00,1.004504919052124,0.7592281740229038,18.181818280338256,214.87799072265625,0.5067661022298356,9.871668200422231,258.0538635253906,0.3989801323143921,4.347826008084592,301.04150390625,cdip,2026-03-25 20:06:18,0.0
51,2026-03-25 05:00:00-07:00,0.9551,16.67,220.3,False,0.0802,11.11,305.1,False,0.0743,4.76,333.2,True,1.3176,0.9613,0.72957,1d_transect,2026-03-25 05:00:00-07:00,0.9613142013549804,0.7609762137758677,16.666667039195705,217.99822998046875,0.4696100669472432,9.871668200422231,257.4092712402344,0.3317435603020737,4.347826008084592,299.1803894042969,cdip,2026-03-25 20:06:18,0.0
51,2026-03-25 08:00:00-07:00,0.942,16.67,216.9,False,0.054,12.5,289.3,False,0.0633,11.11,307.6,False,1.3971,0.9457,0.676914,1d_transect,2026-03-25 08:00:00-07:00,0.945688784122467,0.7622952023944738,16.666667039195705,217.0350799560547,0.4434941859873524,9.871668200422231,256.6131286621094,0.3219176357060793,4.347826008084592,299.32305908203125,cdip,2026-03-25 20:06:18,0.0
51,2026-03-25 11:00:00-07:00,0.9437,15.38,266.5,False,0.149,5.26,314.2,True,,,,,0.7614,0.9554,1.254845,1d_transect,2026-03-25 11:00:00-07:00,0.955437958240509,0.766313780117502,16.666667039195705,216.1512451171875,0.4401412598837154,9.871668200422231,256.0924987792969,0.3450281435531071,4.347826008084592,298.8402099609375,cdip,2026-03-25 20:06:18,0.0
51,2026-03-25 14:00:00-07:00,0.8616,13.33,291.0,False,0.5867,5.56,328.2,True,,,,,0.2579,1.0424,4.041624,1d_transect,2026-03-25 14:00:00-07:00,1.0424206256866455,0.7698678740539479,16.666667039195705,215.9398498535156,0.4194241235127977,9.871668200422231,256.2403869628906,0.5229110677143591,4.761904910578484,299.61212158203125,cdip,2026-03-25 20:06:18,0.0
51,2026-03-25 17:00:00-07:00,0.8539,12.5,295.7,False,0.799,5.88,321.5,True,,,,,0.2371,1.1694,4.932374,1d_transect,2026-03-25 17:00:00-07:00,1.1694202423095703,0.781314528226143,16.666667039195705,216.39678955078125,0.4583680702361308,10.526315921561542,254.00970458984372,0.7277004587764606,4.999999925494195,292.8002624511719,cdip,2026-03-25 20:06:18,0.0
51,2026-03-25 20:00:00-07:00,0.9033,12.5,296.5,False,0.8615,6.25,325.1,False,,,,,0.2605,1.2483,4.791477,1d_transect,2026-03-25 20:00:00-07:00,1.2482831478118896,0.8004790338322131,16.666667039195705,216.97332763671875,0.4826706310586026,10.526315921561542,255.57232666015625,0.7356942342204964,4.999999925494195,292.5697021484375,cdip,2026-03-25 20:06:18,0.0
51,2026-03-25 23:00:00-07:00,0.9227,11.76,298.6,False,1.1732,7.14,316.3,False,,,,,0.2765,1.4926,5.397333,1d_transect,2026-03-25 23:00:00-07:00,1.4925689697265625,0.8022902204576082,16.666667039195705,216.80560302734372,1.1516359798468918,7.14285711244661,276.28961181640625,0.4770558024115828,9.871668200422231,258.78094482421875,cdip,2026-03-25 20:06:18,0.0
51,2026-03-26 02:00:00-07:00,1.7588,8.33,308.2,False,,,,,,,,,0.3004,1.7588,5.854246,1d_transect,2026-03-26 02:00:00-07:00,1.7588285207748413,1.2972237106669129,7.692307974459867,276.4672241210937,0.733948010228483,9.871668200422231,260.8970031738281,0.668362575076701,15.384615948919734,222.0967712402344,cdip,2026-03-25 20:06:18,0.0
51,2026-03-26 05:00:00-07:00,1.9881,9.09,309.9,False,,,,,,,,,0.3441,1.9881,5.777831,1d_transect,2026-03-26 05:00:00-07:00,1.9880601167678835,1.7488414727256103,8.333333519597852,275.2041320800781,0.620739747567837,15.384615948919734,220.3012542724609,0.6080203710938444,4.761904910578484,286.56298828125,cdip,2026-03-25 20:06:18,0.0
51,2026-03-26 08:00:00-07:00,2.1043,9.87,306.4,False,,,,,,,,,0.3517,2.1043,5.983563,1d_transect,2026-03-26 08:00:00-07:00,2.104266166687012,1.9975798406895329,9.090909140169128,271.73309326171875,0.504435759246093,14.28571422489322,227.1444549560547,,,,cdip,2026-03-25 20:06:18,0.0
51,2026-03-26 11:00:00-07:00,2.0938,9.87,310.2,False,,,,,,,,,0.3426,2.0938,6.111612,1d_transect,2026-03-26 11:00:00-07:00,2.0938069820404053,2.048565207156541,9.871668200422231,264.4798889160156,,,,,,,cdip,2026-03-25 20:06:18,0.0
51,2026-03-26 14:00:00-07:00,2.0237,9.87,306.5,False,,,,,,,,,0.3286,2.0237,6.158245,1d_transect,2026-03-26 14:00:00-07:00,2.023700475692749,1.9799912524135457,9.871668200422231,264.3843994140625,,,,,,,cdip,2026-03-25 20:06:18,0.0
51,2026-03-26 17:00:00-07:00,1.9302,10.53,310.2,False,,,,,,,,,0.3392,1.9302,5.690755,1d_transect,2026-03-26 17:00:00-07:00,1.9302101135253904,1.8891874613579376,9.871668200422231,264.08758544921875,,,,,,,cdip,2026-03-25 20:06:18,0.0
51,2026-03-26 20:00:00-07:00,1.8283,10.53,310.1,False,,,,,,,,,0.3226,1.8283,5.668199,1d_transect,2026-03-26 20:00:00-07:00,1.8283418416976929,1.7899409343713242,9.871668200422231,263.9896240234375,,,,,,,cdip,2026-03-25 20:06:18,0.0
51,2026-03-26 23:00:00-07:00,1.7173,10.53,310.8,False,,,,,,,,,0.2977,1.7173,5.768869,1d_transect,2026-03-26 23:00:00-07:00,1.7172975540161133,1.6814842971109092,9.871668200422231,263.8819885253906,,,,,,,cdip,2026-03-25 20:06:18,0.0
51,2026-03-27 02:00:00-07:00,1.6264,10.53,311.7,False,,,,,,,,,0.2797,1.6264,5.814187,1d_transect,2026-03-27 02:00:00-07:00,1.6263813972473145,1.5269600228870852,9.871668200422231,263.677978515625,0.4541980266657925,14.28571422489322,224.35130310058597,,,,cdip,2026-03-25 20:06:18,0.0
51,2026-03-27 05:00:00-07:00,1.567,10.53,313.6,False,,,,,,,,,0.2715,1.567,5.771062,1d_transect,2026-03-27 05:00:00-07:00,1.567034125328064,1.4621218493533572,9.871668200422231,263.3316650390625,0.4699322221533233,14.28571422489322,225.7833404541016,,,,cdip,2026-03-25 20:06:18,0.0
51,2026-03-27 08:00:00-07:00,1.5231,10.53,313.0,False,,,,,,,,,0.2636,1.5231,5.778102,1d_transect,2026-03-27 08:00:00-07:00,1.5231040716171265,1.4933414597101478,9.871668200422231,262.9389038085937,,,,,,,cdip,2026-03-25 20:06:18,0.0
51,2026-03-27 11:00:00-07:00,1.3158,18.18,220.9,False,0.6505,10.53,314.2,False,,,,,0.5634,1.4678,2.60535,1d_transect,2026-03-27 11:00:00-07:00,1.4677799940109253,1.439473536615502,9.871668200422231,262.4735412597656,,,,,,,cdip,2026-03-25 20:06:18,0.0
51,2026-03-27 14:00:00-07:00,1.4146,10.53,308.5,False,,,,,,,,,0.2399,1.4146,5.897287,1d_transect,2026-03-27 14:00:00-07:00,1.4145747423171997,1.3876237821884707,9.871668200422231,262.0863037109375,,,,,,,cdip,2026-03-25 20:06:18,0.0
51,2026-03-27 17:00:00-07:00,1.3771,10.53,309.6,False,,,,,,,,,0.2328,1.3771,5.916343,1d_transect,2026-03-27 17:00:00-07:00,1.3771483898162842,1.2133980386864325,9.871668200422231,261.8605651855469,0.5935238446998476,13.33333280351429,230.3271942138672,,,,cdip,2026-03-25 20:06:18,0.0
51,2026-03-27 20:00:00-07:00,1.3499,10.53,310.4,False,,,,,,,,,0.2284,1.3499,5.910408,1d_transect,2026-03-27 20:00:00-07:00,1.3499070405960083,1.174183932027382,9.871668200422231,261.66650390625,0.6119342963994585,15.384615948919734,217.0812530517578,,,,cdip,2026-03-25 20:06:18,0.0
51,2026-03-27 23:00:00-07:00,1.3409,9.87,310.9,False,,,,,,,,,0.2147,1.3409,6.245343,1d_transect,2026-03-27 23:00:00-07:00,1.3408870697021484,1.148473623090414,9.871668200422231,261.4246520996094,0.6431575274211481,15.384615948919734,221.22882080078125,,,,cdip,2026-03-25 20:06:18,0.0
51,2026-03-28 02:00:00-07:00,1.3529,9.87,311.7,False,,,,,,,,,0.2186,1.3529,6.188576,1d_transect,2026-03-28 02:00:00-07:00,1.3528642654418943,1.1456159205696057,9.871668200422231,261.15411376953125,0.6754058507711097,15.384615948919734,224.50022888183597,,,,cdip,2026-03-25 20:06:18,0.0
51,2026-03-28 05:00:00-07:00,1.3625,10.53,310.1,False,,,,,,,,,0.2336,1.3625,5.833818,1d_transect,2026-03-28 05:00:00-07:00,1.362516164779663,1.1096806587817007,9.871668200422231,260.9378662109375,0.7527235524895257,15.384615948919734,226.9862518310547,,,,cdip,2026-03-25 20:06:18,0.0
51,2026-03-28 08:00:00-07:00,1.3642,11.11,311.7,False,,,,,,,,,0.2524,1.3642,5.403944,1d_transect,2026-03-28 08:00:00-07:00,1.3642133474349976,0.7614454779505874,14.28571422489322,227.3807373046875,1.106381105544798,9.871668200422231,260.8272705078125,,,,cdip,2026-03-25 20:06:18,0.0
51,2026-03-28 11:00:00-07:00,0.7279,14.29,290.5,False,1.1575,11.11,311.1,False,,,,,0.2828,1.3673,4.835099,1d_transect,2026-03-28 11:00:00-07:00,1.3673421144485474,0.761686777779626,14.28571422489322,228.7647399902344,1.1097814346826829,9.871668200422231,260.9209289550781,,,,cdip,2026-03-25 20:06:18,0.0
51,2026-03-28 14:00:00-07:00,1.1164,14.29,272.6,False,0.7855,11.11,309.3,False,,,,,0.4144,1.365,3.293713,1d_transect,2026-03-28 14:00:00-07:00,1.3650404214859009,0.6964305411934998,14.28571422489322,229.99908447265625,1.148702395066187,9.871668200422231,261.0148620605469,,,,cdip,2026-03-25 20:06:18,0.0
51,2026-03-28 17:00:00-07:00,1.0027,14.29,275.4,False,0.8927,11.11,308.9,False,,,,,0.3496,1.3425,3.839444,1d_transect,2026-03-28 17:00:00-07:00,1.3424527645111084,0.6912277627415937,14.28571422489322,230.54998779296875,1.125825734139828,9.871668200422231,260.9633178710937,,,,cdip,2026-03-25 20:06:18,0.0
51,2026-03-28 20:00:00-07:00,1.016,13.33,275.5,False,0.8231,11.11,309.2,False,,,,,0.3439,1.3076,3.801842,1d_transect,2026-03-28 20:00:00-07:00,1.3076183795928955,0.6794000059466929,14.28571422489322,230.58380126953125,1.0930969553693,9.871668200422231,260.84619140625,,,,cdip,2026-03-25 20:06:18,0.0
51,2026-03-28 23:00:00-07:00,1.0124,13.33,277.4,False,0.7467,10.53,310.8,False,,,,,0.3212,1.2579,3.916571,1d_transect,2026-03-28 23:00:00-07:00,1.2579303979873655,0.7211295672705614,14.28571422489322,230.8666534423828,0.9612424199986068,9.871668200422231,260.6737670898437,,,,cdip,2026-03-25 20:06:18,0.0
51,2026-03-29 02:00:00-07:00,1.1422,13.33,264.9,False,0.4014,10.53,307.7,False,,,,,0.5437,1.2107,2.226798,1d_transect,2026-03-29 02:00:00-07:00,1.2106966972351074,0.705067191631937,13.33333280351429,226.4229888916016,0.9163211219546664,9.871668200422231,260.3843078613281,0.2941925792607139,4.761904910578484,280.5995788574219,cdip,2026-03-25 20:06:18,0.0
51,2026-03-29 05:00:00-07:00,1.0828,13.33,268.0,False,0.441,9.87,307.3,False,,,,,0.4294,1.1692,2.723105,1d_transect,2026-03-29 05:00:00-07:00,1.1691789627075195,0.7346654916883429,13.33333280351429,227.80130004882807,0.841828305283882,9.871668200422231,259.9730224609375,0.2834193752344088,4.761904910578484,281.2259826660156,cdip,2026-03-25 20:06:18,0.0
51,2026-03-29 08:00:00-07:00,1.0809,13.33,268.9,False,0.3732,9.87,307.6,False,,,,,0.4629,1.1435,2.470432,1d_transect,2026-03-29 08:00:00-07:00,1.1435115337371826,0.7185661735440325,13.33333280351429,229.22808837890625,0.4897019431997378,9.871668200422231,259.5355224609375,0.6655872616065441,8.333333519597852,280.1505432128906,cdip,2026-03-25 20:06:18,0.0
51,2026-03-29 11:00:00-07:00,1.0678,13.33,267.2,False,0.319,9.87,306.2,False,,,,,0.4861,1.1145,2.292665,1d_transect,2026-03-29 11:00:00-07:00,1.1144685745239258,0.7022200825655189,13.33333280351429,230.2496490478516,0.4603217748522046,9.871668200422231,258.86328125,0.6622501050719775,8.333333519597852,280.076416015625,cdip,2026-03-25 20:06:18,0.0
51,2026-03-29 14:00:00-07:00,1.0054,13.33,274.7,False,0.3707,9.87,307.9,False,,,,,0.3774,1.0716,2.839415,1d_transect,2026-03-29 14:00:00-07:00,1.0716172456741333,0.6684638880565392,13.33333280351429,231.2395782470703,0.4249594044931656,9.871668200422231,258.027099609375,0.6396394532424482,8.333333519597852,279.9181823730469,cdip,2026-03-25 20:06:18,0.0
51,2026-03-29 17:00:00-07:00,0.6242,18.18,218.8,False,0.7618,13.33,272.4,False,0.2751,9.87,305.7,False,0.4551,1.0226,2.247062,1d_transect,2026-03-29 17:00:00-07:00,1.0225692987442017,0.6497831392914779,13.33333280351429,232.22409057617188,0.725341898951207,9.871668200422231,256.9532165527344,0.1608793611610944,18.181818280338256,211.2964630126953,cdip,2026-03-25 20:06:18,0.0
51,2026-03-29 20:00:00-07:00,0.5422,18.18,219.6,False,0.7835,13.33,267.4,False,0.2201,9.09,308.5,False,0.5198,0.9779,1.881404,1d_transect,2026-03-29 20:00:00-07:00,0.977921187877655,0.6278450843627775,13.33333280351429,232.9698028564453,0.4441957336397752,9.871668200422231,255.48812866210935,0.5217648896464713,7.692307974459867,282.5827331542969,cdip,2026-03-25 20:06:18,0.0
51,2026-03-29 23:00:00-07:00,0.5236,18.18,220.7,False,0.7436,13.33,266.4,False,0.2137,9.09,307.6,False,0.5038,0.9342,1.854537,1d_transect,2026-03-29 23:00:00-07:00,0.93424391746521,0.6022301087377421,13.33333280351429,233.07618713378903,0.4211106572976843,9.871668200422231,253.62677001953125,0.4925218063666819,7.692307974459867,282.4828491210937,cdip,2026-03-25 20:06:18,0.0
51,2026-03-30 02:00:00-07:00,0.3792,18.18,221.5,False,0.7994,12.5,258.8,False,0.1436,9.09,306.8,False,0.6755,0.8964,1.326891,1d_transect,2026-03-30 02:00:00-07:00,0.8963644504547119,0.5891031564271448,13.33333280351429,232.31271362304688,0.3582120613472708,9.871668200422231,251.28598022460935,0.4621229616765234,7.692307974459867,282.28936767578125,cdip,2026-03-25 20:06:18,0.0
51,2026-03-30 05:00:00-07:00,0.5235,16.67,220.2,False,0.6736,12.5,260.0,False,0.1341,9.09,306.0,False,0.6335,0.8636,1.363299,1d_transect,2026-03-30 05:00:00-07:00,0.8635883331298828,0.5636780558727715,12.50000027939678,230.2265625,0.5395939874395015,9.871668200422231,248.474609375,0.2323249541527723,16.666667039195705,213.04026794433597,cdip,2026-03-25 20:06:18,0.0
51,2026-03-30 08:00:00-07:00,0.4683,16.67,220.4,False,0.6805,12.5,259.1,False,0.1073,9.09,305.0,False,0.7211,0.833,1.155097,1d_transect,2026-03-30 08:00:00-07:00,0.832982063293457,0.5405388152878887,12.50000027939678,231.4008026123047,0.2413561886361634,16.666667039195705,213.0708923339844,0.4441259579681728,9.871668200422231,245.52459716796875,cdip,2026-03-25 20:06:18,0.0
51,2026-03-30 11:00:00-07:00,0.4827,16.67,221.7,False,0.6395,12.5,256.4,False,0.0687,9.09,303.5,False,0.7153,0.8042,1.124305,1d_transect,2026-03-30 11:00:00-07:00,0.804166316986084,0.668646922701687,12.50000027939678,231.58148193359372,0.2466390203077053,16.666667039195705,213.66380310058597,0.3569469247199347,6.25000013969839,287.3653259277344,cdip,2026-03-25 20:06:18,0.0
51,2026-03-30 14:00:00-07:00,0.6848,12.5,252.4,False,0.3554,16.67,223.3,False,,,,,0.9874,0.7715,0.781377,1d_transect,2026-03-30 14:00:00-07:00,0.7715083360671997,0.6238009036627544,12.50000027939678,230.93115234375,0.2958730845531774,16.666667039195705,214.2824859619141,0.3289485216159746,6.25000013969839,286.99395751953125,cdip,2026-03-25 20:06:18,0.0
51,2026-03-30 17:00:00-07:00,0.678,11.76,243.6,False,0.2984,16.67,225.1,False,,,,,1.3349,0.7408,0.554971,1d_transect,2026-03-30 17:00:00-07:00,0.7408161163330078,0.5979368884846162,12.50000027939678,229.36370849609372,0.3120635537826413,16.666667039195705,214.74143981933597,0.19775444313259,4.999999925494195,294.54803466796875,cdip,2026-03-25 20:06:18,0.0
51,2026-03-30 20:00:00-07:00,0.6543,11.76,236.1,False,0.2863,16.67,227.5,False,,,,,1.417,0.7142,0.504039,1d_transect,2026-03-30 20:00:00-07:00,0.7142209410667419,0.5994786281497656,12.50000027939678,226.9636688232422,0.3274151701255284,16.666667039195705,215.1908721923828,0.1845991759211142,4.999999925494195,294.9087219238281,cdip,2026-03-25 20:06:18,0.0
51,2026-03-30 23:00:00-07:00,0.6563,11.11,216.7,False,0.2217,16.67,232.5,False,,,,,1.7464,0.6927,0.396673,1d_transect,2026-03-30 23:00:00-07:00,0.6927490234375,0.3662766663777282,16.666667039195705,215.9959259033203,0.558411445913137,12.50000027939678,223.8180694580078,0.1576864612657019,4.999999925494195,295.13623046875,cdip,2026-03-25 20:06:18,0.0
51,2026-03-31 02:00:00-07:00,0.6343,11.11,213.1,False,0.2248,16.67,240.9,False,,,,,1.6165,0.673,0.416318,1d_transect,2026-03-31 02:00:00-07:00,0.6729869842529297,0.3779605244236507,16.666667039195705,216.6204833984375,0.5320860222212006,12.50000027939678,221.2600555419922,0.1348720148733578,4.999999925494195,295.3080444335937,cdip,2026-03-25 20:06:18,0.0
51,2026-03-31 05:00:00-07:00,0.3561,15.38,234.2,False,0.5527,11.11,204.0,False,0.0352,8.33,285.0,False,1.2662,0.6584,0.520006,1d_transect,2026-03-31 05:00:00-07:00,0.6584128141403198,0.4072591209883056,16.666667039195705,219.91094970703125,0.3913240817141574,11.111110669595242,214.5232391357422,0.3031077802743727,8.333333519597852,250.41497802734372,cdip,2026-03-25 20:06:18,0.0
51,2026-03-31 08:00:00-07:00,0.3446,15.38,237.5,False,0.5489,11.11,202.3,False,0.0241,8.33,287.5,False,1.2237,0.6485,0.529985,1d_transect,2026-03-31 08:00:00-07:00,0.6485180854797363,0.4173904688059051,15.384615948919734,217.20713806152344,0.3783770914457097,11.764705758606276,215.94161987304688,0.3029851038598429,8.333333519597852,250.02847290039065,cdip,2026-03-25 20:06:18,0.0
51,2026-03-31 11:00:00-07:00,0.5842,11.11,207.0,False,0.2792,15.38,242.1,False,0.1487,2.44,200.1,True,1.5232,0.6644,0.436186,1d_transect,2026-03-31 11:00:00-07:00,0.6643792390823364,0.4432684931569431,15.384615948919734,219.2059631347656,0.4070230920215711,11.111110669595242,214.39495849609372,0.2575499335925468,7.692307974459867,249.56732177734372,cdip,2026-03-25 20:06:18,0.0
51,2026-03-31 14:00:00-07:00,0.5626,11.11,205.9,False,0.25,15.38,247.0,False,0.2287,3.23,144.3,True,1.5373,0.6567,0.427203,1d_transect,2026-03-31 14:00:00-07:00,0.656725287437439,0.4412418335576868,15.384615948919734,219.40245056152344,0.2583650209844098,11.764705758606276,215.8287353515625,0.3066375938800258,7.692307974459867,249.6495819091797,cdip,2026-03-25 20:06:18,0.0
52,2026-03-25 02:00:00-07:00,0.502,16.67,222.4,False,0.4583,11.11,308.9,False,0.1165,5.26,335.7,True,1.0031,0.6897,0.687525,1d_transect,2026-03-25 02:00:00-07:00,0.6896770000457764,0.5680739017329085,18.181818280338256,204.63137817382807,0.3562574446730575,12.50000027939678,206.6811370849609,,,,cdip,2026-03-25 20:06:18,0.0
52,2026-03-25 05:00:00-07:00,0.5421,16.67,220.3,False,0.3963,11.11,305.1,False,0.142,4.76,333.2,True,1.0543,0.6864,0.650998,1d_transect,2026-03-25 05:00:00-07:00,0.6863653063774109,0.5736492102442657,18.181818280338256,203.93978881835935,0.3435441301183751,12.50000027939678,207.6338348388672,,,,cdip,2026-03-25 20:06:18,0.0
52,2026-03-25 08:00:00-07:00,0.5381,16.67,216.9,False,0.2822,12.5,289.3,False,0.3294,11.11,307.6,False,1.0877,0.6911,0.635356,1d_transect,2026-03-25 08:00:00-07:00,0.6911038756370544,0.673906138281437,16.666667039195705,205.4393615722656,,,,,,,cdip,2026-03-25 20:06:18,0.0
52,2026-03-25 11:00:00-07:00,0.6433,15.38,266.5,False,0.2851,5.26,314.2,True,,,,,1.4756,0.7036,0.476833,1d_transect,2026-03-25 11:00:00-07:00,0.7036112546920776,0.6810775147688689,16.666667039195705,205.16632080078125,0.1497293757331863,4.761904910578484,285.2037353515625,,,,cdip,2026-03-25 20:06:18,0.0
52,2026-03-25 14:00:00-07:00,0.6879,13.33,291.0,False,0.2461,5.56,328.2,True,,,,,1.2016,0.7306,0.608012,1d_transect,2026-03-25 14:00:00-07:00,0.7305802702903748,0.6916115700368155,16.666667039195705,204.89361572265625,0.1584102472754629,4.761904910578484,286.45556640625,,,,cdip,2026-03-25 20:06:18,0.0
52,2026-03-25 17:00:00-07:00,0.6922,12.5,295.7,False,0.3618,5.88,321.5,True,,,,,1.2246,0.781,0.637815,1d_transect,2026-03-25 17:00:00-07:00,0.781043291091919,0.7048475399619194,16.666667039195705,204.81333923339844,0.313001060373737,5.882352879303138,275.7891845703125,,,,cdip,2026-03-25 20:06:18,0.0
52,2026-03-25 20:00:00-07:00,0.7555,12.5,296.5,False,0.3163,6.25,325.1,False,,,,,1.2812,0.819,0.639244,1d_transect,2026-03-25 20:00:00-07:00,0.8190241456031799,0.7121171876722348,16.666667039195705,205.0176544189453,0.2454467188341375,6.25000013969839,271.96563720703125,0.3155812764334114,4.761904910578484,285.8523864746094,cdip,2026-03-25 20:06:18,0.0
52,2026-03-25 23:00:00-07:00,0.687,11.76,298.6,False,0.5425,7.14,316.3,False,,,,,1.5129,0.8753,0.578589,1d_transect,2026-03-25 23:00:00-07:00,0.8753426671028137,0.7029411905619897,16.666667039195705,205.1065368652344,0.4247793233906768,7.692307974459867,259.1396179199219,0.2939286353997848,4.761904910578484,283.8197021484375,cdip,2026-03-25 20:06:18,0.0
52,2026-03-26 02:00:00-07:00,1.0084,8.33,308.2,False,,,,,,,,,1.8158,1.0084,0.555372,1d_transect,2026-03-26 02:00:00-07:00,1.0084232091903689,0.6647336713589338,16.666667039195705,204.79039001464844,0.6440069189965185,8.333333519597852,255.13131713867188,0.3844002838464117,4.761904910578484,283.8407287597656,cdip,2026-03-25 20:06:18,0.0
52,2026-03-26 05:00:00-07:00,1.148,9.09,309.9,False,,,,,,,,,2.056,1.148,0.558362,1d_transect,2026-03-26 05:00:00-07:00,1.1480088233947754,0.5742192885702877,16.666667039195705,204.0044860839844,0.7971935967668701,9.090909140169128,251.6805725097656,0.5717328165830664,4.761904910578484,282.04998779296875,cdip,2026-03-25 20:06:18,0.0
52,2026-03-26 08:00:00-07:00,1.2191,9.87,306.4,False,,,,,,,,,2.1014,1.2191,0.580158,1d_transect,2026-03-26 08:00:00-07:00,1.2191355228424072,0.5570889168370072,15.384615948919734,205.34249877929688,0.8549046507310527,10.526315921561542,244.0379638671875,0.6430119554411563,5.555555334797621,275.01275634765625,cdip,2026-03-25 20:06:18,0.0
52,2026-03-26 11:00:00-07:00,1.2235,9.87,310.2,False,,,,,,,,,1.7564,1.2235,0.696579,1d_transect,2026-03-26 11:00:00-07:00,1.2234859466552734,0.4967055050016101,15.384615948919734,204.6876373291016,0.7818375118829646,10.526315921561542,244.67086791992188,0.5355607856652268,5.555555334797621,274.36297607421875,cdip,2026-03-25 20:06:18,0.0
52,2026-03-26 14:00:00-07:00,1.1846,9.87,306.5,False,,,,,,,,,1.9636,1.1846,0.603279,1d_transect,2026-03-26 14:00:00-07:00,1.184601902961731,0.4804140340607294,15.384615948919734,203.98765563964844,0.7505895885028333,10.526315921561542,244.81463623046875,0.5240734670773297,5.555555334797621,273.91131591796875,cdip,2026-03-25 20:06:18,0.0
52,2026-03-26 17:00:00-07:00,1.1321,10.53,310.2,False,,,,,,,,,1.6852,1.1321,0.671781,1d_transect,2026-03-26 17:00:00-07:00,1.1321052312850952,0.4644650443823942,15.384615948919734,203.33987426757807,0.4108099496536798,12.50000027939678,228.49452209472656,0.5422202206228325,10.526315921561542,244.60003662109372,cdip,2026-03-25 20:06:18,0.0
52,2026-03-26 20:00:00-07:00,1.0804,10.53,310.1,False,,,,,,,,,1.6026,1.0804,0.674122,1d_transect,2026-03-26 20:00:00-07:00,1.08037531375885,0.4485216351380754,15.384615948919734,202.59629821777344,0.3961158787642331,12.50000027939678,228.04656982421875,0.4996481342805347,10.526315921561542,244.0946502685547,cdip,2026-03-25 20:06:18,0.0
52,2026-03-26 23:00:00-07:00,1.0272,10.53,310.8,False,,,,,,,,,1.479,1.0272,0.694513,1d_transect,2026-03-26 23:00:00-07:00,1.0272101163864136,0.4352623036329634,15.384615948919734,201.5760040283203,0.3737786689817809,12.50000027939678,227.0718994140625,0.4614660376694252,10.526315921561542,243.37075805664065,cdip,2026-03-25 20:06:18,0.0
52,2026-03-27 02:00:00-07:00,0.9811,10.53,311.7,False,,,,,,,,,1.3898,0.9811,0.705936,1d_transect,2026-03-27 02:00:00-07:00,0.9811211228370668,0.4284783613106077,15.384615948919734,200.56057739257807,0.3616918537364993,12.50000027939678,226.27413940429688,0.4270684554156396,10.526315921561542,242.5821685791016,cdip,2026-03-25 20:06:18,0.0
52,2026-03-27 05:00:00-07:00,0.9418,10.53,313.6,False,,,,,,,,,1.3491,0.9418,0.698116,1d_transect,2026-03-27 05:00:00-07:00,0.9418344497680664,0.6912196282640497,15.384615948919734,199.7003936767578,0.4428654326526056,5.555555334797621,271.9906616210937,,,,cdip,2026-03-25 20:06:18,0.0
52,2026-03-27 08:00:00-07:00,0.9059,10.53,313.0,False,,,,,,,,,1.3097,0.9059,0.69168,1d_transect,2026-03-27 08:00:00-07:00,0.905885636806488,0.6835483323063993,15.384615948919734,199.1813507080078,0.5852243908053524,5.555555334797621,271.2147827148437,,,,cdip,2026-03-25 20:06:18,0.0
52,2026-03-27 11:00:00-07:00,0.846,10.53,314.2,False,0.2265,18.18,220.9,False,,,,,1.2842,0.8758,0.681954,1d_transect,2026-03-27 11:00:00-07:00,0.8757774233818054,0.6740883722007887,15.384615948919734,198.77687072753903,0.5501699140805244,5.555555334797621,270.953369140625,,,,cdip,2026-03-25 20:06:18,0.0
52,2026-03-27 14:00:00-07:00,0.8527,10.53,308.5,False,,,,,,,,,1.3906,0.8527,0.613187,1d_transect,2026-03-27 14:00:00-07:00,0.8526747822761536,0.6666147775622668,15.384615948919734,198.24484252929688,0.523015040396776,5.555555334797621,270.82281494140625,,,,cdip,2026-03-25 20:06:18,0.0
52,2026-03-27 17:00:00-07:00,0.834,10.53,309.6,False,,,,,,,,,1.3494,0.834,0.618024,1d_transect,2026-03-27 17:00:00-07:00,0.8339685201644897,0.6609633164550696,15.384615948919734,197.66470336914065,0.4999236536597951,5.555555334797621,270.6146545410156,,,,cdip,2026-03-25 20:06:18,0.0
52,2026-03-27 20:00:00-07:00,0.819,10.53,310.4,False,,,,,,,,,1.1348,0.819,0.721691,1d_transect,2026-03-27 20:00:00-07:00,0.818958044052124,0.6594049770756558,15.384615948919734,197.57339477539065,0.4769248825556184,5.555555334797621,270.57525634765625,,,,cdip,2026-03-25 20:06:18,0.0
52,2026-03-27 23:00:00-07:00,0.8188,9.87,310.9,False,,,,,,,,,1.1007,0.8188,0.743825,1d_transect,2026-03-27 23:00:00-07:00,0.8187551498413086,0.6655624160267921,15.384615948919734,198.2393951416016,0.4683257577283486,5.555555334797621,270.88897705078125,,,,cdip,2026-03-25 20:06:18,0.0
52,2026-03-28 02:00:00-07:00,0.8292,9.87,311.7,False,,,,,,,,,1.1208,0.8292,0.739879,1d_transect,2026-03-28 02:00:00-07:00,0.8292238116264343,0.6763797557428954,15.384615948919734,199.1260528564453,0.4715783768601344,5.555555334797621,271.8686218261719,,,,cdip,2026-03-25 20:06:18,0.0
52,2026-03-28 05:00:00-07:00,0.842,10.53,310.1,False,,,,,,,,,1.1604,0.842,0.725604,1d_transect,2026-03-28 05:00:00-07:00,0.8420009016990662,0.6869999935648212,14.28571422489322,201.2946319580078,0.3206009685259777,5.555555334797621,272.8534545898437,,,,cdip,2026-03-25 20:06:18,0.0
52,2026-03-28 08:00:00-07:00,0.8393,11.11,311.7,False,,,,,,,,,1.2007,0.8393,0.698992,1d_transect,2026-03-28 08:00:00-07:00,0.839275062084198,0.6947482408318957,14.28571422489322,201.7926025390625,0.3111409930981453,5.555555334797621,273.2322692871094,,,,cdip,2026-03-25 20:06:18,0.0
52,2026-03-28 11:00:00-07:00,0.7146,11.11,311.1,False,0.428,14.29,290.5,False,,,,,1.3272,0.833,0.62764,1d_transect,2026-03-28 11:00:00-07:00,0.8329986929893494,0.6994892970022121,14.28571422489322,202.1386566162109,0.3011005088223741,5.555555334797621,273.94293212890625,,,,cdip,2026-03-25 20:06:18,0.0
52,2026-03-28 14:00:00-07:00,0.7055,11.11,309.3,False,0.4251,14.29,272.6,False,,,,,1.5423,0.8237,0.534052,1d_transect,2026-03-28 14:00:00-07:00,0.8236647248268127,0.7072374643474779,14.28571422489322,202.24191284179688,0.2678032279746429,5.555555334797621,274.7489624023437,,,,cdip,2026-03-25 20:06:18,0.0
52,2026-03-28 17:00:00-07:00,0.6972,11.11,308.9,False,0.4067,14.29,275.4,False,,,,,1.491,0.8071,0.541354,1d_transect,2026-03-28 17:00:00-07:00,0.8071417212486267,0.7001028437953694,13.33333280351429,201.24868774414065,0.2499917110916739,5.555555334797621,275.5377197265625,,,,cdip,2026-03-25 20:06:18,0.0
52,2026-03-28 20:00:00-07:00,0.4595,13.33,275.5,False,0.6388,11.11,309.2,False,,,,,1.4774,0.7869,0.532605,1d_transect,2026-03-28 20:00:00-07:00,0.786859393119812,0.0775312886436924,13.33333280351429,201.5823211669922,0.6847563676458606,4.761904910578484,274.962158203125,,,,cdip,2026-03-25 20:06:18,0.0
52,2026-03-28 23:00:00-07:00,0.5058,13.33,277.4,False,0.5741,10.53,310.8,False,,,,,1.2623,0.7651,0.606119,1d_transect,2026-03-28 23:00:00-07:00,0.7651234269142151,0.6713958756949457,13.33333280351429,202.2650451660156,0.349215931448987,4.761904910578484,276.0060729980469,0.0807570102926644,19.99999970197678,205.2787322998047,cdip,2026-03-25 20:06:18,0.0
52,2026-03-29 02:00:00-07:00,0.4671,13.33,264.9,False,0.5819,10.53,307.7,False,,,,,1.3402,0.7462,0.556754,1d_transect,2026-03-29 02:00:00-07:00,0.7461720108985901,0.6574396277646959,13.33333280351429,202.7476959228516,0.3342452807850733,4.761904910578484,276.9869079589844,0.0846158324028044,19.99999970197678,205.30894470214844,cdip,2026-03-25 20:06:18,0.0
52,2026-03-29 05:00:00-07:00,0.4667,13.33,268.0,False,0.5587,9.87,307.3,False,,,,,1.261,0.728,0.577292,1d_transect,2026-03-29 05:00:00-07:00,0.7279884815216064,0.6533881119382844,13.33333280351429,203.11659240722656,0.3126999014506388,4.761904910578484,277.6654663085937,,,,cdip,2026-03-25 20:06:18,0.0
52,2026-03-29 08:00:00-07:00,0.4976,13.33,268.9,False,0.5049,9.87,307.6,False,,,,,1.2673,0.7089,0.55936,1d_transect,2026-03-29 08:00:00-07:00,0.7089006900787354,0.6405813329303957,13.33333280351429,203.4706573486328,0.2952034155892115,4.761904910578484,278.34832763671875,,,,cdip,2026-03-25 20:06:18,0.0
52,2026-03-29 11:00:00-07:00,0.5179,13.33,267.2,False,0.4547,9.87,306.2,False,,,,,1.2603,0.6892,0.546868,1d_transect,2026-03-29 11:00:00-07:00,0.689193844795227,0.6158482397412147,13.33333280351429,203.71408081054688,0.1334856229005503,18.181818280338256,206.38491821289065,0.270447379119968,4.761904910578484,279.4881896972656,cdip,2026-03-25 20:06:18,0.0
52,2026-03-29 14:00:00-07:00,0.5078,13.33,274.7,False,0.4369,9.87,307.9,False,,,,,1.1963,0.6698,0.559925,1d_transect,2026-03-29 14:00:00-07:00,0.6698250770568848,0.5999176746410881,13.33333280351429,203.9323883056641,0.1451592430641787,18.181818280338256,206.17063903808597,0.2516367116635361,4.761904910578484,280.7900695800781,cdip,2026-03-25 20:06:18,0.0
52,2026-03-29 17:00:00-07:00,0.4936,13.33,272.4,False,0.4158,9.87,305.7,False,0.0993,18.18,218.8,False,1.1486,0.653,0.568469,1d_transect,2026-03-29 17:00:00-07:00,0.6529586315155029,0.5862481277347343,13.33333280351429,204.2962188720703,0.1536204890823377,18.181818280338256,206.10540771484372,0.2344179337635895,4.761904910578484,282.2112731933594,cdip,2026-03-25 20:06:18,0.0
52,2026-03-29 20:00:00-07:00,0.4849,13.33,267.4,False,0.1037,18.18,219.6,False,0.4003,9.09,308.5,False,1.1129,0.6372,0.572612,1d_transect,2026-03-29 20:00:00-07:00,0.6372378468513489,0.5728257486647953,13.33333280351429,204.73922729492188,0.1591637874868658,18.181818280338256,206.1302490234375,0.2204373622083321,4.761904910578484,283.6161499023437,cdip,2026-03-25 20:06:18,0.0
52,2026-03-29 23:00:00-07:00,0.4703,13.33,266.4,False,0.1071,18.18,220.7,False,0.3972,9.09,307.6,False,1.0831,0.6248,0.576881,1d_transect,2026-03-29 23:00:00-07:00,0.6248486042022705,0.5607137743110138,13.33333280351429,204.90969848632807,0.165718674598287,18.181818280338256,206.12823486328125,0.2111820650923327,4.761904910578484,284.9300231933594,cdip,2026-03-25 20:06:18,0.0
52,2026-03-30 02:00:00-07:00,0.4781,12.5,258.8,False,0.1091,18.18,221.5,False,0.3755,9.09,306.8,False,1.0639,0.6177,0.580569,1d_transect,2026-03-30 02:00:00-07:00,0.6176567077636719,0.5379668225526836,12.50000027939678,202.20150756835935,0.2099606497254589,18.181818280338256,206.0879821777344,0.2098996411161358,4.761904910578484,286.3296203613281,cdip,2026-03-25 20:06:18,0.0
52,2026-03-30 05:00:00-07:00,0.4865,12.5,260.0,False,0.1425,16.67,220.2,False,0.3431,9.09,306.0,False,1.0489,0.6121,0.583609,1d_transect,2026-03-30 05:00:00-07:00,0.6121247410774231,0.5283139630798156,12.50000027939678,202.59732055664065,0.2183827517259865,16.666667039195705,207.0790100097656,0.2095371554960904,4.347826008084592,285.251708984375,cdip,2026-03-25 20:06:18,0.0
52,2026-03-30 08:00:00-07:00,0.4802,12.5,259.1,False,0.1538,16.67,220.4,False,0.3311,9.09,305.0,False,1.0115,0.6032,0.596362,1d_transect,2026-03-30 08:00:00-07:00,0.6032410860061646,0.5211194763962357,12.50000027939678,202.78579711914065,0.2266182149498385,16.666667039195705,206.89990234375,0.1921718912841879,4.347826008084592,285.46417236328125,cdip,2026-03-25 20:06:18,0.0
52,2026-03-30 11:00:00-07:00,0.5011,12.5,256.4,False,0.176,16.67,221.7,False,0.268,9.09,303.5,False,0.923,0.5949,0.644524,1d_transect,2026-03-30 11:00:00-07:00,0.5948949456214905,0.5162082042803953,12.50000027939678,202.61550903320312,0.2343788178016236,16.666667039195705,206.89427185058597,0.1681541293867993,4.347826008084592,285.8002014160156,cdip,2026-03-25 20:06:18,0.0
52,2026-03-30 14:00:00-07:00,0.5648,12.5,252.4,False,0.1638,16.67,223.3,False,,,,,1.0387,0.5881,0.566168,1d_transect,2026-03-30 14:00:00-07:00,0.5880622267723083,0.4914662451785306,12.50000027939678,202.22802734375,0.2810489823311229,16.666667039195705,206.9101104736328,0.1442248430736298,4.347826008084592,286.6847839355469,cdip,2026-03-25 20:06:18,0.0
52,2026-03-30 17:00:00-07:00,0.5528,11.76,243.6,False,0.1932,16.67,225.1,False,,,,,1.0962,0.5855,0.534154,1d_transect,2026-03-30 17:00:00-07:00,0.5855466723442078,0.487694060953625,12.50000027939678,201.54586791992188,0.2928698961056004,16.666667039195705,206.8861846923828,0.1198894129990006,4.166666759798926,286.9231872558594,cdip,2026-03-25 20:06:18,0.0
52,2026-03-30 20:00:00-07:00,0.5426,11.76,236.1,False,0.2119,16.67,227.5,False,,,,,1.05,0.5826,0.55482,1d_transect,2026-03-30 20:00:00-07:00,0.582554042339325,0.4838720458006914,12.50000027939678,200.7449951171875,0.3022142311250388,16.666667039195705,206.8153381347656,,,,cdip,2026-03-25 20:06:18,0.0
52,2026-03-30 23:00:00-07:00,0.5352,11.11,216.7,False,0.2264,16.67,232.5,False,,,,,1.0329,0.5812,0.562666,1d_transect,2026-03-30 23:00:00-07:00,0.58115553855896,0.2447820287017825,12.50000027939678,199.703125,0.3408231923400432,16.666667039195705,206.6642303466797,,,,cdip,2026-03-25 20:06:18,0.0
52,2026-03-31 02:00:00-07:00,0.2717,16.67,240.9,False,0.5042,11.11,213.1,False,,,,,0.978,0.5727,0.585636,1d_transect,2026-03-31 02:00:00-07:00,0.5727267265319824,0.3318152636778296,16.666667039195705,206.7723846435547,0.4436485694787529,11.764705758606276,196.24630737304688,0.1120689978521713,19.99999970197678,190.4429473876953,cdip,2026-03-25 20:06:18,0.0
52,2026-03-31 05:00:00-07:00,0.3291,15.38,234.2,False,0.4024,11.11,204.0,False,0.2801,8.33,285.0,False,0.8719,0.5905,0.677239,1d_transect,2026-03-31 05:00:00-07:00,0.5904871225357056,0.3425199829597146,15.384615948919734,207.30767822265625,0.460427837062474,11.111110669595242,192.00201416015625,0.1115753133110266,19.99999970197678,189.1891021728516,cdip,2026-03-25 20:06:18,0.0
52,2026-03-31 08:00:00-07:00,0.3421,15.38,237.5,False,0.3943,11.11,202.3,False,0.2713,8.33,287.5,False,0.8639,0.5883,0.68101,1d_transect,2026-03-31 08:00:00-07:00,0.5883144736289978,0.3512497968223432,15.384615948919734,207.498291015625,0.3938408017478343,11.111110669595242,191.3469390869141,0.1132156922228834,19.99999970197678,188.4412384033203,cdip,2026-03-25 20:06:18,0.0
52,2026-03-31 11:00:00-07:00,0.3505,15.38,242.1,False,0.4814,11.11,207.0,False,0.1405,2.44,200.1,True,0.9553,0.6118,0.640428,1d_transect,2026-03-31 11:00:00-07:00,0.6118311882019043,0.3955738851961194,15.384615948919734,207.28857421875,0.4150115789401709,11.111110669595242,191.06753540039065,0.1976695701931685,7.692307974459867,229.4212951660156,cdip,2026-03-25 20:06:18,0.0
52,2026-03-31 14:00:00-07:00,0.3473,15.38,247.0,False,0.456,11.11,205.9,False,0.2099,3.23,144.3,True,0.9893,0.6104,0.616986,1d_transect,2026-03-31 14:00:00-07:00,0.6104059219360352,0.3982279650187242,15.384615948919734,207.4028778076172,0.4025462194359008,11.764705758606276,194.63360595703125,0.1983014214100137,7.692307974459867,228.87652587890625,cdip,2026-03-25 20:06:18,0.0
53,2026-03-25 02:00:00-07:00,0.5755,16.67,222.4,False,0.855,11.11,308.9,False,0.4224,5.26,335.7,True,1.5853,1.1139,0.702662,1d_transect,2026-03-25 02:00:00-07:00,1.1138981580734253,0.7101414594074241,16.666667039195705,256.57293701171875,0.4857921346884853,9.871668200422231,289.013916015625,0.6965085936810836,5.263157960780771,303.46844482421875,cdip,2026-03-25 20:06:18,0.0
53,2026-03-25 05:00:00-07:00,0.6735,16.67,220.3,False,0.8011,11.11,305.1,False,0.473,4.76,333.2,True,1.593,1.1486,0.721004,1d_transect,2026-03-25 05:00:00-07:00,1.148556351661682,0.7353650079718494,16.666667039195705,255.75338745117188,0.7764656604239115,5.263157960780771,305.77899169921875,0.4022828074475267,9.871668200422231,288.4368896484375,cdip,2026-03-25 20:06:18,0.0
53,2026-03-25 08:00:00-07:00,0.7131,16.67,216.9,False,0.7238,11.11,307.6,False,0.4375,12.5,289.3,False,1.4461,1.1062,0.764943,1d_transect,2026-03-25 08:00:00-07:00,1.106220006942749,0.7342034031953732,16.666667039195705,254.70074462890625,0.7158309810827004,5.263157960780771,304.91387939453125,0.4001665372170415,9.871668200422231,287.6458740234375,cdip,2026-03-25 20:06:18,0.0
53,2026-03-25 11:00:00-07:00,0.8984,15.38,266.5,False,0.6024,5.26,314.2,True,,,,,1.9393,1.0817,0.557781,1d_transect,2026-03-25 11:00:00-07:00,1.0816929340362549,0.7223875494573997,16.666667039195705,252.29185485839844,0.6961030470851229,4.761904910578484,307.01336669921875,0.3903243839334612,9.871668200422231,286.8477783203125,cdip,2026-03-25 20:06:18,0.0
53,2026-03-25 14:00:00-07:00,0.9332,13.33,291.0,False,0.6205,5.56,328.2,True,,,,,1.896,1.1206,0.59104,1d_transect,2026-03-25 14:00:00-07:00,1.120627522468567,0.7010088018150258,16.666667039195705,251.01153564453125,0.7688276286104684,5.263157960780771,302.3588256835937,0.401829058172109,10.526315921561542,282.6278076171875,cdip,2026-03-25 20:06:18,0.0
53,2026-03-25 17:00:00-07:00,0.9842,12.5,295.7,False,0.7803,5.88,321.5,True,,,,,2.074,1.2561,0.605611,1d_transect,2026-03-25 17:00:00-07:00,1.25605309009552,0.6941834308744861,16.666667039195705,251.88168334960935,0.9523888504514716,5.555555334797621,299.3925170898437,0.4180349894648164,10.526315921561542,283.5746154785156,cdip,2026-03-25 20:06:18,0.0
53,2026-03-25 20:00:00-07:00,1.0898,12.5,296.5,False,0.8358,6.25,325.1,False,,,,,2.2304,1.3734,0.615761,1d_transect,2026-03-25 20:00:00-07:00,1.3733863830566406,0.7115643199551622,16.666667039195705,252.81390380859372,1.0874162697895962,5.882352879303138,298.5901794433594,0.4236794355949903,9.871668200422231,286.9101257324219,cdip,2026-03-25 20:06:18,0.0
53,2026-03-25 23:00:00-07:00,0.9877,11.76,298.6,False,1.142,7.14,316.3,False,,,,,2.7053,1.5099,0.558118,1d_transect,2026-03-25 23:00:00-07:00,1.5099053382873535,0.675229609536025,15.384615948919734,260.4112548828125,1.218392578007688,6.25000013969839,296.5523681640625,0.481255929309682,9.871668200422231,287.1341247558594,cdip,2026-03-25 20:06:18,0.0
53,2026-03-26 02:00:00-07:00,1.6686,8.33,308.2,False,,,,,,,,,3.2302,1.6686,0.516566,1d_transect,2026-03-26 02:00:00-07:00,1.6686248779296875,0.6752726621166318,15.384615948919734,260.6033935546875,1.5112744190930705,7.14285711244661,290.8638000488281,,,,cdip,2026-03-25 20:06:18,0.0
53,2026-03-26 05:00:00-07:00,1.9145,9.09,309.9,False,,,,,,,,,3.7086,1.9145,0.516237,1d_transect,2026-03-26 05:00:00-07:00,1.914531946182251,1.7707549384005312,9.090909140169128,286.2895812988281,0.6523029124464207,15.384615948919734,258.2275390625,,,,cdip,2026-03-25 20:06:18,0.0
53,2026-03-26 08:00:00-07:00,2.123,9.87,306.4,False,,,,,,,,,3.7904,2.123,0.560087,1d_transect,2026-03-26 08:00:00-07:00,2.1229751110076904,1.9874608411994916,9.871668200422231,285.74859619140625,0.6236339388531633,13.33333280351429,273.3834228515625,,,,cdip,2026-03-25 20:06:18,0.0
53,2026-03-26 11:00:00-07:00,2.1842,9.87,310.2,False,,,,,,,,,3.5381,2.1842,0.617327,1d_transect,2026-03-26 11:00:00-07:00,2.1841742992401123,2.140059426272066,9.871668200422231,286.2875366210937,,,,,,,cdip,2026-03-25 20:06:18,0.0
53,2026-03-26 14:00:00-07:00,2.1214,9.87,306.5,False,,,,,,,,,3.5419,2.1214,0.598944,1d_transect,2026-03-26 14:00:00-07:00,2.1214072704315186,2.0779878990805325,9.871668200422231,287.02392578125,,,,,,,cdip,2026-03-25 20:06:18,0.0
53,2026-03-26 17:00:00-07:00,1.992,10.53,310.2,False,,,,,,,,,3.4329,1.992,0.580276,1d_transect,2026-03-26 17:00:00-07:00,1.9920464754104612,1.951244756038641,9.871668200422231,288.0213317871094,,,,,,,cdip,2026-03-25 20:06:18,0.0
53,2026-03-26 20:00:00-07:00,1.9005,10.53,310.1,False,,,,,,,,,3.2647,1.9005,0.582138,1d_transect,2026-03-26 20:00:00-07:00,1.900501608848572,1.7247171789499005,9.871668200422231,288.66143798828125,0.7045455029428185,12.50000027939678,281.1507568359375,,,,cdip,2026-03-25 20:06:18,0.0
53,2026-03-26 23:00:00-07:00,1.8288,10.53,310.8,False,,,,,,,,,3.0129,1.8288,0.607006,1d_transect,2026-03-26 23:00:00-07:00,1.828847289085388,1.6686502707028643,9.871668200422231,288.9866027832031,0.6611098714451658,12.50000027939678,281.064208984375,,,,cdip,2026-03-25 20:06:18,0.0
53,2026-03-27 02:00:00-07:00,1.7021,10.53,311.7,False,,,,,,,,,2.8312,1.7021,0.601198,1d_transect,2026-03-27 02:00:00-07:00,1.7020835876464844,1.5497967888691508,9.871668200422231,289.22467041015625,0.6250601935085325,12.50000027939678,280.3215637207031,,,,cdip,2026-03-25 20:06:18,0.0
53,2026-03-27 05:00:00-07:00,1.5632,10.53,313.6,False,,,,,,,,,2.7482,1.5632,0.56881,1d_transect,2026-03-27 05:00:00-07:00,1.5632203817367554,1.404004663458049,9.871668200422231,289.5209045410156,0.6180844321570406,12.50000027939678,279.2303161621094,,,,cdip,2026-03-25 20:06:18,0.0
53,2026-03-27 08:00:00-07:00,1.4812,10.53,313.0,False,,,,,,,,,2.6679,1.4812,0.555204,1d_transect,2026-03-27 08:00:00-07:00,1.481245756149292,1.3069259883622557,9.871668200422231,289.8427429199219,0.636315471646013,12.50000027939678,279.12969970703125,,,,cdip,2026-03-25 20:06:18,0.0
53,2026-03-27 11:00:00-07:00,1.4166,10.53,314.2,False,0.2042,18.18,220.9,False,,,,,2.5531,1.4313,0.560598,1d_transect,2026-03-27 11:00:00-07:00,1.4312831163406372,1.2421352462454398,9.871668200422231,290.142578125,0.6566571866278036,12.50000027939678,279.72369384765625,,,,cdip,2026-03-25 20:06:18,0.0
53,2026-03-27 14:00:00-07:00,1.3899,10.53,308.5,False,,,,,,,,,2.5343,1.3899,0.548456,1d_transect,2026-03-27 14:00:00-07:00,1.3899410963058472,0.5723946884746632,9.871668200422231,290.3785095214844,0.3428768719531508,12.50000027939678,280.58233642578125,,,,cdip,2026-03-25 20:06:18,0.0
53,2026-03-27 17:00:00-07:00,1.3608,10.53,309.6,False,,,,,,,,,2.4593,1.3608,0.553317,1d_transect,2026-03-27 17:00:00-07:00,1.3607629537582395,1.1571104031623207,9.871668200422231,290.4762878417969,0.5628229115066952,12.50000027939678,280.903076171875,0.362811160786662,16.666667039195705,257.1300048828125,cdip,2026-03-25 20:06:18,0.0
53,2026-03-27 20:00:00-07:00,1.3289,10.53,310.4,False,,,,,,,,,2.3116,1.3289,0.574881,1d_transect,2026-03-27 20:00:00-07:00,1.328906536102295,1.1263094357891852,9.871668200422231,290.49298095703125,0.5511798566082166,12.50000027939678,280.3713684082031,0.363360886695982,16.666667039195705,261.1434020996094,cdip,2026-03-25 20:06:18,0.0
53,2026-03-27 23:00:00-07:00,1.3007,9.87,310.9,False,,,,,,,,,2.2173,1.3007,0.586604,1d_transect,2026-03-27 23:00:00-07:00,1.3006854057312012,1.1958497587635883,9.871668200422231,290.4794921875,0.4503200557553924,16.666667039195705,265.59429931640625,,,,cdip,2026-03-25 20:06:18,0.0
53,2026-03-28 02:00:00-07:00,1.2802,9.87,311.7,False,,,,,,,,,2.2576,1.2802,0.567031,1d_transect,2026-03-28 02:00:00-07:00,1.2801531553268433,1.110967065840918,9.871668200422231,290.445556640625,0.4586884426599257,16.666667039195705,269.0230407714844,0.3712268891670978,13.33333280351429,265.86016845703125,cdip,2026-03-25 20:06:18,0.0
53,2026-03-28 05:00:00-07:00,1.272,10.53,310.1,False,,,,,,,,,2.3638,1.272,0.538127,1d_transect,2026-03-28 05:00:00-07:00,1.27204692363739,1.1001947091776627,9.871668200422231,290.439453125,0.5948050675485979,15.384615948919734,260.5548095703125,,,,cdip,2026-03-25 20:06:18,0.0
53,2026-03-28 08:00:00-07:00,1.2672,11.11,311.7,False,,,,,,,,,2.4461,1.2672,0.51804,1d_transect,2026-03-28 08:00:00-07:00,1.2671568393707275,1.0939485612367088,9.871668200422231,290.47125244140625,0.5977811090779391,15.384615948919734,263.0411376953125,,,,cdip,2026-03-25 20:06:18,0.0
53,2026-03-28 11:00:00-07:00,1.1668,11.11,311.1,False,0.4846,14.29,290.5,False,,,,,2.5116,1.2635,0.503048,1d_transect,2026-03-28 11:00:00-07:00,1.2634687423706057,0.5412155247495265,15.384615948919734,265.74249267578125,1.119248784832005,9.871668200422231,290.5753173828125,,,,cdip,2026-03-25 20:06:18,0.0
53,2026-03-28 14:00:00-07:00,1.1696,11.11,309.3,False,0.4624,14.29,272.6,False,,,,,2.5929,1.2577,0.485032,1d_transect,2026-03-28 14:00:00-07:00,1.257651686668396,0.6090511525013212,15.384615948919734,268.0586853027344,1.0774081912142304,9.871668200422231,290.6729736328125,,,,cdip,2026-03-25 20:06:18,0.0
53,2026-03-28 17:00:00-07:00,1.1565,11.11,308.9,False,0.4535,14.29,275.4,False,,,,,2.5252,1.2422,0.491932,1d_transect,2026-03-28 17:00:00-07:00,1.242203950881958,0.6170308898631672,14.28571422489322,268.04803466796875,1.0553917736576963,9.871668200422231,290.7480163574219,,,,cdip,2026-03-25 20:06:18,0.0
53,2026-03-28 20:00:00-07:00,1.0972,11.11,309.2,False,0.5215,13.33,275.5,False,,,,,2.4238,1.2148,0.501208,1d_transect,2026-03-28 20:00:00-07:00,1.214848518371582,0.6184009192203805,14.28571422489322,269.2110595703125,1.0237796517271132,9.871668200422231,290.7671813964844,,,,cdip,2026-03-25 20:06:18,0.0
53,2026-03-28 23:00:00-07:00,1.0424,10.53,310.8,False,0.5436,13.33,277.4,False,,,,,2.1762,1.1756,0.540223,1d_transect,2026-03-28 23:00:00-07:00,1.1756318807601929,0.6195373122700668,14.28571422489322,269.8946838378906,0.978416425945704,9.871668200422231,290.74761962890625,,,,cdip,2026-03-25 20:06:18,0.0
53,2026-03-29 02:00:00-07:00,1.0099,10.53,307.7,False,0.5159,13.33,264.9,False,,,,,2.1388,1.134,0.530206,1d_transect,2026-03-29 02:00:00-07:00,1.1340163946151731,0.6166130408355108,14.28571422489322,270.5082092285156,0.932529359946076,9.871668200422231,290.6890869140625,,,,cdip,2026-03-25 20:06:18,0.0
53,2026-03-29 05:00:00-07:00,0.9648,9.87,307.3,False,0.5211,13.33,268.0,False,,,,,1.984,1.0965,0.552672,1d_transect,2026-03-29 05:00:00-07:00,1.0964956283569336,0.696263823279162,13.33333280351429,268.99822998046875,0.8277020392058376,9.871668200422231,290.5792541503906,,,,cdip,2026-03-25 20:06:18,0.0
53,2026-03-29 08:00:00-07:00,0.5734,13.33,268.9,False,0.8998,9.87,307.6,False,,,,,1.9306,1.0669,0.552636,1d_transect,2026-03-29 08:00:00-07:00,1.066918134689331,0.6899685672946807,13.33333280351429,270.6720886230469,0.7949457487181399,9.871668200422231,290.4515991210937,,,,cdip,2026-03-25 20:06:18,0.0
53,2026-03-29 11:00:00-07:00,0.6164,13.33,267.2,False,0.8371,9.87,306.2,False,,,,,1.8626,1.0396,0.558114,1d_transect,2026-03-29 11:00:00-07:00,1.0395575761795044,0.6837727874223516,13.33333280351429,271.7389831542969,0.764560608856093,9.871668200422231,290.1328125,,,,cdip,2026-03-25 20:06:18,0.0
53,2026-03-29 14:00:00-07:00,0.6133,13.33,274.7,False,0.8065,9.87,307.9,False,,,,,1.768,1.0132,0.573088,1d_transect,2026-03-29 14:00:00-07:00,1.01324725151062,0.6781835216034341,13.33333280351429,272.5568542480469,0.7350186392850905,9.871668200422231,289.6317749023437,,,,cdip,2026-03-25 20:06:18,0.0
53,2026-03-29 17:00:00-07:00,0.5987,13.33,272.4,False,0.7709,9.87,305.7,False,0.1092,18.18,218.8,False,1.681,0.9822,0.584312,1d_transect,2026-03-29 17:00:00-07:00,0.982215702533722,0.6696863692787693,13.33333280351429,273.4857788085937,0.7018754876900233,9.871668200422231,288.9023742675781,,,,cdip,2026-03-25 20:06:18,0.0
53,2026-03-29 20:00:00-07:00,0.5822,13.33,267.4,False,0.7434,9.09,308.5,False,0.1144,18.18,219.6,False,1.6133,0.9511,0.589549,1d_transect,2026-03-29 20:00:00-07:00,0.9511024355888368,0.6403776176739986,13.33333280351429,274.5346374511719,0.6723820770977469,9.090909140169128,294.1658020019531,0.1460088599096574,18.181818280338256,242.80706787109372,cdip,2026-03-25 20:06:18,0.0
53,2026-03-29 23:00:00-07:00,0.5566,13.33,266.4,False,0.727,9.09,307.6,False,0.1192,18.18,220.7,False,1.5773,0.9234,0.585416,1d_transect,2026-03-29 23:00:00-07:00,0.92336767911911,0.6485002915302502,13.33333280351429,275.0116882324219,0.625087134799096,9.090909140169128,294.0233154296875,0.1489849954195037,18.181818280338256,242.5394592285156,cdip,2026-03-25 20:06:18,0.0
53,2026-03-30 02:00:00-07:00,0.5592,12.5,258.8,False,0.6865,9.09,306.8,False,0.1213,18.18,221.5,False,1.5187,0.8937,0.588457,1d_transect,2026-03-30 02:00:00-07:00,0.8937097191810608,0.6325782479176184,13.33333280351429,275.0528564453125,0.5986963012066358,9.090909140169128,293.89898681640625,0.1517482272933654,18.181818280338256,243.04617309570312,cdip,2026-03-25 20:06:18,0.0
53,2026-03-30 05:00:00-07:00,0.5699,12.5,260.0,False,0.6284,9.09,306.0,False,0.1624,16.67,220.2,False,1.4577,0.8637,0.592526,1d_transect,2026-03-30 05:00:00-07:00,0.8637352585792542,0.6210948416262456,12.50000027939678,272.2689514160156,0.5502514870078984,9.090909140169128,293.731201171875,0.2059039826579867,16.666667039195705,241.67190551757807,cdip,2026-03-25 20:06:18,0.0
53,2026-03-30 08:00:00-07:00,0.5588,12.5,259.1,False,0.6023,9.09,305.0,False,0.174,16.67,220.4,False,1.3964,0.8399,0.601426,1d_transect,2026-03-30 08:00:00-07:00,0.8398532271385193,0.601270937085425,12.50000027939678,273.3807983398437,0.4094015489588894,9.090909140169128,293.48614501953125,0.2168910473447109,16.666667039195705,241.08889770507807,cdip,2026-03-25 20:06:18,0.0
53,2026-03-30 11:00:00-07:00,0.6246,12.5,256.4,False,0.2133,16.67,221.7,False,0.4706,9.09,303.5,False,1.1643,0.8106,0.69623,1d_transect,2026-03-30 11:00:00-07:00,0.810613214969635,0.5774526996240422,12.50000027939678,273.7040100097656,0.2302844495879693,16.666667039195705,241.672119140625,0.3939913996025422,9.090909140169128,292.9791259765625,cdip,2026-03-25 20:06:18,0.0
53,2026-03-30 14:00:00-07:00,0.7551,12.5,252.4,False,0.2134,16.67,223.3,False,,,,,1.1936,0.7847,0.657375,1d_transect,2026-03-30 14:00:00-07:00,0.784656286239624,0.5525731855921635,12.50000027939678,273.3143615722656,0.2478026052184176,16.666667039195705,242.97735595703125,0.3807865011970767,9.090909140169128,291.9814453125,cdip,2026-03-25 20:06:18,0.0
53,2026-03-30 17:00:00-07:00,0.7161,11.76,243.6,False,0.2474,16.67,225.1,False,,,,,1.259,0.7576,0.601771,1d_transect,2026-03-30 17:00:00-07:00,0.7576204538345337,0.5359117420418286,12.50000027939678,272.4844665527344,0.2987554431056435,16.666667039195705,244.2257080078125,0.3275741397998269,8.333333519597852,296.7514038085937,cdip,2026-03-25 20:06:18,0.0
53,2026-03-30 20:00:00-07:00,0.6786,11.76,236.1,False,0.2608,16.67,227.5,False,,,,,1.2107,0.727,0.600469,1d_transect,2026-03-30 20:00:00-07:00,0.7269697189331055,0.5085306646332777,12.50000027939678,270.8350524902344,0.3132158693649154,16.666667039195705,245.63406372070312,0.3266411071548881,8.333333519597852,295.73944091796875,cdip,2026-03-25 20:06:18,0.0
53,2026-03-30 23:00:00-07:00,0.6442,11.11,216.7,False,0.2719,16.67,232.5,False,,,,,1.1872,0.6992,0.588958,1d_transect,2026-03-30 23:00:00-07:00,0.6992276906967163,0.4638183568048281,11.111110669595242,259.2040710449219,0.348509991192306,16.666667039195705,247.90032958984372,0.3162440087128791,8.333333519597852,293.5794677734375,cdip,2026-03-25 20:06:18,0.0
53,2026-03-31 02:00:00-07:00,0.3291,16.67,240.9,False,0.597,11.11,213.1,False,,,,,1.1147,0.6818,0.611586,1d_transect,2026-03-31 02:00:00-07:00,0.6817601919174194,0.4411645275951115,11.111110669595242,257.8330078125,0.362346958615454,16.666667039195705,252.0261383056641,0.3112448325431973,8.333333519597852,291.5095520019531,cdip,2026-03-25 20:06:18,0.0
53,2026-03-31 05:00:00-07:00,0.371,15.38,234.2,False,0.4195,11.11,204.0,False,0.3231,8.33,285.0,False,0.9751,0.6465,0.662995,1d_transect,2026-03-31 05:00:00-07:00,0.6465075612068176,0.3778960040388087,16.666667039195705,257.34588623046875,0.4039857284443554,11.111110669595242,254.0068817138672,0.3105120279446139,8.333333519597852,280.05401611328125,cdip,2026-03-25 20:06:18,0.0
53,2026-03-31 08:00:00-07:00,0.3892,15.38,237.5,False,0.4133,11.11,202.3,False,0.3225,8.33,287.5,False,0.974,0.653,0.670368,1d_transect,2026-03-31 08:00:00-07:00,0.6529648900032043,0.4003311012020761,16.666667039195705,262.88311767578125,0.3919664998896606,11.111110669595242,254.01806640625,0.3140856725784596,8.333333519597852,279.9828796386719,cdip,2026-03-25 20:06:18,0.0
53,2026-03-31 11:00:00-07:00,0.3824,15.38,242.1,False,0.501,11.11,207.0,False,0.1328,2.44,200.1,True,1.0683,0.6441,0.602896,1d_transect,2026-03-31 11:00:00-07:00,0.644092321395874,0.4243558615158553,15.384615948919734,253.4538116455078,0.3736879385359271,11.111110669595242,252.478759765625,0.2936888222067952,7.692307974459867,273.9862060546875,cdip,2026-03-25 20:06:18,0.0
53,2026-03-31 14:00:00-07:00,0.4065,15.38,247.0,False,0.508,11.11,205.9,False,0.0237,3.23,144.3,True,1.0471,0.6511,0.621846,1d_transect,2026-03-31 14:00:00-07:00,0.6511063575744629,0.4322422965384324,15.384615948919734,257.2523193359375,0.3761617798802432,11.111110669595242,252.52745056152344,0.295664436430672,7.692307974459867,273.4916381835937,cdip,2026-03-25 20:06:18,0.0
54,2026-03-25 02:00:00-07:00,0.6497,16.67,222.4,False,0.9777,11.11,308.9,False,0.6244,5.26,335.7,True,1.5331,1.3296,0.867256,1d_transect,2026-03-25 02:00:00-07:00,1.3295685052871704,0.6442035960172169,18.181818280338256,231.6165771484375,0.6614558390072227,13.33333280351429,272.92730712890625,0.6268753615546586,11.111110669595242,281.0847473144531,cdip,2026-03-25 20:06:18,0.0
54,2026-03-25 05:00:00-07:00,0.7537,16.67,220.3,False,0.908,11.11,305.1,False,0.665,4.76,333.2,True,1.5355,1.3545,0.882105,1d_transect,2026-03-25 05:00:00-07:00,1.3544718027114868,0.6483979893391393,18.181818280338256,231.9163055419922,0.7098387202412788,13.33333280351429,272.6605834960937,0.5289179230138618,5.263157960780771,305.8840637207031,cdip,2026-03-25 20:06:18,0.0
54,2026-03-25 08:00:00-07:00,0.8682,16.67,216.9,False,0.8821,11.11,307.6,False,0.516,12.5,289.3,False,1.3325,1.341,1.00636,1d_transect,2026-03-25 08:00:00-07:00,1.340988278388977,0.6364321800776691,16.666667039195705,234.029296875,0.9147193832708695,13.33333280351429,272.8028869628906,0.7341696142554424,5.263157960780771,305.0970764160156,cdip,2026-03-25 20:06:18,0.0
54,2026-03-25 11:00:00-07:00,1.0928,15.38,266.5,False,0.8257,5.26,314.2,True,,,,,1.7992,1.3697,0.761276,1d_transect,2026-03-25 11:00:00-07:00,1.3696856498718262,0.9853869026356938,14.28571422489322,268.1132507324219,0.6178067074986736,16.666667039195705,233.80364990234372,0.7124855726280898,4.761904910578484,307.4461975097656,cdip,2026-03-25 20:06:18,0.0
54,2026-03-25 14:00:00-07:00,1.0969,13.33,291.0,False,0.8997,5.56,328.2,True,,,,,1.8318,1.4187,0.774489,1d_transect,2026-03-25 14:00:00-07:00,1.418673396110535,1.0146244374833846,14.28571422489322,268.3868103027344,0.6001436382077502,16.666667039195705,233.6518096923828,0.779343584520376,5.263157960780771,302.4887390136719,cdip,2026-03-25 20:06:18,0.0
54,2026-03-25 17:00:00-07:00,1.1167,12.5,295.7,False,1.0541,5.88,321.5,True,,,,,2.0063,1.5357,0.765421,1d_transect,2026-03-25 17:00:00-07:00,1.5356786251068115,1.1784424485458789,14.28571422489322,267.766845703125,0.975640835711401,5.555555334797621,299.4086608886719,,,,cdip,2026-03-25 20:06:18,0.0
54,2026-03-25 20:00:00-07:00,1.2054,12.5,296.5,False,1.1196,6.25,325.1,False,,,,,2.1685,1.6452,0.75868,1d_transect,2026-03-25 20:00:00-07:00,1.6451815366744995,1.1910054356801352,14.28571422489322,267.3819885253906,1.1251629241217789,5.882352879303138,298.3900146484375,,,,cdip,2026-03-25 20:06:18,0.0
54,2026-03-25 23:00:00-07:00,1.087,11.76,298.6,False,1.4186,7.14,316.3,False,,,,,2.5912,1.7872,0.689722,1d_transect,2026-03-25 23:00:00-07:00,1.787193775177002,1.043874517387655,14.28571422489322,267.01666259765625,1.2763974434988572,6.25000013969839,296.0870056152344,0.6675531086885667,11.111110669595242,283.9356994628906,cdip,2026-03-25 20:06:18,0.0
54,2026-03-26 02:00:00-07:00,1.9584,8.33,308.2,False,,,,,,,,,3.0328,1.9584,0.645746,1d_transect,2026-03-26 02:00:00-07:00,1.9584439992904663,1.023449371465342,14.28571422489322,264.5353088378906,1.4940836103943047,7.692307974459867,285.8714599609375,0.706548705272151,11.111110669595242,284.40411376953125,cdip,2026-03-25 20:06:18,0.0
54,2026-03-26 05:00:00-07:00,2.2203,9.09,309.9,False,,,,,,,,,3.4617,2.2203,0.641387,1d_transect,2026-03-26 05:00:00-07:00,2.2203140258789062,0.8717376303291096,13.33333280351429,271.1905822753906,2.0077091062396906,9.090909140169128,283.13922119140625,,,,cdip,2026-03-25 20:06:18,0.0
54,2026-03-26 08:00:00-07:00,2.4794,9.87,306.4,False,,,,,,,,,3.5381,2.4794,0.70077,1d_transect,2026-03-26 08:00:00-07:00,2.47939395904541,2.299903789741878,9.871668200422231,282.04693603515625,0.7865180005947652,13.33333280351429,268.87042236328125,,,,cdip,2026-03-25 20:06:18,0.0
54,2026-03-26 11:00:00-07:00,2.5805,9.87,310.2,False,,,,,,,,,3.4021,2.5805,0.758511,1d_transect,2026-03-26 11:00:00-07:00,2.5805275440216064,2.525590910583819,9.871668200422231,282.17010498046875,,,,,,,cdip,2026-03-25 20:06:18,0.0
54,2026-03-26 14:00:00-07:00,2.5364,9.87,306.5,False,,,,,,,,,3.3061,2.5364,0.767187,1d_transect,2026-03-26 14:00:00-07:00,2.5364129543304443,2.2918972845791195,9.871668200422231,282.9974975585937,0.9546905277892124,12.50000027939678,275.3521423339844,,,,cdip,2026-03-25 20:06:18,0.0
54,2026-03-26 17:00:00-07:00,2.4023,10.53,310.2,False,,,,,,,,,3.2871,2.4023,0.730809,1d_transect,2026-03-26 17:00:00-07:00,2.402276992797852,2.139135445471872,10.526315921561542,282.95245361328125,0.9811250604209812,12.50000027939678,276.27685546875,,,,cdip,2026-03-25 20:06:18,0.0
54,2026-03-26 20:00:00-07:00,2.2923,10.53,310.1,False,,,,,,,,,3.1261,2.2923,0.733296,1d_transect,2026-03-26 20:00:00-07:00,2.2923264503479004,0.9720635688571582,12.50000027939678,276.71075439453125,2.027426209454138,10.526315921561542,284.0181579589844,,,,cdip,2026-03-25 20:06:18,0.0
54,2026-03-26 23:00:00-07:00,2.1869,10.53,310.8,False,,,,,,,,,2.885,2.1869,0.758045,1d_transect,2026-03-26 23:00:00-07:00,2.1869282722473145,0.9134595823004588,12.50000027939678,276.8002014160156,1.9432372117103924,10.526315921561542,284.6990966796875,,,,cdip,2026-03-25 20:06:18,0.0
54,2026-03-27 02:00:00-07:00,2.0293,10.53,311.7,False,,,,,,,,,2.7109,2.0293,0.748573,1d_transect,2026-03-27 02:00:00-07:00,2.029326915740967,1.7979097527862418,10.526315921561542,285.30401611328125,0.8610160152950844,12.50000027939678,277.41064453125,,,,cdip,2026-03-25 20:06:18,0.0
54,2026-03-27 05:00:00-07:00,1.8843,10.53,313.6,False,,,,,,,,,2.6315,1.8843,0.716061,1d_transect,2026-03-27 05:00:00-07:00,1.88433301448822,1.638871917858714,10.526315921561542,286.0115051269531,0.8606675706439662,12.50000027939678,278.10186767578125,,,,cdip,2026-03-25 20:06:18,0.0
54,2026-03-27 08:00:00-07:00,1.8093,10.53,313.0,False,,,,,,,,,2.5546,1.8093,0.708251,1d_transect,2026-03-27 08:00:00-07:00,1.8093249797821045,0.8863123129524508,12.50000027939678,278.6239624023437,1.5416754420831873,10.526315921561542,286.74920654296875,,,,cdip,2026-03-25 20:06:18,0.0
54,2026-03-27 11:00:00-07:00,1.7366,10.53,314.2,False,0.2412,18.18,220.9,False,,,,,2.443,1.7533,0.71768,1d_transect,2026-03-27 11:00:00-07:00,1.753259539604187,0.881023691926412,12.50000027939678,278.70574951171875,1.4814286749703305,10.526315921561542,287.4126892089844,,,,cdip,2026-03-25 20:06:18,0.0
54,2026-03-27 14:00:00-07:00,1.6872,10.53,308.5,False,,,,,,,,,2.3554,1.6872,0.716308,1d_transect,2026-03-27 14:00:00-07:00,1.6872107982635498,0.8400839916649835,12.50000027939678,278.27197265625,1.430127267415176,10.526315921561542,287.9244384765625,,,,cdip,2026-03-25 20:06:18,0.0
54,2026-03-27 17:00:00-07:00,1.6361,10.53,309.6,False,,,,,,,,,2.2857,1.6361,0.715783,1d_transect,2026-03-27 17:00:00-07:00,1.6360807418823242,0.8086286456789346,12.50000027939678,277.5830993652344,1.3897423454450173,10.526315921561542,288.0245361328125,,,,cdip,2026-03-25 20:06:18,0.0
54,2026-03-27 20:00:00-07:00,1.607,10.53,310.4,False,,,,,,,,,2.2135,1.607,0.726002,1d_transect,2026-03-27 20:00:00-07:00,1.6069741249084473,0.8196892836037685,12.50000027939678,276.9010925292969,1.3499542584413111,10.526315921561542,287.9364013671875,,,,cdip,2026-03-25 20:06:18,0.0
54,2026-03-27 23:00:00-07:00,1.6174,9.87,310.9,False,,,,,,,,,2.1321,1.6174,0.758591,1d_transect,2026-03-27 23:00:00-07:00,1.61736798286438,1.3123742153997608,9.871668200422231,290.2220153808594,0.8993987771763888,13.33333280351429,268.9075012207031,,,,cdip,2026-03-25 20:06:18,0.0
54,2026-03-28 02:00:00-07:00,1.6325,9.87,311.7,False,,,,,,,,,2.1708,1.6325,0.751992,1d_transect,2026-03-28 02:00:00-07:00,1.6324589252471924,0.8704274091607093,14.28571422489322,266.2685241699219,1.3514704962380035,9.871668200422231,290.2036437988281,,,,cdip,2026-03-25 20:06:18,0.0
54,2026-03-28 05:00:00-07:00,1.6518,10.53,310.1,False,,,,,,,,,2.2635,1.6518,0.729745,1d_transect,2026-03-28 05:00:00-07:00,1.6517504453659058,1.0951344610003086,14.28571422489322,267.2548217773437,1.2049153258935872,9.871668200422231,290.202392578125,,,,cdip,2026-03-25 20:06:18,0.0
54,2026-03-28 08:00:00-07:00,1.6702,11.11,311.7,False,,,,,,,,,2.3334,1.6702,0.715771,1d_transect,2026-03-28 08:00:00-07:00,1.6701741218566897,1.131371457675213,14.28571422489322,267.8277282714844,1.1981142340276143,9.871668200422231,290.2797546386719,,,,cdip,2026-03-25 20:06:18,0.0
54,2026-03-28 11:00:00-07:00,1.5717,11.11,311.1,False,0.6156,14.29,290.5,False,,,,,2.3764,1.688,0.71032,1d_transect,2026-03-28 11:00:00-07:00,1.6879830360412598,0.8905493574478484,14.28571422489322,268.32086181640625,0.8505432258332157,12.50000027939678,278.3125915527344,1.1222611411118284,9.871668200422231,290.50128173828125,cdip,2026-03-25 20:06:18,0.0
54,2026-03-28 14:00:00-07:00,1.5875,11.11,309.3,False,0.6044,14.29,272.6,False,,,,,2.3902,1.6986,0.71066,1d_transect,2026-03-28 14:00:00-07:00,1.6986478567123413,1.1043392655452784,14.28571422489322,268.7544250488281,0.5887986960996244,11.111110669595242,285.3846435546875,,,,cdip,2026-03-25 20:06:18,0.0
54,2026-03-28 17:00:00-07:00,1.5763,11.11,308.9,False,0.5956,14.29,275.4,False,,,,,2.328,1.6851,0.723819,1d_transect,2026-03-28 17:00:00-07:00,1.6850801706314087,1.1081444060579044,14.28571422489322,268.8692932128906,0.5780136800247627,11.111110669595242,285.28631591796875,,,,cdip,2026-03-25 20:06:18,0.0
54,2026-03-28 20:00:00-07:00,1.4976,11.11,309.2,False,0.6864,13.33,275.5,False,,,,,2.2309,1.6474,0.738461,1d_transect,2026-03-28 20:00:00-07:00,1.6474114656448364,1.0243476895266734,14.28571422489322,268.8037109375,0.6752053160473964,9.871668200422231,291.01959228515625,,,,cdip,2026-03-25 20:06:18,0.0
54,2026-03-28 23:00:00-07:00,1.4274,10.53,310.8,False,0.6945,13.33,277.4,False,,,,,2.0547,1.5874,0.772576,1d_transect,2026-03-28 23:00:00-07:00,1.587417721748352,1.0030100384810754,14.28571422489322,268.37115478515625,0.6370084957524904,9.871668200422231,291.0433349609375,,,,cdip,2026-03-25 20:06:18,0.0
54,2026-03-29 02:00:00-07:00,1.3637,10.53,307.7,False,0.6698,13.33,264.9,False,,,,,1.9722,1.5194,0.770369,1d_transect,2026-03-29 02:00:00-07:00,1.5193573236465454,0.1060431548999879,14.28571422489322,267.936279296875,0.9652912032852188,9.871668200422231,291.0181579589844,,,,cdip,2026-03-25 20:06:18,0.0
54,2026-03-29 05:00:00-07:00,1.2933,9.87,307.3,False,0.6687,13.33,268.0,False,,,,,1.8343,1.456,0.793755,1d_transect,2026-03-29 05:00:00-07:00,1.4560070037841797,1.0518546126573969,13.33333280351429,268.54547119140625,0.9818174586578522,9.871668200422231,290.8829650878906,,,,cdip,2026-03-25 20:06:18,0.0
54,2026-03-29 08:00:00-07:00,0.7291,13.33,268.9,False,1.1953,9.87,307.6,False,,,,,1.7802,1.4001,0.786489,1d_transect,2026-03-29 08:00:00-07:00,1.4000824689865112,1.0172790072384257,13.33333280351429,269.06060791015625,0.9379461217914552,9.871668200422231,290.59814453125,,,,cdip,2026-03-25 20:06:18,0.0
54,2026-03-29 11:00:00-07:00,0.7753,13.33,267.2,False,1.0999,9.87,306.2,False,,,,,1.7129,1.3457,0.785654,1d_transect,2026-03-29 11:00:00-07:00,1.3457190990447998,0.9686368233958086,13.33333280351429,269.3055114746094,0.8959875613125944,9.871668200422231,289.9873962402344,0.1675561019569002,18.181818280338256,230.11058044433597,cdip,2026-03-25 20:06:18,0.0
54,2026-03-29 14:00:00-07:00,0.7603,13.33,274.7,False,1.0446,9.87,307.9,False,,,,,1.6248,1.292,0.795228,1d_transect,2026-03-29 14:00:00-07:00,1.2920475006103516,0.9323632099185066,13.33333280351429,269.35272216796875,0.8541960919856002,9.871668200422231,289.0287780761719,0.1817047377080029,18.181818280338256,229.8140563964844,cdip,2026-03-25 20:06:18,0.0
54,2026-03-29 17:00:00-07:00,0.736,13.33,272.4,False,0.9902,9.87,305.7,False,0.1403,18.18,218.8,False,1.5444,1.2417,0.804,1d_transect,2026-03-29 17:00:00-07:00,1.2416939735412598,0.905702623974107,13.33333280351429,269.3125305175781,0.8077643780998367,9.871668200422231,288.0420227050781,0.1915690376953693,18.181818280338256,229.61477661132807,cdip,2026-03-25 20:06:18,0.0
54,2026-03-29 20:00:00-07:00,0.7117,13.33,267.4,False,0.9493,9.09,308.5,False,0.146,18.18,219.6,False,1.4821,1.1954,0.806548,1d_transect,2026-03-29 20:00:00-07:00,1.1953704357147217,0.8813412124525031,13.33333280351429,269.2123413085937,0.7651022852810025,9.090909140169128,292.8577575683594,0.1973721967234969,18.181818280338256,229.5734405517578,cdip,2026-03-25 20:06:18,0.0
54,2026-03-29 23:00:00-07:00,0.6776,13.33,266.4,False,0.9246,9.09,307.6,False,0.1499,18.18,220.7,False,1.4494,1.1561,0.797608,1d_transect,2026-03-29 23:00:00-07:00,1.156091809272766,0.8848233572543085,13.33333280351429,268.8954162597656,0.6989232782934959,9.090909140169128,292.1510314941406,0.2018155366509922,18.181818280338256,229.35610961914065,cdip,2026-03-25 20:06:18,0.0
54,2026-03-30 02:00:00-07:00,0.6829,12.5,258.8,False,0.8751,9.09,306.8,False,0.1528,18.18,221.5,False,1.3943,1.1204,0.80357,1d_transect,2026-03-30 02:00:00-07:00,1.120443344116211,0.8729906512084311,13.33333280351429,268.55877685546875,0.634579528158728,9.090909140169128,291.4979248046875,0.2628197724781424,18.181818280338256,229.38363647460935,cdip,2026-03-25 20:06:18,0.0
54,2026-03-30 05:00:00-07:00,0.698,12.5,260.0,False,0.8022,9.09,306.0,False,0.2031,16.67,220.2,False,1.3359,1.0825,0.810321,1d_transect,2026-03-30 05:00:00-07:00,1.0825289487838743,0.8442735791480385,12.50000027939678,268.68267822265625,0.6044046715320127,9.090909140169128,290.66845703125,0.2737475465156322,16.666667039195705,229.88818359375,cdip,2026-03-25 20:06:18,0.0
54,2026-03-30 08:00:00-07:00,0.6827,12.5,259.1,False,0.768,9.09,305.0,False,0.2174,16.67,220.4,False,1.2784,1.0503,0.821575,1d_transect,2026-03-30 08:00:00-07:00,1.0502960681915283,0.8180216067159217,12.50000027939678,269.03717041015625,0.2837246827886925,16.666667039195705,229.49578857421875,0.5803156837504176,9.090909140169128,289.6491394042969,cdip,2026-03-25 20:06:18,0.0
54,2026-03-30 11:00:00-07:00,0.7749,12.5,256.4,False,0.2707,16.67,221.7,False,0.592,9.09,303.5,False,1.0478,1.012,0.965878,1d_transect,2026-03-30 11:00:00-07:00,1.0120079517364502,0.7871105369199597,12.50000027939678,269.3611755371094,0.2918480691302628,16.666667039195705,229.26638793945312,0.5517685981979119,9.090909140169128,288.13525390625,cdip,2026-03-25 20:06:18,0.0
54,2026-03-30 14:00:00-07:00,0.9373,12.5,252.4,False,0.2705,16.67,223.3,False,,,,,1.0707,0.9756,0.911169,1d_transect,2026-03-30 14:00:00-07:00,0.9755609035491944,0.730235175920698,12.50000027939678,269.5768737792969,0.3537295315857312,16.666667039195705,229.29635620117188,0.528760723384744,9.090909140169128,285.8688049316406,cdip,2026-03-25 20:06:18,0.0
54,2026-03-30 17:00:00-07:00,0.8846,11.76,243.6,False,0.3077,16.67,225.1,False,,,,,1.1342,0.9366,0.825781,1d_transect,2026-03-30 17:00:00-07:00,0.9365729093551636,0.8529223476812141,12.50000027939678,269.5868225097656,0.3698071153643673,16.666667039195705,229.5935211181641,,,,cdip,2026-03-25 20:06:18,0.0
54,2026-03-30 20:00:00-07:00,0.8292,11.76,236.1,False,0.3239,16.67,227.5,False,,,,,1.0819,0.8903,0.822871,1d_transect,2026-03-30 20:00:00-07:00,0.8902694582939148,0.7844386224037248,12.50000027939678,268.7670288085937,0.4060878035307962,16.666667039195705,230.0689239501953,,,,cdip,2026-03-25 20:06:18,0.0
54,2026-03-30 23:00:00-07:00,0.7778,11.11,216.7,False,0.3296,16.67,232.5,False,,,,,1.0656,0.8447,0.792682,1d_transect,2026-03-30 23:00:00-07:00,0.8447019457817078,0.7259988149188782,12.50000027939678,266.9234924316406,0.4179112265685032,16.666667039195705,230.80685424804688,,,,cdip,2026-03-25 20:06:18,0.0
54,2026-03-31 02:00:00-07:00,0.3869,16.67,240.9,False,0.7121,11.11,213.1,False,,,,,1.0079,0.8104,0.804038,1d_transect,2026-03-31 02:00:00-07:00,0.8103922009468079,0.2941554861126688,12.50000027939678,262.7134094238281,0.4370562040261411,16.666667039195705,232.2666931152344,,,,cdip,2026-03-25 20:06:18,0.0
54,2026-03-31 05:00:00-07:00,0.4194,15.38,234.2,False,0.513,11.11,204.0,False,0.3708,8.33,285.0,False,0.91,0.7593,0.834401,1d_transect,2026-03-31 05:00:00-07:00,0.7592883110046387,0.4526300618441345,15.384615948919734,231.99920654296875,0.4843611042275241,11.111110669595242,258.17242431640625,0.3500001417738763,8.333333519597852,274.90399169921875,cdip,2026-03-25 20:06:18,0.0
54,2026-03-31 08:00:00-07:00,0.4286,15.38,237.5,False,0.4939,11.11,202.3,False,0.3723,8.33,287.5,False,0.9127,0.7525,0.824494,1d_transect,2026-03-31 08:00:00-07:00,0.7525224685668945,0.4742848490351166,15.384615948919734,233.60418701171875,0.4549129067470004,11.111110669595242,258.2205810546875,0.353124723978958,8.333333519597852,274.0194091796875,cdip,2026-03-25 20:06:18,0.0
54,2026-03-31 11:00:00-07:00,0.424,15.38,242.1,False,0.5814,11.11,207.0,False,0.1682,2.44,200.1,True,0.9877,0.739,0.748152,1d_transect,2026-03-31 11:00:00-07:00,0.7389591336250305,0.4878793216257682,15.384615948919734,234.4563751220703,0.4323554743551231,11.111110669595242,257.536376953125,0.3285071827334433,8.333333519597852,273.1742553710937,cdip,2026-03-25 20:06:18,0.0
54,2026-03-31 14:00:00-07:00,0.4497,15.38,247.0,False,0.5889,11.11,205.9,False,0.058,3.23,144.3,True,0.9642,0.7432,0.770794,1d_transect,2026-03-31 14:00:00-07:00,0.7432290315628052,0.4941642023519834,15.384615948919734,237.1236267089844,0.4350453255938887,11.111110669595242,257.608154296875,,,,cdip,2026-03-25 20:06:18,0.0
