break_id,wave_time_pst,primary_wave_height,primary_period,primary_direction,primary_is_wind_sea,secondary_wave_height,secondary_period,secondary_direction,secondary_is_wind_sea,tertiary_wave_height,tertiary_period,tertiary_direction,tertiary_is_wind_sea,component_hs_total,cdip_calibrated_hs,anchor_ratio,buoy_component_extraction_method
36,2026-03-25 02:00:00,0.6915,18.18,230.8,False,0.5078,12.5,258.2,False,0.231,4.0,286.7,True,1.5307,0.8885,0.580457,1d_transect
36,2026-03-25 05:00:00,0.6552,18.18,232.4,False,0.5817,12.5,258.5,False,0.1934,4.17,297.1,True,1.532,0.8973,0.585679,1d_transect
36,2026-03-25 08:00:00,0.6245,16.67,233.2,False,0.6083,13.33,262.4,False,0.2058,4.0,291.8,True,1.5953,0.8958,0.561508,1d_transect
36,2026-03-25 11:00:00,0.5914,16.67,236.1,False,0.6457,13.33,263.4,False,0.2512,4.35,298.0,True,1.7124,0.9109,0.53194,1d_transect
36,2026-03-25 14:00:00,0.5758,16.67,228.9,False,0.7015,13.33,262.3,False,0.2861,4.76,295.0,True,1.8569,0.9516,0.512484,1d_transect
36,2026-03-25 17:00:00,0.5439,16.67,228.7,False,0.6936,13.33,262.3,False,0.4491,5.56,292.3,True,2.0214,0.9892,0.489376,1d_transect
36,2026-03-25 20:00:00,0.4952,16.67,228.6,False,0.6374,13.33,261.1,False,0.6963,6.67,285.6,False,2.3055,1.066,0.462367,1d_transect
36,2026-03-25 23:00:00,0.4454,16.67,228.3,False,0.3903,12.5,266.3,False,0.9904,7.69,283.3,False,2.6043,1.154,0.443096,1d_transect
36,2026-03-26 02:00:00,0.4243,16.67,230.5,False,1.1342,9.09,277.9,False,,,,,2.9785,1.211,0.406563,1d_transect
36,2026-03-26 05:00:00,1.1768,9.87,276.6,False,0.3261,15.38,244.1,False,,,,,3.0069,1.2212,0.406115,1d_transect
36,2026-03-26 08:00:00,1.159,9.87,274.0,False,0.2829,15.38,241.7,False,,,,,3.097,1.193,0.38522,1d_transect
36,2026-03-26 11:00:00,1.1009,10.53,276.5,False,0.2774,15.38,241.5,False,,,,,2.8362,1.1353,0.400296,1d_transect
36,2026-03-26 14:00:00,1.0729,10.53,270.3,False,,,,,,,,,2.6976,1.0729,0.397726,1d_transect
36,2026-03-26 17:00:00,1.0205,10.53,276.5,False,,,,,,,,,2.3592,1.0205,0.43254,1d_transect
36,2026-03-26 20:00:00,0.9872,10.53,271.0,False,,,,,,,,,2.2956,0.9872,0.430027,1d_transect
36,2026-03-26 23:00:00,0.9701,10.53,276.4,False,,,,,,,,,2.1358,0.9701,0.454186,1d_transect
36,2026-03-27 02:00:00,0.9579,10.53,270.2,False,,,,,,,,,1.1805,0.9579,0.811428,1d_transect
36,2026-03-27 05:00:00,0.9432,11.76,270.9,False,,,,,,,,,1.1947,0.9432,0.789516,1d_transect
36,2026-03-27 08:00:00,0.9207,10.53,268.9,False,,,,,,,,,1.1696,0.9207,0.78718,1d_transect
36,2026-03-27 11:00:00,0.3214,18.18,231.7,False,0.8466,10.53,276.1,False,,,,,1.0344,0.9056,0.875417,1d_transect
36,2026-03-27 14:00:00,0.9059,10.53,271.9,False,,,,,,,,,1.0352,0.9059,0.87507,1d_transect
36,2026-03-27 17:00:00,0.916,10.53,275.8,False,,,,,,,,,0.9966,0.916,0.919182,1d_transect
36,2026-03-27 20:00:00,0.9326,11.76,269.4,False,,,,,,,,,1.179,0.9326,0.791013,1d_transect
36,2026-03-27 23:00:00,0.6443,12.5,266.2,False,0.7145,10.53,276.5,False,,,,,1.888,0.9621,0.509603,1d_transect
36,2026-03-28 02:00:00,0.6531,12.5,264.6,False,0.7254,10.53,271.3,False,,,,,2.0118,0.9761,0.485183,1d_transect
36,2026-03-28 05:00:00,0.6583,12.5,265.1,False,0.7402,10.53,276.8,False,,,,,1.9778,0.9906,0.50086,1d_transect
36,2026-03-28 08:00:00,0.431,14.29,249.0,False,0.7543,10.53,271.7,False,0.4955,12.5,265.0,False,2.0682,1.0001,0.483569,1d_transect
36,2026-03-28 11:00:00,0.4447,14.29,250.4,False,0.7504,10.53,277.2,False,0.493,12.5,265.1,False,1.952,1.0019,0.513255,1d_transect
36,2026-03-28 14:00:00,0.6217,12.5,265.9,False,0.7795,10.53,266.7,False,,,,,1.9495,0.9971,0.51145,1d_transect
36,2026-03-28 17:00:00,0.6888,13.33,249.2,False,0.7069,10.53,276.4,False,,,,,1.789,0.987,0.551723,1d_transect
36,2026-03-28 20:00:00,0.6655,13.33,250.0,False,0.7179,10.53,265.7,False,,,,,1.7771,0.9789,0.550864,1d_transect
36,2026-03-28 23:00:00,0.7,13.33,251.4,False,0.6716,9.87,277.6,False,,,,,1.6068,0.97,0.603718,1d_transect
36,2026-03-29 02:00:00,0.6891,13.33,247.6,False,0.4635,9.87,249.6,False,0.4893,7.69,280.8,False,1.6028,0.9639,0.601372,1d_transect
36,2026-03-29 05:00:00,0.7191,13.33,248.0,False,0.3986,9.87,277.9,False,0.478,7.69,286.4,False,1.4942,0.951,0.636457,1d_transect
36,2026-03-29 08:00:00,0.6997,13.33,247.3,False,0.4745,9.87,247.2,False,0.3962,6.25,277.8,False,1.4919,0.9337,0.625829,1d_transect
36,2026-03-29 11:00:00,0.7263,13.33,245.7,False,0.4039,9.87,277.1,False,0.3696,6.25,285.4,False,1.3843,0.9095,0.657023,1d_transect
36,2026-03-29 14:00:00,0.7593,13.33,249.9,False,0.1863,18.18,228.4,False,0.4181,9.87,249.1,False,1.2858,0.8866,0.689546,1d_transect
36,2026-03-29 17:00:00,0.7612,13.33,249.3,False,0.2079,18.18,227.9,False,0.3477,9.87,277.0,False,1.2301,0.8623,0.700982,1d_transect
36,2026-03-29 20:00:00,0.7314,13.33,248.0,False,0.2122,18.18,227.9,False,0.3419,9.09,256.1,False,1.2485,0.8348,0.668651,1d_transect
36,2026-03-29 23:00:00,0.7039,12.5,247.3,False,0.2667,18.18,231.3,False,0.2886,9.09,280.6,False,1.1888,0.8062,0.678134,1d_transect
36,2026-03-30 02:00:00,0.6758,12.5,247.7,False,0.2742,18.18,232.0,False,0.2663,9.09,280.2,False,1.1525,0.7764,0.673671,1d_transect
36,2026-03-30 05:00:00,0.6509,12.5,247.2,False,0.2594,18.18,231.8,False,0.2604,4.76,294.4,True,1.2306,0.7475,0.60739,1d_transect
36,2026-03-30 08:00:00,0.6327,12.5,245.5,False,0.2761,16.67,230.8,False,0.1926,4.76,295.4,True,1.169,0.7167,0.613092,1d_transect
36,2026-03-30 11:00:00,0.5884,12.5,242.4,False,0.3219,16.67,231.3,False,0.1638,4.55,294.4,True,1.1404,0.6904,0.605372,1d_transect
36,2026-03-30 14:00:00,0.3393,16.67,232.0,False,0.5582,12.5,238.2,False,0.1325,4.35,294.1,True,1.1132,0.6665,0.59872,1d_transect
36,2026-03-30 17:00:00,0.358,16.67,232.7,False,0.5294,11.76,234.8,False,0.1073,4.17,294.5,True,1.0797,0.648,0.600159,1d_transect
36,2026-03-30 20:00:00,0.3755,16.67,233.3,False,0.5091,11.76,230.8,False,0.0894,4.0,294.3,True,1.058,0.6389,0.603901,1d_transect
36,2026-03-30 23:00:00,0.3903,16.67,234.1,False,0.4903,11.76,227.1,False,0.126,2.94,283.0,True,1.0501,0.6392,0.608755,1d_transect
36,2026-03-31 02:00:00,0.4566,16.67,235.3,False,0.3943,11.76,224.4,False,0.196,8.33,242.6,False,0.9659,0.6344,0.656783,1d_transect
36,2026-03-31 05:00:00,0.4617,15.38,234.7,False,0.388,11.76,223.7,False,0.181,8.33,266.3,False,1.0026,0.6297,0.628052,1d_transect
36,2026-03-31 08:00:00,0.4996,15.38,235.9,False,0.3609,11.76,226.1,False,0.2484,7.69,245.9,False,0.9916,0.6645,0.67005,1d_transect
36,2026-03-31 11:00:00,0.4897,15.38,236.1,False,0.4112,11.76,225.4,False,0.0879,3.03,223.8,True,1.0434,0.6455,0.618633,1d_transect
36,2026-03-31 14:00:00,0.5588,15.38,237.1,False,0.3516,11.76,225.0,False,0.2566,7.69,243.7,False,1.0311,0.7083,0.686932,1d_transect
41,2026-03-25 02:00:00,0.425,18.18,230.8,False,0.2968,12.5,258.2,False,0.098,4.0,286.7,True,1.9625,0.5275,0.268804,1d_transect
41,2026-03-25 05:00:00,0.4018,18.18,232.4,False,0.3392,12.5,258.5,False,0.0741,4.17,297.1,True,1.9621,0.531,0.270607,1d_transect
41,2026-03-25 08:00:00,0.4016,16.67,233.2,False,0.3532,13.33,262.4,False,0.0862,4.0,291.8,True,2.0101,0.5417,0.269503,1d_transect
41,2026-03-25 11:00:00,0.4025,16.67,236.1,False,0.4002,13.33,263.4,False,0.1067,4.35,298.0,True,2.1188,0.5775,0.272581,1d_transect
41,2026-03-25 14:00:00,0.4233,16.67,228.9,False,0.4625,13.33,262.3,False,0.1293,4.76,295.0,True,2.2915,0.6401,0.279357,1d_transect
41,2026-03-25 17:00:00,0.4438,16.67,228.7,False,0.5075,13.33,262.3,False,0.2372,5.56,292.3,True,2.4136,0.7147,0.296099,1d_transect
41,2026-03-25 20:00:00,0.4673,16.67,228.6,False,0.5395,13.33,261.1,False,0.4459,6.67,285.6,False,2.6009,0.8416,0.323571,1d_transect
41,2026-03-25 23:00:00,0.4849,16.67,228.3,False,0.3641,12.5,266.3,False,0.7654,7.69,283.3,False,2.7295,0.9765,0.357749,1d_transect
41,2026-03-26 02:00:00,0.4712,16.67,230.5,False,0.9527,9.09,277.9,False,,,,,3.1545,1.0628,0.336924,1d_transect
41,2026-03-26 05:00:00,1.0234,9.87,276.6,False,0.3699,15.38,244.1,False,,,,,3.1229,1.0882,0.348448,1d_transect
41,2026-03-26 08:00:00,1.0384,9.87,274.0,False,0.3062,15.38,241.7,False,,,,,3.4329,1.0826,0.315363,1d_transect
41,2026-03-26 11:00:00,0.9693,10.53,276.5,False,0.3175,15.38,241.5,False,,,,,2.9424,1.02,0.346655,1d_transect
41,2026-03-26 14:00:00,0.9467,10.53,270.3,False,,,,,,,,,2.9604,0.9467,0.319788,1d_transect
41,2026-03-26 17:00:00,0.8761,10.53,276.5,False,,,,,,,,,2.3986,0.8761,0.365263,1d_transect
41,2026-03-26 20:00:00,0.8269,10.53,271.0,False,,,,,,,,,2.5192,0.8269,0.328254,1d_transect
41,2026-03-26 23:00:00,0.8119,10.53,276.4,False,,,,,,,,,2.1715,0.8119,0.373896,1d_transect
41,2026-03-27 02:00:00,0.8071,10.53,270.2,False,,,,,,,,,1.2955,0.8071,0.623008,1d_transect
41,2026-03-27 05:00:00,0.78,11.76,270.9,False,,,,,,,,,1.307,0.78,0.596765,1d_transect
41,2026-03-27 08:00:00,0.739,10.53,268.9,False,,,,,,,,,1.3466,0.739,0.548795,1d_transect
41,2026-03-27 11:00:00,0.3145,18.18,231.7,False,0.6347,10.53,276.1,False,,,,,1.0973,0.7084,0.645543,1d_transect
41,2026-03-27 14:00:00,0.6856,10.53,271.9,False,,,,,,,,,1.136,0.6856,0.603523,1d_transect
41,2026-03-27 17:00:00,0.6676,10.53,275.8,False,,,,,,,,,1.0132,0.6676,0.658855,1d_transect
41,2026-03-27 20:00:00,0.6747,11.76,269.4,False,,,,,,,,,1.361,0.6747,0.495725,1d_transect
41,2026-03-27 23:00:00,0.4997,12.5,266.2,False,0.4876,10.53,276.5,False,,,,,2.0412,0.6982,0.342032,1d_transect
41,2026-03-28 02:00:00,0.507,12.5,264.6,False,0.5104,10.53,271.3,False,,,,,2.3127,0.7194,0.311044,1d_transect
41,2026-03-28 05:00:00,0.5229,12.5,265.1,False,0.5173,10.53,276.8,False,,,,,2.1364,0.7355,0.344264,1d_transect
41,2026-03-28 08:00:00,0.3585,14.29,249.0,False,0.3802,12.5,265.0,False,0.5247,10.53,271.7,False,2.4163,0.7406,0.306486,1d_transect
41,2026-03-28 11:00:00,0.3759,14.29,250.4,False,0.3748,12.5,265.1,False,0.502,10.53,277.2,False,2.1634,0.7306,0.337705,1d_transect
41,2026-03-28 14:00:00,0.4437,12.5,265.9,False,0.5542,10.53,266.7,False,,,,,2.2477,0.71,0.315863,1d_transect
41,2026-03-28 17:00:00,0.5386,13.33,249.2,False,0.4244,10.53,276.4,False,,,,,2.1047,0.6857,0.325801,1d_transect
41,2026-03-28 20:00:00,0.4789,13.33,250.0,False,0.4492,10.53,265.7,False,,,,,2.1932,0.6566,0.299392,1d_transect
41,2026-03-28 23:00:00,0.5055,13.33,251.4,False,0.3794,9.87,277.6,False,,,,,1.8781,0.6321,0.336537,1d_transect
41,2026-03-29 02:00:00,0.4693,13.33,247.6,False,0.3256,9.87,249.6,False,0.2409,7.69,280.8,False,2.0042,0.6199,0.309306,1d_transect
41,2026-03-29 05:00:00,0.5112,13.33,248.0,False,0.2169,9.87,277.9,False,0.2346,7.69,286.4,False,1.7642,0.6028,0.341694,1d_transect
41,2026-03-29 08:00:00,0.4536,13.33,247.3,False,0.3173,9.87,247.2,False,0.1941,6.25,277.8,False,1.9147,0.5867,0.306404,1d_transect
41,2026-03-29 11:00:00,0.5027,13.33,245.7,False,0.214,9.87,277.1,False,0.1768,6.25,285.4,False,1.672,0.5743,0.343455,1d_transect
41,2026-03-29 14:00:00,0.482,13.33,249.9,False,0.1196,18.18,228.4,False,0.2738,9.87,249.1,False,1.7155,0.5671,0.330561,1d_transect
41,2026-03-29 17:00:00,0.5125,13.33,249.3,False,0.1416,18.18,227.9,False,0.1791,9.87,277.0,False,1.5742,0.561,0.356376,1d_transect
41,2026-03-29 20:00:00,0.4895,13.33,248.0,False,0.1437,18.18,227.9,False,0.217,9.09,256.1,False,1.6404,0.5544,0.337963,1d_transect
41,2026-03-29 23:00:00,0.4953,12.5,247.3,False,0.1863,18.18,231.3,False,0.1453,9.09,280.6,False,1.5374,0.5488,0.356951,1d_transect
41,2026-03-30 02:00:00,0.487,12.5,247.7,False,0.1962,18.18,232.0,False,0.1373,9.09,280.2,False,1.4944,0.5427,0.363133,1d_transect
41,2026-03-30 05:00:00,0.4852,12.5,247.2,False,0.192,18.18,231.8,False,0.1267,4.76,294.4,True,1.5853,0.5369,0.338692,1d_transect
41,2026-03-30 08:00:00,0.479,12.5,245.5,False,0.2096,16.67,230.8,False,0.0904,4.76,295.4,True,1.5282,0.5306,0.34722,1d_transect
41,2026-03-30 11:00:00,0.4564,12.5,242.4,False,0.2477,16.67,231.3,False,0.0821,4.55,294.4,True,1.5124,0.5257,0.347623,1d_transect
41,2026-03-30 14:00:00,0.2669,16.67,232.0,False,0.4434,12.5,238.2,False,0.0679,4.35,294.1,True,1.4849,0.522,0.351532,1d_transect
41,2026-03-30 17:00:00,0.2871,16.67,232.7,False,0.4257,11.76,234.8,False,0.056,4.17,294.5,True,1.4379,0.5166,0.359248,1d_transect
41,2026-03-30 20:00:00,0.2997,16.67,233.3,False,0.4073,11.76,230.8,False,0.0465,4.0,294.3,True,1.4121,0.5078,0.359609,1d_transect
41,2026-03-30 23:00:00,0.3034,16.67,234.1,False,0.3857,11.76,227.1,False,0.0701,2.94,283.0,True,1.4035,0.4957,0.353155,1d_transect
41,2026-03-31 02:00:00,0.3348,16.67,235.3,False,0.2955,11.76,224.4,False,0.1479,8.33,242.6,False,1.2974,0.4704,0.362579,1d_transect
41,2026-03-31 05:00:00,0.3417,15.38,234.7,False,0.2895,11.76,223.7,False,0.1139,8.33,266.3,False,1.3381,0.4621,0.345335,1d_transect
41,2026-03-31 08:00:00,0.3461,15.38,235.9,False,0.2536,11.76,226.1,False,0.1743,7.69,245.9,False,1.3334,0.4631,0.347285,1d_transect
41,2026-03-31 11:00:00,0.3358,15.38,236.1,False,0.286,11.76,225.4,False,0.0599,3.03,223.8,True,1.4025,0.4451,0.317348,1d_transect
41,2026-03-31 14:00:00,0.3739,15.38,237.1,False,0.2387,11.76,225.0,False,0.1747,7.69,243.7,False,1.3861,0.4768,0.343972,1d_transect
40,2026-03-25 02:00:00,0.6073,18.18,230.8,False,0.1383,12.5,258.2,False,0.0668,4.0,286.7,True,0.3833,0.6264,1.634267,1d_transect
40,2026-03-25 05:00:00,0.5984,18.18,232.4,False,0.1647,12.5,258.5,False,0.0657,4.17,297.1,True,0.364,0.6241,1.714851,1d_transect
40,2026-03-25 08:00:00,0.5934,16.67,233.2,False,0.2073,13.33,262.4,False,0.0745,4.0,291.8,True,0.3371,0.6329,1.877551,1d_transect
40,2026-03-25 11:00:00,0.5913,16.67,236.1,False,0.2673,13.33,263.4,False,0.1184,4.35,298.0,True,0.3053,0.6596,2.160269,1d_transect
40,2026-03-25 14:00:00,0.6561,16.67,228.9,False,0.249,13.33,262.3,False,0.1156,4.76,295.0,True,0.3985,0.7112,1.784716,1d_transect
40,2026-03-25 17:00:00,0.6846,16.67,228.7,False,0.2719,13.33,262.3,False,0.1869,5.56,292.3,True,0.4037,0.76,1.882598,1d_transect
40,2026-03-25 20:00:00,0.7423,16.67,228.6,False,0.2976,13.33,261.1,False,0.3024,6.67,285.6,False,0.4036,0.855,2.118267,1d_transect
40,2026-03-25 23:00:00,0.8949,16.67,228.3,False,0.2187,12.5,266.3,False,0.5255,7.69,283.3,False,0.3897,1.0606,2.72127,1d_transect
40,2026-03-26 02:00:00,0.9372,16.67,230.5,False,0.7367,9.09,277.9,False,,,,,0.3772,1.1921,3.16032,1d_transect
40,2026-03-26 05:00:00,0.6762,15.38,244.1,False,1.0331,9.87,276.6,False,,,,,0.2894,1.2347,4.26665,1d_transect
40,2026-03-26 08:00:00,0.6465,15.38,241.7,False,1.0714,9.87,274.0,False,,,,,0.2806,1.2514,4.459476,1d_transect
40,2026-03-26 11:00:00,0.5887,15.38,241.5,False,1.0281,10.53,276.5,False,,,,,0.2752,1.1847,4.304728,1d_transect
40,2026-03-26 14:00:00,1.0961,10.53,270.3,False,,,,,,,,,0.2238,1.0961,4.897522,1d_transect
40,2026-03-26 17:00:00,1.0063,10.53,276.5,False,,,,,,,,,0.2049,1.0063,4.911989,1d_transect
40,2026-03-26 20:00:00,0.9469,10.53,271.0,False,,,,,,,,,0.1904,0.9469,4.971961,1d_transect
40,2026-03-26 23:00:00,0.9144,10.53,276.4,False,,,,,,,,,0.1855,0.9144,4.929931,1d_transect
40,2026-03-27 02:00:00,0.8974,10.53,270.2,False,,,,,,,,,0.0979,0.8974,9.162964,1d_transect
40,2026-03-27 05:00:00,0.8616,11.76,270.9,False,,,,,,,,,0.1045,0.8616,8.24384,1d_transect
40,2026-03-27 08:00:00,0.8191,10.53,268.9,False,,,,,,,,,0.0921,0.8191,8.898479,1d_transect
40,2026-03-27 11:00:00,0.6388,18.18,231.7,False,0.4685,10.53,276.1,False,,,,,0.142,0.7921,5.578095,1d_transect
40,2026-03-27 14:00:00,0.7748,10.53,271.9,False,,,,,,,,,0.0859,0.7748,9.022331,1d_transect
40,2026-03-27 17:00:00,0.7561,10.53,275.8,False,,,,,,,,,0.0865,0.7561,8.737173,1d_transect
40,2026-03-27 20:00:00,0.7501,11.76,269.4,False,,,,,,,,,0.0989,0.7501,7.581057,1d_transect
40,2026-03-27 23:00:00,0.5178,12.5,266.2,False,0.5464,10.53,276.5,False,,,,,0.1677,0.7528,4.48792,1d_transect
40,2026-03-28 02:00:00,0.5453,12.5,264.6,False,0.5495,10.53,271.3,False,,,,,0.1748,0.7741,4.429877,1d_transect
40,2026-03-28 05:00:00,0.5421,12.5,265.1,False,0.58,10.53,276.8,False,,,,,0.1757,0.7938,4.519275,1d_transect
40,2026-03-28 08:00:00,0.5235,14.29,249.0,False,0.3572,12.5,265.0,False,0.4934,10.53,271.7,False,0.2107,0.8032,3.812451,1d_transect
40,2026-03-28 11:00:00,0.474,14.29,250.4,False,0.5179,10.53,277.2,False,0.3575,12.5,265.1,False,0.1931,0.7878,4.079281,1d_transect
40,2026-03-28 14:00:00,0.5177,12.5,265.9,False,0.5598,10.53,266.7,False,,,,,0.1634,0.7625,4.66681,1d_transect
40,2026-03-28 17:00:00,0.6192,13.33,249.2,False,0.3935,10.53,276.4,False,,,,,0.2075,0.7337,3.536441,1d_transect
40,2026-03-28 20:00:00,0.6092,13.33,250.0,False,0.3688,10.53,265.7,False,,,,,0.1981,0.7121,3.595382,1d_transect
40,2026-03-28 23:00:00,0.5824,13.33,251.4,False,0.3882,9.87,277.6,False,,,,,0.1676,0.7,4.1768,1d_transect
40,2026-03-29 02:00:00,0.5613,13.33,247.6,False,0.3348,9.87,249.6,False,0.2455,7.69,280.8,False,0.1999,0.6981,3.492617,1d_transect
40,2026-03-29 05:00:00,0.5982,13.33,248.0,False,0.1975,9.87,277.9,False,0.2536,7.69,286.4,False,0.1799,0.6791,3.774921,1d_transect
40,2026-03-29 08:00:00,0.538,13.33,247.3,False,0.3235,9.87,247.2,False,0.1955,6.25,277.8,False,0.1917,0.6575,3.430818,1d_transect
40,2026-03-29 11:00:00,0.5758,13.33,245.7,False,0.1908,9.87,277.1,False,0.1981,6.25,285.4,False,0.1718,0.6381,3.71421,1d_transect
40,2026-03-29 14:00:00,0.3002,18.18,228.4,False,0.4909,13.33,249.9,False,0.2397,9.87,249.1,False,0.1961,0.6233,3.178492,1d_transect
40,2026-03-29 17:00:00,0.3347,18.18,227.9,False,0.4917,13.33,249.3,False,0.1338,9.87,277.0,False,0.1889,0.6097,3.228245,1d_transect
40,2026-03-29 20:00:00,0.3421,18.18,227.9,False,0.4729,13.33,248.0,False,0.1186,9.09,256.1,False,0.1932,0.5956,3.082473,1d_transect
40,2026-03-29 23:00:00,0.3817,18.18,231.3,False,0.4191,12.5,247.3,False,0.1126,9.09,280.6,False,0.1858,0.578,3.110917,1d_transect
40,2026-03-30 02:00:00,0.3829,18.18,232.0,False,0.3927,12.5,247.7,False,0.1014,9.09,280.2,False,0.1849,0.5577,3.015646,1d_transect
40,2026-03-30 05:00:00,0.3646,18.18,231.8,False,0.3807,12.5,247.2,False,0.127,4.76,294.4,True,0.1981,0.5422,2.736777,1d_transect
40,2026-03-30 08:00:00,0.3572,16.67,230.8,False,0.3739,12.5,245.5,False,0.1018,4.76,295.4,True,0.1888,0.527,2.79082,1d_transect
40,2026-03-30 11:00:00,0.3546,16.67,231.3,False,0.3623,12.5,242.4,False,0.0687,4.55,294.4,True,0.218,0.5116,2.347008,1d_transect
40,2026-03-30 14:00:00,0.3275,16.67,232.0,False,0.3729,12.5,238.2,False,0.0487,4.35,294.1,True,0.2452,0.4987,2.033766,1d_transect
40,2026-03-30 17:00:00,0.3056,16.67,232.7,False,0.3774,11.76,234.8,False,0.0349,4.17,294.5,True,0.2701,0.4868,1.80267,1d_transect
40,2026-03-30 20:00:00,0.3147,16.67,233.3,False,0.3564,11.76,230.8,False,0.0285,4.0,294.3,True,0.2674,0.4763,1.781099,1d_transect
40,2026-03-30 23:00:00,0.2821,16.67,234.1,False,0.3688,11.76,227.1,False,0.0318,2.94,283.0,True,0.3005,0.4654,1.548589,1d_transect
40,2026-03-31 02:00:00,0.281,16.67,235.3,False,0.3515,11.76,224.4,False,0.0742,8.33,242.6,False,0.2778,0.4561,1.641964,1d_transect
40,2026-03-31 05:00:00,0.3033,15.38,234.7,False,0.3344,11.76,223.7,False,0.0328,8.33,266.3,False,0.2981,0.4527,1.518386,1d_transect
40,2026-03-31 08:00:00,0.3333,15.38,235.9,False,0.3078,11.76,226.1,False,0.0902,7.69,245.9,False,0.2393,0.4626,1.933021,1d_transect
40,2026-03-31 11:00:00,0.301,15.38,236.1,False,0.3231,11.76,225.4,False,0.0842,3.03,223.8,True,0.2734,0.4495,1.644096,1d_transect
40,2026-03-31 14:00:00,0.3895,15.38,237.1,False,0.3132,11.76,225.0,False,0.1179,7.69,243.7,False,0.2481,0.5135,2.070087,1d_transect
39,2026-03-25 02:00:00,0.7613,18.18,230.8,False,0.5774,12.5,258.2,False,0.3188,4.0,286.7,True,1.4379,1.0073,0.700528,1d_transect
39,2026-03-25 05:00:00,0.7471,18.18,232.4,False,0.6851,12.5,258.5,False,0.3054,4.17,297.1,True,1.446,1.0587,0.732143,1d_transect
39,2026-03-25 08:00:00,0.7641,16.67,233.2,False,0.7969,13.33,262.4,False,0.33,4.0,291.8,True,1.5174,1.1523,0.759361,1d_transect
39,2026-03-25 11:00:00,0.7911,16.67,236.1,False,0.9149,13.33,263.4,False,0.4641,4.35,298.0,True,1.6648,1.2955,0.778163,1d_transect
39,2026-03-25 14:00:00,0.808,16.67,228.9,False,1.0639,13.33,262.3,False,0.5656,4.76,295.0,True,1.8081,1.4508,0.802351,1d_transect
39,2026-03-25 17:00:00,0.8638,16.67,228.7,False,1.1904,13.33,262.3,False,0.9434,5.56,292.3,True,2.015,1.7473,0.867148,1d_transect
39,2026-03-25 20:00:00,0.8675,16.67,228.6,False,1.2066,13.33,261.1,False,1.5568,6.67,285.6,False,2.3816,2.1522,0.903669,1d_transect
39,2026-03-25 23:00:00,0.7851,16.67,228.3,False,2.1525,7.69,283.3,False,0.759,12.5,266.3,False,2.7697,2.4137,0.871463,1d_transect
39,2026-03-26 02:00:00,0.7653,16.67,230.5,False,2.4152,9.09,277.9,False,,,,,3.1261,2.5335,0.810458,1d_transect
39,2026-03-26 05:00:00,2.6168,9.87,276.6,False,0.6265,15.38,244.1,False,,,,,3.1829,2.6908,0.845374,1d_transect
39,2026-03-26 08:00:00,2.6445,9.87,274.0,False,0.583,15.38,241.7,False,,,,,3.1492,2.708,0.859893,1d_transect
39,2026-03-26 11:00:00,2.5172,10.53,276.5,False,0.5478,15.38,241.5,False,,,,,3.0078,2.5761,0.856495,1d_transect
39,2026-03-26 14:00:00,2.3996,10.53,270.3,False,,,,,,,,,2.7574,2.3996,0.87022,1d_transect
39,2026-03-26 17:00:00,2.2195,10.53,276.5,False,,,,,,,,,2.5211,2.2195,0.880387,1d_transect
39,2026-03-26 20:00:00,2.1443,10.53,271.0,False,,,,,,,,,2.3465,2.1443,0.91384,1d_transect
39,2026-03-26 23:00:00,2.1516,10.53,276.4,False,,,,,,,,,2.2824,2.1516,0.942704,1d_transect
39,2026-03-27 02:00:00,2.1137,10.53,270.2,False,,,,,,,,,1.2067,2.1137,1.751631,1d_transect
39,2026-03-27 05:00:00,2.0073,11.76,270.9,False,,,,,,,,,1.2231,2.0073,1.641146,1d_transect
39,2026-03-27 08:00:00,1.8991,10.53,268.9,False,,,,,,,,,1.1529,1.8991,1.647212,1d_transect
39,2026-03-27 11:00:00,1.7429,10.53,276.1,False,0.5648,18.18,231.7,False,,,,,1.0864,1.8321,1.686418,1d_transect
39,2026-03-27 14:00:00,1.7777,10.53,271.9,False,,,,,,,,,1.0581,1.7777,1.680055,1d_transect
39,2026-03-27 17:00:00,1.7624,10.53,275.8,False,,,,,,,,,1.065,1.7624,1.654854,1d_transect
39,2026-03-27 20:00:00,1.795,11.76,269.4,False,,,,,,,,,1.1625,1.795,1.544091,1d_transect
39,2026-03-27 23:00:00,1.1956,12.5,266.2,False,1.4328,10.53,276.5,False,,,,,1.9514,1.8661,0.956297,1d_transect
39,2026-03-28 02:00:00,1.2617,12.5,264.6,False,1.4914,10.53,271.3,False,,,,,2.0018,1.9535,0.975896,1d_transect
39,2026-03-28 05:00:00,1.2724,12.5,265.1,False,1.5461,10.53,276.8,False,,,,,2.0453,2.0023,0.979004,1d_transect
39,2026-03-28 08:00:00,1.5567,10.53,271.7,False,0.8106,14.29,249.0,False,0.9607,12.5,265.0,False,2.0495,2.0008,0.976265,1d_transect
39,2026-03-28 11:00:00,1.5044,10.53,277.2,False,0.7865,14.29,250.4,False,0.9145,12.5,265.1,False,2.0024,1.9282,0.962939,1d_transect
39,2026-03-28 14:00:00,1.1372,12.5,265.9,False,1.4214,10.53,266.7,False,,,,,1.9241,1.8203,0.946088,1d_transect
39,2026-03-28 17:00:00,1.1036,13.33,249.2,False,1.3015,10.53,276.4,False,,,,,1.7952,1.7064,0.950537,1d_transect
39,2026-03-28 20:00:00,1.0685,13.33,250.0,False,1.2219,10.53,265.7,False,,,,,1.7066,1.6232,0.951079,1d_transect
39,2026-03-28 23:00:00,1.0815,13.33,251.4,False,1.1814,9.87,277.6,False,,,,,1.611,1.6017,0.99419,1d_transect
39,2026-03-29 02:00:00,1.0497,13.33,247.6,False,0.7197,9.87,249.6,False,0.8855,7.69,280.8,False,1.5741,1.5505,0.985008,1d_transect
39,2026-03-29 05:00:00,0.9878,13.33,248.0,False,0.6289,9.87,277.9,False,0.8082,7.69,286.4,False,1.5134,1.4228,0.94016,1d_transect
39,2026-03-29 08:00:00,0.9509,13.33,247.3,False,0.6574,9.87,247.2,False,0.6177,6.25,277.8,False,1.4333,1.3107,0.914491,1d_transect
39,2026-03-29 11:00:00,0.9179,13.33,245.7,False,0.5864,9.87,277.1,False,0.5746,6.25,285.4,False,1.3792,1.2315,0.892884,1d_transect
39,2026-03-29 14:00:00,0.9902,13.33,249.9,False,0.2361,18.18,228.4,False,0.5558,9.87,249.1,False,1.1995,1.1598,0.966897,1d_transect
39,2026-03-29 17:00:00,0.947,13.33,249.3,False,0.2514,18.18,227.9,False,0.4968,9.87,277.0,False,1.1715,1.0985,0.93764,1d_transect
39,2026-03-29 20:00:00,0.9561,13.33,248.0,False,0.2696,18.18,227.9,False,0.4417,9.09,256.1,False,1.1567,1.0871,0.939803,1d_transect
39,2026-03-29 23:00:00,0.8941,12.5,247.3,False,0.3321,18.18,231.3,False,0.4357,9.09,280.6,False,1.1329,1.0485,0.925538,1d_transect
39,2026-03-30 02:00:00,0.8339,12.5,247.7,False,0.3316,18.18,232.0,False,0.3906,9.09,280.2,False,1.0958,0.9788,0.893225,1d_transect
39,2026-03-30 05:00:00,0.7553,12.5,247.2,False,0.295,18.18,231.8,False,0.3849,4.76,294.4,True,1.1852,0.8975,0.757318,1d_transect
39,2026-03-30 08:00:00,0.7094,12.5,245.5,False,0.301,16.67,230.8,False,0.293,4.76,295.4,True,1.1162,0.8245,0.738633,1d_transect
39,2026-03-30 11:00:00,0.6484,12.5,242.4,False,0.3469,16.67,231.3,False,0.2313,4.55,294.4,True,1.069,0.7709,0.721152,1d_transect
39,2026-03-30 14:00:00,0.3624,16.67,232.0,False,0.6032,12.5,238.2,False,0.1855,4.35,294.1,True,1.0296,0.7277,0.706784,1d_transect
39,2026-03-30 17:00:00,0.3754,16.67,232.7,False,0.5527,11.76,234.8,False,0.1474,4.17,294.5,True,0.9835,0.6842,0.695693,1d_transect
39,2026-03-30 20:00:00,0.3774,16.67,233.3,False,0.5093,11.76,230.8,False,0.1178,4.0,294.3,True,0.9612,0.6447,0.670805,1d_transect
39,2026-03-30 23:00:00,0.3736,16.67,234.1,False,0.4667,11.76,227.1,False,0.1473,2.94,283.0,True,0.9558,0.6157,0.644153,1d_transect
39,2026-03-31 02:00:00,0.4282,16.67,235.3,False,0.3609,11.76,224.4,False,0.1899,8.33,242.6,False,0.8779,0.5913,0.67354,1d_transect
39,2026-03-31 05:00:00,0.4198,15.38,234.7,False,0.3485,11.76,223.7,False,0.1797,8.33,266.3,False,0.9085,0.5744,0.632274,1d_transect
39,2026-03-31 08:00:00,0.4512,15.38,235.9,False,0.3212,11.76,226.1,False,0.2332,7.69,245.9,False,0.9064,0.6009,0.662986,1d_transect
39,2026-03-31 11:00:00,0.5108,15.38,236.1,False,0.4226,11.76,225.4,False,0.0918,3.03,223.8,True,0.9468,0.6693,0.706857,1d_transect
39,2026-03-31 14:00:00,0.604,15.38,237.1,False,0.3745,11.76,225.0,False,0.2871,7.69,243.7,False,0.9423,0.7664,0.813411,1d_transect
38,2026-03-25 02:00:00,0.4304,12.5,281.1,False,0.1845,16.67,219.2,False,0.1252,3.57,316.4,True,1.9867,0.4848,0.244006,1d_transect
38,2026-03-25 05:00:00,0.4458,12.5,284.8,False,0.209,16.67,227.4,False,0.1125,3.85,320.3,True,2.1406,0.5051,0.235942,1d_transect
38,2026-03-25 08:00:00,0.5084,12.5,290.2,False,0.1978,4.0,301.9,True,,,,,2.4526,0.5455,0.222438,1d_transect
38,2026-03-25 11:00:00,0.5883,12.5,294.2,False,0.1829,4.35,311.2,True,,,,,2.628,0.6161,0.23442,1d_transect
38,2026-03-25 14:00:00,0.6352,11.76,294.8,False,0.251,4.76,315.6,True,,,,,2.8555,0.683,0.239201,1d_transect
38,2026-03-25 17:00:00,0.8649,11.11,294.7,False,0.5066,6.25,320.3,False,,,,,3.1246,1.0023,0.320793,1d_transect
38,2026-03-25 20:00:00,0.7971,11.11,302.0,False,0.9561,7.69,313.6,False,,,,,3.8132,1.2448,0.32645,1d_transect
38,2026-03-25 23:00:00,1.2823,8.33,316.3,False,,,,,,,,,3.5908,1.2823,0.357109,1d_transect
38,2026-03-26 02:00:00,1.3095,9.09,318.1,False,,,,,,,,,4.0014,1.3095,0.327266,1d_transect
38,2026-03-26 05:00:00,1.3476,9.09,314.5,False,,,,,,,,,4.77,1.3476,0.282517,1d_transect
38,2026-03-26 08:00:00,1.3338,9.09,318.8,False,,,,,,,,,4.1256,1.3338,0.323305,1d_transect
38,2026-03-26 11:00:00,1.2428,9.87,315.7,False,,,,,,,,,3.874,1.2428,0.320796,1d_transect
38,2026-03-26 14:00:00,1.1469,9.87,312.1,False,,,,,,,,,3.9861,1.1469,0.287726,1d_transect
38,2026-03-26 17:00:00,1.0588,9.87,313.2,False,,,,,,,,,3.6904,1.0588,0.286896,1d_transect
38,2026-03-26 20:00:00,1.0226,9.87,314.7,False,,,,,,,,,3.6186,1.0226,0.282583,1d_transect
38,2026-03-26 23:00:00,1.0066,9.87,314.9,False,,,,,,,,,3.5275,1.0066,0.285362,1d_transect
38,2026-03-27 02:00:00,0.9551,9.87,319.3,False,,,,,,,,,2.9892,0.9551,0.319513,1d_transect
38,2026-03-27 05:00:00,0.8932,10.53,314.8,False,0.069,18.18,208.8,False,,,,,3.2457,0.8958,0.276011,1d_transect
38,2026-03-27 08:00:00,0.8414,9.87,316.5,False,0.1138,18.18,221.6,False,,,,,2.6276,0.849,0.323115,1d_transect
38,2026-03-27 11:00:00,0.8125,9.87,316.4,False,0.1365,18.18,232.3,False,,,,,2.5434,0.8239,0.323946,1d_transect
38,2026-03-27 14:00:00,0.8019,9.87,318.3,False,,,,,,,,,2.4547,0.8019,0.326666,1d_transect
38,2026-03-27 17:00:00,0.7612,9.87,316.8,False,0.2223,16.67,247.7,False,,,,,2.5235,0.793,0.314255,1d_transect
38,2026-03-27 20:00:00,0.8111,9.87,318.1,False,,,,,,,,,2.5479,0.8111,0.318342,1d_transect
38,2026-03-27 23:00:00,0.8676,9.87,316.1,False,,,,,,,,,2.6592,0.8676,0.326251,1d_transect
38,2026-03-28 02:00:00,0.9113,10.53,314.9,False,,,,,,,,,3.2244,0.9113,0.282614,1d_transect
38,2026-03-28 05:00:00,0.9182,10.53,314.9,False,,,,,,,,,3.3062,0.9182,0.277721,1d_transect
38,2026-03-28 08:00:00,0.8186,9.87,319.1,False,0.3836,14.29,290.7,False,,,,,2.946,0.904,0.306866,1d_transect
38,2026-03-28 11:00:00,0.3818,14.29,288.3,False,0.7706,9.87,318.2,False,,,,,2.8175,0.86,0.305245,1d_transect
38,2026-03-28 14:00:00,0.723,9.87,314.3,False,0.3357,14.29,276.4,False,,,,,2.9177,0.7972,0.273221,1d_transect
38,2026-03-28 17:00:00,0.3743,14.29,275.4,False,0.6425,9.87,314.3,False,,,,,2.8353,0.7436,0.262246,1d_transect
38,2026-03-28 20:00:00,0.3563,14.29,274.2,False,0.6297,9.87,314.6,False,,,,,2.8097,0.7235,0.257499,1d_transect
38,2026-03-28 23:00:00,0.3936,13.33,281.5,False,0.6242,8.33,318.1,False,,,,,2.4791,0.7379,0.297653,1d_transect
38,2026-03-29 02:00:00,0.3881,13.33,268.4,False,0.5141,8.33,312.8,False,0.3239,9.87,304.8,False,2.6481,0.721,0.272263,1d_transect
38,2026-03-29 05:00:00,0.5728,13.33,268.2,False,0.36,9.87,303.5,False,,,,,1.786,0.6766,0.378815,1d_transect
38,2026-03-29 08:00:00,0.3632,13.33,264.1,False,0.5249,9.87,303.6,False,,,,,2.5527,0.6383,0.250055,1d_transect
38,2026-03-29 11:00:00,0.35,13.33,259.1,False,0.4967,9.09,304.1,False,,,,,2.4082,0.6076,0.252307,1d_transect
38,2026-03-29 14:00:00,0.3495,13.33,266.4,False,0.4637,9.09,304.7,False,,,,,2.3238,0.5807,0.249888,1d_transect
38,2026-03-29 17:00:00,0.3232,13.33,262.2,False,0.4713,9.09,303.3,False,0.041,18.18,216.7,False,2.3498,0.573,0.243839,1d_transect
38,2026-03-29 20:00:00,0.4214,13.33,255.4,False,0.339,9.09,303.7,False,0.2599,5.56,320.8,True,1.8955,0.6,0.316524,1d_transect
38,2026-03-29 23:00:00,0.4174,12.5,257.6,False,0.3205,9.09,304.8,False,0.2335,5.26,322.6,True,1.8119,0.5757,0.317734,1d_transect
38,2026-03-30 02:00:00,0.4146,12.5,259.7,False,0.285,9.09,305.1,False,0.1733,5.56,326.6,True,1.6295,0.5321,0.326555,1d_transect
38,2026-03-30 05:00:00,0.3167,12.5,257.7,False,0.343,9.09,304.3,False,0.0707,18.18,221.3,False,1.8043,0.4721,0.261687,1d_transect
38,2026-03-30 08:00:00,0.414,12.5,253.2,False,0.0652,16.67,221.2,False,,,,,1.8134,0.4191,0.231133,1d_transect
38,2026-03-30 11:00:00,0.3786,12.5,245.6,False,0.071,16.67,221.9,False,,,,,1.6663,0.3852,0.231186,1d_transect
38,2026-03-30 14:00:00,0.3486,12.5,235.4,False,0.0804,16.67,223.2,False,,,,,1.4692,0.3578,0.243526,1d_transect
38,2026-03-30 17:00:00,0.3179,11.76,230.6,False,0.1108,16.67,225.8,False,,,,,1.3362,0.3366,0.251925,1d_transect
38,2026-03-30 20:00:00,0.1241,16.67,230.6,False,0.1809,11.76,220.7,False,0.2351,8.33,302.7,False,1.2818,0.3215,0.25084,1d_transect
38,2026-03-30 23:00:00,0.1362,16.67,237.3,False,0.1587,11.76,215.0,False,0.2338,8.33,303.5,False,1.2643,0.3137,0.248095,1d_transect
38,2026-03-31 02:00:00,0.2185,16.67,246.6,False,0.1647,11.11,210.4,False,0.1319,8.33,301.3,False,0.9746,0.3037,0.311639,1d_transect
38,2026-03-31 05:00:00,0.1924,16.67,251.9,False,0.138,11.11,211.3,False,0.1761,8.33,278.9,False,1.1587,0.2951,0.254689,1d_transect
38,2026-03-31 08:00:00,0.1953,15.38,243.1,False,0.1776,11.11,212.2,False,0.166,5.26,236.8,True,1.1756,0.3118,0.265224,1d_transect
38,2026-03-31 11:00:00,0.2288,15.38,245.3,False,0.2211,11.11,211.1,False,0.0,3.23,150.3,True,1.1162,0.3181,0.285031,1d_transect
38,2026-03-31 14:00:00,0.248,15.38,249.7,False,0.1653,11.11,200.6,False,0.2791,6.25,230.8,False,1.3877,0.4083,0.294256,1d_transect
54,2026-03-25 02:00:00,0.6497,16.67,222.4,False,0.9777,11.11,308.9,False,0.6244,5.26,335.7,True,1.5331,1.3296,0.867256,1d_transect
54,2026-03-25 05:00:00,0.7537,16.67,220.3,False,0.908,11.11,305.1,False,0.665,4.76,333.2,True,1.5355,1.3545,0.882105,1d_transect
54,2026-03-25 08:00:00,0.8682,16.67,216.9,False,0.8821,11.11,307.6,False,0.516,12.5,289.3,False,1.3325,1.341,1.00636,1d_transect
54,2026-03-25 11:00:00,1.0928,15.38,266.5,False,0.8257,5.26,314.2,True,,,,,1.7992,1.3697,0.761276,1d_transect
54,2026-03-25 14:00:00,1.0969,13.33,291.0,False,0.8997,5.56,328.2,True,,,,,1.8318,1.4187,0.774489,1d_transect
54,2026-03-25 17:00:00,1.1167,12.5,295.7,False,1.0541,5.88,321.5,True,,,,,2.0063,1.5357,0.765421,1d_transect
54,2026-03-25 20:00:00,1.2054,12.5,296.5,False,1.1196,6.25,325.1,False,,,,,2.1685,1.6452,0.75868,1d_transect
54,2026-03-25 23:00:00,1.087,11.76,298.6,False,1.4186,7.14,316.3,False,,,,,2.5912,1.7872,0.689722,1d_transect
54,2026-03-26 02:00:00,1.9584,8.33,308.2,False,,,,,,,,,3.0328,1.9584,0.645746,1d_transect
54,2026-03-26 05:00:00,2.2203,9.09,309.9,False,,,,,,,,,3.4617,2.2203,0.641387,1d_transect
54,2026-03-26 08:00:00,2.4794,9.87,306.4,False,,,,,,,,,3.5381,2.4794,0.70077,1d_transect
54,2026-03-26 11:00:00,2.5805,9.87,310.2,False,,,,,,,,,3.4021,2.5805,0.758511,1d_transect
54,2026-03-26 14:00:00,2.5364,9.87,306.5,False,,,,,,,,,3.3061,2.5364,0.767187,1d_transect
54,2026-03-26 17:00:00,2.4023,10.53,310.2,False,,,,,,,,,3.2871,2.4023,0.730809,1d_transect
54,2026-03-26 20:00:00,2.2923,10.53,310.1,False,,,,,,,,,3.1261,2.2923,0.733296,1d_transect
54,2026-03-26 23:00:00,2.1869,10.53,310.8,False,,,,,,,,,2.885,2.1869,0.758045,1d_transect
54,2026-03-27 02:00:00,2.0293,10.53,311.7,False,,,,,,,,,2.7109,2.0293,0.748573,1d_transect
54,2026-03-27 05:00:00,1.8843,10.53,313.6,False,,,,,,,,,2.6315,1.8843,0.716061,1d_transect
54,2026-03-27 08:00:00,1.8093,10.53,313.0,False,,,,,,,,,2.5546,1.8093,0.708251,1d_transect
54,2026-03-27 11:00:00,1.7366,10.53,314.2,False,0.2412,18.18,220.9,False,,,,,2.443,1.7533,0.71768,1d_transect
54,2026-03-27 14:00:00,1.6872,10.53,308.5,False,,,,,,,,,2.3554,1.6872,0.716308,1d_transect
54,2026-03-27 17:00:00,1.6361,10.53,309.6,False,,,,,,,,,2.2857,1.6361,0.715783,1d_transect
54,2026-03-27 20:00:00,1.607,10.53,310.4,False,,,,,,,,,2.2135,1.607,0.726002,1d_transect
54,2026-03-27 23:00:00,1.6174,9.87,310.9,False,,,,,,,,,2.1321,1.6174,0.758591,1d_transect
54,2026-03-28 02:00:00,1.6325,9.87,311.7,False,,,,,,,,,2.1708,1.6325,0.751992,1d_transect
54,2026-03-28 05:00:00,1.6518,10.53,310.1,False,,,,,,,,,2.2635,1.6518,0.729745,1d_transect
54,2026-03-28 08:00:00,1.6702,11.11,311.7,False,,,,,,,,,2.3334,1.6702,0.715771,1d_transect
54,2026-03-28 11:00:00,1.5717,11.11,311.1,False,0.6156,14.29,290.5,False,,,,,2.3764,1.688,0.71032,1d_transect
54,2026-03-28 14:00:00,1.5875,11.11,309.3,False,0.6044,14.29,272.6,False,,,,,2.3902,1.6986,0.71066,1d_transect
54,2026-03-28 17:00:00,1.5763,11.11,308.9,False,0.5956,14.29,275.4,False,,,,,2.328,1.6851,0.723819,1d_transect
54,2026-03-28 20:00:00,1.4976,11.11,309.2,False,0.6864,13.33,275.5,False,,,,,2.2309,1.6474,0.738461,1d_transect
54,2026-03-28 23:00:00,1.4274,10.53,310.8,False,0.6945,13.33,277.4,False,,,,,2.0547,1.5874,0.772576,1d_transect
54,2026-03-29 02:00:00,1.3637,10.53,307.7,False,0.6698,13.33,264.9,False,,,,,1.9722,1.5194,0.770369,1d_transect
54,2026-03-29 05:00:00,1.2933,9.87,307.3,False,0.6687,13.33,268.0,False,,,,,1.8343,1.456,0.793755,1d_transect
54,2026-03-29 08:00:00,0.7291,13.33,268.9,False,1.1953,9.87,307.6,False,,,,,1.7802,1.4001,0.786489,1d_transect
54,2026-03-29 11:00:00,0.7753,13.33,267.2,False,1.0999,9.87,306.2,False,,,,,1.7129,1.3457,0.785654,1d_transect
54,2026-03-29 14:00:00,0.7603,13.33,274.7,False,1.0446,9.87,307.9,False,,,,,1.6248,1.292,0.795228,1d_transect
54,2026-03-29 17:00:00,0.736,13.33,272.4,False,0.9902,9.87,305.7,False,0.1403,18.18,218.8,False,1.5444,1.2417,0.804,1d_transect
54,2026-03-29 20:00:00,0.7117,13.33,267.4,False,0.9493,9.09,308.5,False,0.146,18.18,219.6,False,1.4821,1.1954,0.806548,1d_transect
54,2026-03-29 23:00:00,0.6776,13.33,266.4,False,0.9246,9.09,307.6,False,0.1499,18.18,220.7,False,1.4494,1.1561,0.797608,1d_transect
54,2026-03-30 02:00:00,0.6829,12.5,258.8,False,0.8751,9.09,306.8,False,0.1528,18.18,221.5,False,1.3943,1.1204,0.80357,1d_transect
54,2026-03-30 05:00:00,0.698,12.5,260.0,False,0.8022,9.09,306.0,False,0.2031,16.67,220.2,False,1.3359,1.0825,0.810321,1d_transect
54,2026-03-30 08:00:00,0.6827,12.5,259.1,False,0.768,9.09,305.0,False,0.2174,16.67,220.4,False,1.2784,1.0503,0.821575,1d_transect
54,2026-03-30 11:00:00,0.7749,12.5,256.4,False,0.2707,16.67,221.7,False,0.592,9.09,303.5,False,1.0478,1.012,0.965878,1d_transect
54,2026-03-30 14:00:00,0.9373,12.5,252.4,False,0.2705,16.67,223.3,False,,,,,1.0707,0.9756,0.911169,1d_transect
54,2026-03-30 17:00:00,0.8846,11.76,243.6,False,0.3077,16.67,225.1,False,,,,,1.1342,0.9366,0.825781,1d_transect
54,2026-03-30 20:00:00,0.8292,11.76,236.1,False,0.3239,16.67,227.5,False,,,,,1.0819,0.8903,0.822871,1d_transect
54,2026-03-30 23:00:00,0.7778,11.11,216.7,False,0.3296,16.67,232.5,False,,,,,1.0656,0.8447,0.792682,1d_transect
54,2026-03-31 02:00:00,0.3869,16.67,240.9,False,0.7121,11.11,213.1,False,,,,,1.0079,0.8104,0.804038,1d_transect
54,2026-03-31 05:00:00,0.4194,15.38,234.2,False,0.513,11.11,204.0,False,0.3708,8.33,285.0,False,0.91,0.7593,0.834401,1d_transect
54,2026-03-31 08:00:00,0.4286,15.38,237.5,False,0.4939,11.11,202.3,False,0.3723,8.33,287.5,False,0.9127,0.7525,0.824494,1d_transect
54,2026-03-31 11:00:00,0.424,15.38,242.1,False,0.5814,11.11,207.0,False,0.1682,2.44,200.1,True,0.9877,0.739,0.748152,1d_transect
54,2026-03-31 14:00:00,0.4497,15.38,247.0,False,0.5889,11.11,205.9,False,0.058,3.23,144.3,True,0.9642,0.7432,0.770794,1d_transect
53,2026-03-25 02:00:00,0.5755,16.67,222.4,False,0.855,11.11,308.9,False,0.4224,5.26,335.7,True,1.5853,1.1139,0.702662,1d_transect
53,2026-03-25 05:00:00,0.6735,16.67,220.3,False,0.8011,11.11,305.1,False,0.473,4.76,333.2,True,1.593,1.1486,0.721004,1d_transect
53,2026-03-25 08:00:00,0.7131,16.67,216.9,False,0.7238,11.11,307.6,False,0.4375,12.5,289.3,False,1.4461,1.1062,0.764943,1d_transect
53,2026-03-25 11:00:00,0.8984,15.38,266.5,False,0.6024,5.26,314.2,True,,,,,1.9393,1.0817,0.557781,1d_transect
53,2026-03-25 14:00:00,0.9332,13.33,291.0,False,0.6205,5.56,328.2,True,,,,,1.896,1.1206,0.59104,1d_transect
53,2026-03-25 17:00:00,0.9842,12.5,295.7,False,0.7803,5.88,321.5,True,,,,,2.074,1.2561,0.605611,1d_transect
53,2026-03-25 20:00:00,1.0898,12.5,296.5,False,0.8358,6.25,325.1,False,,,,,2.2304,1.3734,0.615761,1d_transect
53,2026-03-25 23:00:00,0.9877,11.76,298.6,False,1.142,7.14,316.3,False,,,,,2.7053,1.5099,0.558118,1d_transect
53,2026-03-26 02:00:00,1.6686,8.33,308.2,False,,,,,,,,,3.2302,1.6686,0.516566,1d_transect
53,2026-03-26 05:00:00,1.9145,9.09,309.9,False,,,,,,,,,3.7086,1.9145,0.516237,1d_transect
53,2026-03-26 08:00:00,2.123,9.87,306.4,False,,,,,,,,,3.7904,2.123,0.560087,1d_transect
53,2026-03-26 11:00:00,2.1842,9.87,310.2,False,,,,,,,,,3.5381,2.1842,0.617327,1d_transect
53,2026-03-26 14:00:00,2.1214,9.87,306.5,False,,,,,,,,,3.5419,2.1214,0.598944,1d_transect
53,2026-03-26 17:00:00,1.992,10.53,310.2,False,,,,,,,,,3.4329,1.992,0.580276,1d_transect
53,2026-03-26 20:00:00,1.9005,10.53,310.1,False,,,,,,,,,3.2647,1.9005,0.582138,1d_transect
53,2026-03-26 23:00:00,1.8288,10.53,310.8,False,,,,,,,,,3.0129,1.8288,0.607006,1d_transect
53,2026-03-27 02:00:00,1.7021,10.53,311.7,False,,,,,,,,,2.8312,1.7021,0.601198,1d_transect
53,2026-03-27 05:00:00,1.5632,10.53,313.6,False,,,,,,,,,2.7482,1.5632,0.56881,1d_transect
53,2026-03-27 08:00:00,1.4812,10.53,313.0,False,,,,,,,,,2.6679,1.4812,0.555204,1d_transect
53,2026-03-27 11:00:00,1.4166,10.53,314.2,False,0.2042,18.18,220.9,False,,,,,2.5531,1.4313,0.560598,1d_transect
53,2026-03-27 14:00:00,1.3899,10.53,308.5,False,,,,,,,,,2.5343,1.3899,0.548456,1d_transect
53,2026-03-27 17:00:00,1.3608,10.53,309.6,False,,,,,,,,,2.4593,1.3608,0.553317,1d_transect
53,2026-03-27 20:00:00,1.3289,10.53,310.4,False,,,,,,,,,2.3116,1.3289,0.574881,1d_transect
53,2026-03-27 23:00:00,1.3007,9.87,310.9,False,,,,,,,,,2.2173,1.3007,0.586604,1d_transect
53,2026-03-28 02:00:00,1.2802,9.87,311.7,False,,,,,,,,,2.2576,1.2802,0.567031,1d_transect
53,2026-03-28 05:00:00,1.272,10.53,310.1,False,,,,,,,,,2.3638,1.272,0.538127,1d_transect
53,2026-03-28 08:00:00,1.2672,11.11,311.7,False,,,,,,,,,2.4461,1.2672,0.51804,1d_transect
53,2026-03-28 11:00:00,1.1668,11.11,311.1,False,0.4846,14.29,290.5,False,,,,,2.5116,1.2635,0.503048,1d_transect
53,2026-03-28 14:00:00,1.1696,11.11,309.3,False,0.4624,14.29,272.6,False,,,,,2.5929,1.2577,0.485032,1d_transect
53,2026-03-28 17:00:00,1.1565,11.11,308.9,False,0.4535,14.29,275.4,False,,,,,2.5252,1.2422,0.491932,1d_transect
53,2026-03-28 20:00:00,1.0972,11.11,309.2,False,0.5215,13.33,275.5,False,,,,,2.4238,1.2148,0.501208,1d_transect
53,2026-03-28 23:00:00,1.0424,10.53,310.8,False,0.5436,13.33,277.4,False,,,,,2.1762,1.1756,0.540223,1d_transect
53,2026-03-29 02:00:00,1.0099,10.53,307.7,False,0.5159,13.33,264.9,False,,,,,2.1388,1.134,0.530206,1d_transect
53,2026-03-29 05:00:00,0.9648,9.87,307.3,False,0.5211,13.33,268.0,False,,,,,1.984,1.0965,0.552672,1d_transect
53,2026-03-29 08:00:00,0.5734,13.33,268.9,False,0.8998,9.87,307.6,False,,,,,1.9306,1.0669,0.552636,1d_transect
53,2026-03-29 11:00:00,0.6164,13.33,267.2,False,0.8371,9.87,306.2,False,,,,,1.8626,1.0396,0.558114,1d_transect
53,2026-03-29 14:00:00,0.6133,13.33,274.7,False,0.8065,9.87,307.9,False,,,,,1.768,1.0132,0.573088,1d_transect
53,2026-03-29 17:00:00,0.5987,13.33,272.4,False,0.7709,9.87,305.7,False,0.1092,18.18,218.8,False,1.681,0.9822,0.584312,1d_transect
53,2026-03-29 20:00:00,0.5822,13.33,267.4,False,0.7434,9.09,308.5,False,0.1144,18.18,219.6,False,1.6133,0.9511,0.589549,1d_transect
53,2026-03-29 23:00:00,0.5566,13.33,266.4,False,0.727,9.09,307.6,False,0.1192,18.18,220.7,False,1.5773,0.9234,0.585416,1d_transect
53,2026-03-30 02:00:00,0.5592,12.5,258.8,False,0.6865,9.09,306.8,False,0.1213,18.18,221.5,False,1.5187,0.8937,0.588457,1d_transect
53,2026-03-30 05:00:00,0.5699,12.5,260.0,False,0.6284,9.09,306.0,False,0.1624,16.67,220.2,False,1.4577,0.8637,0.592526,1d_transect
53,2026-03-30 08:00:00,0.5588,12.5,259.1,False,0.6023,9.09,305.0,False,0.174,16.67,220.4,False,1.3964,0.8399,0.601426,1d_transect
53,2026-03-30 11:00:00,0.6246,12.5,256.4,False,0.2133,16.67,221.7,False,0.4706,9.09,303.5,False,1.1643,0.8106,0.69623,1d_transect
53,2026-03-30 14:00:00,0.7551,12.5,252.4,False,0.2134,16.67,223.3,False,,,,,1.1936,0.7847,0.657375,1d_transect
53,2026-03-30 17:00:00,0.7161,11.76,243.6,False,0.2474,16.67,225.1,False,,,,,1.259,0.7576,0.601771,1d_transect
53,2026-03-30 20:00:00,0.6786,11.76,236.1,False,0.2608,16.67,227.5,False,,,,,1.2107,0.727,0.600469,1d_transect
53,2026-03-30 23:00:00,0.6442,11.11,216.7,False,0.2719,16.67,232.5,False,,,,,1.1872,0.6992,0.588958,1d_transect
53,2026-03-31 02:00:00,0.3291,16.67,240.9,False,0.597,11.11,213.1,False,,,,,1.1147,0.6818,0.611586,1d_transect
53,2026-03-31 05:00:00,0.371,15.38,234.2,False,0.4195,11.11,204.0,False,0.3231,8.33,285.0,False,0.9751,0.6465,0.662995,1d_transect
53,2026-03-31 08:00:00,0.3892,15.38,237.5,False,0.4133,11.11,202.3,False,0.3225,8.33,287.5,False,0.974,0.653,0.670368,1d_transect
53,2026-03-31 11:00:00,0.3824,15.38,242.1,False,0.501,11.11,207.0,False,0.1328,2.44,200.1,True,1.0683,0.6441,0.602896,1d_transect
53,2026-03-31 14:00:00,0.4065,15.38,247.0,False,0.508,11.11,205.9,False,0.0237,3.23,144.3,True,1.0471,0.6511,0.621846,1d_transect
52,2026-03-25 02:00:00,0.502,16.67,222.4,False,0.4583,11.11,308.9,False,0.1165,5.26,335.7,True,1.0031,0.6897,0.687525,1d_transect
52,2026-03-25 05:00:00,0.5421,16.67,220.3,False,0.3963,11.11,305.1,False,0.142,4.76,333.2,True,1.0543,0.6864,0.650998,1d_transect
52,2026-03-25 08:00:00,0.5381,16.67,216.9,False,0.2822,12.5,289.3,False,0.3294,11.11,307.6,False,1.0877,0.6911,0.635356,1d_transect
52,2026-03-25 11:00:00,0.6433,15.38,266.5,False,0.2851,5.26,314.2,True,,,,,1.4756,0.7036,0.476833,1d_transect
52,2026-03-25 14:00:00,0.6879,13.33,291.0,False,0.2461,5.56,328.2,True,,,,,1.2016,0.7306,0.608012,1d_transect
52,2026-03-25 17:00:00,0.6922,12.5,295.7,False,0.3618,5.88,321.5,True,,,,,1.2246,0.781,0.637815,1d_transect
52,2026-03-25 20:00:00,0.7555,12.5,296.5,False,0.3163,6.25,325.1,False,,,,,1.2812,0.819,0.639244,1d_transect
52,2026-03-25 23:00:00,0.687,11.76,298.6,False,0.5425,7.14,316.3,False,,,,,1.5129,0.8753,0.578589,1d_transect
52,2026-03-26 02:00:00,1.0084,8.33,308.2,False,,,,,,,,,1.8158,1.0084,0.555372,1d_transect
52,2026-03-26 05:00:00,1.148,9.09,309.9,False,,,,,,,,,2.056,1.148,0.558362,1d_transect
52,2026-03-26 08:00:00,1.2191,9.87,306.4,False,,,,,,,,,2.1014,1.2191,0.580158,1d_transect
52,2026-03-26 11:00:00,1.2235,9.87,310.2,False,,,,,,,,,1.7564,1.2235,0.696579,1d_transect
52,2026-03-26 14:00:00,1.1846,9.87,306.5,False,,,,,,,,,1.9636,1.1846,0.603279,1d_transect
52,2026-03-26 17:00:00,1.1321,10.53,310.2,False,,,,,,,,,1.6852,1.1321,0.671781,1d_transect
52,2026-03-26 20:00:00,1.0804,10.53,310.1,False,,,,,,,,,1.6026,1.0804,0.674122,1d_transect
52,2026-03-26 23:00:00,1.0272,10.53,310.8,False,,,,,,,,,1.479,1.0272,0.694513,1d_transect
52,2026-03-27 02:00:00,0.9811,10.53,311.7,False,,,,,,,,,1.3898,0.9811,0.705936,1d_transect
52,2026-03-27 05:00:00,0.9418,10.53,313.6,False,,,,,,,,,1.3491,0.9418,0.698116,1d_transect
52,2026-03-27 08:00:00,0.9059,10.53,313.0,False,,,,,,,,,1.3097,0.9059,0.69168,1d_transect
52,2026-03-27 11:00:00,0.846,10.53,314.2,False,0.2265,18.18,220.9,False,,,,,1.2842,0.8758,0.681954,1d_transect
52,2026-03-27 14:00:00,0.8527,10.53,308.5,False,,,,,,,,,1.3906,0.8527,0.613187,1d_transect
52,2026-03-27 17:00:00,0.834,10.53,309.6,False,,,,,,,,,1.3494,0.834,0.618024,1d_transect
52,2026-03-27 20:00:00,0.819,10.53,310.4,False,,,,,,,,,1.1348,0.819,0.721691,1d_transect
52,2026-03-27 23:00:00,0.8188,9.87,310.9,False,,,,,,,,,1.1007,0.8188,0.743825,1d_transect
52,2026-03-28 02:00:00,0.8292,9.87,311.7,False,,,,,,,,,1.1208,0.8292,0.739879,1d_transect
52,2026-03-28 05:00:00,0.842,10.53,310.1,False,,,,,,,,,1.1604,0.842,0.725604,1d_transect
52,2026-03-28 08:00:00,0.8393,11.11,311.7,False,,,,,,,,,1.2007,0.8393,0.698992,1d_transect
52,2026-03-28 11:00:00,0.7146,11.11,311.1,False,0.428,14.29,290.5,False,,,,,1.3272,0.833,0.62764,1d_transect
52,2026-03-28 14:00:00,0.7055,11.11,309.3,False,0.4251,14.29,272.6,False,,,,,1.5423,0.8237,0.534052,1d_transect
52,2026-03-28 17:00:00,0.6972,11.11,308.9,False,0.4067,14.29,275.4,False,,,,,1.491,0.8071,0.541354,1d_transect
52,2026-03-28 20:00:00,0.4595,13.33,275.5,False,0.6388,11.11,309.2,False,,,,,1.4774,0.7869,0.532605,1d_transect
52,2026-03-28 23:00:00,0.5058,13.33,277.4,False,0.5741,10.53,310.8,False,,,,,1.2623,0.7651,0.606119,1d_transect
52,2026-03-29 02:00:00,0.4671,13.33,264.9,False,0.5819,10.53,307.7,False,,,,,1.3402,0.7462,0.556754,1d_transect
52,2026-03-29 05:00:00,0.4667,13.33,268.0,False,0.5587,9.87,307.3,False,,,,,1.261,0.728,0.577292,1d_transect
52,2026-03-29 08:00:00,0.4976,13.33,268.9,False,0.5049,9.87,307.6,False,,,,,1.2673,0.7089,0.55936,1d_transect
52,2026-03-29 11:00:00,0.5179,13.33,267.2,False,0.4547,9.87,306.2,False,,,,,1.2603,0.6892,0.546868,1d_transect
52,2026-03-29 14:00:00,0.5078,13.33,274.7,False,0.4369,9.87,307.9,False,,,,,1.1963,0.6698,0.559925,1d_transect
52,2026-03-29 17:00:00,0.4936,13.33,272.4,False,0.4158,9.87,305.7,False,0.0993,18.18,218.8,False,1.1486,0.653,0.568469,1d_transect
52,2026-03-29 20:00:00,0.4849,13.33,267.4,False,0.1037,18.18,219.6,False,0.4003,9.09,308.5,False,1.1129,0.6372,0.572612,1d_transect
52,2026-03-29 23:00:00,0.4703,13.33,266.4,False,0.1071,18.18,220.7,False,0.3972,9.09,307.6,False,1.0831,0.6248,0.576881,1d_transect
52,2026-03-30 02:00:00,0.4781,12.5,258.8,False,0.1091,18.18,221.5,False,0.3755,9.09,306.8,False,1.0639,0.6177,0.580569,1d_transect
52,2026-03-30 05:00:00,0.4865,12.5,260.0,False,0.1425,16.67,220.2,False,0.3431,9.09,306.0,False,1.0489,0.6121,0.583609,1d_transect
52,2026-03-30 08:00:00,0.4802,12.5,259.1,False,0.1538,16.67,220.4,False,0.3311,9.09,305.0,False,1.0115,0.6032,0.596362,1d_transect
52,2026-03-30 11:00:00,0.5011,12.5,256.4,False,0.176,16.67,221.7,False,0.268,9.09,303.5,False,0.923,0.5949,0.644524,1d_transect
52,2026-03-30 14:00:00,0.5648,12.5,252.4,False,0.1638,16.67,223.3,False,,,,,1.0387,0.5881,0.566168,1d_transect
52,2026-03-30 17:00:00,0.5528,11.76,243.6,False,0.1932,16.67,225.1,False,,,,,1.0962,0.5855,0.534154,1d_transect
52,2026-03-30 20:00:00,0.5426,11.76,236.1,False,0.2119,16.67,227.5,False,,,,,1.05,0.5826,0.55482,1d_transect
52,2026-03-30 23:00:00,0.5352,11.11,216.7,False,0.2264,16.67,232.5,False,,,,,1.0329,0.5812,0.562666,1d_transect
52,2026-03-31 02:00:00,0.2717,16.67,240.9,False,0.5042,11.11,213.1,False,,,,,0.978,0.5727,0.585636,1d_transect
52,2026-03-31 05:00:00,0.3291,15.38,234.2,False,0.4024,11.11,204.0,False,0.2801,8.33,285.0,False,0.8719,0.5905,0.677239,1d_transect
52,2026-03-31 08:00:00,0.3421,15.38,237.5,False,0.3943,11.11,202.3,False,0.2713,8.33,287.5,False,0.8639,0.5883,0.68101,1d_transect
52,2026-03-31 11:00:00,0.3505,15.38,242.1,False,0.4814,11.11,207.0,False,0.1405,2.44,200.1,True,0.9553,0.6118,0.640428,1d_transect
52,2026-03-31 14:00:00,0.3473,15.38,247.0,False,0.456,11.11,205.9,False,0.2099,3.23,144.3,True,0.9893,0.6104,0.616986,1d_transect
51,2026-03-25 02:00:00,0.9947,16.67,222.4,False,0.1043,11.11,308.9,False,0.0929,5.26,335.7,True,1.1591,1.0045,0.866634,1d_transect
51,2026-03-25 05:00:00,0.9551,16.67,220.3,False,0.0802,11.11,305.1,False,0.0743,4.76,333.2,True,1.3176,0.9613,0.72957,1d_transect
51,2026-03-25 08:00:00,0.942,16.67,216.9,False,0.054,12.5,289.3,False,0.0633,11.11,307.6,False,1.3971,0.9457,0.676914,1d_transect
51,2026-03-25 11:00:00,0.9437,15.38,266.5,False,0.149,5.26,314.2,True,,,,,0.7614,0.9554,1.254845,1d_transect
51,2026-03-25 14:00:00,0.8616,13.33,291.0,False,0.5867,5.56,328.2,True,,,,,0.2579,1.0424,4.041624,1d_transect
51,2026-03-25 17:00:00,0.8539,12.5,295.7,False,0.799,5.88,321.5,True,,,,,0.2371,1.1694,4.932374,1d_transect
51,2026-03-25 20:00:00,0.9033,12.5,296.5,False,0.8615,6.25,325.1,False,,,,,0.2605,1.2483,4.791477,1d_transect
51,2026-03-25 23:00:00,0.9227,11.76,298.6,False,1.1732,7.14,316.3,False,,,,,0.2765,1.4926,5.397333,1d_transect
51,2026-03-26 02:00:00,1.7588,8.33,308.2,False,,,,,,,,,0.3004,1.7588,5.854246,1d_transect
51,2026-03-26 05:00:00,1.9881,9.09,309.9,False,,,,,,,,,0.3441,1.9881,5.777831,1d_transect
51,2026-03-26 08:00:00,2.1043,9.87,306.4,False,,,,,,,,,0.3517,2.1043,5.983563,1d_transect
51,2026-03-26 11:00:00,2.0938,9.87,310.2,False,,,,,,,,,0.3426,2.0938,6.111612,1d_transect
51,2026-03-26 14:00:00,2.0237,9.87,306.5,False,,,,,,,,,0.3286,2.0237,6.158245,1d_transect
51,2026-03-26 17:00:00,1.9302,10.53,310.2,False,,,,,,,,,0.3392,1.9302,5.690755,1d_transect
51,2026-03-26 20:00:00,1.8283,10.53,310.1,False,,,,,,,,,0.3226,1.8283,5.668199,1d_transect
51,2026-03-26 23:00:00,1.7173,10.53,310.8,False,,,,,,,,,0.2977,1.7173,5.768869,1d_transect
51,2026-03-27 02:00:00,1.6264,10.53,311.7,False,,,,,,,,,0.2797,1.6264,5.814187,1d_transect
51,2026-03-27 05:00:00,1.567,10.53,313.6,False,,,,,,,,,0.2715,1.567,5.771062,1d_transect
51,2026-03-27 08:00:00,1.5231,10.53,313.0,False,,,,,,,,,0.2636,1.5231,5.778102,1d_transect
51,2026-03-27 11:00:00,1.3158,18.18,220.9,False,0.6505,10.53,314.2,False,,,,,0.5634,1.4678,2.60535,1d_transect
51,2026-03-27 14:00:00,1.4146,10.53,308.5,False,,,,,,,,,0.2399,1.4146,5.897287,1d_transect
51,2026-03-27 17:00:00,1.3771,10.53,309.6,False,,,,,,,,,0.2328,1.3771,5.916343,1d_transect
51,2026-03-27 20:00:00,1.3499,10.53,310.4,False,,,,,,,,,0.2284,1.3499,5.910408,1d_transect
51,2026-03-27 23:00:00,1.3409,9.87,310.9,False,,,,,,,,,0.2147,1.3409,6.245343,1d_transect
51,2026-03-28 02:00:00,1.3529,9.87,311.7,False,,,,,,,,,0.2186,1.3529,6.188576,1d_transect
51,2026-03-28 05:00:00,1.3625,10.53,310.1,False,,,,,,,,,0.2336,1.3625,5.833818,1d_transect
51,2026-03-28 08:00:00,1.3642,11.11,311.7,False,,,,,,,,,0.2524,1.3642,5.403944,1d_transect
51,2026-03-28 11:00:00,0.7279,14.29,290.5,False,1.1575,11.11,311.1,False,,,,,0.2828,1.3673,4.835099,1d_transect
51,2026-03-28 14:00:00,1.1164,14.29,272.6,False,0.7855,11.11,309.3,False,,,,,0.4144,1.365,3.293713,1d_transect
51,2026-03-28 17:00:00,1.0027,14.29,275.4,False,0.8927,11.11,308.9,False,,,,,0.3496,1.3425,3.839444,1d_transect
51,2026-03-28 20:00:00,1.016,13.33,275.5,False,0.8231,11.11,309.2,False,,,,,0.3439,1.3076,3.801842,1d_transect
51,2026-03-28 23:00:00,1.0124,13.33,277.4,False,0.7467,10.53,310.8,False,,,,,0.3212,1.2579,3.916571,1d_transect
51,2026-03-29 02:00:00,1.1422,13.33,264.9,False,0.4014,10.53,307.7,False,,,,,0.5437,1.2107,2.226798,1d_transect
51,2026-03-29 05:00:00,1.0828,13.33,268.0,False,0.441,9.87,307.3,False,,,,,0.4294,1.1692,2.723105,1d_transect
51,2026-03-29 08:00:00,1.0809,13.33,268.9,False,0.3732,9.87,307.6,False,,,,,0.4629,1.1435,2.470432,1d_transect
51,2026-03-29 11:00:00,1.0678,13.33,267.2,False,0.319,9.87,306.2,False,,,,,0.4861,1.1145,2.292665,1d_transect
51,2026-03-29 14:00:00,1.0054,13.33,274.7,False,0.3707,9.87,307.9,False,,,,,0.3774,1.0716,2.839415,1d_transect
51,2026-03-29 17:00:00,0.6242,18.18,218.8,False,0.7618,13.33,272.4,False,0.2751,9.87,305.7,False,0.4551,1.0226,2.247062,1d_transect
51,2026-03-29 20:00:00,0.5422,18.18,219.6,False,0.7835,13.33,267.4,False,0.2201,9.09,308.5,False,0.5198,0.9779,1.881404,1d_transect
51,2026-03-29 23:00:00,0.5236,18.18,220.7,False,0.7436,13.33,266.4,False,0.2137,9.09,307.6,False,0.5038,0.9342,1.854537,1d_transect
51,2026-03-30 02:00:00,0.3792,18.18,221.5,False,0.7994,12.5,258.8,False,0.1436,9.09,306.8,False,0.6755,0.8964,1.326891,1d_transect
51,2026-03-30 05:00:00,0.5235,16.67,220.2,False,0.6736,12.5,260.0,False,0.1341,9.09,306.0,False,0.6335,0.8636,1.363299,1d_transect
51,2026-03-30 08:00:00,0.4683,16.67,220.4,False,0.6805,12.5,259.1,False,0.1073,9.09,305.0,False,0.7211,0.833,1.155097,1d_transect
51,2026-03-30 11:00:00,0.4827,16.67,221.7,False,0.6395,12.5,256.4,False,0.0687,9.09,303.5,False,0.7153,0.8042,1.124305,1d_transect
51,2026-03-30 14:00:00,0.6848,12.5,252.4,False,0.3554,16.67,223.3,False,,,,,0.9874,0.7715,0.781377,1d_transect
51,2026-03-30 17:00:00,0.678,11.76,243.6,False,0.2984,16.67,225.1,False,,,,,1.3349,0.7408,0.554971,1d_transect
51,2026-03-30 20:00:00,0.6543,11.76,236.1,False,0.2863,16.67,227.5,False,,,,,1.417,0.7142,0.504039,1d_transect
51,2026-03-30 23:00:00,0.6563,11.11,216.7,False,0.2217,16.67,232.5,False,,,,,1.7464,0.6927,0.396673,1d_transect
51,2026-03-31 02:00:00,0.6343,11.11,213.1,False,0.2248,16.67,240.9,False,,,,,1.6165,0.673,0.416318,1d_transect
51,2026-03-31 05:00:00,0.3561,15.38,234.2,False,0.5527,11.11,204.0,False,0.0352,8.33,285.0,False,1.2662,0.6584,0.520006,1d_transect
51,2026-03-31 08:00:00,0.3446,15.38,237.5,False,0.5489,11.11,202.3,False,0.0241,8.33,287.5,False,1.2237,0.6485,0.529985,1d_transect
51,2026-03-31 11:00:00,0.5842,11.11,207.0,False,0.2792,15.38,242.1,False,0.1487,2.44,200.1,True,1.5232,0.6644,0.436186,1d_transect
51,2026-03-31 14:00:00,0.5626,11.11,205.9,False,0.25,15.38,247.0,False,0.2287,3.23,144.3,True,1.5373,0.6567,0.427203,1d_transect
50,2026-03-25 02:00:00,0.4802,11.11,306.4,False,0.1905,15.38,260.5,False,0.1785,3.85,332.6,True,1.0786,0.5466,0.506762,1d_transect
50,2026-03-25 05:00:00,0.4327,11.11,306.8,False,0.1849,15.38,254.7,False,0.2515,3.85,318.5,True,1.0859,0.5336,0.491349,1d_transect
50,2026-03-25 08:00:00,0.4572,11.11,305.6,False,0.2781,4.17,326.3,True,,,,,1.0493,0.5351,0.509982,1d_transect
50,2026-03-25 11:00:00,0.4813,11.11,304.8,False,0.3274,4.76,322.7,True,,,,,1.1528,0.5821,0.504949,1d_transect
50,2026-03-25 14:00:00,0.6161,11.11,296.8,False,0.3661,4.76,331.5,True,,,,,1.1932,0.7167,0.600652,1d_transect
50,2026-03-25 17:00:00,0.6491,11.11,294.4,False,0.4779,5.0,327.0,True,,,,,1.3903,0.8061,0.579781,1d_transect
50,2026-03-25 20:00:00,0.7169,11.11,294.2,False,0.54,5.26,329.5,True,,,,,1.5481,0.8975,0.579728,1d_transect
50,2026-03-25 23:00:00,0.7247,11.11,300.3,False,0.8508,6.67,319.1,False,,,,,2.1019,1.1176,0.531724,1d_transect
50,2026-03-26 02:00:00,1.3403,8.33,312.0,False,,,,,,,,,2.6535,1.3403,0.505089,1d_transect
50,2026-03-26 05:00:00,1.51,9.09,310.8,False,,,,,,,,,3.0781,1.51,0.490572,1d_transect
50,2026-03-26 08:00:00,1.5755,9.87,308.3,False,,,,,,,,,3.342,1.5755,0.471421,1d_transect
50,2026-03-26 11:00:00,1.5386,9.87,311.7,False,,,,,,,,,3.1136,1.5386,0.494158,1d_transect
50,2026-03-26 14:00:00,1.4476,9.87,306.6,False,,,,,,,,,3.0819,1.4476,0.469713,1d_transect
50,2026-03-26 17:00:00,1.3602,9.87,311.3,False,,,,,,,,,2.7751,1.3602,0.490122,1d_transect
50,2026-03-26 20:00:00,1.2793,9.87,310.3,False,,,,,,,,,2.6158,1.2793,0.489045,1d_transect
50,2026-03-26 23:00:00,1.195,9.87,312.6,False,,,,,,,,,2.4375,1.195,0.490237,1d_transect
50,2026-03-27 02:00:00,1.1115,9.87,313.6,False,,,,,,,,,2.3117,1.1115,0.480818,1d_transect
50,2026-03-27 05:00:00,1.0496,10.53,314.7,False,,,,,,,,,2.3262,1.0496,0.451189,1d_transect
50,2026-03-27 08:00:00,1.0027,10.53,313.7,False,,,,,,,,,2.2422,1.0027,0.447193,1d_transect
50,2026-03-27 11:00:00,0.9558,10.53,314.8,False,,,,,,,,,2.1239,0.9558,0.450049,1d_transect
50,2026-03-27 14:00:00,0.9167,10.53,308.6,False,,,,,,,,,2.1259,0.9167,0.431226,1d_transect
50,2026-03-27 17:00:00,0.8838,10.53,311.1,False,,,,,,,,,1.9579,0.8838,0.451409,1d_transect
50,2026-03-27 20:00:00,0.8576,9.87,312.3,False,,,,,,,,,1.8723,0.8576,0.45808,1d_transect
50,2026-03-27 23:00:00,0.8465,9.87,313.4,False,,,,,,,,,1.8388,0.8465,0.460366,1d_transect
50,2026-03-28 02:00:00,0.8578,9.87,313.0,False,,,,,,,,,1.82,0.8578,0.47129,1d_transect
50,2026-03-28 05:00:00,0.8486,10.53,312.3,False,,,,,,,,,1.8806,0.8486,0.45124,1d_transect
50,2026-03-28 08:00:00,0.8415,10.53,311.3,False,,,,,,,,,1.9176,0.8415,0.438805,1d_transect
50,2026-03-28 11:00:00,0.8157,11.11,312.3,False,0.183,14.29,265.8,False,,,,,2.0294,0.836,0.411926,1d_transect
50,2026-03-28 14:00:00,0.8047,11.11,308.0,False,0.1723,14.29,256.8,False,,,,,2.1219,0.8229,0.387841,1d_transect
50,2026-03-28 17:00:00,0.7969,11.11,309.0,False,,,,,,,,,2.0541,0.7969,0.387974,1d_transect
50,2026-03-28 20:00:00,0.7347,11.11,307.9,False,0.2056,13.33,264.5,False,,,,,1.9977,0.7629,0.381909,1d_transect
50,2026-03-28 23:00:00,0.6893,10.53,311.3,False,0.2184,13.33,264.2,False,,,,,1.7566,0.7231,0.411648,1d_transect
50,2026-03-29 02:00:00,0.658,10.53,306.1,False,0.206,13.33,258.4,False,,,,,1.7456,0.6895,0.394994,1d_transect
50,2026-03-29 05:00:00,0.6268,9.87,307.9,False,0.2067,13.33,260.0,False,,,,,1.6381,0.66,0.402899,1d_transect
50,2026-03-29 08:00:00,0.5913,9.87,306.2,False,0.2331,13.33,260.6,False,,,,,1.6198,0.6355,0.392348,1d_transect
50,2026-03-29 11:00:00,0.5606,9.87,307.2,False,0.233,13.33,260.8,False,,,,,1.5295,0.6071,0.396906,1d_transect
50,2026-03-29 14:00:00,0.5257,9.87,306.3,False,0.2344,13.33,265.3,False,,,,,1.4219,0.5756,0.404797,1d_transect
50,2026-03-29 17:00:00,0.4964,9.87,306.8,False,0.2335,13.33,266.3,False,,,,,1.3429,0.5486,0.40849,1d_transect
50,2026-03-29 20:00:00,0.2502,13.33,264.5,False,0.4625,9.09,305.8,False,,,,,1.3096,0.5259,0.401532,1d_transect
50,2026-03-29 23:00:00,0.2412,12.5,268.4,False,0.4187,9.09,306.8,False,0.1537,3.7,319.0,True,1.2276,0.5071,0.413063,1d_transect
50,2026-03-30 02:00:00,0.2382,12.5,264.4,False,0.4343,9.09,308.0,False,,,,,1.1807,0.4953,0.41949,1d_transect
50,2026-03-30 05:00:00,0.2435,12.5,266.0,False,0.4032,9.09,309.2,False,,,,,1.1635,0.471,0.404843,1d_transect
50,2026-03-30 08:00:00,0.2531,12.5,266.2,False,0.2696,9.09,308.0,False,0.2589,5.88,316.2,True,1.0347,0.4514,0.436276,1d_transect
50,2026-03-30 11:00:00,0.26,12.5,267.3,False,0.2525,9.09,309.2,False,0.2376,5.56,314.6,True,0.9986,0.4333,0.433949,1d_transect
50,2026-03-30 14:00:00,0.2602,12.5,268.9,False,0.2474,9.09,307.9,False,0.2031,5.56,315.6,True,0.9102,0.4125,0.453184,1d_transect
50,2026-03-30 17:00:00,0.2206,11.76,275.9,False,0.3144,9.09,309.4,False,0.0867,15.38,232.6,False,0.8945,0.3938,0.440176,1d_transect
50,2026-03-30 20:00:00,0.2156,11.11,286.5,False,0.0966,15.38,233.8,False,0.2972,8.33,308.7,False,0.8225,0.3797,0.461571,1d_transect
50,2026-03-30 23:00:00,0.2106,11.11,288.1,False,0.1067,15.38,235.4,False,0.2846,8.33,308.9,False,0.7661,0.3698,0.482655,1d_transect
50,2026-03-31 02:00:00,0.1341,15.38,242.8,False,0.189,11.11,287.6,False,0.2836,8.33,300.5,False,0.747,0.3662,0.490249,1d_transect
50,2026-03-31 05:00:00,0.1808,14.29,245.3,False,0.2144,11.11,292.9,False,0.2409,8.33,295.7,False,0.618,0.3697,0.598313,1d_transect
50,2026-03-31 08:00:00,0.1819,14.29,246.6,False,0.2057,11.11,295.5,False,0.259,8.33,294.6,False,0.6426,0.3775,0.587409,1d_transect
50,2026-03-31 11:00:00,0.2009,14.29,242.4,False,0.2312,11.11,291.3,False,0.2085,8.33,295.3,False,0.6361,0.3705,0.582424,1d_transect
50,2026-03-31 14:00:00,0.2034,14.29,245.5,False,0.2324,11.11,303.6,False,0.2192,7.69,278.5,False,0.6563,0.3787,0.577055,1d_transect
49,2026-03-25 02:00:00,0.3242,15.38,260.5,False,0.5533,11.11,306.4,False,0.1099,3.85,332.6,True,0.8491,0.6506,0.766215,1d_transect
49,2026-03-25 05:00:00,0.3215,15.38,254.7,False,0.5051,11.11,306.8,False,0.2288,3.85,318.5,True,0.8515,0.641,0.752768,1d_transect
49,2026-03-25 08:00:00,0.6036,11.11,305.6,False,0.2256,4.17,326.3,True,,,,,0.7292,0.6444,0.88365,1d_transect
49,2026-03-25 11:00:00,0.6234,11.11,304.8,False,0.27,4.76,322.7,True,,,,,0.8653,0.6794,0.785187,1d_transect
49,2026-03-25 14:00:00,0.7366,11.11,296.8,False,0.1966,4.76,331.5,True,,,,,0.9625,0.7624,0.792106,1d_transect
49,2026-03-25 17:00:00,0.8056,11.11,294.4,False,0.2829,5.0,327.0,True,,,,,1.1646,0.8538,0.733162,1d_transect
49,2026-03-25 20:00:00,0.876,11.11,294.2,False,0.3147,5.26,329.5,True,,,,,1.2896,0.9308,0.721768,1d_transect
49,2026-03-25 23:00:00,0.8646,11.11,300.3,False,0.7346,6.67,319.1,False,,,,,1.4896,1.1346,0.761668,1d_transect
49,2026-03-26 02:00:00,1.4151,8.33,312.0,False,,,,,,,,,1.8051,1.4151,0.783956,1d_transect
49,2026-03-26 05:00:00,1.6435,9.09,310.8,False,,,,,,,,,2.1047,1.6435,0.780853,1d_transect
49,2026-03-26 08:00:00,1.7372,9.87,308.3,False,,,,,,,,,2.5157,1.7372,0.690546,1d_transect
49,2026-03-26 11:00:00,1.7264,9.87,311.7,False,,,,,,,,,2.129,1.7264,0.810913,1d_transect
49,2026-03-26 14:00:00,1.657,9.87,306.6,False,,,,,,,,,2.32,1.657,0.714241,1d_transect
49,2026-03-26 17:00:00,1.5728,9.87,311.3,False,,,,,,,,,1.8976,1.5728,0.828865,1d_transect
49,2026-03-26 20:00:00,1.4778,9.87,310.3,False,,,,,,,,,1.7886,1.4778,0.826237,1d_transect
49,2026-03-26 23:00:00,1.3781,9.87,312.6,False,,,,,,,,,1.6667,1.3781,0.826809,1d_transect
49,2026-03-27 02:00:00,1.295,9.87,313.6,False,,,,,,,,,1.5806,1.295,0.819267,1d_transect
49,2026-03-27 05:00:00,1.2449,10.53,314.7,False,,,,,,,,,1.5967,1.2449,0.779714,1d_transect
49,2026-03-27 08:00:00,1.2003,10.53,313.7,False,,,,,,,,,1.539,1.2003,0.779895,1d_transect
49,2026-03-27 11:00:00,1.1445,10.53,314.8,False,,,,,,,,,1.4578,1.1445,0.785103,1d_transect
49,2026-03-27 14:00:00,1.0974,10.53,308.6,False,,,,,,,,,1.6066,1.0974,0.683054,1d_transect
49,2026-03-27 17:00:00,1.0609,10.53,311.1,False,,,,,,,,,1.3439,1.0609,0.789409,1d_transect
49,2026-03-27 20:00:00,1.0322,9.87,312.3,False,,,,,,,,,1.2802,1.0322,0.806251,1d_transect
49,2026-03-27 23:00:00,1.0256,9.87,313.4,False,,,,,,,,,1.2573,1.0256,0.815695,1d_transect
49,2026-03-28 02:00:00,1.045,9.87,313.0,False,,,,,,,,,1.2445,1.045,0.839666,1d_transect
49,2026-03-28 05:00:00,1.0472,10.53,312.3,False,,,,,,,,,1.2908,1.0472,0.811301,1d_transect
49,2026-03-28 08:00:00,1.0453,10.53,311.3,False,,,,,,,,,1.3162,1.0453,0.794207,1d_transect
49,2026-03-28 11:00:00,0.9742,11.11,312.3,False,0.354,14.29,265.8,False,,,,,1.4606,1.0365,0.709641,1d_transect
49,2026-03-28 14:00:00,0.9674,11.11,308.0,False,0.3083,14.29,256.8,False,,,,,1.6593,1.0153,0.611905,1d_transect
49,2026-03-28 17:00:00,0.9765,11.11,309.0,False,,,,,,,,,1.5652,0.9765,0.623907,1d_transect
49,2026-03-28 20:00:00,0.8516,11.11,307.9,False,0.354,13.33,264.5,False,,,,,1.5875,0.9223,0.58094,1d_transect
49,2026-03-28 23:00:00,0.7645,10.53,311.3,False,0.3995,13.33,264.2,False,,,,,1.2969,0.8626,0.665149,1d_transect
49,2026-03-29 02:00:00,0.7371,10.53,306.1,False,0.3461,13.33,258.4,False,,,,,1.3909,0.8143,0.585434,1d_transect
49,2026-03-29 05:00:00,0.6959,9.87,307.9,False,0.3456,13.33,260.0,False,,,,,1.3075,0.777,0.594271,1d_transect
49,2026-03-29 08:00:00,0.3794,13.33,260.6,False,0.64,9.87,306.2,False,,,,,1.3187,0.744,0.564178,1d_transect
49,2026-03-29 11:00:00,0.3742,13.33,260.8,False,0.5985,9.87,307.2,False,,,,,1.2538,0.7059,0.56296,1d_transect
49,2026-03-29 14:00:00,0.3699,13.33,265.3,False,0.5537,9.87,306.3,False,,,,,1.1757,0.6659,0.566358,1d_transect
49,2026-03-29 17:00:00,0.3637,13.33,266.3,False,0.5158,9.87,306.8,False,,,,,1.1192,0.6311,0.563896,1d_transect
49,2026-03-29 20:00:00,0.3816,13.33,264.5,False,0.4692,9.09,305.8,False,,,,,1.1178,0.6048,0.541066,1d_transect
49,2026-03-29 23:00:00,0.3738,12.5,268.4,False,0.4321,9.09,306.8,False,0.1251,3.7,319.0,True,1.0328,0.5849,0.566296,1d_transect
49,2026-03-30 02:00:00,0.3629,12.5,264.4,False,0.4406,9.09,308.0,False,,,,,1.0096,0.5708,0.565339,1d_transect
49,2026-03-30 05:00:00,0.3709,12.5,266.0,False,0.409,9.09,309.2,False,,,,,1.0121,0.5521,0.545564,1d_transect
49,2026-03-30 08:00:00,0.4011,12.5,266.2,False,0.2845,9.09,308.0,False,0.2155,5.88,316.2,True,0.8778,0.5369,0.611614,1d_transect
49,2026-03-30 11:00:00,0.4002,12.5,267.3,False,0.2589,9.09,309.2,False,0.2128,5.56,314.6,True,0.8832,0.522,0.590996,1d_transect
49,2026-03-30 14:00:00,0.4034,12.5,268.9,False,0.2555,9.09,307.9,False,0.1654,5.56,315.6,True,0.8129,0.5054,0.62165,1d_transect
49,2026-03-30 17:00:00,0.3376,11.76,275.9,False,0.1354,15.38,232.6,False,0.3241,9.09,309.4,False,0.8084,0.4872,0.602672,1d_transect
49,2026-03-30 20:00:00,0.3166,11.11,286.5,False,0.1543,15.38,233.8,False,0.3116,8.33,308.7,False,0.7275,0.4702,0.646341,1d_transect
49,2026-03-30 23:00:00,0.1674,15.38,235.4,False,0.3043,11.11,288.1,False,0.2936,8.33,308.9,False,0.6839,0.4548,0.66497,1d_transect
49,2026-03-31 02:00:00,0.2015,15.38,242.8,False,0.2617,11.11,287.6,False,0.3066,8.33,300.5,False,0.6963,0.4506,0.647185,1d_transect
49,2026-03-31 05:00:00,0.2506,14.29,245.3,False,0.2568,11.11,292.9,False,0.2622,8.33,295.7,False,0.6087,0.4444,0.73004,1d_transect
49,2026-03-31 08:00:00,0.2483,14.29,246.6,False,0.224,11.11,295.5,False,0.3011,8.33,294.6,False,0.6376,0.45,0.705705,1d_transect
49,2026-03-31 11:00:00,0.2763,14.29,242.4,False,0.2746,11.11,291.3,False,0.225,8.33,295.3,False,0.6382,0.4499,0.704952,1d_transect
49,2026-03-31 14:00:00,0.2758,14.29,245.5,False,0.231,11.11,303.6,False,0.2849,7.69,278.5,False,0.6664,0.459,0.68879,1d_transect
48,2026-03-25 02:00:00,0.9602,11.11,306.4,False,0.3442,15.38,260.5,False,0.4951,3.85,332.6,True,1.2563,1.1338,0.90249,1d_transect
48,2026-03-25 05:00:00,0.8999,11.11,306.8,False,0.3261,15.38,254.7,False,0.5507,3.85,318.5,True,1.2133,1.1043,0.910093,1d_transect
48,2026-03-25 08:00:00,0.8875,11.11,305.6,False,0.6803,4.17,326.3,True,,,,,1.2682,1.1182,0.881708,1d_transect
48,2026-03-25 11:00:00,0.9419,11.11,304.8,False,0.758,4.76,322.7,True,,,,,1.3354,1.209,0.905363,1d_transect
48,2026-03-25 14:00:00,1.0634,11.11,296.8,False,0.9207,4.76,331.5,True,,,,,1.4503,1.4066,0.969876,1d_transect
48,2026-03-25 17:00:00,1.0781,11.11,294.4,False,1.0574,5.0,327.0,True,,,,,1.6657,1.5101,0.906575,1d_transect
48,2026-03-25 20:00:00,1.1822,11.11,294.2,False,1.1863,5.26,329.5,True,,,,,1.8607,1.6748,0.900071,1d_transect
48,2026-03-25 23:00:00,1.2236,11.11,300.3,False,1.5879,6.67,319.1,False,,,,,2.437,2.0047,0.822596,1d_transect
48,2026-03-26 02:00:00,2.4223,8.33,312.0,False,,,,,,,,,3.0046,2.4223,0.806181,1d_transect
48,2026-03-26 05:00:00,2.7351,9.09,310.8,False,,,,,,,,,3.5064,2.7351,0.780039,1d_transect
48,2026-03-26 08:00:00,2.7747,9.87,308.3,False,,,,,,,,,3.7121,2.7747,0.747464,1d_transect
48,2026-03-26 11:00:00,2.6903,9.87,311.7,False,,,,,,,,,3.5469,2.6903,0.758504,1d_transect
48,2026-03-26 14:00:00,2.5682,9.87,306.6,False,,,,,,,,,3.4233,2.5682,0.750195,1d_transect
48,2026-03-26 17:00:00,2.4566,9.87,311.3,False,,,,,,,,,3.1613,2.4566,0.777077,1d_transect
48,2026-03-26 20:00:00,2.2932,9.87,310.3,False,,,,,,,,,2.9799,2.2932,0.769557,1d_transect
48,2026-03-26 23:00:00,2.1065,9.87,312.6,False,,,,,,,,,2.7767,2.1065,0.758621,1d_transect
48,2026-03-27 02:00:00,1.9596,9.87,313.6,False,,,,,,,,,2.6333,1.9596,0.74414,1d_transect
48,2026-03-27 05:00:00,1.8602,10.53,314.7,False,,,,,,,,,2.6618,1.8602,0.698853,1d_transect
48,2026-03-27 08:00:00,1.7703,10.53,313.7,False,,,,,,,,,2.5657,1.7703,0.689969,1d_transect
48,2026-03-27 11:00:00,1.6672,10.53,314.8,False,,,,,,,,,2.4303,1.6672,0.686034,1d_transect
48,2026-03-27 14:00:00,1.5865,10.53,308.6,False,,,,,,,,,2.3712,1.5865,0.669039,1d_transect
48,2026-03-27 17:00:00,1.536,10.53,311.1,False,,,,,,,,,2.2404,1.536,0.68561,1d_transect
48,2026-03-27 20:00:00,1.5022,9.87,312.3,False,,,,,,,,,2.1328,1.5022,0.704342,1d_transect
48,2026-03-27 23:00:00,1.4866,9.87,313.4,False,,,,,,,,,2.0947,1.4866,0.709688,1d_transect
48,2026-03-28 02:00:00,1.486,9.87,313.0,False,,,,,,,,,2.0733,1.486,0.716722,1d_transect
48,2026-03-28 05:00:00,1.4752,10.53,312.3,False,,,,,,,,,2.1519,1.4752,0.685544,1d_transect
48,2026-03-28 08:00:00,1.4818,10.53,311.3,False,,,,,,,,,2.1942,1.4818,0.675329,1d_transect
48,2026-03-28 11:00:00,1.4729,11.11,312.3,False,0.2934,14.29,265.8,False,,,,,2.3698,1.5018,0.633755,1d_transect
48,2026-03-28 14:00:00,1.4761,11.11,308.0,False,0.2818,14.29,256.8,False,,,,,2.3716,1.5027,0.633642,1d_transect
48,2026-03-28 17:00:00,1.4658,11.11,309.0,False,,,,,,,,,2.3063,1.4658,0.635554,1d_transect
48,2026-03-28 20:00:00,1.3673,11.11,307.9,False,0.3522,13.33,264.5,False,,,,,2.2305,1.4119,0.633012,1d_transect
48,2026-03-28 23:00:00,1.2958,10.53,311.3,False,0.371,13.33,264.2,False,,,,,1.9931,1.3479,0.676271,1d_transect
48,2026-03-29 02:00:00,1.2393,10.53,306.1,False,0.3524,13.33,258.4,False,,,,,1.9318,1.2885,0.666963,1d_transect
48,2026-03-29 05:00:00,1.1991,9.87,307.9,False,0.3606,13.33,260.0,False,,,,,1.8045,1.2522,0.693928,1d_transect
48,2026-03-29 08:00:00,1.1403,9.87,306.2,False,0.4183,13.33,260.6,False,,,,,1.783,1.2147,0.681255,1d_transect
48,2026-03-29 11:00:00,1.0782,9.87,307.2,False,0.4171,13.33,260.8,False,,,,,1.6821,1.1561,0.687261,1d_transect
48,2026-03-29 14:00:00,0.9965,9.87,306.3,False,0.4189,13.33,265.3,False,,,,,1.5648,1.0809,0.690785,1d_transect
48,2026-03-29 17:00:00,0.9287,9.87,306.8,False,0.4119,13.33,266.3,False,,,,,1.4766,1.016,0.688062,1d_transect
48,2026-03-29 20:00:00,0.4361,13.33,264.5,False,0.8663,9.09,305.8,False,,,,,1.4325,0.9698,0.677042,1d_transect
48,2026-03-29 23:00:00,0.4207,12.5,268.4,False,0.7732,9.09,306.8,False,0.3021,3.7,319.0,True,1.3552,0.9306,0.68669,1d_transect
48,2026-03-30 02:00:00,0.7942,9.09,308.0,False,0.4079,12.5,264.4,False,,,,,1.2927,0.8928,0.690645,1d_transect
48,2026-03-30 05:00:00,0.4206,12.5,266.0,False,0.7374,9.09,309.2,False,,,,,1.2736,0.8489,0.666557,1d_transect
48,2026-03-30 08:00:00,0.4299,12.5,266.2,False,0.4846,9.09,308.0,False,0.4953,5.88,316.2,True,1.1548,0.8154,0.706096,1d_transect
48,2026-03-30 11:00:00,0.452,12.5,267.3,False,0.4648,9.09,309.2,False,0.429,5.56,314.6,True,1.0811,0.7774,0.719094,1d_transect
48,2026-03-30 14:00:00,0.437,12.5,268.9,False,0.4399,9.09,307.9,False,0.3843,5.56,315.6,True,1.0056,0.7295,0.72543,1d_transect
48,2026-03-30 17:00:00,0.3772,11.76,275.9,False,0.563,9.09,309.4,False,0.1021,15.38,232.6,False,0.9659,0.6853,0.709574,1d_transect
48,2026-03-30 20:00:00,0.3677,11.11,286.5,False,0.5224,8.33,308.7,False,0.1123,15.38,233.8,False,0.883,0.6486,0.734524,1d_transect
48,2026-03-30 23:00:00,0.3516,11.11,288.1,False,0.4896,8.33,308.9,False,0.1324,15.38,235.4,False,0.8209,0.6172,0.751834,1d_transect
48,2026-03-31 02:00:00,0.1748,15.38,242.8,False,0.3083,11.11,287.6,False,0.4652,8.33,300.5,False,0.7837,0.5848,0.746194,1d_transect
48,2026-03-31 05:00:00,0.2322,14.29,245.3,False,0.3164,11.11,292.9,False,0.3519,8.33,295.7,False,0.6341,0.5271,0.831204,1d_transect
48,2026-03-31 08:00:00,0.234,14.29,246.6,False,0.3059,11.11,295.5,False,0.3707,8.33,294.6,False,0.654,0.5346,0.817337,1d_transect
48,2026-03-31 11:00:00,0.2465,14.29,242.4,False,0.3461,11.11,291.3,False,0.3089,8.33,295.3,False,0.64,0.5253,0.82085,1d_transect
48,2026-03-31 14:00:00,0.2589,14.29,245.5,False,0.3492,11.11,303.6,False,0.3141,7.69,278.5,False,0.675,0.5363,0.794508,1d_transect
47,2026-03-25 02:00:00,0.8998,11.11,306.4,False,0.343,15.38,260.5,False,0.4516,3.85,332.6,True,1.2129,1.0636,0.876889,1d_transect
47,2026-03-25 05:00:00,0.8399,11.11,306.8,False,0.3427,15.38,254.7,False,0.5303,3.85,318.5,True,1.1931,1.0507,0.880678,1d_transect
47,2026-03-25 08:00:00,0.8719,11.11,305.6,False,0.6634,4.17,326.3,True,,,,,1.2198,1.0956,0.89817,1d_transect
47,2026-03-25 11:00:00,0.9245,11.11,304.8,False,0.7528,4.76,322.7,True,,,,,1.2941,1.1922,0.921257,1d_transect
47,2026-03-25 14:00:00,1.114,11.11,296.8,False,0.9289,4.76,331.5,True,,,,,1.3915,1.4505,1.042372,1d_transect
47,2026-03-25 17:00:00,1.1201,11.11,294.4,False,1.0768,5.0,327.0,True,,,,,1.6112,1.5538,0.964374,1d_transect
47,2026-03-25 20:00:00,1.2246,11.11,294.2,False,1.2044,5.26,329.5,True,,,,,1.7994,1.7176,0.954577,1d_transect
47,2026-03-25 23:00:00,0.9622,11.11,300.3,False,1.2803,6.67,319.1,False,,,,,2.388,1.6016,0.670663,1d_transect
47,2026-03-26 02:00:00,1.5904,8.33,312.0,False,,,,,,,,,2.9959,1.5904,0.530848,1d_transect
47,2026-03-26 05:00:00,1.8376,9.09,310.8,False,,,,,,,,,3.49,1.8376,0.526535,1d_transect
47,2026-03-26 08:00:00,1.9243,9.87,308.3,False,,,,,,,,,3.5271,1.9243,0.545569,1d_transect
47,2026-03-26 11:00:00,1.9233,9.87,311.7,False,,,,,,,,,3.5302,1.9233,0.544819,1d_transect
47,2026-03-26 14:00:00,1.8475,9.87,306.6,False,,,,,,,,,3.2526,1.8475,0.56801,1d_transect
47,2026-03-26 17:00:00,1.7548,9.87,311.3,False,,,,,,,,,3.1465,1.7548,0.557688,1d_transect
47,2026-03-26 20:00:00,1.6187,9.87,310.3,False,,,,,,,,,2.9659,1.6187,0.545766,1d_transect
47,2026-03-26 23:00:00,1.4738,9.87,312.6,False,,,,,,,,,2.7637,1.4738,0.533285,1d_transect
47,2026-03-27 02:00:00,1.3573,9.87,313.6,False,,,,,,,,,2.621,1.3573,0.517847,1d_transect
47,2026-03-27 05:00:00,1.3699,10.53,314.7,False,,,,,,,,,2.6458,1.3699,0.517778,1d_transect
47,2026-03-27 08:00:00,1.4484,10.53,313.7,False,,,,,,,,,2.5503,1.4484,0.567947,1d_transect
47,2026-03-27 11:00:00,1.3725,10.53,314.8,False,,,,,,,,,2.4157,1.3725,0.568185,1d_transect
47,2026-03-27 14:00:00,1.3086,10.53,308.6,False,,,,,,,,,2.2493,1.3086,0.581807,1d_transect
47,2026-03-27 17:00:00,1.2716,10.53,311.1,False,,,,,,,,,2.2269,1.2716,0.571005,1d_transect
47,2026-03-27 20:00:00,1.3217,9.87,312.3,False,,,,,,,,,2.1228,1.3217,0.622631,1d_transect
47,2026-03-27 23:00:00,1.3498,9.87,313.4,False,,,,,,,,,2.0849,1.3498,0.647432,1d_transect
47,2026-03-28 02:00:00,1.3474,9.87,313.0,False,,,,,,,,,2.0636,1.3474,0.652955,1d_transect
47,2026-03-28 05:00:00,1.3416,10.53,312.3,False,,,,,,,,,2.139,1.3416,0.627243,1d_transect
47,2026-03-28 08:00:00,1.5039,10.53,311.3,False,,,,,,,,,2.181,1.5039,0.689507,1d_transect
47,2026-03-28 11:00:00,1.5011,11.11,312.3,False,0.3068,14.29,265.8,False,,,,,2.3103,1.5321,0.663163,1d_transect
47,2026-03-28 14:00:00,1.5133,11.11,308.0,False,0.3111,14.29,256.8,False,,,,,2.2937,1.545,0.673552,1d_transect
47,2026-03-28 17:00:00,1.6001,11.11,309.0,False,,,,,,,,,2.2244,1.6001,0.719367,1d_transect
47,2026-03-28 20:00:00,1.4856,11.11,307.9,False,0.3992,13.33,264.5,False,,,,,2.1572,1.5383,0.713116,1d_transect
47,2026-03-28 23:00:00,1.3296,10.53,311.3,False,0.3853,13.33,264.2,False,,,,,1.983,1.3843,0.698109,1d_transect
47,2026-03-29 02:00:00,1.2632,10.53,306.1,False,0.3886,13.33,258.4,False,,,,,1.8441,1.3216,0.716674,1d_transect
47,2026-03-29 05:00:00,1.2159,9.87,307.9,False,0.3949,13.33,260.0,False,,,,,1.7263,1.2784,0.740539,1d_transect
47,2026-03-29 08:00:00,1.1474,9.87,306.2,False,0.4457,13.33,260.6,False,,,,,1.7062,1.2309,0.721423,1d_transect
47,2026-03-29 11:00:00,1.0777,9.87,307.2,False,0.4415,13.33,260.8,False,,,,,1.6108,1.1647,0.723024,1d_transect
47,2026-03-29 14:00:00,0.9977,9.87,306.3,False,0.4385,13.33,265.3,False,,,,,1.4971,1.0898,0.727923,1d_transect
47,2026-03-29 17:00:00,0.9317,9.87,306.8,False,0.432,13.33,266.3,False,,,,,1.4137,1.027,0.726456,1d_transect
47,2026-03-29 20:00:00,0.4616,13.33,264.5,False,0.866,9.09,305.8,False,,,,,1.3776,0.9814,0.712361,1d_transect
47,2026-03-29 23:00:00,0.4386,12.5,268.4,False,0.7732,9.09,306.8,False,0.3164,3.7,319.0,True,1.3055,0.9435,0.72272,1d_transect
47,2026-03-30 02:00:00,0.4095,12.5,264.4,False,0.7581,9.09,308.0,False,,,,,1.2418,0.8616,0.693874,1d_transect
47,2026-03-30 05:00:00,0.4203,12.5,266.0,False,0.7069,9.09,309.2,False,,,,,1.2229,0.8224,0.6725,1d_transect
47,2026-03-30 08:00:00,0.4215,12.5,266.2,False,0.4559,9.09,308.0,False,0.488,5.88,316.2,True,1.1296,0.7897,0.699093,1d_transect
47,2026-03-30 11:00:00,0.4412,12.5,267.3,False,0.4351,9.09,309.2,False,0.4266,5.56,314.6,True,1.0617,0.7523,0.708584,1d_transect
47,2026-03-30 14:00:00,0.429,12.5,268.9,False,0.4142,9.09,307.9,False,0.3791,5.56,315.6,True,0.9828,0.7066,0.718985,1d_transect
47,2026-03-30 17:00:00,0.3679,11.76,275.9,False,0.5324,9.09,309.4,False,0.137,15.38,232.6,False,0.9368,0.6615,0.706184,1d_transect
47,2026-03-30 20:00:00,0.3505,11.11,286.5,False,0.1492,15.38,233.8,False,0.49,8.33,308.7,False,0.8578,0.6206,0.723491,1d_transect
47,2026-03-30 23:00:00,0.3285,11.11,288.1,False,0.1613,15.38,235.4,False,0.4501,8.33,308.9,False,0.7993,0.5801,0.72581,1d_transect
47,2026-03-31 02:00:00,0.1828,15.38,242.8,False,0.2622,11.11,287.6,False,0.3937,8.33,300.5,False,0.7733,0.5071,0.655782,1d_transect
47,2026-03-31 05:00:00,0.2239,14.29,245.3,False,0.2666,11.11,292.9,False,0.2985,8.33,295.7,False,0.6395,0.4586,0.717155,1d_transect
47,2026-03-31 08:00:00,0.3107,14.29,246.6,False,0.3541,11.11,295.5,False,0.4405,8.33,294.6,False,0.6644,0.645,0.97078,1d_transect
47,2026-03-31 11:00:00,0.3199,14.29,242.4,False,0.372,11.11,291.3,False,0.3342,8.33,295.3,False,0.6571,0.5936,0.903262,1d_transect
47,2026-03-31 14:00:00,0.3272,14.29,245.5,False,0.3808,11.11,303.6,False,0.3511,7.69,278.5,False,0.6821,0.6126,0.898231,1d_transect
46,2026-03-25 02:00:00,0.8457,11.11,306.4,False,0.3224,15.38,260.5,False,0.3931,3.85,332.6,True,1.3141,0.9867,0.750863,1d_transect
46,2026-03-25 05:00:00,0.7886,11.11,306.8,False,0.3214,15.38,254.7,False,0.4737,3.85,318.5,True,1.2933,0.9745,0.753477,1d_transect
46,2026-03-25 08:00:00,0.8216,11.11,305.6,False,0.5846,4.17,326.3,True,,,,,1.3077,1.0084,0.771117,1d_transect
46,2026-03-25 11:00:00,0.9125,11.11,304.8,False,0.7047,4.76,322.7,True,,,,,1.3844,1.1529,0.832823,1d_transect
46,2026-03-25 14:00:00,1.047,11.11,296.8,False,0.8128,4.76,331.5,True,,,,,1.4773,1.3255,0.897247,1d_transect
46,2026-03-25 17:00:00,1.0573,11.11,294.4,False,0.9512,5.0,327.0,True,,,,,1.7136,1.4222,0.829937,1d_transect
46,2026-03-25 20:00:00,1.1613,11.11,294.2,False,1.0688,5.26,329.5,True,,,,,1.9124,1.5783,0.82529,1d_transect
46,2026-03-25 23:00:00,0.7248,11.11,300.3,False,0.9366,6.67,319.1,False,,,,,2.5596,1.1843,0.462679,1d_transect
46,2026-03-26 02:00:00,1.4708,8.33,312.0,False,,,,,,,,,3.2573,1.4708,0.45156,1d_transect
46,2026-03-26 05:00:00,1.7243,9.09,310.8,False,,,,,,,,,3.8134,1.7243,0.452171,1d_transect
46,2026-03-26 08:00:00,1.7758,9.87,308.3,False,,,,,,,,,3.8843,1.7758,0.45717,1d_transect
46,2026-03-26 11:00:00,1.766,9.87,311.7,False,,,,,,,,,3.8574,1.766,0.457828,1d_transect
46,2026-03-26 14:00:00,1.6874,9.87,306.6,False,,,,,,,,,3.5821,1.6874,0.471074,1d_transect
46,2026-03-26 17:00:00,1.6009,9.87,311.3,False,,,,,,,,,3.4381,1.6009,0.46563,1d_transect
46,2026-03-26 20:00:00,1.4771,9.87,310.3,False,,,,,,,,,3.2408,1.4771,0.455788,1d_transect
46,2026-03-26 23:00:00,1.3378,9.87,312.6,False,,,,,,,,,3.0198,1.3378,0.443003,1d_transect
46,2026-03-27 02:00:00,1.2301,9.87,313.6,False,,,,,,,,,2.8639,1.2301,0.429519,1d_transect
46,2026-03-27 05:00:00,1.2391,10.53,314.7,False,,,,,,,,,2.9017,1.2391,0.427016,1d_transect
46,2026-03-27 08:00:00,1.1196,10.53,313.7,False,,,,,,,,,2.7969,1.1196,0.400304,1d_transect
46,2026-03-27 11:00:00,1.0612,10.53,314.8,False,,,,,,,,,2.6493,1.0612,0.400548,1d_transect
46,2026-03-27 14:00:00,0.998,10.53,308.6,False,,,,,,,,,2.4865,0.998,0.401371,1d_transect
46,2026-03-27 17:00:00,0.9715,10.53,311.1,False,,,,,,,,,2.4423,0.9715,0.397766,1d_transect
46,2026-03-27 20:00:00,1.0072,9.87,312.3,False,,,,,,,,,2.3195,1.0072,0.434221,1d_transect
46,2026-03-27 23:00:00,1.0228,9.87,313.4,False,,,,,,,,,2.2781,1.0228,0.448951,1d_transect
46,2026-03-28 02:00:00,1.0191,9.87,313.0,False,,,,,,,,,2.2548,1.0191,0.45198,1d_transect
46,2026-03-28 05:00:00,1.3358,10.53,312.3,False,,,,,,,,,2.3458,1.3358,0.569442,1d_transect
46,2026-03-28 08:00:00,1.3488,10.53,311.3,False,,,,,,,,,2.392,1.3488,0.563881,1d_transect
46,2026-03-28 11:00:00,1.3544,11.11,312.3,False,0.2768,14.29,265.8,False,,,,,2.5357,1.3824,0.545169,1d_transect
46,2026-03-28 14:00:00,1.3745,11.11,308.0,False,0.282,14.29,256.8,False,,,,,2.5173,1.4031,0.557375,1d_transect
46,2026-03-28 17:00:00,1.4601,11.11,309.0,False,,,,,,,,,2.4413,1.4601,0.598089,1d_transect
46,2026-03-28 20:00:00,1.3625,11.11,307.9,False,0.3655,13.33,264.5,False,,,,,2.3673,1.4107,0.595905,1d_transect
46,2026-03-28 23:00:00,1.225,10.53,311.3,False,0.3546,13.33,264.2,False,,,,,2.1746,1.2753,0.58647,1d_transect
46,2026-03-29 02:00:00,1.1659,10.53,306.1,False,0.3551,13.33,258.4,False,,,,,2.0368,1.2187,0.598354,1d_transect
46,2026-03-29 05:00:00,1.1232,9.87,307.9,False,0.3626,13.33,260.0,False,,,,,1.9001,1.1803,0.621171,1d_transect
46,2026-03-29 08:00:00,1.0618,9.87,306.2,False,0.4104,13.33,260.6,False,,,,,1.8778,1.1383,0.606201,1d_transect
46,2026-03-29 11:00:00,1.0003,9.87,307.2,False,0.4077,13.33,260.8,False,,,,,1.7727,1.0802,0.60936,1d_transect
46,2026-03-29 14:00:00,0.9326,9.87,306.3,False,0.4081,13.33,265.3,False,,,,,1.6476,1.018,0.617858,1d_transect
46,2026-03-29 17:00:00,0.878,9.87,306.8,False,0.4054,13.33,266.3,False,,,,,1.5557,0.9671,0.621638,1d_transect
46,2026-03-29 20:00:00,0.4348,13.33,264.5,False,0.8198,9.09,305.8,False,,,,,1.5155,0.928,0.612337,1d_transect
46,2026-03-29 23:00:00,0.4164,12.5,268.4,False,0.738,9.09,306.8,False,0.2863,3.7,319.0,True,1.4279,0.8944,0.626385,1d_transect
46,2026-03-30 02:00:00,0.3871,12.5,264.4,False,0.7213,9.09,308.0,False,,,,,1.3655,0.8186,0.599514,1d_transect
46,2026-03-30 05:00:00,0.3982,12.5,266.0,False,0.6732,9.09,309.2,False,,,,,1.3449,0.7822,0.581569,1d_transect
46,2026-03-30 08:00:00,0.4067,12.5,266.2,False,0.4422,9.09,308.0,False,0.4487,5.88,316.2,True,1.2178,0.7499,0.615749,1d_transect
46,2026-03-30 11:00:00,0.4222,12.5,267.3,False,0.4187,9.09,309.2,False,0.3921,5.56,314.6,True,1.1505,0.7123,0.619107,1d_transect
46,2026-03-30 14:00:00,0.4095,12.5,268.9,False,0.3975,9.09,307.9,False,0.3448,5.56,315.6,True,1.0643,0.6668,0.626482,1d_transect
46,2026-03-30 17:00:00,0.3438,11.76,275.9,False,0.5022,9.09,309.4,False,0.129,15.38,232.6,False,1.0286,0.6221,0.604821,1d_transect
46,2026-03-30 20:00:00,0.3295,11.11,286.5,False,0.1406,15.38,233.8,False,0.4602,8.33,308.7,False,0.9404,0.5832,0.620214,1d_transect
46,2026-03-30 23:00:00,0.3094,11.11,288.1,False,0.1519,15.38,235.4,False,0.4236,8.33,308.9,False,0.8761,0.5461,0.623363,1d_transect
46,2026-03-31 02:00:00,0.1755,15.38,242.8,False,0.252,11.11,287.6,False,0.3688,8.33,300.5,False,0.8351,0.4799,0.574702,1d_transect
46,2026-03-31 05:00:00,0.2136,14.29,245.3,False,0.2552,11.11,292.9,False,0.2808,8.33,295.7,False,0.6957,0.4355,0.625901,1d_transect
46,2026-03-31 08:00:00,0.2967,14.29,246.6,False,0.3377,11.11,295.5,False,0.418,8.33,294.6,False,0.7239,0.6138,0.847835,1d_transect
46,2026-03-31 11:00:00,0.3019,14.29,242.4,False,0.3524,11.11,291.3,False,0.3112,8.33,295.3,False,0.7161,0.5588,0.780321,1d_transect
46,2026-03-31 14:00:00,0.3114,14.29,245.5,False,0.3619,11.11,303.6,False,0.3269,7.69,278.5,False,0.74,0.5786,0.781838,1d_transect
45,2026-03-25 02:00:00,0.8478,11.11,306.4,False,0.3231,15.38,260.5,False,0.3879,3.85,332.6,True,1.2708,0.9867,0.77647,1d_transect
45,2026-03-25 05:00:00,0.7873,11.11,306.8,False,0.3218,15.38,254.7,False,0.4757,3.85,318.5,True,1.256,0.9745,0.775871,1d_transect
45,2026-03-25 08:00:00,0.8239,11.11,305.6,False,0.5814,4.17,326.3,True,,,,,1.2642,1.0084,0.797666,1d_transect
45,2026-03-25 11:00:00,0.9117,11.11,304.8,False,0.7057,4.76,322.7,True,,,,,1.3385,1.1529,0.861341,1d_transect
45,2026-03-25 14:00:00,1.0516,11.11,296.8,False,0.8068,4.76,331.5,True,,,,,1.4201,1.3255,0.933328,1d_transect
45,2026-03-25 17:00:00,1.0612,11.11,294.4,False,0.9469,5.0,327.0,True,,,,,1.6549,1.4222,0.859409,1d_transect
45,2026-03-25 20:00:00,1.1656,11.11,294.2,False,1.0641,5.26,329.5,True,,,,,1.8466,1.5783,0.854677,1d_transect
45,2026-03-25 23:00:00,0.7227,11.11,300.3,False,0.9382,6.67,319.1,False,,,,,2.4798,1.1843,0.477565,1d_transect
45,2026-03-26 02:00:00,1.4708,8.33,312.0,False,,,,,,,,,3.1684,1.4708,0.464227,1d_transect
45,2026-03-26 05:00:00,1.7243,9.09,310.8,False,,,,,,,,,3.7038,1.7243,0.465551,1d_transect
45,2026-03-26 08:00:00,1.7758,9.87,308.3,False,,,,,,,,,3.8025,1.7758,0.46701,1d_transect
45,2026-03-26 11:00:00,1.766,9.87,311.7,False,,,,,,,,,3.7466,1.766,0.471375,1d_transect
45,2026-03-26 14:00:00,1.6874,9.87,306.6,False,,,,,,,,,3.5066,1.6874,0.481214,1d_transect
45,2026-03-26 17:00:00,1.6009,9.87,311.3,False,,,,,,,,,3.3393,1.6009,0.479409,1d_transect
45,2026-03-26 20:00:00,1.4771,9.87,310.3,False,,,,,,,,,3.1476,1.4771,0.469275,1d_transect
45,2026-03-26 23:00:00,1.3378,9.87,312.6,False,,,,,,,,,2.933,1.3378,0.456111,1d_transect
45,2026-03-27 02:00:00,1.2301,9.87,313.6,False,,,,,,,,,2.7816,1.2301,0.442229,1d_transect
45,2026-03-27 05:00:00,1.2391,10.53,314.7,False,,,,,,,,,2.8152,1.2391,0.440136,1d_transect
45,2026-03-27 08:00:00,1.1196,10.53,313.7,False,,,,,,,,,2.7136,1.1196,0.412603,1d_transect
45,2026-03-27 11:00:00,1.0612,10.53,314.8,False,,,,,,,,,2.5703,1.0612,0.412855,1d_transect
45,2026-03-27 14:00:00,0.998,10.53,308.6,False,,,,,,,,,2.4315,0.998,0.410447,1d_transect
45,2026-03-27 17:00:00,0.9715,10.53,311.1,False,,,,,,,,,2.3695,0.9715,0.409987,1d_transect
45,2026-03-27 20:00:00,1.0072,9.87,312.3,False,,,,,,,,,2.2529,1.0072,0.44707,1d_transect
45,2026-03-27 23:00:00,1.0228,9.87,313.4,False,,,,,,,,,2.2127,1.0228,0.462236,1d_transect
45,2026-03-28 02:00:00,1.0191,9.87,313.0,False,,,,,,,,,2.19,1.0191,0.465355,1d_transect
45,2026-03-28 05:00:00,1.3358,10.53,312.3,False,,,,,,,,,2.2759,1.3358,0.586938,1d_transect
45,2026-03-28 08:00:00,1.3488,10.53,311.3,False,,,,,,,,,2.3207,1.3488,0.581206,1d_transect
45,2026-03-28 11:00:00,1.3544,11.11,312.3,False,0.2768,14.29,265.8,False,,,,,2.4545,1.3824,0.563206,1d_transect
45,2026-03-28 14:00:00,1.3744,11.11,308.0,False,0.2822,14.29,256.8,False,,,,,2.4404,1.4031,0.574933,1d_transect
45,2026-03-28 17:00:00,1.4601,11.11,309.0,False,,,,,,,,,2.3667,1.4601,0.616945,1d_transect
45,2026-03-28 20:00:00,1.3626,11.11,307.9,False,0.3652,13.33,264.5,False,,,,,2.2949,1.4107,0.614726,1d_transect
45,2026-03-28 23:00:00,1.2252,10.53,311.3,False,0.3541,13.33,264.2,False,,,,,2.1095,1.2753,0.604563,1d_transect
45,2026-03-29 02:00:00,1.1667,10.53,306.1,False,0.3524,13.33,258.4,False,,,,,1.9904,1.2187,0.612316,1d_transect
45,2026-03-29 05:00:00,1.1242,9.87,307.9,False,0.3595,13.33,260.0,False,,,,,1.8584,1.1803,0.635103,1d_transect
45,2026-03-29 08:00:00,1.0632,9.87,306.2,False,0.4066,13.33,260.6,False,,,,,1.8357,1.1383,0.620091,1d_transect
45,2026-03-29 11:00:00,1.0018,9.87,307.2,False,0.404,13.33,260.8,False,,,,,1.7328,1.0802,0.623404,1d_transect
45,2026-03-29 14:00:00,0.9343,9.87,306.3,False,0.4043,13.33,265.3,False,,,,,1.6101,1.018,0.632283,1d_transect
45,2026-03-29 17:00:00,0.8797,9.87,306.8,False,0.4017,13.33,266.3,False,,,,,1.52,0.9671,0.636258,1d_transect
45,2026-03-29 20:00:00,0.4312,13.33,264.5,False,0.8217,9.09,305.8,False,,,,,1.4801,0.928,0.626955,1d_transect
45,2026-03-29 23:00:00,0.4131,12.5,268.4,False,0.7399,9.09,306.8,False,0.286,3.7,319.0,True,1.3941,0.8944,0.641564,1d_transect
45,2026-03-30 02:00:00,0.3839,12.5,264.4,False,0.7231,9.09,308.0,False,,,,,1.3336,0.8186,0.61387,1d_transect
45,2026-03-30 05:00:00,0.3951,12.5,266.0,False,0.6751,9.09,309.2,False,,,,,1.313,0.7822,0.595699,1d_transect
45,2026-03-30 08:00:00,0.4042,12.5,266.2,False,0.4442,9.09,308.0,False,0.449,5.88,316.2,True,1.1869,0.7499,0.631787,1d_transect
45,2026-03-30 11:00:00,0.4189,12.5,267.3,False,0.4198,9.09,309.2,False,0.3946,5.56,314.6,True,1.1234,0.7123,0.634068,1d_transect
45,2026-03-30 14:00:00,0.4072,12.5,268.9,False,0.3995,9.09,307.9,False,0.3453,5.56,315.6,True,1.0367,0.6668,0.643143,1d_transect
45,2026-03-30 17:00:00,0.3405,11.76,275.9,False,0.504,9.09,309.4,False,0.1304,15.38,232.6,False,1.0032,0.6221,0.620138,1d_transect
45,2026-03-30 20:00:00,0.3271,11.11,286.5,False,0.1418,15.38,233.8,False,0.4616,8.33,308.7,False,0.9192,0.5832,0.634519,1d_transect
45,2026-03-30 23:00:00,0.3072,11.11,288.1,False,0.1525,15.38,235.4,False,0.4249,8.33,308.9,False,0.8561,0.5461,0.637904,1d_transect
45,2026-03-31 02:00:00,0.1774,15.38,242.8,False,0.2528,11.11,287.6,False,0.3674,8.33,300.5,False,0.8079,0.4799,0.594042,1d_transect
45,2026-03-31 05:00:00,0.2147,14.29,245.3,False,0.2553,11.11,292.9,False,0.2799,8.33,295.7,False,0.6742,0.4355,0.645891,1d_transect
45,2026-03-31 08:00:00,0.2975,14.29,246.6,False,0.3357,11.11,295.5,False,0.4189,8.33,294.6,False,0.7031,0.6138,0.872967,1d_transect
45,2026-03-31 11:00:00,0.3039,14.29,242.4,False,0.352,11.11,291.3,False,0.3097,8.33,295.3,False,0.6949,0.5588,0.804066,1d_transect
45,2026-03-31 14:00:00,0.3129,14.29,245.5,False,0.3608,11.11,303.6,False,0.3266,7.69,278.5,False,0.7172,0.5786,0.806756,1d_transect
35,2026-03-25 02:00:00,0.7927,11.11,306.4,False,0.3316,15.38,260.5,False,0.2473,3.85,332.6,True,1.1554,0.8942,0.773923,1d_transect
35,2026-03-25 05:00:00,0.7442,11.11,306.8,False,0.3354,15.38,254.7,False,0.3899,3.85,318.5,True,1.1571,0.9046,0.781791,1d_transect
35,2026-03-25 08:00:00,0.8449,11.11,305.6,False,0.4429,4.17,326.3,True,,,,,1.0941,0.954,0.871948,1d_transect
35,2026-03-25 11:00:00,0.8856,11.11,304.8,False,0.5232,4.76,322.7,True,,,,,1.2156,1.0286,0.846157,1d_transect
35,2026-03-25 14:00:00,1.0721,11.11,296.8,False,0.5187,4.76,331.5,True,,,,,1.2699,1.191,0.937853,1d_transect
35,2026-03-25 17:00:00,1.1187,11.11,294.4,False,0.68,5.0,327.0,True,,,,,1.4784,1.3092,0.885575,1d_transect
35,2026-03-25 20:00:00,1.2142,11.11,294.2,False,0.7551,5.26,329.5,True,,,,,1.6431,1.4298,0.870196,1d_transect
35,2026-03-25 23:00:00,1.0242,11.11,300.3,False,1.0928,6.67,319.1,False,,,,,2.1882,1.4977,0.684457,1d_transect
35,2026-03-26 02:00:00,1.619,8.33,312.0,False,,,,,,,,,2.7702,1.619,0.584431,1d_transect
35,2026-03-26 05:00:00,2.0062,9.09,310.8,False,,,,,,,,,3.2381,2.0062,0.619555,1d_transect
35,2026-03-26 08:00:00,2.1123,9.87,308.3,False,,,,,,,,,3.5758,2.1123,0.590716,1d_transect
35,2026-03-26 11:00:00,2.2781,9.87,311.7,False,,,,,,,,,3.2755,2.2781,0.6955,1d_transect
35,2026-03-26 14:00:00,2.2407,9.87,306.6,False,,,,,,,,,3.2976,2.2407,0.679489,1d_transect
35,2026-03-26 17:00:00,2.1134,9.87,311.3,False,,,,,,,,,2.9194,2.1134,0.723903,1d_transect
35,2026-03-26 20:00:00,1.979,9.87,310.3,False,,,,,,,,,2.7519,1.979,0.719142,1d_transect
35,2026-03-26 23:00:00,1.8439,9.87,312.6,False,,,,,,,,,2.5643,1.8439,0.71908,1d_transect
35,2026-03-27 02:00:00,1.7196,9.87,313.6,False,,,,,,,,,2.4319,1.7196,0.70712,1d_transect
35,2026-03-27 05:00:00,1.74,10.53,314.7,False,,,,,,,,,2.4611,1.74,0.707018,1d_transect
35,2026-03-27 08:00:00,1.5879,10.53,313.7,False,,,,,,,,,2.3722,1.5879,0.669373,1d_transect
35,2026-03-27 11:00:00,1.5119,10.53,314.8,False,,,,,,,,,2.247,1.5119,0.672826,1d_transect
35,2026-03-27 14:00:00,1.4368,10.53,308.6,False,,,,,,,,,2.2873,1.4368,0.628157,1d_transect
35,2026-03-27 17:00:00,1.3781,10.53,311.1,False,,,,,,,,,2.0715,1.3781,0.665268,1d_transect
35,2026-03-27 20:00:00,1.4025,9.87,312.3,False,,,,,,,,,1.9696,1.4025,0.712046,1d_transect
35,2026-03-27 23:00:00,1.4169,9.87,313.4,False,,,,,,,,,1.9345,1.4169,0.732428,1d_transect
35,2026-03-28 02:00:00,1.4297,9.87,313.0,False,,,,,,,,,1.9147,1.4297,0.746687,1d_transect
35,2026-03-28 05:00:00,1.4241,10.53,312.3,False,,,,,,,,,1.9896,1.4241,0.715739,1d_transect
35,2026-03-28 08:00:00,1.4208,10.53,311.3,False,,,,,,,,,2.0288,1.4208,0.700304,1d_transect
35,2026-03-28 11:00:00,1.3808,11.11,312.3,False,0.3315,14.29,265.8,False,,,,,2.1652,1.42,0.655839,1d_transect
35,2026-03-28 14:00:00,1.3672,11.11,308.0,False,0.3084,14.29,256.8,False,,,,,2.299,1.4016,0.609643,1d_transect
35,2026-03-28 17:00:00,1.4331,11.11,309.0,False,,,,,,,,,2.2203,1.4331,0.645474,1d_transect
35,2026-03-28 20:00:00,1.3802,11.11,307.9,False,0.4057,13.33,264.5,False,,,,,2.1674,1.4386,0.663744,1d_transect
35,2026-03-28 23:00:00,1.2892,10.53,311.3,False,0.4385,13.33,264.2,False,,,,,1.8713,1.3618,0.7277,1d_transect
35,2026-03-29 02:00:00,1.2415,10.53,306.1,False,0.4104,13.33,258.4,False,,,,,1.8878,1.3075,0.692639,1d_transect
35,2026-03-29 05:00:00,1.1939,9.87,307.9,False,0.418,13.33,260.0,False,,,,,1.7636,1.265,0.717251,1d_transect
35,2026-03-29 08:00:00,1.1323,9.87,306.2,False,0.4738,13.33,260.6,False,,,,,1.7479,1.2274,0.702261,1d_transect
35,2026-03-29 11:00:00,1.0883,9.87,307.2,False,0.4802,13.33,260.8,False,,,,,1.6518,1.1896,0.720186,1d_transect
35,2026-03-29 14:00:00,1.0367,9.87,306.3,False,0.4905,13.33,265.3,False,,,,,1.5372,1.1469,0.746103,1d_transect
35,2026-03-29 17:00:00,0.9954,9.87,306.8,False,0.4969,13.33,266.3,False,,,,,1.4532,1.1126,0.765571,1d_transect
35,2026-03-29 20:00:00,0.5379,13.33,264.5,False,0.937,9.09,305.8,False,,,,,1.4212,1.0804,0.760237,1d_transect
35,2026-03-29 23:00:00,0.5039,12.5,268.4,False,0.8259,9.09,306.8,False,0.2761,3.7,319.0,True,1.3212,1.0061,0.761478,1d_transect
35,2026-03-30 02:00:00,0.4962,12.5,264.4,False,0.8547,9.09,308.0,False,,,,,1.2808,0.9883,0.771673,1d_transect
35,2026-03-30 05:00:00,0.5102,12.5,266.0,False,0.7977,9.09,309.2,False,,,,,1.265,0.9469,0.748526,1d_transect
35,2026-03-30 08:00:00,0.5418,12.5,266.2,False,0.5448,9.09,308.0,False,0.4764,5.88,316.2,True,1.0971,0.9041,0.824027,1d_transect
35,2026-03-30 11:00:00,0.5414,12.5,267.3,False,0.4965,9.09,309.2,False,0.4336,5.56,314.6,True,1.0697,0.853,0.797435,1d_transect
35,2026-03-30 14:00:00,0.5294,12.5,268.9,False,0.4753,9.09,307.9,False,0.3553,5.56,315.6,True,0.9774,0.7952,0.813667,1d_transect
35,2026-03-30 17:00:00,0.4227,11.76,275.9,False,0.5738,9.09,309.4,False,0.169,15.38,232.6,False,0.9757,0.7325,0.750726,1d_transect
35,2026-03-30 20:00:00,0.3971,11.11,286.5,False,0.1796,15.38,233.8,False,0.5132,8.33,308.7,False,0.8971,0.6733,0.750589,1d_transect
35,2026-03-30 23:00:00,0.367,11.11,288.1,False,0.1874,15.38,235.4,False,0.4649,8.33,308.9,False,0.8367,0.6213,0.742473,1d_transect
35,2026-03-31 02:00:00,0.2215,15.38,242.8,False,0.31,11.11,287.6,False,0.4431,8.33,300.5,False,0.8232,0.5844,0.709866,1d_transect
35,2026-03-31 05:00:00,0.231,14.29,245.3,False,0.2715,11.11,292.9,False,0.2962,8.33,295.7,False,0.6903,0.4635,0.67139,1d_transect
35,2026-03-31 08:00:00,0.2785,14.29,246.6,False,0.3082,11.11,295.5,False,0.3871,8.33,294.6,False,0.7189,0.5678,0.789842,1d_transect
35,2026-03-31 11:00:00,0.2414,14.29,242.4,False,0.2753,11.11,291.3,False,0.241,8.33,295.3,False,0.7132,0.4384,0.614658,1d_transect
35,2026-03-31 14:00:00,0.3152,14.29,245.5,False,0.3472,11.11,303.6,False,0.3235,7.69,278.5,False,0.7255,0.5696,0.785204,1d_transect
34,2026-03-25 02:00:00,0.3868,15.38,260.5,False,0.5953,11.11,306.4,False,0.1027,3.85,332.6,True,0.8153,0.7173,0.879823,1d_transect
34,2026-03-25 05:00:00,0.3935,15.38,254.7,False,0.5546,11.11,306.8,False,0.2371,3.85,318.5,True,0.8166,0.7201,0.881913,1d_transect
34,2026-03-25 08:00:00,0.6927,11.11,305.6,False,0.2318,4.17,326.3,True,,,,,0.675,0.7305,1.082166,1d_transect
34,2026-03-25 11:00:00,0.6924,11.11,304.8,False,0.2714,4.76,322.7,True,,,,,0.813,0.7437,0.914797,1d_transect
34,2026-03-25 14:00:00,0.7416,11.11,296.8,False,0.1662,4.76,331.5,True,,,,,0.9232,0.76,0.82328,1d_transect
34,2026-03-25 17:00:00,0.7566,11.11,294.4,False,0.2267,5.0,327.0,True,,,,,1.1279,0.7898,0.700283,1d_transect
34,2026-03-25 20:00:00,0.7886,11.11,294.2,False,0.2418,5.26,329.5,True,,,,,1.2481,0.8249,0.66086,1d_transect
34,2026-03-25 23:00:00,0.7128,11.11,300.3,False,0.5651,6.67,319.1,False,,,,,1.381,0.9096,0.658652,1d_transect
34,2026-03-26 02:00:00,1.0235,8.33,312.0,False,,,,,,,,,1.6505,1.0235,0.620159,1d_transect
34,2026-03-26 05:00:00,1.048,9.09,310.8,False,,,,,,,,,1.9274,1.048,0.543734,1d_transect
34,2026-03-26 08:00:00,1.109,9.87,308.3,False,,,,,,,,,2.349,1.109,0.472136,1d_transect
34,2026-03-26 11:00:00,1.0984,9.87,311.7,False,,,,,,,,,1.9496,1.0984,0.56338,1d_transect
34,2026-03-26 14:00:00,1.0391,9.87,306.6,False,,,,,,,,,2.1662,1.0391,0.479682,1d_transect
34,2026-03-26 17:00:00,0.9916,9.87,311.3,False,,,,,,,,,1.7377,0.9916,0.570622,1d_transect
34,2026-03-26 20:00:00,0.944,9.87,310.3,False,,,,,,,,,1.638,0.944,0.576314,1d_transect
34,2026-03-26 23:00:00,0.9038,9.87,312.6,False,,,,,,,,,1.5263,0.9038,0.592172,1d_transect
34,2026-03-27 02:00:00,0.8745,9.87,313.6,False,,,,,,,,,1.4475,0.8745,0.604119,1d_transect
34,2026-03-27 05:00:00,0.8444,10.53,314.7,False,,,,,,,,,1.4638,0.8444,0.57687,1d_transect
34,2026-03-27 08:00:00,0.8761,10.53,313.7,False,,,,,,,,,1.411,0.8761,0.620946,1d_transect
34,2026-03-27 11:00:00,0.8438,10.53,314.8,False,,,,,,,,,1.3365,0.8438,0.631374,1d_transect
34,2026-03-27 14:00:00,0.8137,10.53,308.6,False,,,,,,,,,1.5017,0.8137,0.541876,1d_transect
34,2026-03-27 17:00:00,0.7914,10.53,311.1,False,,,,,,,,,1.2321,0.7914,0.642367,1d_transect
34,2026-03-27 20:00:00,0.7712,9.87,312.3,False,,,,,,,,,1.1724,0.7712,0.657801,1d_transect
34,2026-03-27 23:00:00,0.8008,9.87,313.4,False,,,,,,,,,1.1514,0.8008,0.695463,1d_transect
34,2026-03-28 02:00:00,0.8147,9.87,313.0,False,,,,,,,,,1.1396,0.8147,0.714878,1d_transect
34,2026-03-28 05:00:00,0.8461,10.53,312.3,False,,,,,,,,,1.1834,0.8461,0.714961,1d_transect
34,2026-03-28 08:00:00,0.8312,10.53,311.3,False,,,,,,,,,1.2067,0.8312,0.688838,1d_transect
34,2026-03-28 11:00:00,0.7732,11.11,312.3,False,0.3166,14.29,265.8,False,,,,,1.3644,0.8355,0.612328,1d_transect
34,2026-03-28 14:00:00,0.7785,11.11,308.0,False,0.2764,14.29,256.8,False,,,,,1.5721,0.8261,0.525483,1d_transect
34,2026-03-28 17:00:00,0.8038,11.11,309.0,False,,,,,,,,,1.4667,0.8038,0.548025,1d_transect
34,2026-03-28 20:00:00,0.7062,11.11,307.9,False,0.3268,13.33,264.5,False,,,,,1.5136,0.7781,0.514053,1d_transect
34,2026-03-28 23:00:00,0.6423,10.53,311.3,False,0.382,13.33,264.2,False,,,,,1.226,0.7473,0.609572,1d_transect
34,2026-03-29 02:00:00,0.6367,10.53,306.1,False,0.3343,13.33,258.4,False,,,,,1.3291,0.7191,0.541066,1d_transect
34,2026-03-29 05:00:00,0.3395,13.33,260.0,False,0.6108,9.87,307.9,False,,,,,1.251,0.6988,0.558571,1d_transect
34,2026-03-29 08:00:00,0.3751,13.33,260.6,False,0.5663,9.87,306.2,False,,,,,1.2705,0.6792,0.534618,1d_transect
34,2026-03-29 11:00:00,0.3763,13.33,260.8,False,0.5388,9.87,307.2,False,,,,,1.2109,0.6572,0.54271,1d_transect
34,2026-03-29 14:00:00,0.3701,13.33,265.3,False,0.4976,9.87,306.3,False,,,,,1.1376,0.6202,0.545174,1d_transect
34,2026-03-29 17:00:00,0.3708,13.33,266.3,False,0.4725,9.87,306.8,False,,,,,1.0857,0.6006,0.553159,1d_transect
34,2026-03-29 20:00:00,0.3904,13.33,264.5,False,0.4296,9.09,305.8,False,,,,,1.094,0.5805,0.530627,1d_transect
34,2026-03-29 23:00:00,0.38,12.5,268.4,False,0.3934,9.09,306.8,False,0.1079,3.7,319.0,True,1.0097,0.5575,0.552109,1d_transect
34,2026-03-30 02:00:00,0.3627,12.5,264.4,False,0.3933,9.09,308.0,False,,,,,0.9897,0.535,0.54058,1d_transect
34,2026-03-30 05:00:00,0.3646,12.5,266.0,False,0.36,9.09,309.2,False,,,,,0.9963,0.5124,0.51429,1d_transect
34,2026-03-30 08:00:00,0.3805,12.5,266.2,False,0.2416,9.09,308.0,False,0.1734,5.88,316.2,True,0.868,0.4829,0.55635,1d_transect
34,2026-03-30 11:00:00,0.3753,12.5,267.3,False,0.2174,9.09,309.2,False,0.1731,5.56,314.6,True,0.8786,0.467,0.531473,1d_transect
34,2026-03-30 14:00:00,0.3788,12.5,268.9,False,0.2148,9.09,307.9,False,0.1318,5.56,315.6,True,0.8128,0.455,0.559798,1d_transect
34,2026-03-30 17:00:00,0.3528,11.76,275.9,False,0.1451,15.38,232.6,False,0.3087,9.09,309.4,False,0.7981,0.4907,0.614811,1d_transect
34,2026-03-30 20:00:00,0.3338,11.11,286.5,False,0.1714,15.38,233.8,False,0.3072,8.33,308.7,False,0.7096,0.485,0.683405,1d_transect
34,2026-03-30 23:00:00,0.1908,15.38,235.4,False,0.3297,11.11,288.1,False,0.2974,8.33,308.9,False,0.6689,0.4833,0.722409,1d_transect
34,2026-03-31 02:00:00,0.2307,15.38,242.8,False,0.2853,11.11,287.6,False,0.3182,8.33,300.5,False,0.6864,0.4857,0.707522,1d_transect
34,2026-03-31 05:00:00,0.2812,14.29,245.3,False,0.2707,11.11,292.9,False,0.2712,8.33,295.7,False,0.6072,0.4752,0.782606,1d_transect
34,2026-03-31 08:00:00,0.2983,14.29,246.6,False,0.249,11.11,295.5,False,0.3386,8.33,294.6,False,0.6363,0.5154,0.810035,1d_transect
34,2026-03-31 11:00:00,0.3169,14.29,242.4,False,0.2957,11.11,291.3,False,0.2378,8.33,295.3,False,0.6404,0.4943,0.771958,1d_transect
34,2026-03-31 14:00:00,0.3373,14.29,245.5,False,0.2573,11.11,303.6,False,0.3392,7.69,278.5,False,0.6751,0.5432,0.804614,1d_transect
33,2026-03-25 02:00:00,0.3382,15.38,260.5,False,0.1769,11.11,306.4,False,0.0973,3.85,332.6,True,0.2427,0.3939,1.623039,1d_transect
33,2026-03-25 05:00:00,0.3508,15.38,254.7,False,0.1351,11.11,306.8,False,0.0865,3.85,318.5,True,0.2893,0.3857,1.333172,1d_transect
33,2026-03-25 08:00:00,0.3096,11.11,305.6,False,0.2477,4.17,326.3,True,,,,,0.1321,0.3965,3.002213,1d_transect
33,2026-03-25 11:00:00,0.3181,11.11,304.8,False,0.2628,4.76,322.7,True,,,,,0.1397,0.4126,2.954139,1d_transect
33,2026-03-25 14:00:00,0.3269,11.11,296.8,False,0.2766,4.76,331.5,True,,,,,0.1607,0.4282,2.665082,1d_transect
33,2026-03-25 17:00:00,0.3487,11.11,294.4,False,0.274,5.0,327.0,True,,,,,0.2019,0.4435,2.197024,1d_transect
33,2026-03-25 20:00:00,0.3571,11.11,294.2,False,0.2871,5.26,329.5,True,,,,,0.2249,0.4583,2.037363,1d_transect
33,2026-03-25 23:00:00,0.2664,11.11,300.3,False,0.345,6.67,319.1,False,,,,,0.2519,0.4359,1.730564,1d_transect
33,2026-03-26 02:00:00,0.4683,8.33,312.0,False,,,,,,,,,0.2961,0.4683,1.581554,1d_transect
33,2026-03-26 05:00:00,0.4984,9.09,310.8,False,,,,,,,,,0.3458,0.4984,1.441332,1d_transect
33,2026-03-26 08:00:00,0.5087,9.87,308.3,False,,,,,,,,,0.3575,0.5087,1.422875,1d_transect
33,2026-03-26 11:00:00,0.5059,9.87,311.7,False,,,,,,,,,0.3498,0.5059,1.446277,1d_transect
33,2026-03-26 14:00:00,0.4719,9.87,306.6,False,,,,,,,,,0.3297,0.4719,1.431388,1d_transect
33,2026-03-26 17:00:00,0.4448,9.87,311.3,False,,,,,,,,,0.3118,0.4448,1.426728,1d_transect
33,2026-03-26 20:00:00,0.4163,9.87,310.3,False,,,,,,,,,0.2939,0.4163,1.416586,1d_transect
33,2026-03-26 23:00:00,0.3882,9.87,312.6,False,,,,,,,,,0.2738,0.3882,1.417503,1d_transect
33,2026-03-27 02:00:00,0.3699,9.87,313.6,False,,,,,,,,,0.2597,0.3699,1.424534,1d_transect
33,2026-03-27 05:00:00,0.3717,10.53,314.7,False,,,,,,,,,0.2682,0.3717,1.385813,1d_transect
33,2026-03-27 08:00:00,0.3505,10.53,313.7,False,,,,,,,,,0.2585,0.3505,1.355748,1d_transect
33,2026-03-27 11:00:00,0.34,10.53,314.8,False,,,,,,,,,0.2449,0.34,1.38828,1d_transect
33,2026-03-27 14:00:00,0.33,10.53,308.6,False,,,,,,,,,0.2333,0.33,1.414464,1d_transect
33,2026-03-27 17:00:00,0.3233,10.53,311.1,False,,,,,,,,,0.2258,0.3233,1.432213,1d_transect
33,2026-03-27 20:00:00,0.3279,9.87,312.3,False,,,,,,,,,0.2103,0.3279,1.559131,1d_transect
33,2026-03-27 23:00:00,0.3307,9.87,313.4,False,,,,,,,,,0.2066,0.3307,1.600709,1d_transect
33,2026-03-28 02:00:00,0.3331,9.87,313.0,False,,,,,,,,,0.2045,0.3331,1.629208,1d_transect
33,2026-03-28 05:00:00,0.3438,10.53,312.3,False,,,,,,,,,0.2168,0.3438,1.585303,1d_transect
33,2026-03-28 08:00:00,0.3455,10.53,311.3,False,,,,,,,,,0.2211,0.3455,1.56248,1d_transect
33,2026-03-28 11:00:00,0.232,14.29,265.8,False,0.2635,11.11,312.3,False,,,,,0.3185,0.3511,1.102547,1d_transect
33,2026-03-28 14:00:00,0.2697,14.29,256.8,False,0.2302,11.11,308.0,False,,,,,0.3677,0.3546,0.964549,1d_transect
33,2026-03-28 17:00:00,0.3545,11.11,309.0,False,,,,,,,,,0.2363,0.3545,1.500213,1d_transect
33,2026-03-28 20:00:00,0.2772,13.33,264.5,False,0.2077,11.11,307.9,False,,,,,0.3691,0.3464,0.938488,1d_transect
33,2026-03-28 23:00:00,0.2839,13.33,264.2,False,0.1883,10.53,311.3,False,,,,,0.3494,0.3407,0.975105,1d_transect
33,2026-03-29 02:00:00,0.2945,13.33,258.4,False,0.1634,10.53,306.1,False,,,,,0.3769,0.3368,0.893559,1d_transect
33,2026-03-29 05:00:00,0.2977,13.33,260.0,False,0.1528,9.87,307.9,False,,,,,0.3644,0.3346,0.918314,1d_transect
33,2026-03-29 08:00:00,0.2994,13.33,260.6,False,0.1481,9.87,306.2,False,,,,,0.3636,0.3341,0.918667,1d_transect
33,2026-03-29 11:00:00,0.2999,13.33,260.8,False,0.1407,9.87,307.2,False,,,,,0.3558,0.3313,0.930971,1d_transect
33,2026-03-29 14:00:00,0.291,13.33,265.3,False,0.1497,9.87,306.3,False,,,,,0.3038,0.3273,1.077293,1d_transect
33,2026-03-29 17:00:00,0.2918,13.33,266.3,False,0.1422,9.87,306.8,False,,,,,0.2967,0.3246,1.093954,1d_transect
33,2026-03-29 20:00:00,0.3045,13.33,264.5,False,0.1098,9.09,305.8,False,,,,,0.3634,0.3237,0.890714,1d_transect
33,2026-03-29 23:00:00,0.2956,12.5,268.4,False,0.1188,9.09,306.8,False,0.0517,3.7,319.0,True,0.2946,0.3227,1.095264,1d_transect
33,2026-03-30 02:00:00,0.2975,12.5,264.4,False,0.1059,9.09,308.0,False,,,,,0.3303,0.3158,0.95619,1d_transect
33,2026-03-30 05:00:00,0.2945,12.5,266.0,False,0.1129,9.09,309.2,False,,,,,0.2977,0.3154,1.05943,1d_transect
33,2026-03-30 08:00:00,0.2964,12.5,266.2,False,0.0731,9.09,308.0,False,0.0832,5.88,316.2,True,0.2862,0.3164,1.10531,1d_transect
33,2026-03-30 11:00:00,0.3047,12.5,267.3,False,0.0685,9.09,309.2,False,0.0718,5.56,314.6,True,0.2912,0.3204,1.100472,1d_transect
33,2026-03-30 14:00:00,0.3293,12.5,268.9,False,0.0725,9.09,307.9,False,0.0705,5.56,315.6,True,0.2776,0.3445,1.241178,1d_transect
33,2026-03-30 17:00:00,0.2628,15.38,232.6,False,0.2118,11.76,275.9,False,0.1089,9.09,309.4,False,0.2489,0.3546,1.424822,1d_transect
33,2026-03-30 20:00:00,0.3191,15.38,233.8,False,0.1369,11.11,286.5,False,0.1114,8.33,308.7,False,0.224,0.3646,1.627932,1d_transect
33,2026-03-30 23:00:00,0.3162,15.38,235.4,False,0.1267,11.11,288.1,False,0.1011,8.33,308.9,False,0.2203,0.3553,1.612872,1d_transect
33,2026-03-31 02:00:00,0.3339,15.38,242.8,False,0.102,11.11,287.6,False,0.0876,8.33,300.5,False,0.2449,0.36,1.469787,1d_transect
33,2026-03-31 05:00:00,0.3782,14.29,245.3,False,0.0817,11.11,292.9,False,0.0658,8.33,295.7,False,0.244,0.3925,1.608298,1d_transect
33,2026-03-31 08:00:00,0.3879,14.29,246.6,False,0.0674,11.11,295.5,False,0.0821,8.33,294.6,False,0.2499,0.4022,1.609246,1d_transect
33,2026-03-31 11:00:00,0.3971,14.29,242.4,False,0.0768,11.11,291.3,False,0.0496,8.33,295.3,False,0.2985,0.4075,1.365047,1d_transect
33,2026-03-31 14:00:00,0.3852,14.29,245.5,False,0.1566,7.69,278.5,False,0.0639,11.11,303.6,False,0.2996,0.4207,1.404065,1d_transect
30,2026-03-25 02:00:00,0.349,15.38,260.5,False,0.2914,11.11,306.4,False,0.1605,3.85,332.6,True,0.1802,0.4822,2.676242,1d_transect
30,2026-03-25 05:00:00,0.4044,15.38,254.7,False,0.2211,11.11,306.8,False,0.1418,3.85,318.5,True,0.2207,0.4822,2.1851,1d_transect
30,2026-03-25 08:00:00,0.3864,11.11,305.6,False,0.3095,4.17,326.3,True,,,,,0.132,0.4951,3.75101,1d_transect
30,2026-03-25 11:00:00,0.3921,11.11,304.8,False,0.3287,4.76,322.7,True,,,,,0.1385,0.5117,3.695439,1d_transect
30,2026-03-25 14:00:00,0.3862,11.11,296.8,False,0.3564,4.76,331.5,True,,,,,0.153,0.5256,3.4347,1d_transect
30,2026-03-25 17:00:00,0.3762,11.11,294.4,False,0.3826,5.0,327.0,True,,,,,0.1749,0.5366,3.067843,1d_transect
30,2026-03-25 20:00:00,0.3808,11.11,294.2,False,0.3962,5.26,329.5,True,,,,,0.1955,0.5496,2.811599,1d_transect
30,2026-03-25 23:00:00,0.3503,11.11,300.3,False,0.4604,6.67,319.1,False,,,,,0.2505,0.5785,2.309087,1d_transect
30,2026-03-26 02:00:00,0.6166,8.33,312.0,False,,,,,,,,,0.2961,0.6166,2.082429,1d_transect
30,2026-03-26 05:00:00,0.6475,9.09,310.8,False,,,,,,,,,0.3458,0.6475,1.872453,1d_transect
30,2026-03-26 08:00:00,0.6598,9.87,308.3,False,,,,,,,,,0.3575,0.6598,1.845338,1d_transect
30,2026-03-26 11:00:00,0.6472,9.87,311.7,False,,,,,,,,,0.3498,0.6472,1.850361,1d_transect
30,2026-03-26 14:00:00,0.6127,9.87,306.6,False,,,,,,,,,0.3297,0.6127,1.858352,1d_transect
30,2026-03-26 17:00:00,0.5742,9.87,311.3,False,,,,,,,,,0.3118,0.5742,1.8418,1d_transect
30,2026-03-26 20:00:00,0.5358,9.87,310.3,False,,,,,,,,,0.2939,0.5358,1.823307,1d_transect
30,2026-03-26 23:00:00,0.5026,9.87,312.6,False,,,,,,,,,0.2738,0.5026,1.835446,1d_transect
30,2026-03-27 02:00:00,0.4781,9.87,313.6,False,,,,,,,,,0.2597,0.4781,1.84084,1d_transect
30,2026-03-27 05:00:00,0.463,10.53,314.7,False,,,,,,,,,0.2682,0.463,1.726093,1d_transect
30,2026-03-27 08:00:00,0.4502,10.53,313.7,False,,,,,,,,,0.2585,0.4502,1.74125,1d_transect
30,2026-03-27 11:00:00,0.4352,10.53,314.8,False,,,,,,,,,0.2449,0.4352,1.77709,1d_transect
30,2026-03-27 14:00:00,0.4223,10.53,308.6,False,,,,,,,,,0.2333,0.4223,1.809894,1d_transect
30,2026-03-27 17:00:00,0.4141,10.53,311.1,False,,,,,,,,,0.2258,0.4141,1.834188,1d_transect
30,2026-03-27 20:00:00,0.409,9.87,312.3,False,,,,,,,,,0.2103,0.409,1.944364,1d_transect
30,2026-03-27 23:00:00,0.4101,9.87,313.4,False,,,,,,,,,0.2066,0.4101,1.985076,1d_transect
30,2026-03-28 02:00:00,0.4152,9.87,313.0,False,,,,,,,,,0.2045,0.4152,2.030497,1d_transect
30,2026-03-28 05:00:00,0.4212,10.53,312.3,False,,,,,,,,,0.2168,0.4212,1.94238,1d_transect
30,2026-03-28 08:00:00,0.4268,10.53,311.3,False,,,,,,,,,0.2211,0.4268,1.930265,1d_transect
30,2026-03-28 11:00:00,0.3886,11.11,312.3,False,0.1903,14.29,265.8,False,,,,,0.2661,0.4327,1.625848,1d_transect
30,2026-03-28 14:00:00,0.2564,14.29,256.8,False,0.3514,11.11,308.0,False,,,,,0.2951,0.435,1.473826,1d_transect
30,2026-03-28 17:00:00,0.4319,11.11,309.0,False,,,,,,,,,0.236,0.4319,1.829804,1d_transect
30,2026-03-28 20:00:00,0.25,13.33,264.5,False,0.3452,11.11,307.9,False,,,,,0.273,0.4263,1.561629,1d_transect
30,2026-03-28 23:00:00,0.2659,13.33,264.2,False,0.3253,10.53,311.3,False,,,,,0.2494,0.4201,1.684623,1d_transect
30,2026-03-29 02:00:00,0.3024,13.33,258.4,False,0.2858,10.53,306.1,False,,,,,0.2662,0.416,1.563077,1d_transect
30,2026-03-29 05:00:00,0.311,13.33,260.0,False,0.2721,9.87,307.9,False,,,,,0.2528,0.4132,1.634826,1d_transect
30,2026-03-29 08:00:00,0.3044,13.33,260.6,False,0.2778,9.87,306.2,False,,,,,0.2392,0.4121,1.722916,1d_transect
30,2026-03-29 11:00:00,0.3094,13.33,260.8,False,0.2677,9.87,307.2,False,,,,,0.2309,0.4091,1.771502,1d_transect
30,2026-03-29 14:00:00,0.2853,13.33,265.3,False,0.2869,9.87,306.3,False,,,,,0.196,0.4046,2.064674,1d_transect
30,2026-03-29 17:00:00,0.2904,13.33,266.3,False,0.2767,9.87,306.8,False,,,,,0.1885,0.4011,2.128233,1d_transect
30,2026-03-29 20:00:00,0.3339,13.33,264.5,False,0.222,9.09,305.8,False,,,,,0.2226,0.4009,1.801512,1d_transect
30,2026-03-29 23:00:00,0.2935,12.5,268.4,False,0.2519,9.09,306.8,False,0.1096,3.7,319.0,True,0.173,0.402,2.323339,1d_transect
30,2026-03-30 02:00:00,0.3295,12.5,264.4,False,0.232,9.09,308.0,False,,,,,0.1923,0.403,2.095233,1d_transect
30,2026-03-30 05:00:00,0.3122,12.5,266.0,False,0.2557,9.09,309.2,False,,,,,0.1682,0.4035,2.399454,1d_transect
30,2026-03-30 08:00:00,0.3184,12.5,266.2,False,0.1677,9.09,308.0,False,0.1909,5.88,316.2,True,0.1606,0.4074,2.537082,1d_transect
30,2026-03-30 11:00:00,0.3427,12.5,267.3,False,0.1646,9.09,309.2,False,0.1726,5.56,314.6,True,0.1579,0.4175,2.644367,1d_transect
30,2026-03-30 14:00:00,0.3615,12.5,268.9,False,0.17,9.09,307.9,False,0.1654,5.56,315.6,True,0.1485,0.4324,2.910966,1d_transect
30,2026-03-30 17:00:00,0.3868,15.38,232.6,False,0.1408,11.76,275.9,False,0.1746,9.09,309.4,False,0.1957,0.4471,2.284549,1d_transect
30,2026-03-30 20:00:00,0.414,15.38,233.8,False,0.1184,11.11,286.5,False,0.1575,8.33,308.7,False,0.1993,0.4585,2.300574,1d_transect
30,2026-03-30 23:00:00,0.4226,15.38,235.4,False,0.1203,11.11,288.1,False,0.1567,8.33,308.9,False,0.1866,0.4665,2.500267,1d_transect
30,2026-03-31 02:00:00,0.4382,15.38,242.8,False,0.1017,11.11,287.6,False,0.1426,8.33,300.5,False,0.1972,0.4719,2.392824,1d_transect
30,2026-03-31 05:00:00,0.4696,14.29,245.3,False,0.108,11.11,292.9,False,0.1125,8.33,295.7,False,0.1799,0.4948,2.750847,1d_transect
30,2026-03-31 08:00:00,0.4805,14.29,246.6,False,0.1054,11.11,295.5,False,0.1231,8.33,294.6,False,0.1847,0.5071,2.745592,1d_transect
30,2026-03-31 11:00:00,0.5018,14.29,242.4,False,0.0954,11.11,291.3,False,0.0798,8.33,295.3,False,0.2355,0.517,2.195016,1d_transect
30,2026-03-31 14:00:00,0.5102,14.29,245.5,False,0.1148,11.11,303.6,False,0.1007,7.69,278.5,False,0.2079,0.5326,2.561428,1d_transect
32,2026-03-25 02:00:00,0.3719,15.38,260.5,False,0.1201,11.11,306.4,False,0.0646,3.85,332.6,True,0.3675,0.3961,1.077997,1d_transect
32,2026-03-25 05:00:00,0.3871,15.38,254.7,False,0.0907,11.11,306.8,False,0.0568,3.85,318.5,True,0.4586,0.4016,0.875772,1d_transect
32,2026-03-25 08:00:00,0.3177,11.11,305.6,False,0.2487,4.17,326.3,True,,,,,0.1338,0.4034,3.014193,1d_transect
32,2026-03-25 11:00:00,0.3362,11.11,304.8,False,0.2482,4.76,322.7,True,,,,,0.1498,0.4179,2.789698,1d_transect
32,2026-03-25 14:00:00,0.3611,11.11,296.8,False,0.2347,4.76,331.5,True,,,,,0.1904,0.4307,2.261992,1d_transect
32,2026-03-25 17:00:00,0.385,11.11,294.4,False,0.2102,5.0,327.0,True,,,,,0.2603,0.4386,1.685182,1d_transect
32,2026-03-25 20:00:00,0.3927,11.11,294.2,False,0.2193,5.26,329.5,True,,,,,0.289,0.4498,1.556371,1d_transect
32,2026-03-25 23:00:00,0.279,11.11,300.3,False,0.3228,6.67,319.1,False,,,,,0.2635,0.4267,1.619308,1d_transect
32,2026-03-26 02:00:00,0.4702,8.33,312.0,False,,,,,,,,,0.2961,0.4702,1.587857,1d_transect
32,2026-03-26 05:00:00,0.4851,9.09,310.8,False,,,,,,,,,0.3458,0.4851,1.40284,1d_transect
32,2026-03-26 08:00:00,0.489,9.87,308.3,False,,,,,,,,,0.3575,0.489,1.367649,1d_transect
32,2026-03-26 11:00:00,0.474,9.87,311.7,False,,,,,,,,,0.3498,0.474,1.355038,1d_transect
32,2026-03-26 14:00:00,0.4293,9.87,306.6,False,,,,,,,,,0.3297,0.4293,1.301998,1d_transect
32,2026-03-26 17:00:00,0.3782,9.87,311.3,False,,,,,,,,,0.3118,0.3782,1.213242,1d_transect
32,2026-03-26 20:00:00,0.3397,9.87,310.3,False,,,,,,,,,0.2939,0.3397,1.156019,1d_transect
32,2026-03-26 23:00:00,0.3098,9.87,312.6,False,,,,,,,,,0.2738,0.3098,1.131278,1d_transect
32,2026-03-27 02:00:00,0.2885,9.87,313.6,False,,,,,,,,,0.2597,0.2885,1.110923,1d_transect
32,2026-03-27 05:00:00,0.2858,10.53,314.7,False,,,,,,,,,0.2682,0.2858,1.065581,1d_transect
32,2026-03-27 08:00:00,0.261,10.53,313.7,False,,,,,,,,,0.2585,0.261,1.009582,1d_transect
32,2026-03-27 11:00:00,0.2513,10.53,314.8,False,,,,,,,,,0.2449,0.2513,1.026152,1d_transect
32,2026-03-27 14:00:00,0.2442,10.53,308.6,False,,,,,,,,,0.2333,0.2442,1.046811,1d_transect
32,2026-03-27 17:00:00,0.24,10.53,311.1,False,,,,,,,,,0.2258,0.24,1.062901,1d_transect
32,2026-03-27 20:00:00,0.246,9.87,312.3,False,,,,,,,,,0.2103,0.246,1.169354,1d_transect
32,2026-03-27 23:00:00,0.2563,9.87,313.4,False,,,,,,,,,0.2066,0.2563,1.240844,1d_transect
32,2026-03-28 02:00:00,0.2645,9.87,313.0,False,,,,,,,,,0.2045,0.2645,1.293557,1d_transect
32,2026-03-28 05:00:00,0.2801,10.53,312.3,False,,,,,,,,,0.2168,0.2801,1.291776,1d_transect
32,2026-03-28 08:00:00,0.286,10.53,311.3,False,,,,,,,,,0.2211,0.286,1.293523,1d_transect
32,2026-03-28 11:00:00,0.2429,14.29,265.8,False,0.1694,11.11,312.3,False,,,,,0.4186,0.2961,0.707408,1d_transect
32,2026-03-28 14:00:00,0.2689,14.29,256.8,False,0.1413,11.11,308.0,False,,,,,0.5245,0.3038,0.579152,1d_transect
32,2026-03-28 17:00:00,0.3148,11.11,309.0,False,,,,,,,,,0.2415,0.3148,1.30387,1d_transect
32,2026-03-28 20:00:00,0.2832,13.33,264.5,False,0.1325,11.11,307.9,False,,,,,0.5336,0.3127,0.58602,1d_transect
32,2026-03-28 23:00:00,0.2828,13.33,264.2,False,0.1146,10.53,311.3,False,,,,,0.5141,0.3051,0.593467,1d_transect
32,2026-03-29 02:00:00,0.2864,13.33,258.4,False,0.0963,10.53,306.1,False,,,,,0.574,0.3022,0.526438,1d_transect
32,2026-03-29 05:00:00,0.2855,13.33,260.0,False,0.0888,9.87,307.9,False,,,,,0.5605,0.299,0.533408,1d_transect
32,2026-03-29 08:00:00,0.2829,13.33,260.6,False,0.0855,9.87,306.2,False,,,,,0.5573,0.2955,0.530333,1d_transect
32,2026-03-29 11:00:00,0.2777,13.33,260.8,False,0.0796,9.87,307.2,False,,,,,0.5485,0.2889,0.526783,1d_transect
32,2026-03-29 14:00:00,0.2687,13.33,265.3,False,0.0853,9.87,306.3,False,,,,,0.4594,0.2819,0.613633,1d_transect
32,2026-03-29 17:00:00,0.2646,13.33,266.3,False,0.0796,9.87,306.8,False,,,,,0.4515,0.2764,0.612079,1d_transect
32,2026-03-29 20:00:00,0.2657,13.33,264.5,False,0.0585,9.09,305.8,False,,,,,0.5729,0.2721,0.474952,1d_transect
32,2026-03-29 23:00:00,0.258,12.5,268.4,False,0.0645,9.09,306.8,False,0.0281,3.7,319.0,True,0.4497,0.2674,0.59459,1d_transect
32,2026-03-30 02:00:00,0.2582,12.5,264.4,False,0.0566,9.09,308.0,False,,,,,0.5175,0.2643,0.510711,1d_transect
32,2026-03-30 05:00:00,0.2562,12.5,266.0,False,0.0611,9.09,309.2,False,,,,,0.4595,0.2634,0.573203,1d_transect
32,2026-03-30 08:00:00,0.2711,12.5,266.2,False,0.0416,9.09,308.0,False,0.0473,5.88,316.2,True,0.4426,0.2783,0.628726,1d_transect
32,2026-03-30 11:00:00,0.2763,12.5,267.3,False,0.0386,9.09,309.2,False,0.0405,5.56,314.6,True,0.4543,0.2819,0.62057,1d_transect
32,2026-03-30 14:00:00,0.2835,12.5,268.9,False,0.0388,9.09,307.9,False,0.0378,5.56,315.6,True,0.4344,0.2886,0.664423,1d_transect
32,2026-03-30 17:00:00,0.2355,15.38,232.6,False,0.1723,11.76,275.9,False,0.057,9.09,309.4,False,0.3985,0.2973,0.746083,1d_transect
32,2026-03-30 20:00:00,0.2818,15.38,233.8,False,0.1058,11.11,286.5,False,0.0575,8.33,308.7,False,0.3648,0.3064,0.839951,1d_transect
32,2026-03-30 23:00:00,0.2917,15.38,235.4,False,0.1026,11.11,288.1,False,0.0547,8.33,308.9,False,0.3601,0.314,0.87193,1d_transect
32,2026-03-31 02:00:00,0.3034,15.38,242.8,False,0.0817,11.11,287.6,False,0.0469,8.33,300.5,False,0.4041,0.3177,0.786182,1d_transect
32,2026-03-31 05:00:00,0.32,14.29,245.3,False,0.0591,11.11,292.9,False,0.0355,8.33,295.7,False,0.4052,0.3273,0.807935,1d_transect
32,2026-03-31 08:00:00,0.3251,14.29,246.6,False,0.0436,11.11,295.5,False,0.0577,8.33,294.6,False,0.416,0.333,0.800653,1d_transect
32,2026-03-31 11:00:00,0.3345,14.29,242.4,False,0.0549,11.11,291.3,False,0.0265,8.33,295.3,False,0.5011,0.34,0.678419,1d_transect
32,2026-03-31 14:00:00,0.3273,14.29,245.5,False,0.1146,7.69,278.5,False,0.0361,11.11,303.6,False,0.4923,0.3486,0.708203,1d_transect
31,2026-03-25 02:00:00,0.515,15.38,260.5,False,0.2373,11.11,306.4,False,0.1305,3.85,332.6,True,0.2674,0.5819,2.176026,1d_transect
31,2026-03-25 05:00:00,0.5573,15.38,254.7,False,0.1859,11.11,306.8,False,0.1191,3.85,318.5,True,0.3267,0.5994,1.834651,1d_transect
31,2026-03-25 08:00:00,0.4581,11.11,305.6,False,0.3664,4.17,326.3,True,,,,,0.1321,0.5866,4.440682,1d_transect
31,2026-03-25 11:00:00,0.4624,11.11,304.8,False,0.381,4.76,322.7,True,,,,,0.1399,0.5991,4.282423,1d_transect
31,2026-03-25 14:00:00,0.4672,11.11,296.8,False,0.3896,4.76,331.5,True,,,,,0.162,0.6083,3.754257,1d_transect
31,2026-03-25 17:00:00,0.4852,11.11,294.4,False,0.3691,5.0,327.0,True,,,,,0.206,0.6096,2.95968,1d_transect
31,2026-03-25 20:00:00,0.4831,11.11,294.2,False,0.3761,5.26,329.5,True,,,,,0.2294,0.6122,2.668365,1d_transect
31,2026-03-25 23:00:00,0.4224,11.11,300.3,False,0.5455,6.67,319.1,False,,,,,0.2522,0.6899,2.736091,1d_transect
31,2026-03-26 02:00:00,0.6984,8.33,312.0,False,,,,,,,,,0.2961,0.6984,2.358595,1d_transect
31,2026-03-26 05:00:00,0.6747,9.09,310.8,False,,,,,,,,,0.3458,0.6747,1.95099,1d_transect
31,2026-03-26 08:00:00,0.6703,9.87,308.3,False,,,,,,,,,0.3575,0.6703,1.874799,1d_transect
31,2026-03-26 11:00:00,0.6394,9.87,311.7,False,,,,,,,,,0.3498,0.6394,1.82798,1d_transect
31,2026-03-26 14:00:00,0.5975,9.87,306.6,False,,,,,,,,,0.3297,0.5975,1.812183,1d_transect
31,2026-03-26 17:00:00,0.5419,9.87,311.3,False,,,,,,,,,0.3118,0.5419,1.738064,1d_transect
31,2026-03-26 20:00:00,0.508,9.87,310.3,False,,,,,,,,,0.2939,0.508,1.728539,1d_transect
31,2026-03-26 23:00:00,0.4797,9.87,312.6,False,,,,,,,,,0.2738,0.4797,1.751762,1d_transect
31,2026-03-27 02:00:00,0.4564,9.87,313.6,False,,,,,,,,,0.2597,0.4564,1.757373,1d_transect
31,2026-03-27 05:00:00,0.4265,10.53,314.7,False,,,,,,,,,0.2682,0.4265,1.59008,1d_transect
31,2026-03-27 08:00:00,0.4255,10.53,313.7,False,,,,,,,,,0.2585,0.4255,1.645651,1d_transect
31,2026-03-27 11:00:00,0.4021,10.53,314.8,False,,,,,,,,,0.2449,0.4021,1.642089,1d_transect
31,2026-03-27 14:00:00,0.3938,10.53,308.6,False,,,,,,,,,0.2333,0.3938,1.687614,1d_transect
31,2026-03-27 17:00:00,0.3885,10.53,311.1,False,,,,,,,,,0.2258,0.3885,1.72106,1d_transect
31,2026-03-27 20:00:00,0.3787,9.87,312.3,False,,,,,,,,,0.2103,0.3787,1.800363,1d_transect
31,2026-03-27 23:00:00,0.394,9.87,313.4,False,,,,,,,,,0.2066,0.394,1.907182,1d_transect
31,2026-03-28 02:00:00,0.4087,9.87,313.0,False,,,,,,,,,0.2045,0.4087,1.998648,1d_transect
31,2026-03-28 05:00:00,0.425,10.53,312.3,False,,,,,,,,,0.2168,0.425,1.95974,1d_transect
31,2026-03-28 08:00:00,0.4382,10.53,311.3,False,,,,,,,,,0.2211,0.4382,1.981874,1d_transect
31,2026-03-28 11:00:00,0.3151,14.29,265.8,False,0.3204,11.11,312.3,False,,,,,0.3352,0.4494,1.340617,1d_transect
31,2026-03-28 14:00:00,0.3647,14.29,256.8,False,0.2735,11.11,308.0,False,,,,,0.3979,0.4559,1.145838,1d_transect
31,2026-03-28 17:00:00,0.4515,11.11,309.0,False,,,,,,,,,0.2363,0.4515,1.9105,1d_transect
31,2026-03-28 20:00:00,0.3753,13.33,264.5,False,0.2515,11.11,307.9,False,,,,,0.3977,0.4518,1.136065,1d_transect
31,2026-03-28 23:00:00,0.3777,13.33,264.2,False,0.2239,10.53,311.3,False,,,,,0.3786,0.4391,1.159701,1d_transect
31,2026-03-29 02:00:00,0.3927,13.33,258.4,False,0.1926,10.53,306.1,False,,,,,0.4152,0.4374,1.053266,1d_transect
31,2026-03-29 05:00:00,0.395,13.33,260.0,False,0.1793,9.87,307.9,False,,,,,0.4027,0.4338,1.077208,1d_transect
31,2026-03-29 08:00:00,0.3923,13.33,260.6,False,0.1735,9.87,306.2,False,,,,,0.3986,0.4289,1.075968,1d_transect
31,2026-03-29 11:00:00,0.3872,13.33,260.8,False,0.1624,9.87,307.2,False,,,,,0.3907,0.4199,1.074663,1d_transect
31,2026-03-29 14:00:00,0.372,13.33,265.3,False,0.1729,9.87,306.3,False,,,,,0.3296,0.4102,1.244542,1d_transect
31,2026-03-29 17:00:00,0.3675,13.33,266.3,False,0.1619,9.87,306.8,False,,,,,0.3225,0.4016,1.245481,1d_transect
31,2026-03-29 20:00:00,0.374,13.33,264.5,False,0.1205,9.09,305.8,False,,,,,0.4017,0.393,0.978189,1d_transect
31,2026-03-29 23:00:00,0.3552,12.5,268.4,False,0.1303,9.09,306.8,False,0.0567,3.7,319.0,True,0.3185,0.3826,1.201118,1d_transect
31,2026-03-30 02:00:00,0.3563,12.5,264.4,False,0.1142,9.09,308.0,False,,,,,0.3628,0.3741,1.031151,1d_transect
31,2026-03-30 05:00:00,0.3482,12.5,266.0,False,0.1218,9.09,309.2,False,,,,,0.3227,0.3689,1.143251,1d_transect
31,2026-03-30 08:00:00,0.3817,12.5,266.2,False,0.0859,9.09,308.0,False,0.0977,5.88,316.2,True,0.3105,0.4033,1.298939,1d_transect
31,2026-03-30 11:00:00,0.3875,12.5,267.3,False,0.0795,9.09,309.2,False,0.0833,5.56,314.6,True,0.3166,0.4042,1.276955,1d_transect
31,2026-03-30 14:00:00,0.3938,12.5,268.9,False,0.0791,9.09,307.9,False,0.0769,5.56,315.6,True,0.302,0.4089,1.354089,1d_transect
31,2026-03-30 17:00:00,0.325,15.38,232.6,False,0.2338,11.76,275.9,False,0.1137,9.09,309.4,False,0.2797,0.4162,1.487938,1d_transect
31,2026-03-30 20:00:00,0.3829,15.38,233.8,False,0.145,11.11,286.5,False,0.1129,8.33,308.7,False,0.2575,0.4247,1.649597,1d_transect
31,2026-03-30 23:00:00,0.3958,15.38,235.4,False,0.1406,11.11,288.1,False,0.1074,8.33,308.9,False,0.2532,0.4335,1.712469,1d_transect
31,2026-03-31 02:00:00,0.4133,15.38,242.8,False,0.1126,11.11,287.6,False,0.0925,8.33,300.5,False,0.2823,0.4383,1.552615,1d_transect
31,2026-03-31 05:00:00,0.4295,14.29,245.3,False,0.0826,11.11,292.9,False,0.0644,8.33,295.7,False,0.2808,0.442,1.57451,1d_transect
31,2026-03-31 08:00:00,0.4355,14.29,246.6,False,0.0661,11.11,295.5,False,0.0762,8.33,294.6,False,0.287,0.447,1.557388,1d_transect
31,2026-03-31 11:00:00,0.4437,14.29,242.4,False,0.0758,11.11,291.3,False,0.0474,8.33,295.3,False,0.3472,0.4526,1.30371,1d_transect
31,2026-03-31 14:00:00,0.43,14.29,245.5,False,0.1517,7.69,278.5,False,0.0616,11.11,303.6,False,0.3405,0.4601,1.351074,1d_transect
29,2026-03-25 02:00:00,1.1167,15.38,260.5,False,0.6489,11.11,306.4,False,0.2006,3.85,332.6,True,0.3908,1.307,3.344467,1d_transect
29,2026-03-25 05:00:00,1.1974,15.38,254.7,False,0.5711,11.11,306.8,False,0.2056,3.85,318.5,True,0.4239,1.3425,3.167284,1d_transect
29,2026-03-25 08:00:00,1.2256,11.11,305.6,False,0.5509,4.17,326.3,True,,,,,0.2012,1.3437,6.677439,1d_transect
29,2026-03-25 11:00:00,1.2745,11.11,304.8,False,0.4781,4.76,322.7,True,,,,,0.2533,1.3612,5.374168,1d_transect
29,2026-03-25 14:00:00,1.309,11.11,296.8,False,0.4361,4.76,331.5,True,,,,,0.3283,1.3798,4.202494,1d_transect
29,2026-03-25 17:00:00,1.3344,11.11,294.4,False,0.3974,5.0,327.0,True,,,,,0.437,1.3923,3.186256,1d_transect
29,2026-03-25 20:00:00,1.3469,11.11,294.2,False,0.4104,5.26,329.5,True,,,,,0.4835,1.408,2.911902,1d_transect
29,2026-03-25 23:00:00,0.8295,11.11,300.3,False,0.4877,6.67,319.1,False,,,,,0.3933,0.9623,2.446378,1d_transect
29,2026-03-26 02:00:00,1.0883,8.33,312.0,False,,,,,,,,,0.3063,1.0883,3.553587,1d_transect
29,2026-03-26 05:00:00,1.1592,9.09,310.8,False,,,,,,,,,0.3876,1.1592,2.99094,1d_transect
29,2026-03-26 08:00:00,1.1439,9.87,308.3,False,,,,,,,,,0.5588,1.1439,2.046965,1d_transect
29,2026-03-26 11:00:00,1.1379,9.87,311.7,False,,,,,,,,,0.392,1.1379,2.90234,1d_transect
29,2026-03-26 14:00:00,1.0504,9.87,306.6,False,,,,,,,,,0.5153,1.0504,2.03832,1d_transect
29,2026-03-26 17:00:00,0.9801,9.87,311.3,False,,,,,,,,,0.3494,0.9801,2.804848,1d_transect
29,2026-03-26 20:00:00,0.9178,9.87,310.3,False,,,,,,,,,0.3294,0.9178,2.786586,1d_transect
29,2026-03-26 23:00:00,0.8563,9.87,312.6,False,,,,,,,,,0.3069,0.8563,2.789999,1d_transect
29,2026-03-27 02:00:00,0.8172,9.87,313.6,False,,,,,,,,,0.2911,0.8172,2.80748,1d_transect
29,2026-03-27 05:00:00,0.9239,10.53,314.7,False,,,,,,,,,0.3309,0.9239,2.791704,1d_transect
29,2026-03-27 08:00:00,0.7769,10.53,313.7,False,,,,,,,,,0.319,0.7769,2.435453,1d_transect
29,2026-03-27 11:00:00,0.7623,10.53,314.8,False,,,,,,,,,0.3022,0.7623,2.522976,1d_transect
29,2026-03-27 14:00:00,0.7572,10.53,308.6,False,,,,,,,,,0.3849,0.7572,1.967421,1d_transect
29,2026-03-27 17:00:00,0.7607,10.53,311.1,False,,,,,,,,,0.2785,0.7607,2.73089,1d_transect
29,2026-03-27 20:00:00,0.8649,9.87,312.3,False,,,,,,,,,0.2357,0.8649,3.668828,1d_transect
29,2026-03-27 23:00:00,0.9149,9.87,313.4,False,,,,,,,,,0.2315,0.9149,3.951586,1d_transect
29,2026-03-28 02:00:00,0.9459,9.87,313.0,False,,,,,,,,,0.2292,0.9459,4.127617,1d_transect
29,2026-03-28 05:00:00,0.9829,10.53,312.3,False,,,,,,,,,0.2675,0.9829,3.673886,1d_transect
29,2026-03-28 08:00:00,1.0145,10.53,311.3,False,,,,,,,,,0.2728,1.0145,3.718833,1d_transect
29,2026-03-28 11:00:00,0.7811,14.29,265.8,False,0.7175,11.11,312.3,False,,,,,0.4976,1.0606,2.131481,1d_transect
29,2026-03-28 14:00:00,0.7894,14.29,256.8,False,0.7806,11.11,308.0,False,,,,,0.6041,1.1102,1.837679,1d_transect
29,2026-03-28 17:00:00,1.1813,11.11,309.0,False,,,,,,,,,0.4206,1.1813,2.808846,1d_transect
29,2026-03-28 20:00:00,0.9166,13.33,264.5,False,0.7354,11.11,307.9,False,,,,,0.6294,1.1751,1.86712,1d_transect
29,2026-03-28 23:00:00,1.0455,13.33,264.2,False,0.5147,10.53,311.3,False,,,,,0.5394,1.1653,2.160363,1d_transect
29,2026-03-29 02:00:00,0.9851,13.33,258.4,False,0.5804,10.53,306.1,False,,,,,0.5941,1.1434,1.924398,1d_transect
29,2026-03-29 05:00:00,1.0017,13.33,260.0,False,0.5175,9.87,307.9,False,,,,,0.5667,1.1275,1.989515,1d_transect
29,2026-03-29 08:00:00,1.0055,13.33,260.6,False,0.4677,9.87,306.2,False,,,,,0.5975,1.109,1.856025,1d_transect
29,2026-03-29 11:00:00,0.9894,13.33,260.8,False,0.4364,9.87,307.2,False,,,,,0.5852,1.0814,1.847761,1d_transect
29,2026-03-29 14:00:00,0.961,13.33,265.3,False,0.433,9.87,306.3,False,,,,,0.5286,1.054,1.994112,1d_transect
29,2026-03-29 17:00:00,0.9473,13.33,266.3,False,0.4046,9.87,306.8,False,,,,,0.5174,1.0301,1.990955,1d_transect
29,2026-03-29 20:00:00,0.9512,13.33,264.5,False,0.3224,9.09,305.8,False,,,,,0.6,1.0044,1.674061,1d_transect
29,2026-03-29 23:00:00,0.9163,12.5,268.4,False,0.317,9.09,306.8,False,0.0883,3.7,319.0,True,0.5205,0.9736,1.87052,1d_transect
29,2026-03-30 02:00:00,0.9012,12.5,264.4,False,0.2981,9.09,308.0,False,,,,,0.5512,0.9492,1.722132,1d_transect
29,2026-03-30 05:00:00,0.8864,12.5,266.0,False,0.2926,9.09,309.2,False,,,,,0.5313,0.9335,1.756927,1d_transect
29,2026-03-30 08:00:00,0.9174,12.5,266.2,False,0.1947,9.09,308.0,False,0.1418,5.88,316.2,True,0.5032,0.9485,1.884799,1d_transect
29,2026-03-30 11:00:00,0.9149,12.5,267.3,False,0.1771,9.09,309.2,False,0.1188,5.56,314.6,True,0.5161,0.9395,1.820368,1d_transect
29,2026-03-30 14:00:00,0.9157,12.5,268.9,False,0.1735,9.09,307.9,False,0.108,5.56,315.6,True,0.4935,0.9382,1.901084,1d_transect
29,2026-03-30 17:00:00,0.5112,15.38,232.6,False,0.7491,11.76,275.9,False,0.2745,9.09,309.4,False,0.4123,0.9475,2.298003,1d_transect
29,2026-03-30 20:00:00,0.6811,15.38,233.8,False,0.6204,11.11,286.5,False,0.2937,8.33,308.7,False,0.3357,0.9669,2.880634,1d_transect
29,2026-03-30 23:00:00,0.7342,15.38,235.4,False,0.6023,11.11,288.1,False,0.2794,8.33,308.9,False,0.3307,0.9899,2.993446,1d_transect
29,2026-03-31 02:00:00,0.8069,15.38,242.8,False,0.4842,11.11,287.6,False,0.3348,8.33,300.5,False,0.3667,0.9988,2.723555,1d_transect
29,2026-03-31 05:00:00,0.9156,14.29,245.3,False,0.3813,11.11,292.9,False,0.3198,8.33,295.7,False,0.3664,1.0421,2.844552,1d_transect
29,2026-03-31 08:00:00,0.9128,14.29,246.6,False,0.2941,11.11,295.5,False,0.4387,8.33,294.6,False,0.3812,1.0545,2.766106,1d_transect
29,2026-03-31 11:00:00,0.9515,14.29,242.4,False,0.3733,11.11,291.3,False,0.2513,8.33,295.3,False,0.4186,1.0526,2.514381,1d_transect
29,2026-03-31 14:00:00,0.8816,14.29,245.5,False,0.5673,7.69,278.5,False,0.2352,11.11,303.6,False,0.4577,1.0744,2.347467,1d_transect
27,2026-03-25 02:00:00,1.5859,15.38,260.5,False,1.7825,11.11,306.4,False,0.23,3.85,332.6,True,0.6249,2.3969,3.835714,1d_transect
28,2026-03-25 02:00:00,1.2057,15.38,260.5,False,1.3574,11.11,306.4,False,0.1873,3.85,332.6,True,0.5845,1.8252,3.122548,1d_transect
27,2026-03-25 05:00:00,1.6615,15.38,254.7,False,1.6693,11.11,306.8,False,0.631,3.85,318.5,True,0.6308,2.4383,3.86532,1d_transect
28,2026-03-25 05:00:00,1.2583,15.38,254.7,False,1.2659,11.11,306.8,False,0.5083,3.85,318.5,True,0.5923,1.8559,3.133558,1d_transect
27,2026-03-25 08:00:00,2.1908,11.11,305.6,False,0.5547,4.17,326.3,True,,,,,0.4535,2.2599,4.983076,1d_transect
28,2026-03-25 08:00:00,1.7066,11.11,305.6,False,0.4635,4.17,326.3,True,,,,,0.4262,1.7684,4.149643,1d_transect
27,2026-03-25 11:00:00,2.1716,11.11,304.8,False,0.6709,4.76,322.7,True,,,,,0.5667,2.2729,4.010507,1d_transect
28,2026-03-25 11:00:00,1.6902,11.11,304.8,False,0.5526,4.76,322.7,True,,,,,0.5376,1.7783,3.307913,1d_transect
27,2026-03-25 14:00:00,2.2735,11.11,296.8,False,0.3495,4.76,331.5,True,,,,,0.6829,2.3002,3.368064,1d_transect
28,2026-03-25 14:00:00,1.7757,11.11,296.8,False,0.2893,4.76,331.5,True,,,,,0.6455,1.7991,2.787263,1d_transect
27,2026-03-25 17:00:00,2.2909,11.11,294.4,False,0.4554,5.0,327.0,True,,,,,0.8631,2.3357,2.70616,1d_transect
28,2026-03-25 17:00:00,1.7865,11.11,294.4,False,0.3781,5.0,327.0,True,,,,,0.8155,1.826,2.239258,1d_transect
27,2026-03-25 20:00:00,2.3244,11.11,294.2,False,0.4727,5.26,329.5,True,,,,,0.9541,2.372,2.485995,1d_transect
28,2026-03-25 20:00:00,1.8116,11.11,294.2,False,0.3923,5.26,329.5,True,,,,,0.9016,1.8536,2.055922,1d_transect
27,2026-03-25 23:00:00,1.3972,11.11,300.3,False,0.9317,6.67,319.1,False,,,,,0.9305,1.6794,1.804778,1d_transect
28,2026-03-25 23:00:00,1.0891,11.11,300.3,False,0.7531,6.67,319.1,False,,,,,0.8882,1.3241,1.490764,1d_transect
27,2026-03-26 02:00:00,1.8499,8.33,312.0,False,,,,,,,,,1.0551,1.8499,1.753191,1d_transect
28,2026-03-26 02:00:00,1.4673,8.33,312.0,False,,,,,,,,,1.0089,1.4673,1.454282,1d_transect
27,2026-03-26 05:00:00,1.9745,9.09,310.8,False,,,,,,,,,1.2411,1.9745,1.590976,1d_transect
28,2026-03-26 05:00:00,1.5705,9.09,310.8,False,,,,,,,,,1.1695,1.5705,1.342876,1d_transect
27,2026-03-26 08:00:00,1.8417,9.87,308.3,False,,,,,,,,,1.5848,1.8417,1.162061,1d_transect
28,2026-03-26 08:00:00,1.4972,9.87,308.3,False,,,,,,,,,1.5102,1.4972,0.991361,1d_transect
27,2026-03-26 11:00:00,1.842,9.87,311.7,False,,,,,,,,,1.2554,1.842,1.467305,1d_transect
28,2026-03-26 11:00:00,1.5033,9.87,311.7,False,,,,,,,,,1.183,1.5033,1.270707,1d_transect
27,2026-03-26 14:00:00,1.7266,9.87,306.6,False,,,,,,,,,1.4615,1.7266,1.181415,1d_transect
28,2026-03-26 14:00:00,1.4102,9.87,306.6,False,,,,,,,,,1.3927,1.4102,1.012541,1d_transect
27,2026-03-26 17:00:00,1.6276,9.87,311.3,False,,,,,,,,,1.1189,1.6276,1.454609,1d_transect
28,2026-03-26 17:00:00,1.331,9.87,311.3,False,,,,,,,,,1.0544,1.331,1.262275,1d_transect
27,2026-03-26 20:00:00,1.5374,9.87,310.3,False,,,,,,,,,1.0547,1.5374,1.4577,1d_transect
28,2026-03-26 20:00:00,1.2585,9.87,310.3,False,,,,,,,,,0.9939,1.2585,1.26628,1d_transect
27,2026-03-26 23:00:00,1.4592,9.87,312.6,False,,,,,,,,,0.9828,1.4592,1.484782,1d_transect
28,2026-03-26 23:00:00,1.1952,9.87,312.6,False,,,,,,,,,0.9261,1.1952,1.290549,1d_transect
27,2026-03-27 02:00:00,1.3242,9.87,313.6,False,,,,,,,,,0.932,1.3242,1.420758,1d_transect
28,2026-03-27 02:00:00,1.1071,9.87,313.6,False,,,,,,,,,0.8783,1.1071,1.260459,1d_transect
27,2026-03-27 05:00:00,1.4469,10.53,314.7,False,,,,,,,,,0.9552,1.4469,1.514827,1d_transect
28,2026-03-27 05:00:00,1.2281,10.53,314.7,False,,,,,,,,,0.8833,1.2281,1.390339,1d_transect
27,2026-03-27 08:00:00,1.277,10.53,313.7,False,,,,,,,,,0.9207,1.277,1.387071,1d_transect
28,2026-03-27 08:00:00,1.0684,10.53,313.7,False,,,,,,,,,0.8515,1.0684,1.254844,1d_transect
27,2026-03-27 11:00:00,1.2583,10.53,314.8,False,,,,,,,,,0.8721,1.2583,1.442832,1d_transect
28,2026-03-27 11:00:00,1.0535,10.53,314.8,False,,,,,,,,,0.8065,1.0535,1.306275,1d_transect
27,2026-03-27 14:00:00,1.256,10.53,308.6,False,,,,,,,,,1.0111,1.256,1.242212,1d_transect
28,2026-03-27 14:00:00,1.0524,10.53,308.6,False,,,,,,,,,0.9604,1.0524,1.095738,1d_transect
27,2026-03-27 17:00:00,1.2678,10.53,311.1,False,,,,,,,,,0.8039,1.2678,1.577003,1d_transect
28,2026-03-27 17:00:00,1.0629,10.53,311.1,False,,,,,,,,,0.7435,1.0629,1.429624,1d_transect
27,2026-03-27 20:00:00,1.3965,9.87,312.3,False,,,,,,,,,0.7549,1.3965,1.849906,1d_transect
28,2026-03-27 20:00:00,1.1855,9.87,312.3,False,,,,,,,,,0.7114,1.1855,1.666577,1d_transect
27,2026-03-27 23:00:00,1.5429,9.87,313.4,False,,,,,,,,,0.7414,1.5429,2.081043,1d_transect
28,2026-03-27 23:00:00,1.2887,9.87,313.4,False,,,,,,,,,0.6987,1.2887,1.844515,1d_transect
27,2026-03-28 02:00:00,1.5637,9.87,313.0,False,,,,,,,,,0.7338,1.5637,2.130907,1d_transect
28,2026-03-28 02:00:00,1.3047,9.87,313.0,False,,,,,,,,,0.6915,1.3047,1.88679,1d_transect
27,2026-03-28 05:00:00,1.602,10.53,312.3,False,,,,,,,,,0.7722,1.602,2.074614,1d_transect
28,2026-03-28 05:00:00,1.3365,10.53,312.3,False,,,,,,,,,0.7141,1.3365,1.871538,1d_transect
27,2026-03-28 08:00:00,1.6453,10.53,311.3,False,,,,,,,,,0.7874,1.6453,2.089593,1d_transect
28,2026-03-28 08:00:00,1.3742,10.53,311.3,False,,,,,,,,,0.7282,1.3742,1.887169,1d_transect
27,2026-03-28 11:00:00,1.3917,11.11,312.3,False,0.7892,14.29,265.8,False,,,,,0.9742,1.5999,1.64232,1d_transect
28,2026-03-28 11:00:00,1.182,11.11,312.3,False,0.6854,14.29,265.8,False,,,,,0.8951,1.3663,1.526411,1d_transect
27,2026-03-28 14:00:00,1.4756,11.11,308.0,False,0.7323,14.29,256.8,False,,,,,1.1359,1.6473,1.450277,1d_transect
28,2026-03-28 14:00:00,1.2647,11.11,308.0,False,0.6268,14.29,256.8,False,,,,,1.0623,1.4115,1.328754,1d_transect
27,2026-03-28 17:00:00,1.8404,11.11,309.0,False,,,,,,,,,1.0073,1.8404,1.827016,1d_transect
28,2026-03-28 17:00:00,1.5074,11.11,309.0,False,,,,,,,,,0.9423,1.5074,1.59973,1d_transect
27,2026-03-28 20:00:00,1.5278,11.11,307.9,False,0.9823,13.33,264.5,False,,,,,1.1216,1.8163,1.619373,1d_transect
28,2026-03-28 20:00:00,1.252,11.11,307.9,False,0.8043,13.33,264.5,False,,,,,1.049,1.4881,1.418674,1d_transect
27,2026-03-28 23:00:00,1.1148,13.33,264.2,False,1.2818,10.53,311.3,False,,,,,0.9113,1.6988,1.864267,1d_transect
28,2026-03-28 23:00:00,0.9354,13.33,264.2,False,1.0642,10.53,311.3,False,,,,,0.8466,1.4169,1.673603,1d_transect
27,2026-03-29 02:00:00,1.007,13.33,258.4,False,1.3358,10.53,306.1,False,,,,,0.9922,1.6729,1.685928,1d_transect
28,2026-03-29 02:00:00,0.8315,13.33,258.4,False,1.1209,10.53,306.1,False,,,,,0.9371,1.3957,1.489414,1d_transect
27,2026-03-29 05:00:00,1.0264,13.33,260.0,False,1.2889,9.87,307.9,False,,,,,0.9431,1.6476,1.747067,1d_transect
28,2026-03-29 05:00:00,0.8464,13.33,260.0,False,1.0837,9.87,307.9,False,,,,,0.8921,1.3751,1.541443,1d_transect
27,2026-03-29 08:00:00,1.109,13.33,260.6,False,1.1839,9.87,306.2,False,,,,,0.9792,1.6222,1.656627,1d_transect
28,2026-03-29 08:00:00,0.9163,13.33,260.6,False,0.9972,9.87,306.2,False,,,,,0.9248,1.3542,1.464349,1d_transect
27,2026-03-29 11:00:00,1.1152,13.33,260.8,False,1.1289,9.87,307.2,False,,,,,0.9415,1.5869,1.685471,1d_transect
28,2026-03-29 11:00:00,0.9222,13.33,260.8,False,0.9518,9.87,307.2,False,,,,,0.8887,1.3253,1.49122,1d_transect
27,2026-03-29 14:00:00,1.1147,13.33,265.3,False,1.0809,9.87,306.3,False,,,,,0.8847,1.5527,1.755119,1d_transect
28,2026-03-29 14:00:00,0.9227,13.33,265.3,False,0.9119,9.87,306.3,False,,,,,0.8349,1.2973,1.553823,1d_transect
27,2026-03-29 17:00:00,1.1213,13.33,266.3,False,1.0304,9.87,306.8,False,,,,,0.8517,1.5228,1.788094,1d_transect
28,2026-03-29 17:00:00,0.9289,13.33,266.3,False,0.87,9.87,306.8,False,,,,,0.8033,1.2727,1.584347,1d_transect
27,2026-03-29 20:00:00,1.1749,13.33,264.5,False,0.9141,9.09,305.8,False,,,,,0.8896,1.4886,1.673295,1d_transect
28,2026-03-29 20:00:00,0.9751,13.33,264.5,False,0.7734,9.09,305.8,False,,,,,0.8377,1.2446,1.485771,1d_transect
27,2026-03-29 23:00:00,1.1504,12.5,268.4,False,0.8526,9.09,306.8,False,0.2105,3.7,319.0,True,0.816,1.4474,1.773807,1d_transect
28,2026-03-29 23:00:00,0.9548,12.5,268.4,False,0.7207,9.09,306.8,False,0.1856,3.7,319.0,True,0.7694,1.2106,1.573412,1d_transect
27,2026-03-30 02:00:00,1.1266,12.5,264.4,False,0.8558,9.09,308.0,False,,,,,0.8116,1.4148,1.743227,1d_transect
28,2026-03-30 02:00:00,0.9361,12.5,264.4,False,0.7246,9.09,308.0,False,,,,,0.7643,1.1838,1.548858,1d_transect
27,2026-03-30 05:00:00,1.1384,12.5,266.0,False,0.8049,9.09,309.2,False,,,,,0.8181,1.3943,1.704227,1d_transect
28,2026-03-30 05:00:00,0.9469,12.5,266.0,False,0.6818,9.09,309.2,False,,,,,0.7702,1.1668,1.514907,1d_transect
27,2026-03-30 08:00:00,1.1585,12.5,266.2,False,0.5267,9.09,308.0,False,0.3402,5.88,316.2,True,0.7328,1.3174,1.797746,1d_transect
28,2026-03-30 08:00:00,0.9776,12.5,266.2,False,0.4527,9.09,308.0,False,0.3049,5.88,316.2,True,0.6906,1.1197,1.621284,1d_transect
27,2026-03-30 11:00:00,1.1511,12.5,267.3,False,0.4773,9.09,309.2,False,0.3656,5.56,314.6,True,0.7508,1.2987,1.729838,1d_transect
28,2026-03-30 11:00:00,0.9716,12.5,267.3,False,0.4103,9.09,309.2,False,0.3262,5.56,314.6,True,0.7075,1.104,1.560479,1d_transect
27,2026-03-30 14:00:00,1.4478,12.5,268.9,False,0.5877,9.09,307.9,False,0.3245,5.56,315.6,True,0.7029,1.5959,2.270321,1d_transect
28,2026-03-30 14:00:00,1.1345,12.5,268.9,False,0.469,9.09,307.9,False,0.27,5.56,315.6,True,0.6611,1.257,1.901344,1d_transect
27,2026-03-30 17:00:00,1.2371,11.76,275.9,False,0.5649,15.38,232.6,False,0.8276,9.09,309.4,False,0.6517,1.592,2.442961,1d_transect
28,2026-03-30 17:00:00,0.9708,11.76,275.9,False,0.4419,15.38,232.6,False,0.6593,9.09,309.4,False,0.614,1.254,2.042361,1d_transect
27,2026-03-30 20:00:00,0.7077,15.38,233.8,False,1.1491,11.11,286.5,False,0.8757,8.33,308.7,False,0.5587,1.6088,2.879476,1d_transect
28,2026-03-30 20:00:00,0.552,15.38,233.8,False,0.9014,11.11,286.5,False,0.6986,8.33,308.7,False,0.5279,1.267,2.400302,1d_transect
27,2026-03-30 23:00:00,0.7932,15.38,235.4,False,1.1451,11.11,288.1,False,0.8552,8.33,308.9,False,0.5323,1.6346,3.071008,1d_transect
28,2026-03-30 23:00:00,0.6187,15.38,235.4,False,0.8987,11.11,288.1,False,0.6827,8.33,308.9,False,0.5025,1.2871,2.561257,1d_transect
27,2026-03-31 02:00:00,0.9326,15.38,242.8,False,0.9663,11.11,287.6,False,0.9422,8.33,300.5,False,0.5593,1.6405,2.933393,1d_transect
28,2026-03-31 02:00:00,0.7275,15.38,242.8,False,0.7588,11.11,287.6,False,0.7506,8.33,300.5,False,0.5277,1.2917,2.447715,1d_transect
27,2026-03-31 05:00:00,1.1546,14.29,245.3,False,0.8937,11.11,292.9,False,0.8576,8.33,295.7,False,0.5134,1.6933,3.298138,1d_transect
28,2026-03-31 05:00:00,0.9023,14.29,245.3,False,0.704,11.11,292.9,False,0.6828,8.33,295.7,False,0.4834,1.3327,2.756782,1d_transect
27,2026-03-31 08:00:00,1.1435,14.29,246.6,False,0.7341,11.11,295.5,False,1.0457,8.33,294.6,False,0.5381,1.7146,3.186263,1d_transect
28,2026-03-31 08:00:00,0.8927,14.29,246.6,False,0.5785,11.11,295.5,False,0.8299,8.33,294.6,False,0.5071,1.3492,2.660505,1d_transect
27,2026-03-31 11:00:00,1.1779,14.29,242.4,False,0.8808,11.11,291.3,False,0.6783,8.33,295.3,False,0.5519,1.6197,2.934762,1d_transect
28,2026-03-31 11:00:00,0.9437,14.29,242.4,False,0.7109,11.11,291.3,False,0.5533,8.33,295.3,False,0.5191,1.3046,2.513379,1d_transect
27,2026-03-31 14:00:00,1.1322,14.29,245.5,False,0.6341,11.11,303.6,False,1.0365,7.69,278.5,False,0.5991,1.6608,2.772016,1d_transect
28,2026-03-31 14:00:00,0.9048,14.29,245.5,False,0.5115,11.11,303.6,False,0.8413,7.69,278.5,False,0.5644,1.3372,2.369404,1d_transect
26,2026-03-25 02:00:00,0.3622,15.38,260.5,False,0.3933,11.11,306.4,False,0.0462,3.85,332.6,True,0.6969,0.5367,0.770158,1d_transect
26,2026-03-25 05:00:00,0.3784,15.38,254.7,False,0.3667,11.11,306.8,False,0.1309,3.85,318.5,True,0.7027,0.543,0.772739,1d_transect
26,2026-03-25 08:00:00,0.5269,11.11,305.6,False,0.124,4.17,326.3,True,,,,,0.4963,0.5413,1.090524,1d_transect
26,2026-03-25 11:00:00,0.4776,11.11,304.8,False,0.1369,4.76,322.7,True,,,,,0.6249,0.4969,0.795141,1d_transect
26,2026-03-25 14:00:00,0.4999,11.11,296.8,False,0.069,4.76,331.5,True,,,,,0.7593,0.5047,0.66463,1d_transect
26,2026-03-25 17:00:00,0.5096,11.11,294.4,False,0.0926,5.0,327.0,True,,,,,0.9619,0.5179,0.538466,1d_transect
26,2026-03-25 20:00:00,0.522,11.11,294.2,False,0.097,5.26,329.5,True,,,,,1.0632,0.531,0.49941,1d_transect
26,2026-03-25 23:00:00,0.379,11.11,300.3,False,0.2411,6.67,319.1,False,,,,,1.0178,0.4492,0.441357,1d_transect
26,2026-03-26 02:00:00,0.4824,8.33,312.0,False,,,,,,,,,1.144,0.4824,0.421689,1d_transect
26,2026-03-26 05:00:00,0.5091,9.09,310.8,False,,,,,,,,,1.3455,0.5091,0.378371,1d_transect
26,2026-03-26 08:00:00,0.4739,9.87,308.3,False,,,,,,,,,1.7399,0.4739,0.272378,1d_transect
26,2026-03-26 11:00:00,0.4687,9.87,311.7,False,,,,,,,,,1.361,0.4687,0.34438,1d_transect
26,2026-03-26 14:00:00,0.4398,9.87,306.6,False,,,,,,,,,1.6045,0.4398,0.274115,1d_transect
26,2026-03-26 17:00:00,0.4142,9.87,311.3,False,,,,,,,,,1.2131,0.4142,0.341421,1d_transect
26,2026-03-26 20:00:00,0.3905,9.87,310.3,False,,,,,,,,,1.1435,0.3905,0.341516,1d_transect
26,2026-03-26 23:00:00,0.3718,9.87,312.6,False,,,,,,,,,1.0655,0.3718,0.348913,1d_transect
26,2026-03-27 02:00:00,0.3372,9.87,313.6,False,,,,,,,,,1.0105,0.3372,0.333687,1d_transect
26,2026-03-27 05:00:00,0.3523,10.53,314.7,False,,,,,,,,,1.0307,0.3523,0.341755,1d_transect
26,2026-03-27 08:00:00,0.3268,10.53,313.7,False,,,,,,,,,0.9935,0.3268,0.328955,1d_transect
26,2026-03-27 11:00:00,0.3189,10.53,314.8,False,,,,,,,,,0.9411,0.3189,0.338831,1d_transect
26,2026-03-27 14:00:00,0.2974,10.53,308.6,False,,,,,,,,,1.1146,0.2974,0.266794,1d_transect
26,2026-03-27 17:00:00,0.2971,10.53,311.1,False,,,,,,,,,0.8676,0.2971,0.342475,1d_transect
26,2026-03-27 20:00:00,0.3813,9.87,312.3,False,,,,,,,,,0.8184,0.3813,0.465938,1d_transect
26,2026-03-27 23:00:00,0.3656,9.87,313.4,False,,,,,,,,,0.8038,0.3656,0.45484,1d_transect
26,2026-03-28 02:00:00,0.3748,9.87,313.0,False,,,,,,,,,0.7956,0.3748,0.471048,1d_transect
26,2026-03-28 05:00:00,0.3859,10.53,312.3,False,,,,,,,,,0.8333,0.3859,0.463106,1d_transect
26,2026-03-28 08:00:00,0.3956,10.53,311.3,False,,,,,,,,,0.8497,0.3956,0.465557,1d_transect
26,2026-03-28 11:00:00,0.3475,11.11,312.3,False,0.2069,14.29,265.8,False,,,,,1.0668,0.4045,0.379132,1d_transect
26,2026-03-28 14:00:00,0.3652,11.11,308.0,False,0.1877,14.29,256.8,False,,,,,1.2572,0.4106,0.326603,1d_transect
26,2026-03-28 17:00:00,0.4057,11.11,309.0,False,,,,,,,,,1.107,0.4057,0.366462,1d_transect
26,2026-03-28 20:00:00,0.332,11.11,307.9,False,0.2208,13.33,264.5,False,,,,,1.2451,0.3987,0.320242,1d_transect
26,2026-03-28 23:00:00,0.2493,13.33,264.2,False,0.2721,10.53,311.3,False,,,,,1.0062,0.369,0.36676,1d_transect
26,2026-03-29 02:00:00,0.2221,13.33,258.4,False,0.2855,10.53,306.1,False,,,,,1.1066,0.3618,0.326934,1d_transect
26,2026-03-29 05:00:00,0.226,13.33,260.0,False,0.2739,9.87,307.9,False,,,,,1.0501,0.3551,0.338181,1d_transect
26,2026-03-29 08:00:00,0.2424,13.33,260.6,False,0.25,9.87,306.2,False,,,,,1.0929,0.3482,0.318628,1d_transect
26,2026-03-29 11:00:00,0.2427,13.33,260.8,False,0.2373,9.87,307.2,False,,,,,1.0517,0.3394,0.322741,1d_transect
26,2026-03-29 14:00:00,0.2414,13.33,265.3,False,0.2264,9.87,306.3,False,,,,,0.9883,0.331,0.334913,1d_transect
26,2026-03-29 17:00:00,0.2422,13.33,266.3,False,0.2153,9.87,306.8,False,,,,,0.9522,0.324,0.340256,1d_transect
26,2026-03-29 20:00:00,0.2524,13.33,264.5,False,0.1897,9.09,305.8,False,,,,,0.9982,0.3157,0.316249,1d_transect
26,2026-03-29 23:00:00,0.246,12.5,268.4,False,0.1765,9.09,306.8,False,0.0412,3.7,319.0,True,0.9134,0.3056,0.334534,1d_transect
26,2026-03-30 02:00:00,0.2398,12.5,264.4,False,0.1761,9.09,308.0,False,,,,,0.9106,0.2976,0.326798,1d_transect
26,2026-03-30 05:00:00,0.2291,12.5,266.0,False,0.1569,9.09,309.2,False,,,,,0.9179,0.2777,0.302548,1d_transect
26,2026-03-30 08:00:00,0.2416,12.5,266.2,False,0.1064,9.09,308.0,False,0.0649,5.88,316.2,True,0.8221,0.2718,0.330655,1d_transect
26,2026-03-30 11:00:00,0.2372,12.5,267.3,False,0.0952,9.09,309.2,False,0.0695,5.56,314.6,True,0.8425,0.2648,0.314351,1d_transect
26,2026-03-30 14:00:00,0.2361,12.5,268.9,False,0.0928,9.09,307.9,False,0.0484,5.56,315.6,True,0.7909,0.2583,0.326536,1d_transect
26,2026-03-30 17:00:00,0.1833,11.76,275.9,False,0.0846,15.38,232.6,False,0.1194,9.09,309.4,False,0.7305,0.2345,0.321096,1d_transect
26,2026-03-30 20:00:00,0.1056,15.38,233.8,False,0.1686,11.11,286.5,False,0.1251,8.33,308.7,False,0.6237,0.235,0.376853,1d_transect
26,2026-03-30 23:00:00,0.1176,15.38,235.4,False,0.1669,11.11,288.1,False,0.1214,8.33,308.9,False,0.5949,0.2375,0.399271,1d_transect
26,2026-03-31 02:00:00,0.1911,15.38,242.8,False,0.1948,11.11,287.6,False,0.1858,8.33,300.5,False,0.626,0.3301,0.527315,1d_transect
26,2026-03-31 05:00:00,0.2347,14.29,245.3,False,0.1782,11.11,292.9,False,0.1685,8.33,295.7,False,0.5769,0.3395,0.588415,1d_transect
26,2026-03-31 08:00:00,0.2336,14.29,246.6,False,0.1467,11.11,295.5,False,0.2074,8.33,294.6,False,0.604,0.3451,0.571353,1d_transect
26,2026-03-31 11:00:00,0.2394,14.29,242.4,False,0.1756,11.11,291.3,False,0.1333,8.33,295.3,False,0.6217,0.3255,0.523484,1d_transect
26,2026-03-31 14:00:00,0.2337,14.29,245.5,False,0.1274,11.11,303.6,False,0.2086,7.69,278.5,False,0.6734,0.3382,0.502196,1d_transect
25,2026-03-25 02:00:00,0.1596,15.38,260.5,False,0.1264,11.11,306.4,False,0.0193,3.85,332.6,True,0.6355,0.2045,0.321841,1d_transect
25,2026-03-25 05:00:00,0.1686,15.38,254.7,False,0.1159,11.11,306.8,False,0.0359,3.85,318.5,True,0.6543,0.2077,0.31737,1d_transect
25,2026-03-25 08:00:00,0.2044,11.11,305.6,False,0.0454,4.17,326.3,True,,,,,0.3807,0.2093,0.549899,1d_transect
25,2026-03-25 11:00:00,0.2041,11.11,304.8,False,0.0451,4.76,322.7,True,,,,,0.4991,0.209,0.418744,1d_transect
25,2026-03-25 14:00:00,0.2081,11.11,296.8,False,0.0339,4.76,331.5,True,,,,,0.6461,0.2108,0.326275,1d_transect
25,2026-03-25 17:00:00,0.1956,11.11,294.4,False,0.0292,5.0,327.0,True,,,,,0.8438,0.1978,0.234393,1d_transect
25,2026-03-25 20:00:00,0.2005,11.11,294.2,False,0.0307,5.26,329.5,True,,,,,0.9325,0.2028,0.217511,1d_transect
25,2026-03-25 23:00:00,0.153,11.11,300.3,False,0.0807,6.67,319.1,False,,,,,0.7878,0.173,0.21957,1d_transect
25,2026-03-26 02:00:00,0.1878,8.33,312.0,False,,,,,,,,,0.8246,0.1878,0.227802,1d_transect
25,2026-03-26 05:00:00,0.1983,9.09,310.8,False,,,,,,,,,0.9684,0.1983,0.204763,1d_transect
25,2026-03-26 08:00:00,0.1836,9.87,308.3,False,,,,,,,,,1.3307,0.1836,0.137965,1d_transect
25,2026-03-26 11:00:00,0.1805,9.87,311.7,False,,,,,,,,,0.9796,0.1805,0.184298,1d_transect
25,2026-03-26 14:00:00,0.1693,9.87,306.6,False,,,,,,,,,1.2271,0.1693,0.137979,1d_transect
25,2026-03-26 17:00:00,0.1601,9.87,311.3,False,,,,,,,,,0.8731,0.1601,0.183384,1d_transect
25,2026-03-26 20:00:00,0.1525,9.87,310.3,False,,,,,,,,,0.823,0.1525,0.185301,1d_transect
25,2026-03-26 23:00:00,0.1467,9.87,312.6,False,,,,,,,,,0.7669,0.1467,0.191344,1d_transect
25,2026-03-27 02:00:00,0.143,9.87,313.6,False,,,,,,,,,0.7273,0.143,0.196623,1d_transect
25,2026-03-27 05:00:00,0.1406,10.53,314.7,False,,,,,,,,,0.7386,0.1406,0.190395,1d_transect
25,2026-03-27 08:00:00,0.1314,10.53,313.7,False,,,,,,,,,0.7119,0.1314,0.184599,1d_transect
25,2026-03-27 11:00:00,0.1295,10.53,314.8,False,,,,,,,,,0.6743,0.1295,0.19201,1d_transect
25,2026-03-27 14:00:00,0.1294,10.53,308.6,False,,,,,,,,,0.854,0.1294,0.151556,1d_transect
25,2026-03-27 17:00:00,0.1516,10.53,311.1,False,,,,,,,,,0.6216,0.1516,0.243949,1d_transect
25,2026-03-27 20:00:00,0.1622,9.87,312.3,False,,,,,,,,,0.589,0.1622,0.27538,1d_transect
25,2026-03-27 23:00:00,0.1685,9.87,313.4,False,,,,,,,,,0.5785,0.1685,0.291177,1d_transect
25,2026-03-28 02:00:00,0.1601,9.87,313.0,False,,,,,,,,,0.5726,0.1601,0.279557,1d_transect
25,2026-03-28 05:00:00,0.1644,10.53,312.3,False,,,,,,,,,0.5971,0.1644,0.275348,1d_transect
25,2026-03-28 08:00:00,0.1678,10.53,311.3,False,,,,,,,,,0.6088,0.1678,0.275531,1d_transect
25,2026-03-28 11:00:00,0.1116,14.29,265.8,False,0.1294,11.11,312.3,False,,,,,0.8656,0.1709,0.1974,1d_transect
25,2026-03-28 14:00:00,0.101,14.29,256.8,False,0.1405,11.11,308.0,False,,,,,1.0592,0.1731,0.163392,1d_transect
25,2026-03-28 17:00:00,0.1825,11.11,309.0,False,,,,,,,,,0.8515,0.1825,0.214276,1d_transect
25,2026-03-28 20:00:00,0.1137,13.33,264.5,False,0.124,11.11,307.9,False,,,,,1.082,0.1683,0.155522,1d_transect
25,2026-03-28 23:00:00,0.1329,13.33,264.2,False,0.098,10.53,311.3,False,,,,,0.8957,0.1651,0.184325,1d_transect
25,2026-03-29 02:00:00,0.1198,13.33,258.4,False,0.1091,10.53,306.1,False,,,,,0.9936,0.162,0.163057,1d_transect
25,2026-03-29 05:00:00,0.114,13.33,260.0,False,0.0978,9.87,307.9,False,,,,,0.9516,0.1502,0.157845,1d_transect
25,2026-03-29 08:00:00,0.1181,13.33,260.6,False,0.0878,9.87,306.2,False,,,,,1.0056,0.1471,0.146296,1d_transect
25,2026-03-29 11:00:00,0.1167,13.33,260.8,False,0.0823,9.87,307.2,False,,,,,0.9759,0.1427,0.146264,1d_transect
25,2026-03-29 14:00:00,0.1137,13.33,265.3,False,0.0787,9.87,306.3,False,,,,,0.9086,0.1383,0.152184,1d_transect
25,2026-03-29 17:00:00,0.1123,13.33,266.3,False,0.0737,9.87,306.8,False,,,,,0.8822,0.1343,0.152253,1d_transect
25,2026-03-29 20:00:00,0.1144,13.33,264.5,False,0.062,9.09,305.8,False,,,,,0.9627,0.1301,0.135154,1d_transect
25,2026-03-29 23:00:00,0.1102,12.5,268.4,False,0.0584,9.09,306.8,False,0.0119,3.7,319.0,True,0.8658,0.1253,0.144681,1d_transect
25,2026-03-30 02:00:00,0.107,12.5,264.4,False,0.0566,9.09,308.0,False,,,,,0.8822,0.1211,0.137236,1d_transect
25,2026-03-30 05:00:00,0.1049,12.5,266.0,False,0.053,9.09,309.2,False,,,,,0.8789,0.1175,0.133685,1d_transect
25,2026-03-30 08:00:00,0.1019,12.5,266.2,False,0.0331,9.09,308.0,False,0.0176,5.88,316.2,True,0.8064,0.1086,0.134638,1d_transect
25,2026-03-30 11:00:00,0.0995,12.5,267.3,False,0.0295,9.09,309.2,False,0.02,5.56,314.6,True,0.8299,0.1057,0.127327,1d_transect
25,2026-03-30 14:00:00,0.0986,12.5,268.9,False,0.0286,9.09,307.9,False,0.013,5.56,315.6,True,0.7859,0.1035,0.131662,1d_transect
25,2026-03-30 17:00:00,0.0761,11.76,275.9,False,0.04,15.38,232.6,False,0.0389,9.09,309.4,False,0.6903,0.0943,0.136643,1d_transect
25,2026-03-30 20:00:00,0.0513,15.38,233.8,False,0.0675,11.11,286.5,False,0.0418,8.33,308.7,False,0.5729,0.0945,0.164978,1d_transect
25,2026-03-30 23:00:00,0.0562,15.38,235.4,False,0.0658,11.11,288.1,False,0.04,8.33,308.9,False,0.5533,0.0953,0.172278,1d_transect
25,2026-03-31 02:00:00,0.0642,15.38,242.8,False,0.0543,11.11,287.6,False,0.0454,8.33,300.5,False,0.5945,0.0956,0.160779,1d_transect
25,2026-03-31 05:00:00,0.0753,14.29,245.3,False,0.0459,11.11,292.9,False,0.0413,8.33,295.7,False,0.567,0.0974,0.171801,1d_transect
25,2026-03-31 08:00:00,0.0755,14.29,246.6,False,0.0366,11.11,295.5,False,0.0533,8.33,294.6,False,0.5917,0.0994,0.167962,1d_transect
25,2026-03-31 11:00:00,0.1049,14.29,242.4,False,0.0614,11.11,291.3,False,0.0443,8.33,295.3,False,0.6237,0.1294,0.207444,1d_transect
25,2026-03-31 14:00:00,0.1016,14.29,245.5,False,0.0409,11.11,303.6,False,0.0798,7.69,278.5,False,0.6824,0.1356,0.198658,1d_transect
24,2026-03-25 02:00:00,0.6552,15.38,260.5,False,0.6989,11.11,306.4,False,0.0969,3.85,332.6,True,0.5958,0.9629,1.616231,1d_transect
24,2026-03-25 05:00:00,0.6867,15.38,254.7,False,0.6523,11.11,306.8,False,0.2486,3.85,318.5,True,0.6033,0.9792,1.622985,1d_transect
24,2026-03-25 08:00:00,0.967,11.11,305.6,False,0.2426,4.17,326.3,True,,,,,0.4218,0.997,2.363675,1d_transect
24,2026-03-25 11:00:00,0.9594,11.11,304.8,False,0.291,4.76,322.7,True,,,,,0.5362,1.0026,1.869915,1d_transect
24,2026-03-25 14:00:00,1.0014,11.11,296.8,False,0.1613,4.76,331.5,True,,,,,0.6527,1.0143,1.554066,1d_transect
24,2026-03-25 17:00:00,1.0031,11.11,294.4,False,0.1916,5.0,327.0,True,,,,,0.827,1.0212,1.234792,1d_transect
24,2026-03-25 20:00:00,1.029,11.11,294.2,False,0.2011,5.26,329.5,True,,,,,0.9142,1.0485,1.146918,1d_transect
24,2026-03-25 23:00:00,0.8451,11.11,300.3,False,0.5559,6.67,319.1,False,,,,,0.8781,1.0115,1.152011,1d_transect
24,2026-03-26 02:00:00,1.0972,8.33,312.0,False,,,,,,,,,0.9867,1.0972,1.112013,1d_transect
24,2026-03-26 05:00:00,1.1502,9.09,310.8,False,,,,,,,,,1.1477,1.1502,1.002176,1d_transect
24,2026-03-26 08:00:00,1.1271,9.87,308.3,False,,,,,,,,,1.4961,1.1271,0.753394,1d_transect
24,2026-03-26 11:00:00,1.0953,9.87,311.7,False,,,,,,,,,1.161,1.0953,0.943415,1d_transect
24,2026-03-26 14:00:00,1.0277,9.87,306.6,False,,,,,,,,,1.3797,1.0277,0.744875,1d_transect
24,2026-03-26 17:00:00,0.9719,9.87,311.3,False,,,,,,,,,1.0348,0.9719,0.939193,1d_transect
24,2026-03-26 20:00:00,0.9276,9.87,310.3,False,,,,,,,,,0.9754,0.9276,0.951038,1d_transect
24,2026-03-26 23:00:00,0.895,9.87,312.6,False,,,,,,,,,0.9089,0.895,0.984673,1d_transect
24,2026-03-27 02:00:00,0.8742,9.87,313.6,False,,,,,,,,,0.862,0.8742,1.014152,1d_transect
24,2026-03-27 05:00:00,0.873,10.53,314.7,False,,,,,,,,,0.8692,0.873,1.004383,1d_transect
24,2026-03-27 08:00:00,0.8428,10.53,313.7,False,,,,,,,,,0.8378,0.8428,1.005949,1d_transect
24,2026-03-27 11:00:00,0.8296,10.53,314.8,False,,,,,,,,,0.7936,0.8296,1.045371,1d_transect
24,2026-03-27 14:00:00,0.8305,10.53,308.6,False,,,,,,,,,0.9538,0.8305,0.870711,1d_transect
24,2026-03-27 17:00:00,0.8767,10.53,311.1,False,,,,,,,,,0.7316,0.8767,1.198399,1d_transect
24,2026-03-27 20:00:00,0.9079,9.87,312.3,False,,,,,,,,,0.6981,0.9079,1.300496,1d_transect
24,2026-03-27 23:00:00,0.9273,9.87,313.4,False,,,,,,,,,0.6857,0.9273,1.352416,1d_transect
24,2026-03-28 02:00:00,0.9278,9.87,313.0,False,,,,,,,,,0.6786,0.9278,1.367203,1d_transect
24,2026-03-28 05:00:00,0.9474,10.53,312.3,False,,,,,,,,,0.7027,0.9474,1.348316,1d_transect
24,2026-03-28 08:00:00,0.9595,10.53,311.3,False,,,,,,,,,0.7165,0.9595,1.339214,1d_transect
24,2026-03-28 11:00:00,0.511,14.29,265.8,False,0.8223,11.11,312.3,False,,,,,0.8909,0.9682,1.086734,1d_transect
24,2026-03-28 14:00:00,0.8581,11.11,308.0,False,0.45,14.29,256.8,False,,,,,1.0691,0.969,0.906309,1d_transect
24,2026-03-28 17:00:00,0.9816,11.11,309.0,False,,,,,,,,,0.9374,0.9816,1.047147,1d_transect
24,2026-03-28 20:00:00,0.7837,11.11,307.9,False,0.5316,13.33,264.5,False,,,,,1.0609,0.947,0.892583,1d_transect
24,2026-03-28 23:00:00,0.625,13.33,264.2,False,0.666,10.53,311.3,False,,,,,0.8581,0.9134,1.064464,1d_transect
24,2026-03-29 02:00:00,0.5536,13.33,258.4,False,0.7039,10.53,306.1,False,,,,,0.9508,0.8955,0.941787,1d_transect
24,2026-03-29 05:00:00,0.5612,13.33,260.0,False,0.6761,9.87,307.9,False,,,,,0.9051,0.8786,0.970715,1d_transect
24,2026-03-29 08:00:00,0.6016,13.33,260.6,False,0.6174,9.87,306.2,False,,,,,0.9419,0.862,0.915188,1d_transect
24,2026-03-29 11:00:00,0.6009,13.33,260.8,False,0.5848,9.87,307.2,False,,,,,0.9066,0.8385,0.924873,1d_transect
24,2026-03-29 14:00:00,0.5951,13.33,265.3,False,0.5564,9.87,306.3,False,,,,,0.8513,0.8147,0.956982,1d_transect
24,2026-03-29 17:00:00,0.5946,13.33,266.3,False,0.5268,9.87,306.8,False,,,,,0.8203,0.7944,0.968371,1d_transect
24,2026-03-29 20:00:00,0.6202,13.33,264.5,False,0.4639,9.09,305.8,False,,,,,0.861,0.7745,0.899576,1d_transect
24,2026-03-29 23:00:00,0.6062,12.5,268.4,False,0.4329,9.09,306.8,False,0.1062,3.7,319.0,True,0.7887,0.7524,0.954039,1d_transect
24,2026-03-30 02:00:00,0.5931,12.5,264.4,False,0.4327,9.09,308.0,False,,,,,0.7863,0.7341,0.933715,1d_transect
24,2026-03-30 05:00:00,0.5945,12.5,266.0,False,0.405,9.09,309.2,False,,,,,0.7919,0.7194,0.908446,1d_transect
24,2026-03-30 08:00:00,0.6186,12.5,266.2,False,0.271,9.09,308.0,False,0.174,5.88,316.2,True,0.7117,0.6974,0.979828,1d_transect
24,2026-03-30 11:00:00,0.6139,12.5,267.3,False,0.2453,9.09,309.2,False,0.1881,5.56,314.6,True,0.7299,0.6873,0.941688,1d_transect
24,2026-03-30 14:00:00,0.6213,12.5,268.9,False,0.2431,9.09,307.9,False,0.1334,5.56,315.6,True,0.6841,0.6804,0.994563,1d_transect
24,2026-03-30 17:00:00,0.5628,11.76,275.9,False,0.2611,15.38,232.6,False,0.3655,9.09,309.4,False,0.63,0.7201,1.143038,1d_transect
24,2026-03-30 20:00:00,0.3256,15.38,233.8,False,0.516,11.11,286.5,False,0.3854,8.33,308.7,False,0.5381,0.7217,1.341175,1d_transect
24,2026-03-30 23:00:00,0.3323,15.38,235.4,False,0.4685,11.11,288.1,False,0.343,8.33,308.9,False,0.5133,0.669,1.303185,1d_transect
24,2026-03-31 02:00:00,0.3881,15.38,242.8,False,0.393,11.11,287.6,False,0.3779,8.33,300.5,False,0.5409,0.6692,1.237275,1d_transect
24,2026-03-31 05:00:00,0.5002,14.29,245.3,False,0.3767,11.11,292.9,False,0.3602,8.33,295.7,False,0.4987,0.7224,1.448615,1d_transect
24,2026-03-31 08:00:00,0.4969,14.29,246.6,False,0.3088,11.11,295.5,False,0.4429,8.33,294.6,False,0.5227,0.7338,1.403964,1d_transect
24,2026-03-31 11:00:00,0.5442,14.29,242.4,False,0.3955,11.11,291.3,False,0.3035,8.33,295.3,False,0.5374,0.738,1.373321,1d_transect
24,2026-03-31 14:00:00,0.5294,14.29,245.5,False,0.2849,11.11,303.6,False,0.4791,7.69,278.5,False,0.5849,0.7687,1.314192,1d_transect
44,2026-03-25 02:00:00,0.806,15.38,260.5,False,0.3887,11.11,306.4,False,0.1296,3.85,332.6,True,0.4185,0.9042,2.160512,1d_transect
44,2026-03-25 05:00:00,0.8481,15.38,254.7,False,0.3311,11.11,306.8,False,0.1285,3.85,318.5,True,0.4643,0.9195,1.980336,1d_transect
44,2026-03-25 08:00:00,0.8425,11.11,305.6,False,0.4084,4.17,326.3,True,,,,,0.1891,0.9362,4.94977,1d_transect
44,2026-03-25 11:00:00,0.8755,11.11,304.8,False,0.3461,4.76,322.7,True,,,,,0.242,0.9415,3.89111,1d_transect
44,2026-03-25 14:00:00,0.9021,11.11,296.8,False,0.3057,4.76,331.5,True,,,,,0.3234,0.9525,2.945513,1d_transect
44,2026-03-25 17:00:00,0.8605,11.11,294.4,False,0.251,5.0,327.0,True,,,,,0.4454,0.8963,2.012436,1d_transect
44,2026-03-25 20:00:00,0.8819,11.11,294.2,False,0.2632,5.26,329.5,True,,,,,0.4928,0.9203,1.86737,1d_transect
44,2026-03-25 23:00:00,0.672,11.11,300.3,False,0.4165,6.67,319.1,False,,,,,0.3785,0.7906,2.088898,1d_transect
44,2026-03-26 02:00:00,0.8721,8.33,312.0,False,,,,,,,,,0.2961,0.8721,2.945327,1d_transect
44,2026-03-26 05:00:00,0.9228,9.09,310.8,False,,,,,,,,,0.3604,0.9228,2.560265,1d_transect
44,2026-03-26 08:00:00,0.8513,9.87,308.3,False,,,,,,,,,0.5307,0.8513,1.604052,1d_transect
44,2026-03-26 11:00:00,0.8329,9.87,311.7,False,,,,,,,,,0.3646,0.8329,2.284671,1d_transect
44,2026-03-26 14:00:00,0.7794,9.87,306.6,False,,,,,,,,,0.4894,0.7794,1.592566,1d_transect
44,2026-03-26 17:00:00,0.7364,9.87,311.3,False,,,,,,,,,0.3249,0.7364,2.266063,1d_transect
44,2026-03-26 20:00:00,0.7022,9.87,310.3,False,,,,,,,,,0.3063,0.7022,2.292456,1d_transect
44,2026-03-26 23:00:00,0.6765,9.87,312.6,False,,,,,,,,,0.2854,0.6765,2.370363,1d_transect
44,2026-03-27 02:00:00,0.6601,9.87,313.6,False,,,,,,,,,0.2707,0.6601,2.4387,1d_transect
44,2026-03-27 05:00:00,0.6491,10.53,314.7,False,,,,,,,,,0.3031,0.6491,2.141234,1d_transect
44,2026-03-27 08:00:00,0.606,10.53,313.7,False,,,,,,,,,0.2922,0.606,2.073749,1d_transect
44,2026-03-27 11:00:00,0.597,10.53,314.8,False,,,,,,,,,0.2768,0.597,2.157019,1d_transect
44,2026-03-27 14:00:00,0.5984,10.53,308.6,False,,,,,,,,,0.3601,0.5984,1.661729,1d_transect
44,2026-03-27 17:00:00,0.7037,10.53,311.1,False,,,,,,,,,0.2552,0.7037,2.757709,1d_transect
44,2026-03-27 20:00:00,0.7499,9.87,312.3,False,,,,,,,,,0.2192,0.7499,3.420765,1d_transect
44,2026-03-27 23:00:00,0.7731,9.87,313.4,False,,,,,,,,,0.2153,0.7731,3.590706,1d_transect
44,2026-03-28 02:00:00,0.7295,9.87,313.0,False,,,,,,,,,0.2131,0.7295,3.423238,1d_transect
44,2026-03-28 05:00:00,0.7455,10.53,312.3,False,,,,,,,,,0.2451,0.7455,3.041709,1d_transect
44,2026-03-28 08:00:00,0.7575,10.53,311.3,False,,,,,,,,,0.2499,0.7575,3.031285,1d_transect
44,2026-03-28 11:00:00,0.6096,14.29,265.8,False,0.4679,11.11,312.3,False,,,,,0.5112,0.7684,1.50312,1d_transect
44,2026-03-28 14:00:00,0.6007,14.29,256.8,False,0.4898,11.11,308.0,False,,,,,0.6233,0.7751,1.243448,1d_transect
44,2026-03-28 17:00:00,0.8137,11.11,309.0,False,,,,,,,,,0.39,0.8137,2.086519,1d_transect
44,2026-03-28 20:00:00,0.6215,13.33,264.5,False,0.4152,11.11,307.9,False,,,,,0.6575,0.7475,1.136792,1d_transect
44,2026-03-28 23:00:00,0.6405,13.33,264.2,False,0.2593,10.53,311.3,False,,,,,0.5815,0.691,1.188264,1d_transect
44,2026-03-29 02:00:00,0.6081,13.33,258.4,False,0.2986,10.53,306.1,False,,,,,0.6403,0.6774,1.058059,1d_transect
44,2026-03-29 05:00:00,0.6091,13.33,260.0,False,0.2662,9.87,307.9,False,,,,,0.6169,0.6647,1.077459,1d_transect
44,2026-03-29 08:00:00,0.6062,13.33,260.6,False,0.2404,9.87,306.2,False,,,,,0.6491,0.6521,1.004616,1d_transect
44,2026-03-29 11:00:00,0.5937,13.33,260.8,False,0.2233,9.87,307.2,False,,,,,0.6372,0.6343,0.995471,1d_transect
44,2026-03-29 14:00:00,0.5746,13.33,265.3,False,0.2227,9.87,306.3,False,,,,,0.5707,0.6163,1.079894,1d_transect
44,2026-03-29 17:00:00,0.5641,13.33,266.3,False,0.2072,9.87,306.8,False,,,,,0.5597,0.6009,1.073628,1d_transect
44,2026-03-29 20:00:00,0.5628,13.33,264.5,False,0.1627,9.09,305.8,False,,,,,0.6588,0.5859,0.889347,1d_transect
44,2026-03-29 23:00:00,0.5435,12.5,268.4,False,0.1622,9.09,306.8,False,0.0475,3.7,319.0,True,0.5648,0.5692,1.007659,1d_transect
44,2026-03-30 02:00:00,0.5344,12.5,264.4,False,0.1511,9.09,308.0,False,,,,,0.6042,0.5553,0.919171,1d_transect
44,2026-03-30 05:00:00,0.5234,12.5,266.0,False,0.149,9.09,309.2,False,,,,,0.5776,0.5442,0.942094,1d_transect
44,2026-03-30 08:00:00,0.4953,12.5,266.2,False,0.0907,9.09,308.0,False,0.0695,5.88,316.2,True,0.55,0.5083,0.924164,1d_transect
44,2026-03-30 11:00:00,0.4908,12.5,267.3,False,0.0819,9.09,309.2,False,0.0579,5.56,314.6,True,0.5648,0.501,0.886897,1d_transect
44,2026-03-30 14:00:00,0.4867,12.5,268.9,False,0.0796,9.09,307.9,False,0.0521,5.56,315.6,True,0.5404,0.4959,0.917691,1d_transect
44,2026-03-30 17:00:00,0.3608,15.38,232.6,False,0.4937,11.76,275.9,False,0.1598,9.09,309.4,False,0.4486,0.632,1.408846,1d_transect
44,2026-03-30 20:00:00,0.4702,15.38,233.8,False,0.3894,11.11,286.5,False,0.1685,8.33,308.7,False,0.3666,0.6334,1.727923,1d_transect
44,2026-03-30 23:00:00,0.3557,15.38,235.4,False,0.266,11.11,288.1,False,0.1128,8.33,308.9,False,0.3628,0.4583,1.263423,1d_transect
44,2026-03-31 02:00:00,0.3839,15.38,242.8,False,0.2107,11.11,287.6,False,0.1358,8.33,300.5,False,0.4048,0.4585,1.132583,1d_transect
44,2026-03-31 05:00:00,0.5393,14.29,245.3,False,0.2014,11.11,292.9,False,0.1645,8.33,295.7,False,0.407,0.5987,1.471184,1d_transect
44,2026-03-31 08:00:00,0.5416,14.29,246.6,False,0.1506,11.11,295.5,False,0.2322,8.33,294.6,False,0.422,0.6082,1.441144,1d_transect
44,2026-03-31 11:00:00,0.5643,14.29,242.4,False,0.1975,11.11,291.3,False,0.1295,8.33,295.3,False,0.4695,0.6117,1.302861,1d_transect
44,2026-03-31 14:00:00,0.5379,14.29,245.5,False,0.3199,7.69,278.5,False,0.1196,11.11,303.6,False,0.5066,0.6372,1.257659,1d_transect
43,2026-03-25 02:00:00,1.0295,15.38,260.5,False,0.4085,11.11,306.4,False,0.1334,3.85,332.6,True,0.5014,1.1156,2.225032,1d_transect
43,2026-03-25 05:00:00,1.054,15.38,254.7,False,0.3366,11.11,306.8,False,0.128,3.85,318.5,True,0.5646,1.1139,1.972795,1d_transect
43,2026-03-25 08:00:00,0.9386,11.11,305.6,False,0.4459,4.17,326.3,True,,,,,0.1923,1.0391,5.40452,1d_transect
43,2026-03-25 11:00:00,1.0058,11.11,304.8,False,0.3616,4.76,322.7,True,,,,,0.2629,1.0688,4.064882,1d_transect
43,2026-03-25 14:00:00,1.0486,11.11,296.8,False,0.3055,4.76,331.5,True,,,,,0.3711,1.0922,2.943337,1d_transect
43,2026-03-25 17:00:00,1.0779,11.11,294.4,False,0.2635,5.0,327.0,True,,,,,0.5252,1.1096,2.112929,1d_transect
43,2026-03-25 20:00:00,1.0934,11.11,294.2,False,0.2735,5.26,329.5,True,,,,,0.5808,1.1271,1.940507,1d_transect
43,2026-03-25 23:00:00,0.8416,11.11,300.3,False,0.4743,6.67,319.1,False,,,,,0.4061,0.9661,2.379004,1d_transect
43,2026-03-26 02:00:00,1.0495,8.33,312.0,False,,,,,,,,,0.3231,1.0495,3.247938,1d_transect
43,2026-03-26 05:00:00,1.1068,9.09,310.8,False,,,,,,,,,0.387,1.1068,2.859987,1d_transect
43,2026-03-26 08:00:00,1.0242,9.87,308.3,False,,,,,,,,,0.585,1.0242,1.750893,1d_transect
43,2026-03-26 11:00:00,1.0096,9.87,311.7,False,,,,,,,,,0.3915,1.0096,2.578962,1d_transect
43,2026-03-26 14:00:00,0.9541,9.87,306.6,False,,,,,,,,,0.5395,0.9541,1.768687,1d_transect
43,2026-03-26 17:00:00,0.9049,9.87,311.3,False,,,,,,,,,0.3489,0.9049,2.593486,1d_transect
43,2026-03-26 20:00:00,0.8589,9.87,310.3,False,,,,,,,,,0.3289,0.8589,2.611388,1d_transect
43,2026-03-26 23:00:00,0.8231,9.87,312.6,False,,,,,,,,,0.3065,0.8231,2.685743,1d_transect
43,2026-03-27 02:00:00,0.8021,9.87,313.6,False,,,,,,,,,0.2906,0.8021,2.759554,1d_transect
43,2026-03-27 05:00:00,0.8399,10.53,314.7,False,,,,,,,,,0.3037,0.8399,2.76583,1d_transect
43,2026-03-27 08:00:00,0.7805,10.53,313.7,False,,,,,,,,,0.2927,0.7805,2.666553,1d_transect
43,2026-03-27 11:00:00,0.7651,10.53,314.8,False,,,,,,,,,0.2773,0.7651,2.759673,1d_transect
43,2026-03-27 14:00:00,0.7613,10.53,308.6,False,,,,,,,,,0.376,0.7613,2.024865,1d_transect
43,2026-03-27 17:00:00,0.7633,10.53,311.1,False,,,,,,,,,0.2556,0.7633,2.986411,1d_transect
43,2026-03-27 20:00:00,0.8009,9.87,312.3,False,,,,,,,,,0.2354,0.8009,3.402242,1d_transect
43,2026-03-27 23:00:00,0.8257,9.87,313.4,False,,,,,,,,,0.2312,0.8257,3.571266,1d_transect
43,2026-03-28 02:00:00,0.8408,9.87,313.0,False,,,,,,,,,0.2288,0.8408,3.674161,1d_transect
43,2026-03-28 05:00:00,0.8577,10.53,312.3,False,,,,,,,,,0.2455,0.8577,3.493857,1d_transect
43,2026-03-28 08:00:00,0.8732,10.53,311.3,False,,,,,,,,,0.2503,0.8732,3.488228,1d_transect
43,2026-03-28 11:00:00,0.7597,14.29,265.8,False,0.4595,11.11,312.3,False,,,,,0.5853,0.8879,1.516884,1d_transect
43,2026-03-28 14:00:00,0.6986,14.29,256.8,False,0.4675,11.11,308.0,False,,,,,0.7227,0.8406,1.163152,1d_transect
43,2026-03-28 17:00:00,0.8842,11.11,309.0,False,,,,,,,,,0.3979,0.8842,2.222136,1d_transect
43,2026-03-28 20:00:00,0.7194,13.33,264.5,False,0.3962,11.11,307.9,False,,,,,0.7726,0.8213,1.063089,1d_transect
43,2026-03-28 23:00:00,0.7649,13.33,264.2,False,0.2506,10.53,311.3,False,,,,,0.7021,0.8049,1.146455,1d_transect
43,2026-03-29 02:00:00,0.7315,13.33,258.4,False,0.3019,10.53,306.1,False,,,,,0.7721,0.7914,1.024911,1d_transect
43,2026-03-29 05:00:00,0.7255,13.33,260.0,False,0.2815,9.87,307.9,False,,,,,0.7529,0.7782,1.03357,1d_transect
43,2026-03-29 08:00:00,0.7221,13.33,260.6,False,0.255,9.87,306.2,False,,,,,0.7921,0.7658,0.966798,1d_transect
43,2026-03-29 11:00:00,0.713,13.33,260.8,False,0.2388,9.87,307.2,False,,,,,0.7785,0.752,0.965919,1d_transect
43,2026-03-29 14:00:00,0.698,13.33,265.3,False,0.2417,9.87,306.3,False,,,,,0.6946,0.7386,1.063462,1d_transect
43,2026-03-29 17:00:00,0.6906,13.33,266.3,False,0.2267,9.87,306.8,False,,,,,0.682,0.7269,1.06578,1d_transect
43,2026-03-29 20:00:00,0.6962,13.33,264.5,False,0.1792,9.09,305.8,False,,,,,0.8089,0.7189,0.88875,1d_transect
43,2026-03-29 23:00:00,0.6859,12.5,268.4,False,0.1833,9.09,306.8,False,0.0487,3.7,319.0,True,0.6889,0.7117,1.033012,1d_transect
43,2026-03-30 02:00:00,0.6835,12.5,264.4,False,0.1724,9.09,308.0,False,,,,,0.7409,0.7049,0.951356,1d_transect
43,2026-03-30 05:00:00,0.6444,12.5,266.0,False,0.1643,9.09,309.2,False,,,,,0.7058,0.665,0.942248,1d_transect
43,2026-03-30 08:00:00,0.6465,12.5,266.2,False,0.106,9.09,308.0,False,0.0737,5.88,316.2,True,0.6728,0.6592,0.979845,1d_transect
43,2026-03-30 11:00:00,0.6454,12.5,267.3,False,0.0965,9.09,309.2,False,0.0618,5.56,314.6,True,0.6919,0.6555,0.947348,1d_transect
43,2026-03-30 14:00:00,0.8282,12.5,268.9,False,0.1212,9.09,307.9,False,0.0721,5.56,315.6,True,0.6623,0.8401,1.268516,1d_transect
43,2026-03-30 17:00:00,0.495,15.38,232.6,False,0.6567,11.76,275.9,False,0.1925,9.09,309.4,False,0.5488,0.8446,1.539126,1d_transect
43,2026-03-30 20:00:00,0.6448,15.38,233.8,False,0.5121,11.11,286.5,False,0.2097,8.33,308.7,False,0.4505,0.8497,1.886287,1d_transect
43,2026-03-30 23:00:00,0.6775,15.38,235.4,False,0.4864,11.11,288.1,False,0.1952,8.33,308.9,False,0.4467,0.8566,1.917701,1d_transect
43,2026-03-31 02:00:00,0.7309,15.38,242.8,False,0.3858,11.11,287.6,False,0.2391,8.33,300.5,False,0.4998,0.8604,1.721375,1d_transect
43,2026-03-31 05:00:00,0.7482,14.29,245.3,False,0.2666,11.11,292.9,False,0.2142,8.33,295.7,False,0.5038,0.8226,1.632741,1d_transect
43,2026-03-31 08:00:00,0.7513,14.29,246.6,False,0.1945,11.11,295.5,False,0.3047,8.33,294.6,False,0.5213,0.8338,1.599398,1d_transect
43,2026-03-31 11:00:00,0.7782,14.29,242.4,False,0.2594,11.11,291.3,False,0.1673,8.33,295.3,False,0.5836,0.8372,1.434367,1d_transect
43,2026-03-31 14:00:00,0.7424,14.29,245.5,False,0.4231,7.69,278.5,False,0.1452,11.11,303.6,False,0.6242,0.8668,1.388689,1d_transect
23,2026-03-25 02:00:00,0.0537,15.38,260.5,False,0.0717,11.11,306.4,False,0.0395,3.85,332.6,True,0.1487,0.0979,0.6585,1d_transect
23,2026-03-25 05:00:00,0.0677,15.38,254.7,False,0.0589,11.11,306.8,False,0.0378,3.85,318.5,True,0.1673,0.0974,0.58226,1d_transect
23,2026-03-25 08:00:00,0.0785,11.11,305.6,False,0.0628,4.17,326.3,True,,,,,0.132,0.1005,0.761636,1d_transect
23,2026-03-25 11:00:00,0.0787,11.11,304.8,False,0.066,4.76,322.7,True,,,,,0.1385,0.1027,0.741623,1d_transect
23,2026-03-25 14:00:00,0.0772,11.11,296.8,False,0.0713,4.76,331.5,True,,,,,0.153,0.1051,0.68666,1d_transect
23,2026-03-25 17:00:00,0.0758,11.11,294.4,False,0.0771,5.0,327.0,True,,,,,0.1749,0.1081,0.618262,1d_transect
23,2026-03-25 20:00:00,0.0761,11.11,294.2,False,0.0792,5.26,329.5,True,,,,,0.1955,0.1099,0.562021,1d_transect
23,2026-03-25 23:00:00,0.0651,11.11,300.3,False,0.0856,6.67,319.1,False,,,,,0.2505,0.1076,0.429458,1d_transect
23,2026-03-26 02:00:00,0.1195,8.33,312.0,False,,,,,,,,,0.2961,0.1195,0.403751,1d_transect
23,2026-03-26 05:00:00,0.1278,9.09,310.8,False,,,,,,,,,0.3458,0.1278,0.36968,1d_transect
23,2026-03-26 08:00:00,0.1292,9.87,308.3,False,,,,,,,,,0.3575,0.1292,0.361356,1d_transect
23,2026-03-26 11:00:00,0.1284,9.87,311.7,False,,,,,,,,,0.3498,0.1284,0.367219,1d_transect
23,2026-03-26 14:00:00,0.1224,9.87,306.6,False,,,,,,,,,0.3297,0.1224,0.371275,1d_transect
23,2026-03-26 17:00:00,0.1181,9.87,311.3,False,,,,,,,,,0.3118,0.1181,0.378658,1d_transect
23,2026-03-26 20:00:00,0.1127,9.87,310.3,False,,,,,,,,,0.2939,0.1127,0.383537,1d_transect
23,2026-03-26 23:00:00,0.109,9.87,312.6,False,,,,,,,,,0.2738,0.109,0.398145,1d_transect
23,2026-03-27 02:00:00,0.1076,9.87,313.6,False,,,,,,,,,0.2597,0.1076,0.414175,1d_transect
23,2026-03-27 05:00:00,0.1135,10.53,314.7,False,,,,,,,,,0.2682,0.1135,0.42327,1d_transect
23,2026-03-27 08:00:00,0.1069,10.53,313.7,False,,,,,,,,,0.2585,0.1069,0.413292,1d_transect
23,2026-03-27 11:00:00,0.106,10.53,314.8,False,,,,,,,,,0.2449,0.106,0.432897,1d_transect
23,2026-03-27 14:00:00,0.1058,10.53,308.6,False,,,,,,,,,0.2333,0.1058,0.453553,1d_transect
23,2026-03-27 17:00:00,0.1071,10.53,311.1,False,,,,,,,,,0.2258,0.1071,0.474304,1d_transect
23,2026-03-27 20:00:00,0.1131,9.87,312.3,False,,,,,,,,,0.2103,0.1131,0.537504,1d_transect
23,2026-03-27 23:00:00,0.1156,9.87,313.4,False,,,,,,,,,0.2066,0.1156,0.559705,1d_transect
23,2026-03-28 02:00:00,0.1171,9.87,313.0,False,,,,,,,,,0.2045,0.1171,0.572658,1d_transect
23,2026-03-28 05:00:00,0.1187,10.53,312.3,False,,,,,,,,,0.2168,0.1187,0.547467,1d_transect
23,2026-03-28 08:00:00,0.1208,10.53,311.3,False,,,,,,,,,0.2211,0.1208,0.546551,1d_transect
23,2026-03-28 11:00:00,0.1155,11.11,312.3,False,0.0357,14.29,265.8,False,,,,,0.2502,0.1209,0.483379,1d_transect
23,2026-03-28 14:00:00,0.1101,11.11,308.0,False,0.0485,14.29,256.8,False,,,,,0.2605,0.1203,0.461828,1d_transect
23,2026-03-28 17:00:00,0.1195,11.11,309.0,False,,,,,,,,,0.236,0.1195,0.506288,1d_transect
23,2026-03-28 20:00:00,0.1101,11.11,307.9,False,0.047,13.33,264.5,False,,,,,0.2403,0.1197,0.497897,1d_transect
23,2026-03-28 23:00:00,0.1066,10.53,311.3,False,0.0513,13.33,264.2,False,,,,,0.2143,0.1183,0.551931,1d_transect
23,2026-03-29 02:00:00,0.0995,10.53,306.1,False,0.0614,13.33,258.4,False,,,,,0.2149,0.1169,0.544071,1d_transect
23,2026-03-29 05:00:00,0.064,13.33,260.0,False,0.096,9.87,307.9,False,,,,,0.2001,0.1153,0.576536,1d_transect
23,2026-03-29 08:00:00,0.0617,13.33,260.6,False,0.0956,9.87,306.2,False,,,,,0.1919,0.1138,0.593062,1d_transect
23,2026-03-29 11:00:00,0.0629,13.33,260.8,False,0.0923,9.87,307.2,False,,,,,0.1828,0.1117,0.611155,1d_transect
23,2026-03-29 14:00:00,0.0575,13.33,265.3,False,0.0932,9.87,306.3,False,,,,,0.1632,0.1095,0.670906,1d_transect
23,2026-03-29 17:00:00,0.0587,13.33,266.3,False,0.0902,9.87,306.8,False,,,,,0.1551,0.1076,0.693506,1d_transect
23,2026-03-29 20:00:00,0.0699,13.33,264.5,False,0.0789,9.09,305.8,False,,,,,0.1646,0.1054,0.640515,1d_transect
23,2026-03-29 23:00:00,0.0561,12.5,268.4,False,0.0791,9.09,306.8,False,0.0344,3.7,319.0,True,0.1411,0.1029,0.729582,1d_transect
23,2026-03-30 02:00:00,0.0631,12.5,264.4,False,0.0785,9.09,308.0,False,,,,,0.1421,0.1007,0.708615,1d_transect
23,2026-03-30 05:00:00,0.0594,12.5,266.0,False,0.0798,9.09,309.2,False,,,,,0.1328,0.0995,0.749106,1d_transect
23,2026-03-30 08:00:00,0.059,12.5,266.2,False,0.051,9.09,308.0,False,0.058,5.88,316.2,True,0.126,0.0972,0.771167,1d_transect
23,2026-03-30 11:00:00,0.0623,12.5,267.3,False,0.0492,9.09,309.2,False,0.0515,5.56,314.6,True,0.1199,0.0947,0.789856,1d_transect
23,2026-03-30 14:00:00,0.0631,12.5,268.9,False,0.0487,9.09,307.9,False,0.0474,5.56,315.6,True,0.1112,0.0927,0.834142,1d_transect
23,2026-03-30 17:00:00,0.0717,15.38,232.6,False,0.0335,11.76,275.9,False,0.0467,9.09,309.4,False,0.1505,0.0919,0.610703,1d_transect
23,2026-03-30 20:00:00,0.0768,15.38,233.8,False,0.0316,11.11,286.5,False,0.0421,8.33,308.7,False,0.1514,0.0931,0.614936,1d_transect
23,2026-03-30 23:00:00,0.0768,15.38,235.4,False,0.0323,11.11,288.1,False,0.0422,8.33,308.9,False,0.1387,0.0934,0.673552,1d_transect
23,2026-03-31 02:00:00,0.0797,15.38,242.8,False,0.0281,11.11,287.6,False,0.0395,8.33,300.5,False,0.1408,0.0933,0.662706,1d_transect
23,2026-03-31 05:00:00,0.0839,14.29,245.3,False,0.0308,11.11,292.9,False,0.0321,8.33,295.7,False,0.1211,0.095,0.784356,1d_transect
23,2026-03-31 08:00:00,0.0848,14.29,246.6,False,0.0297,11.11,295.5,False,0.0347,8.33,294.6,False,0.1245,0.0963,0.773131,1d_transect
23,2026-03-31 11:00:00,0.0892,14.29,242.4,False,0.0263,11.11,291.3,False,0.022,8.33,295.3,False,0.1581,0.0956,0.604398,1d_transect
23,2026-03-31 14:00:00,0.0898,14.29,245.5,False,0.0323,11.11,303.6,False,0.0283,7.69,278.5,False,0.1383,0.0996,0.719657,1d_transect
22,2026-03-25 02:00:00,0.5642,15.38,260.5,False,0.3604,11.11,306.4,False,0.1985,3.85,332.6,True,0.211,0.6983,3.309453,1d_transect
22,2026-03-25 05:00:00,0.6134,15.38,254.7,False,0.2749,11.11,306.8,False,0.1763,3.85,318.5,True,0.2558,0.6949,2.715941,1d_transect
22,2026-03-25 08:00:00,0.5494,11.11,305.6,False,0.44,4.17,326.3,True,,,,,0.132,0.7039,5.333281,1d_transect
22,2026-03-25 11:00:00,0.5503,11.11,304.8,False,0.4612,4.76,322.7,True,,,,,0.1385,0.718,5.18471,1d_transect
22,2026-03-25 14:00:00,0.5378,11.11,296.8,False,0.4936,4.76,331.5,True,,,,,0.1535,0.73,4.756157,1d_transect
22,2026-03-25 17:00:00,0.5284,11.11,294.4,False,0.516,5.0,327.0,True,,,,,0.1785,0.7386,4.137512,1d_transect
22,2026-03-25 20:00:00,0.5346,11.11,294.2,False,0.5341,5.26,329.5,True,,,,,0.1994,0.7556,3.789662,1d_transect
22,2026-03-25 23:00:00,0.3371,11.11,300.3,False,0.4429,6.67,319.1,False,,,,,0.2506,0.5567,2.221733,1d_transect
22,2026-03-26 02:00:00,0.666,8.33,312.0,False,,,,,,,,,0.2961,0.666,2.249312,1d_transect
22,2026-03-26 05:00:00,0.7552,9.09,310.8,False,,,,,,,,,0.3458,0.7552,2.184027,1d_transect
22,2026-03-26 08:00:00,0.7605,9.87,308.3,False,,,,,,,,,0.3575,0.7605,2.127233,1d_transect
22,2026-03-26 11:00:00,0.7735,9.87,311.7,False,,,,,,,,,0.3498,0.7735,2.211383,1d_transect
22,2026-03-26 14:00:00,0.7154,9.87,306.6,False,,,,,,,,,0.3297,0.7154,2.169808,1d_transect
22,2026-03-26 17:00:00,0.5853,9.87,311.3,False,,,,,,,,,0.3118,0.5853,1.877319,1d_transect
22,2026-03-26 20:00:00,0.5404,9.87,310.3,False,,,,,,,,,0.2939,0.5404,1.838762,1d_transect
22,2026-03-26 23:00:00,0.504,9.87,312.6,False,,,,,,,,,0.2738,0.504,1.840556,1d_transect
22,2026-03-27 02:00:00,0.4833,9.87,313.6,False,,,,,,,,,0.2597,0.4833,1.861072,1d_transect
22,2026-03-27 05:00:00,0.4925,10.53,314.7,False,,,,,,,,,0.2682,0.4925,1.836294,1d_transect
22,2026-03-27 08:00:00,0.4042,10.53,313.7,False,,,,,,,,,0.2585,0.4042,1.563292,1d_transect
22,2026-03-27 11:00:00,0.3968,10.53,314.8,False,,,,,,,,,0.2449,0.3968,1.620332,1d_transect
22,2026-03-27 14:00:00,0.4595,10.53,308.6,False,,,,,,,,,0.2333,0.4595,1.969381,1d_transect
22,2026-03-27 17:00:00,0.4617,10.53,311.1,False,,,,,,,,,0.2258,0.4617,2.045271,1d_transect
22,2026-03-27 20:00:00,0.5355,9.87,312.3,False,,,,,,,,,0.2103,0.5355,2.54612,1d_transect
22,2026-03-27 23:00:00,0.5677,9.87,313.4,False,,,,,,,,,0.2066,0.5677,2.748029,1d_transect
22,2026-03-28 02:00:00,0.4899,9.87,313.0,False,,,,,,,,,0.2045,0.4899,2.39618,1d_transect
22,2026-03-28 05:00:00,0.4976,10.53,312.3,False,,,,,,,,,0.2168,0.4976,2.294688,1d_transect
22,2026-03-28 08:00:00,0.5113,10.53,311.3,False,,,,,,,,,0.2211,0.5113,2.312396,1d_transect
22,2026-03-28 11:00:00,0.2945,14.29,265.8,False,0.4288,11.11,312.3,False,,,,,0.2899,0.5202,1.794179,1d_transect
22,2026-03-28 14:00:00,0.3594,14.29,256.8,False,0.3735,11.11,308.0,False,,,,,0.3309,0.5183,1.566596,1d_transect
22,2026-03-28 17:00:00,0.4487,11.11,309.0,False,,,,,,,,,0.236,0.4487,1.901076,1d_transect
22,2026-03-28 20:00:00,0.3181,13.33,264.5,False,0.3059,11.11,307.9,False,,,,,0.3189,0.4413,1.383793,1d_transect
22,2026-03-28 23:00:00,0.3292,13.33,264.2,False,0.2805,10.53,311.3,False,,,,,0.2977,0.4325,1.452537,1d_transect
22,2026-03-29 02:00:00,0.3516,13.33,258.4,False,0.2419,10.53,306.1,False,,,,,0.3226,0.4268,1.323171,1d_transect
22,2026-03-29 05:00:00,0.3567,13.33,260.0,False,0.2272,9.87,307.9,False,,,,,0.3099,0.4229,1.364891,1d_transect
22,2026-03-29 08:00:00,0.3554,13.33,260.6,False,0.2258,9.87,306.2,False,,,,,0.3006,0.4211,1.400722,1d_transect
22,2026-03-29 11:00:00,0.3597,13.33,260.8,False,0.2168,9.87,307.2,False,,,,,0.2928,0.42,1.434563,1d_transect
22,2026-03-29 14:00:00,0.346,13.33,265.3,False,0.2355,9.87,306.3,False,,,,,0.2469,0.4186,1.695331,1d_transect
22,2026-03-29 17:00:00,0.351,13.33,266.3,False,0.2264,9.87,306.8,False,,,,,0.2398,0.4177,1.741646,1d_transect
22,2026-03-29 20:00:00,0.3786,13.33,264.5,False,0.1754,9.09,305.8,False,,,,,0.2933,0.4173,1.422944,1d_transect
22,2026-03-29 23:00:00,0.3188,12.5,268.4,False,0.1746,9.09,306.8,False,0.076,3.7,319.0,True,0.2306,0.3713,1.609879,1d_transect
22,2026-03-30 02:00:00,0.3355,12.5,264.4,False,0.1564,9.09,308.0,False,,,,,0.2621,0.3702,1.412561,1d_transect
22,2026-03-30 05:00:00,0.3276,12.5,266.0,False,0.1712,9.09,309.2,False,,,,,0.2301,0.3697,1.606542,1d_transect
22,2026-03-30 08:00:00,0.3296,12.5,266.2,False,0.1107,9.09,308.0,False,0.126,5.88,316.2,True,0.2208,0.3698,1.675271,1d_transect
22,2026-03-30 11:00:00,0.339,12.5,267.3,False,0.1039,9.09,309.2,False,0.1089,5.56,314.6,True,0.2223,0.3709,1.668585,1d_transect
22,2026-03-30 14:00:00,0.3447,12.5,268.9,False,0.1034,9.09,307.9,False,0.1006,5.56,315.6,True,0.2111,0.3737,1.770659,1d_transect
22,2026-03-30 17:00:00,0.5128,15.38,232.6,False,0.2952,11.76,275.9,False,0.2242,9.09,309.4,False,0.2157,0.6327,2.933587,1d_transect
22,2026-03-30 20:00:00,0.5701,15.38,233.8,False,0.1846,11.11,286.5,False,0.2101,8.33,308.7,False,0.2069,0.635,3.068994,1d_transect
22,2026-03-30 23:00:00,0.5739,15.38,235.4,False,0.1774,11.11,288.1,False,0.1979,8.33,308.9,False,0.2004,0.6324,3.156205,1d_transect
22,2026-03-31 02:00:00,0.5901,15.38,242.8,False,0.1425,11.11,287.6,False,0.1711,8.33,300.5,False,0.2197,0.6307,2.870229,1d_transect
22,2026-03-31 05:00:00,0.5446,14.29,245.3,False,0.1084,11.11,292.9,False,0.1084,8.33,295.7,False,0.2133,0.5658,2.652001,1d_transect
22,2026-03-31 08:00:00,0.5521,14.29,246.6,False,0.1012,11.11,295.5,False,0.1176,8.33,294.6,False,0.2187,0.5735,2.622649,1d_transect
22,2026-03-31 11:00:00,0.5616,14.29,242.4,False,0.0971,11.11,291.3,False,0.0779,8.33,295.3,False,0.2683,0.5752,2.143802,1d_transect
22,2026-03-31 14:00:00,0.567,14.29,245.5,False,0.1061,11.11,303.6,False,0.1656,7.69,278.5,False,0.2536,0.6002,2.366672,1d_transect
20,2026-03-25 02:00:00,1.4254,15.38,260.5,False,1.3613,11.11,306.4,False,0.2143,3.85,332.6,True,0.5548,1.9826,3.573628,1d_transect
21,2026-03-25 02:00:00,0.5336,15.38,260.5,False,0.5653,11.11,306.4,False,0.1006,3.85,332.6,True,0.4671,0.7839,1.677951,1d_transect
20,2026-03-25 05:00:00,1.4927,15.38,254.7,False,1.2473,11.11,306.8,False,0.3892,3.85,318.5,True,0.563,1.9838,3.523455,1d_transect
21,2026-03-25 05:00:00,0.5561,15.38,254.7,False,0.5173,11.11,306.8,False,0.1968,3.85,318.5,True,0.4749,0.7846,1.65223,1d_transect
20,2026-03-25 08:00:00,1.907,11.11,305.6,False,0.4366,4.17,326.3,True,,,,,0.3697,1.9563,5.291529,1d_transect
21,2026-03-25 08:00:00,0.742,11.11,305.6,False,0.1921,4.17,326.3,True,,,,,0.3292,0.7664,2.327993,1d_transect
20,2026-03-25 11:00:00,1.7628,11.11,304.8,False,0.427,4.76,322.7,True,,,,,0.455,1.8138,3.986201,1d_transect
21,2026-03-25 11:00:00,0.7224,11.11,304.8,False,0.2199,4.76,322.7,True,,,,,0.4058,0.7551,1.860848,1d_transect
20,2026-03-25 14:00:00,1.7961,11.11,296.8,False,0.3369,4.76,331.5,True,,,,,0.563,1.8274,3.245993,1d_transect
21,2026-03-25 14:00:00,0.7471,11.11,296.8,False,0.1623,4.76,331.5,True,,,,,0.4888,0.7646,1.564281,1d_transect
20,2026-03-25 17:00:00,1.8328,11.11,294.4,False,0.323,5.0,327.0,True,,,,,0.7185,1.861,2.590039,1d_transect
21,2026-03-25 17:00:00,0.7717,11.11,294.4,False,0.1615,5.0,327.0,True,,,,,0.6089,0.7884,1.294766,1d_transect
20,2026-03-25 20:00:00,1.8721,11.11,294.2,False,0.3376,5.26,329.5,True,,,,,0.7942,1.9023,2.395351,1d_transect
21,2026-03-25 20:00:00,0.8007,11.11,294.2,False,0.1714,5.26,329.5,True,,,,,0.6732,0.8188,1.216249,1d_transect
20,2026-03-25 23:00:00,1.389,11.11,300.3,False,0.766,6.67,319.1,False,,,,,0.7221,1.5862,2.196793,1d_transect
21,2026-03-25 23:00:00,0.4982,11.11,300.3,False,0.3099,6.67,319.1,False,,,,,0.6536,0.5867,0.897617,1d_transect
20,2026-03-26 02:00:00,1.7454,8.33,312.0,False,,,,,,,,,0.7572,1.7454,2.304946,1d_transect
21,2026-03-26 02:00:00,0.699,8.33,312.0,False,,,,,,,,,0.6782,0.699,1.030744,1d_transect
20,2026-03-26 05:00:00,1.8481,9.09,310.8,False,,,,,,,,,0.918,1.8481,2.013178,1d_transect
21,2026-03-26 05:00:00,0.7792,9.09,310.8,False,,,,,,,,,0.8114,0.7792,0.960396,1d_transect
20,2026-03-26 08:00:00,1.8468,9.87,308.3,False,,,,,,,,,1.2152,1.8468,1.519778,1d_transect
21,2026-03-26 08:00:00,0.7797,9.87,308.3,False,,,,,,,,,1.067,0.7797,0.730721,1d_transect
20,2026-03-26 11:00:00,1.8347,9.87,311.7,False,,,,,,,,,0.9286,1.8347,1.975832,1d_transect
21,2026-03-26 11:00:00,0.7665,9.87,311.7,False,,,,,,,,,0.8207,0.7665,0.933909,1d_transect
20,2026-03-26 14:00:00,1.4444,9.87,306.6,False,,,,,,,,,1.1206,1.4444,1.288883,1d_transect
21,2026-03-26 14:00:00,0.5309,9.87,306.6,False,,,,,,,,,0.984,0.5309,0.539527,1d_transect
20,2026-03-26 17:00:00,1.363,9.87,311.3,False,,,,,,,,,0.8276,1.363,1.646856,1d_transect
21,2026-03-26 17:00:00,0.4779,9.87,311.3,False,,,,,,,,,0.7315,0.4779,0.653308,1d_transect
20,2026-03-26 20:00:00,1.2878,9.87,310.3,False,,,,,,,,,0.7801,1.2878,1.650737,1d_transect
21,2026-03-26 20:00:00,0.4335,9.87,310.3,False,,,,,,,,,0.6895,0.4335,0.62873,1d_transect
20,2026-03-26 23:00:00,1.2311,9.87,312.6,False,,,,,,,,,0.727,1.2311,1.693479,1d_transect
21,2026-03-26 23:00:00,0.4025,9.87,312.6,False,,,,,,,,,0.6425,0.4025,0.626456,1d_transect
20,2026-03-27 02:00:00,1.2021,9.87,313.6,False,,,,,,,,,0.6894,1.2021,1.743676,1d_transect
21,2026-03-27 02:00:00,0.3874,9.87,313.6,False,,,,,,,,,0.6093,0.3874,0.635688,1d_transect
20,2026-03-27 05:00:00,1.1079,10.53,314.7,False,,,,,,,,,0.7387,1.1079,1.499774,1d_transect
21,2026-03-27 05:00:00,0.3543,10.53,314.7,False,,,,,,,,,0.6524,0.3543,0.543034,1d_transect
20,2026-03-27 08:00:00,1.024,10.53,313.7,False,,,,,,,,,0.712,1.024,1.438045,1d_transect
21,2026-03-27 08:00:00,0.3082,10.53,313.7,False,,,,,,,,,0.6288,0.3082,0.490099,1d_transect
20,2026-03-27 11:00:00,1.0235,10.53,314.8,False,,,,,,,,,0.6745,1.0235,1.517552,1d_transect
21,2026-03-27 11:00:00,0.3081,10.53,314.8,False,,,,,,,,,0.5956,0.3081,0.517293,1d_transect
20,2026-03-27 14:00:00,1.0389,10.53,308.6,False,,,,,,,,,0.8031,1.0389,1.293698,1d_transect
21,2026-03-27 14:00:00,0.3156,10.53,308.6,False,,,,,,,,,0.7056,0.3156,0.447342,1d_transect
20,2026-03-27 17:00:00,1.0673,10.53,311.1,False,,,,,,,,,0.6218,1.0673,1.716639,1d_transect
21,2026-03-27 17:00:00,0.3298,10.53,311.1,False,,,,,,,,,0.5491,0.3298,0.600665,1d_transect
20,2026-03-27 20:00:00,1.361,9.87,312.3,False,,,,,,,,,0.5584,1.361,2.43736,1d_transect
21,2026-03-27 20:00:00,0.4789,9.87,312.3,False,,,,,,,,,0.4935,0.4789,0.970315,1d_transect
20,2026-03-27 23:00:00,1.4225,9.87,313.4,False,,,,,,,,,0.5484,1.4225,2.593942,1d_transect
21,2026-03-27 23:00:00,0.5167,9.87,313.4,False,,,,,,,,,0.4847,0.5167,1.065931,1d_transect
20,2026-03-28 02:00:00,1.4495,9.87,313.0,False,,,,,,,,,0.5428,1.4495,2.670378,1d_transect
21,2026-03-28 02:00:00,0.5333,9.87,313.0,False,,,,,,,,,0.4798,0.5333,1.111596,1d_transect
20,2026-03-28 05:00:00,1.4724,10.53,312.3,False,,,,,,,,,0.5972,1.4724,2.465478,1d_transect
21,2026-03-28 05:00:00,0.548,10.53,312.3,False,,,,,,,,,0.5274,0.548,1.039081,1d_transect
20,2026-03-28 08:00:00,1.4931,10.53,311.3,False,,,,,,,,,0.609,1.4931,2.451913,1d_transect
21,2026-03-28 08:00:00,0.5617,10.53,311.3,False,,,,,,,,,0.5378,0.5617,1.044407,1d_transect
20,2026-03-28 11:00:00,0.8368,14.29,265.8,False,1.2642,11.11,312.3,False,,,,,0.8283,1.5161,1.830404,1d_transect
21,2026-03-28 11:00:00,0.4954,11.11,312.3,False,0.2959,14.29,265.8,False,,,,,0.7136,0.577,0.808684,1d_transect
20,2026-03-28 14:00:00,1.1329,11.11,308.0,False,0.672,14.29,256.8,False,,,,,0.9697,1.3172,1.358304,1d_transect
21,2026-03-28 14:00:00,0.419,11.11,308.0,False,0.2241,14.29,256.8,False,,,,,0.8365,0.4752,0.568076,1d_transect
20,2026-03-28 17:00:00,1.1839,11.11,309.0,False,,,,,,,,,0.8257,1.1839,1.433837,1d_transect
21,2026-03-28 17:00:00,0.4175,11.11,309.0,False,,,,,,,,,0.7303,0.4175,0.57173,1d_transect
20,2026-03-28 20:00:00,0.7112,13.33,264.5,False,0.9348,11.11,307.9,False,,,,,0.9717,1.1746,1.208721,1d_transect
21,2026-03-28 20:00:00,0.339,11.11,307.9,False,0.2337,13.33,264.5,False,,,,,0.8307,0.4118,0.495712,1d_transect
20,2026-03-28 23:00:00,0.8554,13.33,264.2,False,0.7842,10.53,311.3,False,,,,,0.7869,1.1604,1.474633,1d_transect
21,2026-03-28 23:00:00,0.2836,13.33,264.2,False,0.2866,10.53,311.3,False,,,,,0.6607,0.4033,0.610377,1d_transect
20,2026-03-29 02:00:00,0.7851,13.33,258.4,False,0.8401,10.53,306.1,False,,,,,0.8613,1.1498,1.334955,1d_transect
21,2026-03-29 02:00:00,0.2574,13.33,258.4,False,0.3023,10.53,306.1,False,,,,,0.7262,0.397,0.546711,1d_transect
20,2026-03-29 05:00:00,0.8166,13.33,260.0,False,0.7986,9.87,307.9,False,,,,,0.8091,1.1421,1.411679,1d_transect
21,2026-03-29 05:00:00,0.2677,13.33,260.0,False,0.2871,9.87,307.9,False,,,,,0.679,0.3925,0.578079,1d_transect
20,2026-03-29 08:00:00,0.8693,13.33,260.6,False,0.7336,9.87,306.2,False,,,,,0.8497,1.1375,1.338717,1d_transect
21,2026-03-29 08:00:00,0.2862,13.33,260.6,False,0.2647,9.87,306.2,False,,,,,0.7086,0.3898,0.550136,1d_transect
20,2026-03-29 11:00:00,0.8824,13.33,260.8,False,0.7061,9.87,307.2,False,,,,,0.822,1.1301,1.374892,1d_transect
21,2026-03-29 11:00:00,0.29,13.33,260.8,False,0.2543,9.87,307.2,False,,,,,0.6839,0.3857,0.563893,1d_transect
20,2026-03-29 14:00:00,0.8845,13.33,265.3,False,0.6908,9.87,306.3,False,,,,,0.7672,1.1223,1.462868,1d_transect
21,2026-03-29 14:00:00,0.2898,13.33,265.3,False,0.2477,9.87,306.3,False,,,,,0.6382,0.3812,0.597341,1d_transect
20,2026-03-29 17:00:00,0.8946,13.33,266.3,False,0.6621,9.87,306.8,False,,,,,0.7427,1.113,1.498487,1d_transect
21,2026-03-29 17:00:00,0.2922,13.33,266.3,False,0.2366,9.87,306.8,False,,,,,0.6164,0.376,0.609961,1d_transect
20,2026-03-29 20:00:00,0.9336,13.33,264.5,False,0.5742,9.09,305.8,False,,,,,0.7996,1.096,1.370773,1d_transect
21,2026-03-29 20:00:00,0.304,13.33,264.5,False,0.2049,9.09,305.8,False,,,,,0.658,0.3667,0.557228,1d_transect
20,2026-03-29 23:00:00,0.9156,12.5,268.4,False,0.5465,9.09,306.8,False,0.1191,3.7,319.0,True,0.7236,1.0729,1.482681,1d_transect
21,2026-03-29 23:00:00,0.294,12.5,268.4,False,0.1911,9.09,306.8,False,0.0511,3.7,319.0,True,0.6001,0.3543,0.590437,1d_transect
20,2026-03-30 02:00:00,0.8024,12.5,264.4,False,0.4805,9.09,308.0,False,,,,,0.7327,0.9353,1.276467,1d_transect
21,2026-03-30 02:00:00,0.2434,12.5,264.4,False,0.1589,9.09,308.0,False,,,,,0.6045,0.2906,0.480761,1d_transect
20,2026-03-30 05:00:00,0.8041,12.5,266.0,False,0.4579,9.09,309.2,False,,,,,0.7319,0.9253,1.264235,1d_transect
21,2026-03-30 05:00:00,0.2429,12.5,266.0,False,0.1506,9.09,309.2,False,,,,,0.6034,0.2858,0.473673,1d_transect
20,2026-03-30 08:00:00,0.845,12.5,266.2,False,0.3094,9.09,308.0,False,0.1763,5.88,316.2,True,0.6659,0.917,1.377149,1d_transect
21,2026-03-30 08:00:00,0.2534,12.5,266.2,False,0.101,9.09,308.0,False,0.0707,5.88,316.2,True,0.5502,0.2818,0.512236,1d_transect
20,2026-03-30 11:00:00,0.8412,12.5,267.3,False,0.2809,9.09,309.2,False,0.1998,5.56,314.6,True,0.6847,0.9091,1.327664,1d_transect
21,2026-03-30 11:00:00,0.2509,12.5,267.3,False,0.0912,9.09,309.2,False,0.0779,5.56,314.6,True,0.5663,0.2781,0.491134,1d_transect
20,2026-03-30 14:00:00,0.8469,12.5,268.9,False,0.2769,9.09,307.9,False,0.1349,5.56,315.6,True,0.6461,0.9012,1.394792,1d_transect
21,2026-03-30 14:00:00,0.2535,12.5,268.9,False,0.0902,9.09,307.9,False,0.054,5.56,315.6,True,0.53,0.2744,0.517733,1d_transect
20,2026-03-30 17:00:00,0.7141,11.76,275.9,False,0.3608,15.38,232.6,False,0.4041,9.09,309.4,False,0.5761,0.8964,1.555827,1d_transect
21,2026-03-30 17:00:00,0.2143,11.76,275.9,False,0.1053,15.38,232.6,False,0.1306,9.09,309.4,False,0.4753,0.2722,0.572604,1d_transect
20,2026-03-30 20:00:00,0.4602,15.38,233.8,False,0.64,11.11,286.5,False,0.4254,8.33,308.7,False,0.4798,0.8957,1.866893,1d_transect
21,2026-03-30 20:00:00,0.1331,15.38,233.8,False,0.1929,11.11,286.5,False,0.1379,8.33,308.7,False,0.3993,0.2719,0.680975,1d_transect
20,2026-03-30 23:00:00,0.4118,15.38,235.4,False,0.5102,11.11,288.1,False,0.3324,8.33,308.9,False,0.4615,0.7351,1.592845,1d_transect
21,2026-03-30 23:00:00,0.11,15.38,235.4,False,0.142,11.11,288.1,False,0.0995,8.33,308.9,False,0.3827,0.2053,0.536419,1d_transect
20,2026-03-31 02:00:00,0.4736,15.38,242.8,False,0.4226,11.11,287.6,False,0.3729,8.33,300.5,False,0.493,0.7362,1.493277,1d_transect
21,2026-03-31 02:00:00,0.1269,15.38,242.8,False,0.1179,11.11,287.6,False,0.111,8.33,300.5,False,0.408,0.2057,0.504316,1d_transect
20,2026-03-31 05:00:00,0.5579,14.29,245.3,False,0.3622,11.11,292.9,False,0.3344,8.33,295.7,False,0.4655,0.7445,1.599292,1d_transect
21,2026-03-31 05:00:00,0.1517,14.29,245.3,False,0.1042,11.11,292.9,False,0.0998,8.33,295.7,False,0.3834,0.2093,0.545912,1d_transect
20,2026-03-31 08:00:00,0.5526,14.29,246.6,False,0.2918,11.11,295.5,False,0.4216,8.33,294.6,False,0.4878,0.7538,1.545271,1d_transect
21,2026-03-31 08:00:00,0.1503,14.29,246.6,False,0.086,11.11,295.5,False,0.1246,8.33,294.6,False,0.4043,0.2134,0.527749,1d_transect
20,2026-03-31 11:00:00,0.5962,14.29,242.4,False,0.3724,11.11,291.3,False,0.2759,8.33,295.3,False,0.5087,0.7551,1.48452,1d_transect
21,2026-03-31 11:00:00,0.1643,14.29,242.4,False,0.1086,11.11,291.3,False,0.0835,8.33,295.3,False,0.4163,0.2139,0.51393,1d_transect
20,2026-03-31 14:00:00,0.5741,14.29,245.5,False,0.2636,11.11,303.6,False,0.4775,7.69,278.5,False,0.5614,0.7919,1.410664,1d_transect
21,2026-03-31 14:00:00,0.1599,14.29,245.5,False,0.0809,11.11,303.6,False,0.1452,7.69,278.5,False,0.4676,0.2307,0.493285,1d_transect
19,2026-03-25 02:00:00,0.9893,15.38,260.5,False,0.4614,11.11,306.4,False,0.1925,3.85,332.6,True,0.3454,1.1085,3.20953,1d_transect
19,2026-03-25 05:00:00,1.3222,15.38,254.7,False,0.4845,11.11,306.8,False,0.2353,3.85,318.5,True,0.3937,1.4277,3.625987,1d_transect
19,2026-03-25 08:00:00,1.2431,11.11,305.6,False,0.754,4.17,326.3,True,,,,,0.1591,1.4539,9.139632,1d_transect
19,2026-03-25 11:00:00,1.2778,11.11,304.8,False,0.6413,4.76,322.7,True,,,,,0.1983,1.4297,7.209238,1d_transect
19,2026-03-25 14:00:00,1.3233,11.11,296.8,False,0.5783,4.76,331.5,True,,,,,0.2592,1.4441,5.572157,1d_transect
19,2026-03-25 17:00:00,1.1689,11.11,294.4,False,0.4523,5.0,327.0,True,,,,,0.3456,1.2533,3.626717,1d_transect
19,2026-03-25 20:00:00,1.22,11.11,294.2,False,0.483,5.26,329.5,True,,,,,0.3829,1.3121,3.427045,1d_transect
19,2026-03-25 23:00:00,0.5203,11.11,300.3,False,0.4093,6.67,319.1,False,,,,,0.3224,0.662,2.053101,1d_transect
19,2026-03-26 02:00:00,0.7441,8.33,312.0,False,,,,,,,,,0.2961,0.7441,2.513201,1d_transect
19,2026-03-26 05:00:00,0.6506,9.09,310.8,False,,,,,,,,,0.3458,0.6506,1.881419,1d_transect
19,2026-03-26 08:00:00,0.6278,9.87,308.3,False,,,,,,,,,0.3575,0.6278,1.755881,1d_transect
19,2026-03-26 11:00:00,0.6204,9.87,311.7,False,,,,,,,,,0.3498,0.6204,1.773561,1d_transect
19,2026-03-26 14:00:00,0.5631,9.87,306.6,False,,,,,,,,,0.3297,0.5631,1.707942,1d_transect
19,2026-03-26 17:00:00,0.5253,9.87,311.3,False,,,,,,,,,0.3118,0.5253,1.684934,1d_transect
19,2026-03-26 20:00:00,0.4262,9.87,310.3,False,,,,,,,,,0.2939,0.4262,1.450364,1d_transect
19,2026-03-26 23:00:00,0.4035,9.87,312.6,False,,,,,,,,,0.2738,0.4035,1.473645,1d_transect
19,2026-03-27 02:00:00,0.3859,9.87,313.6,False,,,,,,,,,0.2597,0.3859,1.485904,1d_transect
19,2026-03-27 05:00:00,0.4533,10.53,314.7,False,,,,,,,,,0.2682,0.4533,1.690027,1d_transect
19,2026-03-27 08:00:00,0.3731,10.53,313.7,False,,,,,,,,,0.2585,0.3731,1.443117,1d_transect
19,2026-03-27 11:00:00,0.368,10.53,314.8,False,,,,,,,,,0.2449,0.368,1.502523,1d_transect
19,2026-03-27 14:00:00,0.3664,10.53,308.6,False,,,,,,,,,0.251,0.3664,1.46003,1d_transect
19,2026-03-27 17:00:00,0.3701,10.53,311.1,False,,,,,,,,,0.2258,0.3701,1.639446,1d_transect
19,2026-03-27 20:00:00,0.4368,9.87,312.3,False,,,,,,,,,0.2103,0.4368,2.076656,1d_transect
19,2026-03-27 23:00:00,0.5504,9.87,313.4,False,,,,,,,,,0.2066,0.5504,2.664512,1d_transect
19,2026-03-28 02:00:00,0.5652,9.87,313.0,False,,,,,,,,,0.2045,0.5652,2.764217,1d_transect
19,2026-03-28 05:00:00,0.5833,10.53,312.3,False,,,,,,,,,0.2168,0.5833,2.689833,1d_transect
19,2026-03-28 08:00:00,0.6017,10.53,311.3,False,,,,,,,,,0.2211,0.6017,2.721204,1d_transect
19,2026-03-28 11:00:00,0.4886,14.29,265.8,False,0.3948,11.11,312.3,False,,,,,0.4186,0.6282,1.500509,1d_transect
19,2026-03-28 14:00:00,0.5177,14.29,256.8,False,0.4057,11.11,308.0,False,,,,,0.5103,0.6577,1.288706,1d_transect
19,2026-03-28 17:00:00,0.8753,11.11,309.0,False,,,,,,,,,0.3116,0.8753,2.808469,1d_transect
19,2026-03-28 20:00:00,0.6086,13.33,264.5,False,0.4019,11.11,307.9,False,,,,,0.5296,0.7293,1.377063,1d_transect
19,2026-03-28 23:00:00,0.6444,13.33,264.2,False,0.2856,10.53,311.3,False,,,,,0.4766,0.7048,1.478943,1d_transect
19,2026-03-29 02:00:00,0.6337,13.33,258.4,False,0.2622,10.53,306.1,False,,,,,0.5145,0.6858,1.332977,1d_transect
19,2026-03-29 05:00:00,0.6337,13.33,260.0,False,0.2255,9.87,307.9,False,,,,,0.4964,0.6726,1.355145,1d_transect
19,2026-03-29 08:00:00,0.6299,13.33,260.6,False,0.2082,9.87,306.2,False,,,,,0.5137,0.6634,1.291489,1d_transect
19,2026-03-29 11:00:00,0.6163,13.33,260.8,False,0.1932,9.87,307.2,False,,,,,0.5052,0.6459,1.278437,1d_transect
19,2026-03-29 14:00:00,0.5212,13.33,265.3,False,0.172,9.87,306.3,False,,,,,0.4433,0.5489,1.238247,1d_transect
19,2026-03-29 17:00:00,0.5087,13.33,266.3,False,0.1591,9.87,306.8,False,,,,,0.4355,0.533,1.223899,1d_transect
19,2026-03-29 20:00:00,0.4994,13.33,264.5,False,0.1203,9.09,305.8,False,,,,,0.5262,0.5137,0.976241,1d_transect
19,2026-03-29 23:00:00,0.472,12.5,268.4,False,0.1211,9.09,306.8,False,0.0527,3.7,319.0,True,0.4388,0.4901,1.117002,1d_transect
19,2026-03-30 02:00:00,0.4569,12.5,264.4,False,0.1082,9.09,308.0,False,,,,,0.4804,0.4696,0.977352,1d_transect
19,2026-03-30 05:00:00,0.4415,12.5,266.0,False,0.1081,9.09,309.2,False,,,,,0.4481,0.4546,1.014474,1d_transect
19,2026-03-30 08:00:00,0.3848,12.5,266.2,False,0.0606,9.09,308.0,False,0.069,5.88,316.2,True,0.4316,0.3956,0.916529,1d_transect
19,2026-03-30 11:00:00,0.3816,12.5,267.3,False,0.0548,9.09,309.2,False,0.0574,5.56,314.6,True,0.4428,0.3898,0.880274,1d_transect
19,2026-03-30 14:00:00,0.3748,12.5,268.9,False,0.0527,9.09,307.9,False,0.0513,5.56,315.6,True,0.4234,0.382,0.902163,1d_transect
19,2026-03-30 17:00:00,0.2014,15.38,232.6,False,0.2255,11.76,275.9,False,0.0667,9.09,309.4,False,0.355,0.3097,0.872325,1d_transect
19,2026-03-30 20:00:00,0.2525,15.38,233.8,False,0.1704,11.11,286.5,False,0.0704,8.33,308.7,False,0.3039,0.3126,1.028731,1d_transect
19,2026-03-30 23:00:00,0.2673,15.38,235.4,False,0.1648,11.11,288.1,False,0.0668,8.33,308.9,False,0.3014,0.3211,1.065306,1d_transect
19,2026-03-31 02:00:00,0.2896,15.38,242.8,False,0.1329,11.11,287.6,False,0.0698,8.33,300.5,False,0.3356,0.3262,0.972181,1d_transect
19,2026-03-31 05:00:00,0.3154,14.29,245.3,False,0.1026,11.11,292.9,False,0.0698,8.33,295.7,False,0.3408,0.3389,0.994552,1d_transect
19,2026-03-31 08:00:00,0.3219,14.29,246.6,False,0.0803,11.11,295.5,False,0.1045,8.33,294.6,False,0.3513,0.3479,0.990328,1d_transect
19,2026-03-31 11:00:00,0.729,14.29,242.4,False,0.2184,11.11,291.3,False,0.1192,8.33,295.3,False,0.403,0.7703,1.911249,1d_transect
19,2026-03-31 14:00:00,0.7253,14.29,245.5,False,0.3676,7.69,278.5,False,0.1468,11.11,303.6,False,0.4215,0.8263,1.960353,1d_transect
18,2026-03-25 02:00:00,0.9995,15.38,260.5,False,0.8457,11.11,306.4,False,0.0976,3.85,332.6,True,0.807,1.3129,1.626913,1d_transect
18,2026-03-25 05:00:00,1.0417,15.38,254.7,False,0.7605,11.11,306.8,False,0.1956,3.85,318.5,True,0.8287,1.3045,1.574191,1d_transect
18,2026-03-25 08:00:00,1.1439,11.11,305.6,False,0.1919,4.17,326.3,True,,,,,0.4987,1.1598,2.325934,1d_transect
18,2026-03-25 11:00:00,1.1365,11.11,304.8,False,0.2174,4.76,322.7,True,,,,,0.6222,1.1571,1.859755,1d_transect
18,2026-03-25 14:00:00,1.1515,11.11,296.8,False,0.1546,4.76,331.5,True,,,,,0.7801,1.1618,1.489284,1d_transect
18,2026-03-25 17:00:00,1.151,11.11,294.4,False,0.1436,5.0,327.0,True,,,,,1.0074,1.1599,1.15137,1d_transect
18,2026-03-25 20:00:00,1.1597,11.11,294.2,False,0.148,5.26,329.5,True,,,,,1.1131,1.1691,1.050316,1d_transect
18,2026-03-25 23:00:00,0.8941,11.11,300.3,False,0.4181,6.67,319.1,False,,,,,0.9645,0.987,1.023352,1d_transect
18,2026-03-26 02:00:00,1.0684,8.33,312.0,False,,,,,,,,,0.9553,1.0684,1.118392,1d_transect
18,2026-03-26 05:00:00,1.0551,9.09,310.8,False,,,,,,,,,1.1827,1.0551,0.892088,1d_transect
18,2026-03-26 08:00:00,1.0615,9.87,308.3,False,,,,,,,,,1.598,1.0615,0.66426,1d_transect
18,2026-03-26 11:00:00,1.0467,9.87,311.7,False,,,,,,,,,1.1964,1.0467,0.874876,1d_transect
18,2026-03-26 14:00:00,0.9815,9.87,306.6,False,,,,,,,,,1.4736,0.9815,0.666066,1d_transect
18,2026-03-26 17:00:00,0.8662,9.87,311.3,False,,,,,,,,,1.0663,0.8662,0.812282,1d_transect
18,2026-03-26 20:00:00,0.8173,9.87,310.3,False,,,,,,,,,1.0051,0.8173,0.813125,1d_transect
18,2026-03-26 23:00:00,0.7707,9.87,312.6,False,,,,,,,,,0.9366,0.7707,0.822916,1d_transect
18,2026-03-27 02:00:00,0.697,9.87,313.6,False,,,,,,,,,0.8882,0.697,0.784641,1d_transect
18,2026-03-27 05:00:00,0.722,10.53,314.7,False,,,,,,,,,0.9723,0.722,0.742622,1d_transect
18,2026-03-27 08:00:00,0.6671,10.53,313.7,False,,,,,,,,,0.9372,0.6671,0.711807,1d_transect
18,2026-03-27 11:00:00,0.6487,10.53,314.8,False,,,,,,,,,0.8877,0.6487,0.730697,1d_transect
18,2026-03-27 14:00:00,0.6353,10.53,308.6,False,,,,,,,,,1.0745,0.6353,0.591247,1d_transect
18,2026-03-27 17:00:00,0.6294,10.53,311.1,False,,,,,,,,,0.8184,0.6294,0.76914,1d_transect
18,2026-03-27 20:00:00,0.6996,9.87,312.3,False,,,,,,,,,0.7194,0.6996,0.972497,1d_transect
18,2026-03-27 23:00:00,0.7661,9.87,313.4,False,,,,,,,,,0.7066,0.7661,1.084222,1d_transect
18,2026-03-28 02:00:00,0.7733,9.87,313.0,False,,,,,,,,,0.6993,0.7733,1.105733,1d_transect
18,2026-03-28 05:00:00,0.7831,10.53,312.3,False,,,,,,,,,0.786,0.7831,0.996277,1d_transect
18,2026-03-28 08:00:00,0.7968,10.53,311.3,False,,,,,,,,,0.8015,0.7968,0.994165,1d_transect
18,2026-03-28 11:00:00,0.4839,14.29,265.8,False,0.6466,11.11,312.3,False,,,,,1.1625,0.8076,0.69473,1d_transect
18,2026-03-28 14:00:00,0.4543,14.29,256.8,False,0.6741,11.11,308.0,False,,,,,1.3725,0.8129,0.592281,1d_transect
18,2026-03-28 17:00:00,0.7963,11.11,309.0,False,,,,,,,,,1.1268,0.7963,0.706704,1d_transect
18,2026-03-28 20:00:00,0.5073,13.33,264.5,False,0.5929,11.11,307.9,False,,,,,1.3889,0.7803,0.561812,1d_transect
18,2026-03-28 23:00:00,0.5666,13.33,264.2,False,0.4456,10.53,311.3,False,,,,,1.1323,0.7208,0.636589,1d_transect
18,2026-03-29 02:00:00,0.5213,13.33,258.4,False,0.4819,10.53,306.1,False,,,,,1.2404,0.7099,0.572342,1d_transect
18,2026-03-29 05:00:00,0.5397,13.33,260.0,False,0.4482,9.87,307.9,False,,,,,1.1644,0.7015,0.602458,1d_transect
18,2026-03-29 08:00:00,0.5622,13.33,260.6,False,0.4066,9.87,306.2,False,,,,,1.2297,0.6938,0.564243,1d_transect
18,2026-03-29 11:00:00,0.5717,13.33,260.8,False,0.392,9.87,307.2,False,,,,,1.1942,0.6932,0.580513,1d_transect
18,2026-03-29 14:00:00,0.5749,13.33,265.3,False,0.3887,9.87,306.3,False,,,,,1.1087,0.694,0.625901,1d_transect
18,2026-03-29 17:00:00,0.5853,13.33,266.3,False,0.375,9.87,306.8,False,,,,,1.0771,0.6951,0.645328,1d_transect
18,2026-03-29 20:00:00,0.8206,13.33,264.5,False,0.4324,9.09,305.8,False,,,,,1.1814,0.9275,0.785133,1d_transect
18,2026-03-29 23:00:00,0.8213,12.5,268.4,False,0.4257,9.09,306.8,False,0.0793,3.7,319.0,True,1.057,0.9285,0.878386,1d_transect
18,2026-03-30 02:00:00,0.8326,12.5,264.4,False,0.4283,9.09,308.0,False,,,,,1.0821,0.9363,0.865288,1d_transect
18,2026-03-30 05:00:00,0.8551,12.5,266.0,False,0.4228,9.09,309.2,False,,,,,1.0744,0.9539,0.887871,1d_transect
18,2026-03-30 08:00:00,0.8422,12.5,266.2,False,0.2678,9.09,308.0,False,0.1305,5.88,316.2,True,0.9855,0.8934,0.90653,1d_transect
18,2026-03-30 11:00:00,0.8701,12.5,267.3,False,0.2523,9.09,309.2,False,0.1583,5.56,314.6,True,1.014,0.9197,0.906967,1d_transect
18,2026-03-30 14:00:00,0.9074,12.5,268.9,False,0.2576,9.09,307.9,False,0.1074,5.56,315.6,True,0.9619,0.9493,0.986937,1d_transect
18,2026-03-30 17:00:00,0.7849,11.76,275.9,False,0.4282,15.38,232.6,False,0.3969,9.09,309.4,False,0.8419,0.9782,1.161918,1d_transect
18,2026-03-30 20:00:00,0.5668,15.38,233.8,False,0.7101,11.11,286.5,False,0.426,8.33,308.7,False,0.6935,1.0035,1.44699,1d_transect
18,2026-03-30 23:00:00,0.623,15.38,235.4,False,0.6973,11.11,288.1,False,0.41,8.33,308.9,False,0.6713,1.021,1.520834,1d_transect
18,2026-03-31 02:00:00,0.7128,15.38,242.8,False,0.5767,11.11,287.6,False,0.4697,8.33,300.5,False,0.7236,1.0302,1.423749,1d_transect
18,2026-03-31 05:00:00,0.7811,14.29,245.3,False,0.4561,11.11,292.9,False,0.4019,8.33,295.7,False,0.6945,0.9898,1.425227,1d_transect
18,2026-03-31 08:00:00,0.7765,14.29,246.6,False,0.3647,11.11,295.5,False,0.5181,8.33,294.6,False,0.7251,1.0022,1.382096,1d_transect
18,2026-03-31 11:00:00,0.8348,14.29,242.4,False,0.4667,11.11,291.3,False,0.33,8.33,295.3,False,0.7683,1.0117,1.316736,1d_transect
18,2026-03-31 14:00:00,0.7935,14.29,245.5,False,0.3204,11.11,303.6,False,0.5995,7.69,278.5,False,0.842,1.0448,1.240983,1d_transect
17,2026-03-25 02:00:00,0.7064,15.38,260.5,False,0.5495,11.11,306.4,False,0.0758,3.85,332.6,True,0.7104,0.8982,1.264308,1d_transect
17,2026-03-25 05:00:00,0.7442,15.38,254.7,False,0.4899,11.11,306.8,False,0.1293,3.85,318.5,True,0.7423,0.9003,1.212838,1d_transect
17,2026-03-25 08:00:00,0.8834,11.11,305.6,False,0.1773,4.17,326.3,True,,,,,0.4194,0.901,2.148511,1d_transect
17,2026-03-25 11:00:00,0.8164,11.11,304.8,False,0.157,4.76,322.7,True,,,,,0.5272,0.8313,1.576899,1d_transect
17,2026-03-25 14:00:00,0.8384,11.11,296.8,False,0.1305,4.76,331.5,True,,,,,0.6749,0.8485,1.257246,1d_transect
17,2026-03-25 17:00:00,0.8626,11.11,294.4,False,0.1229,5.0,327.0,True,,,,,0.8843,0.8714,0.985316,1d_transect
17,2026-03-25 20:00:00,0.8844,11.11,294.2,False,0.1289,5.26,329.5,True,,,,,0.9772,0.8938,0.914612,1d_transect
17,2026-03-25 23:00:00,0.7031,11.11,300.3,False,0.3322,6.67,319.1,False,,,,,0.8186,0.7776,0.949853,1d_transect
17,2026-03-26 02:00:00,0.8627,8.33,312.0,False,,,,,,,,,0.8188,0.8627,1.053601,1d_transect
17,2026-03-26 05:00:00,0.9141,9.09,310.8,False,,,,,,,,,1.0044,0.9141,0.910089,1d_transect
17,2026-03-26 08:00:00,0.8459,9.87,308.3,False,,,,,,,,,1.3676,0.8459,0.618505,1d_transect
17,2026-03-26 11:00:00,0.83,9.87,311.7,False,,,,,,,,,1.016,0.83,0.816932,1d_transect
17,2026-03-26 14:00:00,0.7809,9.87,306.6,False,,,,,,,,,1.2612,0.7809,0.619183,1d_transect
17,2026-03-26 17:00:00,0.7461,9.87,311.3,False,,,,,,,,,0.9056,0.7461,0.823842,1d_transect
17,2026-03-26 20:00:00,0.7174,9.87,310.3,False,,,,,,,,,0.8536,0.7174,0.840384,1d_transect
17,2026-03-26 23:00:00,0.69,9.87,312.6,False,,,,,,,,,0.7954,0.69,0.867413,1d_transect
17,2026-03-27 02:00:00,0.6695,9.87,313.6,False,,,,,,,,,0.7543,0.6695,0.887479,1d_transect
17,2026-03-27 05:00:00,0.6536,10.53,314.7,False,,,,,,,,,0.8155,0.6536,0.801481,1d_transect
17,2026-03-27 08:00:00,0.6049,10.53,313.7,False,,,,,,,,,0.7861,0.6049,0.769476,1d_transect
17,2026-03-27 11:00:00,0.5917,10.53,314.8,False,,,,,,,,,0.7446,0.5917,0.794698,1d_transect
17,2026-03-27 14:00:00,0.5879,10.53,308.6,False,,,,,,,,,0.9083,0.5879,0.647222,1d_transect
17,2026-03-27 17:00:00,0.6808,10.53,311.1,False,,,,,,,,,0.6864,0.6808,0.991794,1d_transect
17,2026-03-27 20:00:00,0.7253,9.87,312.3,False,,,,,,,,,0.611,0.7253,1.187217,1d_transect
17,2026-03-27 23:00:00,0.7489,9.87,313.4,False,,,,,,,,,0.6001,0.7489,1.248012,1d_transect
17,2026-03-28 02:00:00,0.7064,9.87,313.0,False,,,,,,,,,0.5939,0.7064,1.189344,1d_transect
17,2026-03-28 05:00:00,0.7184,10.53,312.3,False,,,,,,,,,0.6593,0.7184,1.08962,1d_transect
17,2026-03-28 08:00:00,0.7319,10.53,311.3,False,,,,,,,,,0.6723,0.7319,1.088717,1d_transect
17,2026-03-28 11:00:00,0.4693,14.29,265.8,False,0.5777,11.11,312.3,False,,,,,0.9944,0.7443,0.748468,1d_transect
17,2026-03-28 14:00:00,0.4461,14.29,256.8,False,0.6055,11.11,308.0,False,,,,,1.1819,0.7521,0.636348,1d_transect
17,2026-03-28 17:00:00,0.7908,11.11,309.0,False,,,,,,,,,0.9421,0.7908,0.839442,1d_transect
17,2026-03-28 20:00:00,0.4937,13.33,264.5,False,0.5343,11.11,307.9,False,,,,,1.2013,0.7275,0.60559,1d_transect
17,2026-03-28 23:00:00,0.5435,13.33,264.2,False,0.397,10.53,311.3,False,,,,,0.9953,0.6731,0.676242,1d_transect
17,2026-03-29 02:00:00,0.5017,13.33,258.4,False,0.4311,10.53,306.1,False,,,,,1.0923,0.6615,0.6056,1d_transect
17,2026-03-29 05:00:00,0.5118,13.33,260.0,False,0.3998,9.87,307.9,False,,,,,1.0341,0.6495,0.628058,1d_transect
17,2026-03-29 08:00:00,0.5251,13.33,260.6,False,0.3599,9.87,306.2,False,,,,,1.0908,0.6366,0.58357,1d_transect
17,2026-03-29 11:00:00,0.52,13.33,260.8,False,0.338,9.87,307.2,False,,,,,1.0606,0.6202,0.58474,1d_transect
17,2026-03-29 14:00:00,0.5071,13.33,265.3,False,0.3266,9.87,306.3,False,,,,,0.9815,0.6032,0.614568,1d_transect
17,2026-03-29 17:00:00,0.5018,13.33,266.3,False,0.3063,9.87,306.8,False,,,,,0.9545,0.5878,0.615895,1d_transect
17,2026-03-29 20:00:00,0.513,13.33,264.5,False,0.2562,9.09,305.8,False,,,,,1.0549,0.5734,0.543581,1d_transect
17,2026-03-29 23:00:00,0.4994,12.5,268.4,False,0.2468,9.09,306.8,False,0.0461,3.7,319.0,True,0.9393,0.559,0.595093,1d_transect
17,2026-03-30 02:00:00,0.4919,12.5,264.4,False,0.2404,9.09,308.0,False,,,,,0.9648,0.5475,0.567477,1d_transect
17,2026-03-30 05:00:00,0.4649,12.5,266.0,False,0.2192,9.09,309.2,False,,,,,0.9556,0.514,0.537853,1d_transect
17,2026-03-30 08:00:00,0.482,12.5,266.2,False,0.1462,9.09,308.0,False,0.0714,5.88,316.2,True,0.8801,0.5087,0.578034,1d_transect
17,2026-03-30 11:00:00,0.4813,12.5,267.3,False,0.1331,9.09,309.2,False,0.0844,5.56,314.6,True,0.906,0.5065,0.559034,1d_transect
17,2026-03-30 14:00:00,0.623,12.5,268.9,False,0.1687,9.09,307.9,False,0.0705,5.56,315.6,True,0.8599,0.6493,0.755043,1d_transect
17,2026-03-30 17:00:00,0.308,15.38,232.6,False,0.5188,11.76,275.9,False,0.2519,9.09,309.4,False,0.7587,0.6538,0.861681,1d_transect
17,2026-03-30 20:00:00,0.3987,15.38,233.8,False,0.4549,11.11,286.5,False,0.2668,8.33,308.7,False,0.63,0.6612,1.049497,1d_transect
17,2026-03-30 23:00:00,0.4325,15.38,235.4,False,0.4455,11.11,288.1,False,0.2561,8.33,308.9,False,0.6106,0.6717,1.100036,1d_transect
17,2026-03-31 02:00:00,0.4879,15.38,242.8,False,0.3675,11.11,287.6,False,0.2945,8.33,300.5,False,0.6603,0.6781,1.026966,1d_transect
17,2026-03-31 05:00:00,0.5269,14.29,245.3,False,0.2879,11.11,292.9,False,0.2536,8.33,295.7,False,0.6344,0.6518,1.02739,1d_transect
17,2026-03-31 08:00:00,0.5242,14.29,246.6,False,0.227,11.11,295.5,False,0.3294,8.33,294.6,False,0.6613,0.6594,0.997217,1d_transect
17,2026-03-31 11:00:00,0.5663,14.29,242.4,False,0.2923,11.11,291.3,False,0.2066,8.33,295.3,False,0.7115,0.67,0.941608,1d_transect
17,2026-03-31 14:00:00,0.5432,14.29,245.5,False,0.1986,11.11,303.6,False,0.3919,7.69,278.5,False,0.7695,0.6986,0.907843,1d_transect
16,2026-03-25 02:00:00,1.4383,11.11,306.4,False,0.5518,15.38,260.5,False,0.541,3.85,332.6,True,0.8422,1.6327,1.938629,1d_transect
16,2026-03-25 05:00:00,1.307,11.11,306.8,False,0.5408,15.38,254.7,False,0.8565,3.85,318.5,True,0.8723,1.6535,1.895569,1d_transect
16,2026-03-25 08:00:00,1.2959,11.11,305.6,False,0.827,4.17,326.3,True,,,,,0.8326,1.5373,1.846347,1d_transect
16,2026-03-25 11:00:00,1.2844,11.11,304.8,False,0.9201,4.76,322.7,True,,,,,0.948,1.58,1.666545,1d_transect
16,2026-03-25 14:00:00,1.5393,11.11,296.8,False,0.8662,4.76,331.5,True,,,,,0.9846,1.7663,1.793822,1d_transect
16,2026-03-25 17:00:00,1.5542,11.11,294.4,False,1.0859,5.0,327.0,True,,,,,1.1823,1.896,1.603694,1d_transect
16,2026-03-25 20:00:00,1.6999,11.11,294.2,False,1.2151,5.26,329.5,True,,,,,1.3158,2.0895,1.588049,1d_transect
16,2026-03-25 23:00:00,1.3084,11.11,300.3,False,1.6463,6.67,319.1,False,,,,,1.771,2.1029,1.187382,1d_transect
16,2026-03-26 02:00:00,1.6676,8.33,312.0,False,,,,,,,,,2.2326,1.6676,0.746941,1d_transect
16,2026-03-26 05:00:00,1.845,9.09,310.8,False,,,,,,,,,2.5018,1.845,0.737466,1d_transect
16,2026-03-26 08:00:00,1.9009,9.87,308.3,False,,,,,,,,,2.8033,1.9009,0.678095,1d_transect
16,2026-03-26 11:00:00,1.8761,9.87,311.7,False,,,,,,,,,2.5306,1.8761,0.74136,1d_transect
16,2026-03-26 14:00:00,1.8164,9.87,306.6,False,,,,,,,,,2.5852,1.8164,0.702645,1d_transect
16,2026-03-26 17:00:00,1.688,9.87,311.3,False,,,,,,,,,2.2555,1.688,0.748391,1d_transect
16,2026-03-26 20:00:00,1.5665,9.87,310.3,False,,,,,,,,,2.1261,1.5665,0.736794,1d_transect
16,2026-03-26 23:00:00,1.4547,9.87,312.6,False,,,,,,,,,1.9811,1.4547,0.734267,1d_transect
16,2026-03-27 02:00:00,1.4932,9.87,313.6,False,,,,,,,,,1.8788,1.4932,0.79472,1d_transect
16,2026-03-27 05:00:00,1.5367,10.53,314.7,False,,,,,,,,,1.8256,1.5367,0.84174,1d_transect
16,2026-03-27 08:00:00,1.3973,10.53,313.7,False,,,,,,,,,1.7597,1.3973,0.794071,1d_transect
16,2026-03-27 11:00:00,1.2891,10.53,314.8,False,,,,,,,,,1.6668,1.2891,0.773393,1d_transect
16,2026-03-27 14:00:00,1.2508,10.53,308.6,False,,,,,,,,,1.7211,1.2508,0.726773,1d_transect
16,2026-03-27 17:00:00,1.2291,10.53,311.1,False,,,,,,,,,1.5366,1.2291,0.799898,1d_transect
16,2026-03-27 20:00:00,1.2946,9.87,312.3,False,,,,,,,,,1.5217,1.2946,0.850766,1d_transect
16,2026-03-27 23:00:00,1.8392,9.87,313.4,False,,,,,,,,,1.4945,1.8392,1.230593,1d_transect
16,2026-03-28 02:00:00,1.8614,9.87,313.0,False,,,,,,,,,1.4793,1.8614,1.258341,1d_transect
16,2026-03-28 05:00:00,1.7338,10.53,312.3,False,,,,,,,,,1.4759,1.7338,1.174763,1d_transect
16,2026-03-28 08:00:00,1.7556,10.53,311.3,False,,,,,,,,,1.5049,1.7556,1.166598,1d_transect
16,2026-03-28 11:00:00,1.72,11.11,312.3,False,0.4008,14.29,265.8,False,,,,,1.5443,1.7661,1.143627,1d_transect
16,2026-03-28 14:00:00,1.7143,11.11,308.0,False,0.3705,14.29,256.8,False,,,,,1.6619,1.7539,1.055308,1d_transect
16,2026-03-28 17:00:00,1.6939,11.11,309.0,False,,,,,,,,,1.6082,1.6939,1.053303,1d_transect
16,2026-03-28 20:00:00,1.4793,11.11,307.9,False,0.4351,13.33,264.5,False,,,,,1.57,1.542,0.982153,1d_transect
16,2026-03-28 23:00:00,1.3919,10.53,311.3,False,0.4626,13.33,264.2,False,,,,,1.3849,1.4668,1.05915,1d_transect
16,2026-03-29 02:00:00,1.3473,10.53,306.1,False,0.429,13.33,258.4,False,,,,,1.4154,1.4139,0.998986,1d_transect
16,2026-03-29 05:00:00,1.3112,9.87,307.9,False,0.4244,13.33,260.0,False,,,,,1.3716,1.3781,1.004755,1d_transect
16,2026-03-29 08:00:00,1.2588,9.87,306.2,False,0.4869,13.33,260.6,False,,,,,1.3553,1.3497,0.995827,1d_transect
16,2026-03-29 11:00:00,1.2125,9.87,307.2,False,0.4946,13.33,260.8,False,,,,,1.2795,1.3095,1.023486,1d_transect
16,2026-03-29 14:00:00,1.163,9.87,306.3,False,0.5085,13.33,265.3,False,,,,,1.1889,1.2693,1.067575,1d_transect
16,2026-03-29 17:00:00,1.1222,9.87,306.8,False,0.5178,13.33,266.3,False,,,,,1.1226,1.2359,1.100975,1d_transect
16,2026-03-29 20:00:00,0.5663,13.33,264.5,False,1.0671,9.09,305.8,False,,,,,1.0939,1.208,1.104351,1d_transect
16,2026-03-29 23:00:00,0.5671,12.5,268.4,False,0.9639,9.09,306.8,False,0.3724,3.7,319.0,True,1.0397,1.1787,1.133627,1d_transect
16,2026-03-30 02:00:00,0.5378,12.5,264.4,False,0.9594,9.09,308.0,False,,,,,0.9955,1.0999,1.104899,1d_transect
16,2026-03-30 05:00:00,0.5756,12.5,266.0,False,0.9333,9.09,309.2,False,,,,,0.9815,1.0966,1.117186,1d_transect
16,2026-03-30 08:00:00,0.6065,12.5,266.2,False,0.6324,9.09,308.0,False,0.639,5.88,316.2,True,0.8888,1.0845,1.220148,1d_transect
16,2026-03-30 11:00:00,0.5783,12.5,267.3,False,0.55,9.09,309.2,False,0.5641,5.56,314.6,True,0.8673,0.9773,1.126823,1d_transect
16,2026-03-30 14:00:00,0.6064,12.5,268.9,False,0.5645,9.09,307.9,False,0.4877,5.56,315.6,True,0.7798,0.9614,1.232868,1d_transect
16,2026-03-30 17:00:00,0.5581,11.76,275.9,False,0.7523,9.09,309.4,False,0.1879,15.38,232.6,False,0.761,0.9554,1.255418,1d_transect
16,2026-03-30 20:00:00,0.5574,11.11,286.5,False,0.7515,8.33,308.7,False,0.2137,15.38,233.8,False,0.7145,0.9597,1.343286,1d_transect
16,2026-03-30 23:00:00,0.5656,11.11,288.1,False,0.2448,15.38,235.4,False,0.7475,8.33,308.9,False,0.664,0.9688,1.459025,1d_transect
16,2026-03-31 02:00:00,0.3083,15.38,242.8,False,0.509,11.11,287.6,False,0.7723,8.33,300.5,False,0.6561,0.975,1.486067,1d_transect
16,2026-03-31 05:00:00,0.4449,14.29,245.3,False,0.578,11.11,292.9,False,0.698,8.33,295.7,False,0.5419,1.0096,1.863042,1d_transect
16,2026-03-31 08:00:00,0.4392,14.29,246.6,False,0.5254,11.11,295.5,False,0.7636,8.33,294.6,False,0.5718,1.0257,1.793971,1d_transect
16,2026-03-31 11:00:00,0.5098,14.29,242.4,False,0.6425,11.11,291.3,False,0.6228,8.33,295.3,False,0.5507,1.0299,1.870046,1d_transect
16,2026-03-31 14:00:00,0.5215,14.29,245.5,False,0.6094,11.11,303.6,False,0.7258,7.69,278.5,False,0.578,1.0817,1.871496,1d_transect
15,2026-03-25 02:00:00,0.9354,15.38,260.5,False,1.2095,11.11,306.4,False,0.2318,3.85,332.6,True,0.4001,1.5465,3.865479,1d_transect
15,2026-03-25 05:00:00,0.9237,15.38,254.7,False,1.0355,11.11,306.8,False,0.3656,3.85,318.5,True,0.403,1.4349,3.561009,1d_transect
15,2026-03-25 08:00:00,1.4063,11.11,305.6,False,0.4099,4.17,326.3,True,,,,,0.3083,1.4648,4.75078,1d_transect
15,2026-03-25 11:00:00,1.4356,11.11,304.8,False,0.4631,4.76,322.7,True,,,,,0.3627,1.5084,4.158728,1d_transect
15,2026-03-25 14:00:00,1.6247,11.11,296.8,False,0.4087,4.76,331.5,True,,,,,0.4254,1.6753,3.937758,1d_transect
15,2026-03-25 17:00:00,1.7248,11.11,294.4,False,0.4464,5.0,327.0,True,,,,,0.5206,1.7816,3.422471,1d_transect
15,2026-03-25 20:00:00,1.8952,11.11,294.2,False,0.5018,5.26,329.5,True,,,,,0.5758,1.9605,3.404804,1d_transect
15,2026-03-25 23:00:00,1.6327,11.11,300.3,False,1.0409,6.67,319.1,False,,,,,0.5853,1.9362,3.308105,1d_transect
15,2026-03-26 02:00:00,2.2865,8.33,312.0,False,,,,,,,,,0.6091,2.2865,3.753862,1d_transect
15,2026-03-26 05:00:00,1.6765,9.09,310.8,False,,,,,,,,,1.4191,1.6765,1.181364,1d_transect
15,2026-03-26 08:00:00,1.6983,9.87,308.3,False,,,,,,,,,0.9461,1.6983,1.795109,1d_transect
15,2026-03-26 11:00:00,1.7439,9.87,311.7,False,,,,,,,,,1.4355,1.7439,1.214785,1d_transect
15,2026-03-26 14:00:00,1.6262,9.87,306.6,False,,,,,,,,,0.8724,1.6262,1.863973,1d_transect
15,2026-03-26 17:00:00,1.5123,9.87,311.3,False,,,,,,,,,1.2795,1.5123,1.181989,1d_transect
15,2026-03-26 20:00:00,1.4032,9.87,310.3,False,,,,,,,,,1.206,1.4032,1.16352,1d_transect
15,2026-03-26 23:00:00,1.3049,9.87,312.6,False,,,,,,,,,1.1238,1.3049,1.161134,1d_transect
15,2026-03-27 02:00:00,1.3424,9.87,313.6,False,,,,,,,,,1.0658,1.3424,1.259521,1d_transect
15,2026-03-27 05:00:00,1.4455,10.53,314.7,False,,,,,,,,,0.6982,1.4455,2.070167,1d_transect
15,2026-03-27 08:00:00,1.2613,10.53,313.7,False,,,,,,,,,0.673,1.2613,1.874031,1d_transect
15,2026-03-27 11:00:00,1.1673,10.53,314.8,False,,,,,,,,,0.6375,1.1673,1.831046,1d_transect
15,2026-03-27 14:00:00,1.1371,10.53,308.6,False,,,,,,,,,0.6391,1.1371,1.77935,1d_transect
15,2026-03-27 17:00:00,1.356,10.53,311.1,False,,,,,,,,,0.5877,1.356,2.307264,1d_transect
15,2026-03-27 20:00:00,1.5283,9.87,312.3,False,,,,,,,,,0.8632,1.5283,1.770523,1d_transect
15,2026-03-27 23:00:00,1.5631,9.87,313.4,False,,,,,,,,,0.8478,1.5631,1.843721,1d_transect
15,2026-03-28 02:00:00,1.5836,9.87,313.0,False,,,,,,,,,0.8391,1.5836,1.887264,1d_transect
15,2026-03-28 05:00:00,1.5962,10.53,312.3,False,,,,,,,,,0.5645,1.5962,2.827721,1d_transect
15,2026-03-28 08:00:00,1.6207,10.53,311.3,False,,,,,,,,,0.5756,1.6207,2.815695,1d_transect
15,2026-03-28 11:00:00,1.4818,11.11,312.3,False,0.6921,14.29,265.8,False,,,,,0.6704,1.6354,2.439326,1d_transect
15,2026-03-28 14:00:00,1.3901,11.11,308.0,False,0.6331,14.29,256.8,False,,,,,0.7528,1.5275,2.029159,1d_transect
15,2026-03-28 17:00:00,1.4942,11.11,309.0,False,,,,,,,,,0.6782,1.4942,2.203146,1d_transect
15,2026-03-28 20:00:00,1.2389,11.11,307.9,False,0.7428,13.33,264.5,False,,,,,0.7406,1.4445,1.950335,1d_transect
15,2026-03-28 23:00:00,0.8277,13.33,264.2,False,1.108,10.53,311.3,False,,,,,0.6274,1.383,2.20433,1d_transect
15,2026-03-29 02:00:00,0.8184,13.33,258.4,False,1.061,10.53,306.1,False,,,,,0.6325,1.3399,2.118537,1d_transect
15,2026-03-29 05:00:00,0.8559,13.33,260.0,False,0.992,9.87,307.9,False,,,,,0.5817,1.3102,2.252545,1d_transect
15,2026-03-29 08:00:00,0.9021,13.33,260.6,False,0.9156,9.87,306.2,False,,,,,0.5989,1.2853,2.146212,1d_transect
15,2026-03-29 11:00:00,0.8996,13.33,260.8,False,0.8658,9.87,307.2,False,,,,,0.5766,1.2485,2.165382,1d_transect
15,2026-03-29 14:00:00,0.8775,13.33,265.3,False,0.8342,9.87,306.3,False,,,,,0.5336,1.2107,2.269033,1d_transect
15,2026-03-29 17:00:00,0.8752,13.33,266.3,False,0.7885,9.87,306.8,False,,,,,0.5139,1.178,2.292172,1d_transect
15,2026-03-29 20:00:00,0.9231,13.33,264.5,False,0.6828,9.09,305.8,False,,,,,0.5484,1.1482,2.093929,1d_transect
15,2026-03-29 23:00:00,0.903,12.5,268.4,False,0.6334,9.09,306.8,False,0.1648,3.7,319.0,True,0.5052,1.1152,2.207331,1d_transect
15,2026-03-30 02:00:00,0.85,12.5,264.4,False,0.5892,9.09,308.0,False,,,,,0.5144,1.0343,2.010508,1d_transect
15,2026-03-30 05:00:00,0.8501,12.5,266.0,False,0.5688,9.09,309.2,False,,,,,0.507,1.0228,2.01746,1d_transect
15,2026-03-30 08:00:00,0.89,12.5,266.2,False,0.383,9.09,308.0,False,0.2606,5.88,316.2,True,0.4583,1.0033,2.189475,1d_transect
15,2026-03-30 11:00:00,0.8684,12.5,267.3,False,0.3408,9.09,309.2,False,0.2736,5.56,314.6,True,0.4699,0.9722,2.068954,1d_transect
15,2026-03-30 14:00:00,0.863,12.5,268.9,False,0.3315,9.09,307.9,False,0.1929,5.56,315.6,True,0.4402,0.9444,2.145347,1d_transect
15,2026-03-30 17:00:00,0.7188,11.76,275.9,False,0.3387,15.38,232.6,False,0.4707,9.09,309.4,False,0.3968,0.9235,2.327479,1d_transect
15,2026-03-30 20:00:00,0.4236,15.38,233.8,False,0.6441,11.11,286.5,False,0.4841,8.33,308.7,False,0.3324,0.9103,2.738745,1d_transect
15,2026-03-30 23:00:00,0.4602,15.38,235.4,False,0.6261,11.11,288.1,False,0.4612,8.33,308.9,False,0.3171,0.9036,2.849156,1d_transect
15,2026-03-31 02:00:00,0.4876,15.38,242.8,False,0.4805,11.11,287.6,False,0.4702,8.33,300.5,False,0.3356,0.8305,2.474936,1d_transect
15,2026-03-31 05:00:00,0.5976,14.29,245.3,False,0.4288,11.11,292.9,False,0.4189,8.33,295.7,False,0.3185,0.8464,2.657931,1d_transect
15,2026-03-31 08:00:00,0.5823,14.29,246.6,False,0.3558,11.11,295.5,False,0.5169,8.33,294.6,False,0.3389,0.8561,2.526471,1d_transect
15,2026-03-31 11:00:00,0.8373,14.29,242.4,False,0.573,11.11,291.3,False,0.4492,8.33,295.3,False,0.346,1.1096,3.206755,1d_transect
15,2026-03-31 14:00:00,0.7566,14.29,245.5,False,0.4206,11.11,303.6,False,0.7768,7.69,278.5,False,0.4033,1.1631,2.88422,1d_transect
42,2026-03-25 02:00:00,1.2518,11.11,306.4,False,0.4356,15.38,260.5,False,0.5583,3.85,332.6,True,0.9043,1.4382,1.590441,1d_transect
42,2026-03-25 05:00:00,1.1291,11.11,306.8,False,0.4258,15.38,254.7,False,0.7954,3.85,318.5,True,0.9363,1.4452,1.543571,1d_transect
42,2026-03-25 08:00:00,1.0657,11.11,305.6,False,0.7786,4.17,326.3,True,,,,,0.9222,1.3198,1.431142,1d_transect
42,2026-03-25 11:00:00,1.0544,11.11,304.8,False,0.8587,4.76,322.7,True,,,,,1.0279,1.3598,1.322972,1d_transect
42,2026-03-25 14:00:00,1.2468,11.11,296.8,False,0.8749,4.76,331.5,True,,,,,1.0575,1.5231,1.44027,1d_transect
42,2026-03-25 17:00:00,1.2116,11.11,294.4,False,1.0441,5.0,327.0,True,,,,,1.2599,1.5995,1.269522,1d_transect
42,2026-03-25 20:00:00,1.3671,11.11,294.2,False,1.2053,5.26,329.5,True,,,,,1.4053,1.8226,1.296882,1d_transect
42,2026-03-25 23:00:00,1.0627,11.11,300.3,False,1.4715,6.67,319.1,False,,,,,1.9463,1.8151,0.932587,1d_transect
42,2026-03-26 02:00:00,1.4026,8.33,312.0,False,,,,,,,,,2.4626,1.4026,0.569551,1d_transect
42,2026-03-26 05:00:00,1.5324,9.09,310.8,False,,,,,,,,,2.7545,1.5324,0.556335,1d_transect
42,2026-03-26 08:00:00,1.5746,9.87,308.3,False,,,,,,,,,3.0039,1.5746,0.524203,1d_transect
42,2026-03-26 11:00:00,1.5554,9.87,311.7,False,,,,,,,,,2.7863,1.5554,0.558245,1d_transect
42,2026-03-26 14:00:00,1.5027,9.87,306.6,False,,,,,,,,,2.7701,1.5027,0.542453,1d_transect
42,2026-03-26 17:00:00,1.3893,9.87,311.3,False,,,,,,,,,2.4834,1.3893,0.559434,1d_transect
42,2026-03-26 20:00:00,1.2824,9.87,310.3,False,,,,,,,,,2.3408,1.2824,0.547843,1d_transect
42,2026-03-26 23:00:00,1.1905,9.87,312.6,False,,,,,,,,,2.1813,1.1905,0.545773,1d_transect
42,2026-03-27 02:00:00,1.142,9.87,313.6,False,,,,,,,,,2.0686,1.142,0.552041,1d_transect
42,2026-03-27 05:00:00,1.325,10.53,314.7,False,,,,,,,,,2.003,1.325,0.66152,1d_transect
42,2026-03-27 08:00:00,1.1533,10.53,313.7,False,,,,,,,,,1.9307,1.1533,0.59732,1d_transect
42,2026-03-27 11:00:00,1.0636,10.53,314.8,False,,,,,,,,,1.8288,1.0636,0.581592,1d_transect
42,2026-03-27 14:00:00,1.0356,10.53,308.6,False,,,,,,,,,1.8378,1.0356,0.563502,1d_transect
42,2026-03-27 17:00:00,0.9892,10.53,311.1,False,,,,,,,,,1.6859,0.9892,0.586745,1d_transect
42,2026-03-27 20:00:00,1.5028,9.87,312.3,False,,,,,,,,,1.6754,1.5028,0.896929,1d_transect
42,2026-03-27 23:00:00,1.5397,9.87,313.4,False,,,,,,,,,1.6455,1.5397,0.935679,1d_transect
42,2026-03-28 02:00:00,1.4504,9.87,313.0,False,,,,,,,,,1.6287,1.4504,0.8905,1d_transect
42,2026-03-28 05:00:00,1.4668,10.53,312.3,False,,,,,,,,,1.6193,1.4668,0.905794,1d_transect
42,2026-03-28 08:00:00,1.4933,10.53,311.3,False,,,,,,,,,1.6512,1.4933,0.904378,1d_transect
42,2026-03-28 11:00:00,1.4758,11.11,312.3,False,0.3024,14.29,265.8,False,,,,,1.6726,1.5064,0.900661,1d_transect
42,2026-03-28 14:00:00,1.3787,11.11,308.0,False,0.2713,14.29,256.8,False,,,,,1.7564,1.4051,0.799998,1d_transect
42,2026-03-28 17:00:00,1.451,11.11,309.0,False,,,,,,,,,1.7061,1.451,0.850448,1d_transect
42,2026-03-28 20:00:00,1.3515,11.11,307.9,False,0.3615,13.33,264.5,False,,,,,1.6541,1.399,0.845801,1d_transect
42,2026-03-28 23:00:00,1.2141,10.53,311.3,False,0.3548,13.33,264.2,False,,,,,1.5022,1.2649,0.842021,1d_transect
42,2026-03-29 02:00:00,1.176,10.53,306.1,False,0.3403,13.33,258.4,False,,,,,1.4993,1.2243,0.8166,1d_transect
42,2026-03-29 05:00:00,1.1474,9.87,307.9,False,0.3364,13.33,260.0,False,,,,,1.4572,1.1957,0.820565,1d_transect
42,2026-03-29 08:00:00,1.1027,9.87,306.2,False,0.384,13.33,260.6,False,,,,,1.4343,1.1677,0.814088,1d_transect
42,2026-03-29 11:00:00,1.0606,9.87,307.2,False,0.3896,13.33,260.8,False,,,,,1.3524,1.1299,0.83547,1d_transect
42,2026-03-29 14:00:00,1.015,9.87,306.3,False,0.3973,13.33,265.3,False,,,,,1.2535,1.09,0.869506,1d_transect
42,2026-03-29 17:00:00,0.975,9.87,306.8,False,0.4027,13.33,266.3,False,,,,,1.1817,1.0549,0.892638,1d_transect
42,2026-03-29 20:00:00,0.4403,13.33,264.5,False,0.9214,9.09,305.8,False,,,,,1.1475,1.0212,0.889899,1d_transect
42,2026-03-29 23:00:00,0.8165,9.09,306.8,False,0.4315,12.5,268.4,False,0.3357,3.7,319.0,True,1.0965,0.9826,0.896154,1d_transect
42,2026-03-30 02:00:00,0.8498,9.09,308.0,False,0.4309,12.5,264.4,False,,,,,1.0433,0.9528,0.913276,1d_transect
42,2026-03-30 05:00:00,0.436,12.5,266.0,False,0.787,9.09,309.2,False,,,,,1.0234,0.8997,0.879166,1d_transect
42,2026-03-30 08:00:00,0.4458,12.5,266.2,False,0.5174,9.09,308.0,False,0.5565,5.88,316.2,True,0.9455,0.881,0.931708,1d_transect
42,2026-03-30 11:00:00,0.4591,12.5,267.3,False,0.486,9.09,309.2,False,0.5155,5.56,314.6,True,0.9085,0.8442,0.929216,1d_transect
42,2026-03-30 14:00:00,0.4709,12.5,268.9,False,0.488,9.09,307.9,False,0.4487,5.56,315.6,True,0.8176,0.8132,0.994647,1d_transect
42,2026-03-30 17:00:00,0.4307,11.76,275.9,False,0.6498,9.09,309.4,False,0.1458,15.38,232.6,False,0.7837,0.7931,1.011988,1d_transect
42,2026-03-30 20:00:00,0.4236,11.11,286.5,False,0.6362,8.33,308.7,False,0.1622,15.38,233.8,False,0.7376,0.7813,1.059329,1d_transect
42,2026-03-30 23:00:00,0.4226,11.11,288.1,False,0.1834,15.38,235.4,False,0.6221,8.33,308.9,False,0.6843,0.774,1.131135,1d_transect
42,2026-03-31 02:00:00,0.2979,15.38,242.8,False,0.4896,11.11,287.6,False,0.8063,8.33,300.5,False,0.6669,0.9893,1.483474,1d_transect
42,2026-03-31 05:00:00,0.3994,14.29,245.3,False,0.5261,11.11,292.9,False,0.6581,8.33,295.7,False,0.5415,0.9324,1.722074,1d_transect
42,2026-03-31 08:00:00,0.4254,14.29,246.6,False,0.5286,11.11,295.5,False,0.758,8.33,294.6,False,0.5686,1.0174,1.789294,1d_transect
42,2026-03-31 11:00:00,0.4608,14.29,242.4,False,0.5889,11.11,291.3,False,0.5912,8.33,295.3,False,0.5477,0.9532,1.740304,1d_transect
42,2026-03-31 14:00:00,0.4698,14.29,245.5,False,0.5846,11.11,303.6,False,0.6485,7.69,278.5,False,0.5711,0.9914,1.736141,1d_transect
14,2026-03-25 02:00:00,0.8838,11.11,306.4,False,0.3927,15.38,260.5,False,0.28,3.85,332.6,True,1.2109,1.0069,0.83149,1d_transect
14,2026-03-25 05:00:00,0.8347,11.11,306.8,False,0.4004,15.38,254.7,False,0.4108,3.85,318.5,True,1.1986,1.0128,0.844998,1d_transect
14,2026-03-25 08:00:00,0.9302,11.11,305.6,False,0.4635,4.17,326.3,True,,,,,1.1235,1.0393,0.92502,1d_transect
14,2026-03-25 11:00:00,0.973,11.11,304.8,False,0.5224,4.76,322.7,True,,,,,1.2503,1.1044,0.883314,1d_transect
14,2026-03-25 14:00:00,1.0508,11.11,296.8,False,0.5021,4.76,331.5,True,,,,,1.3518,1.1646,0.861547,1d_transect
14,2026-03-25 17:00:00,1.0852,11.11,294.4,False,0.602,5.0,327.0,True,,,,,1.5615,1.241,0.794703,1d_transect
14,2026-03-25 20:00:00,1.2866,11.11,294.2,False,0.7302,5.26,329.5,True,,,,,1.7342,1.4794,0.853063,1d_transect
14,2026-03-25 23:00:00,1.0412,11.11,300.3,False,1.0399,6.67,319.1,False,,,,,2.226,1.4715,0.661053,1d_transect
14,2026-03-26 02:00:00,1.2237,8.33,312.0,False,,,,,,,,,2.8082,1.2237,0.435778,1d_transect
14,2026-03-26 05:00:00,1.3509,9.09,310.8,False,,,,,,,,,3.2937,1.3509,0.410155,1d_transect
14,2026-03-26 08:00:00,1.3656,9.87,308.3,False,,,,,,,,,3.693,1.3656,0.36977,1d_transect
14,2026-03-26 11:00:00,1.3465,9.87,311.7,False,,,,,,,,,3.3317,1.3465,0.404159,1d_transect
14,2026-03-26 14:00:00,1.2995,9.87,306.6,False,,,,,,,,,3.4057,1.2995,0.381574,1d_transect
14,2026-03-26 17:00:00,1.2024,9.87,311.3,False,,,,,,,,,2.9695,1.2024,0.404924,1d_transect
14,2026-03-26 20:00:00,1.1103,9.87,310.3,False,,,,,,,,,2.799,1.1103,0.39668,1d_transect
14,2026-03-26 23:00:00,1.0354,9.87,312.6,False,,,,,,,,,2.6082,1.0354,0.396977,1d_transect
14,2026-03-27 02:00:00,1.0012,9.87,313.6,False,,,,,,,,,2.4736,1.0012,0.404761,1d_transect
14,2026-03-27 05:00:00,1.1176,10.53,314.7,False,,,,,,,,,2.5095,1.1176,0.44536,1d_transect
14,2026-03-27 08:00:00,1.0194,10.53,313.7,False,,,,,,,,,2.4189,1.0194,0.421422,1d_transect
14,2026-03-27 11:00:00,0.9425,10.53,314.8,False,,,,,,,,,2.2912,0.9425,0.411358,1d_transect
14,2026-03-27 14:00:00,0.9184,10.53,308.6,False,,,,,,,,,2.368,0.9184,0.387851,1d_transect
14,2026-03-27 17:00:00,0.908,10.53,311.1,False,,,,,,,,,2.1122,0.908,0.429867,1d_transect
14,2026-03-27 20:00:00,1.2287,9.87,312.3,False,,,,,,,,,2.0034,1.2287,0.613312,1d_transect
14,2026-03-27 23:00:00,1.2578,9.87,313.4,False,,,,,,,,,1.9676,1.2578,0.639272,1d_transect
14,2026-03-28 02:00:00,1.2755,9.87,313.0,False,,,,,,,,,1.9475,1.2755,0.654945,1d_transect
14,2026-03-28 05:00:00,1.2929,10.53,312.3,False,,,,,,,,,2.0288,1.2929,0.637276,1d_transect
14,2026-03-28 08:00:00,1.3181,10.53,311.3,False,,,,,,,,,2.0687,1.3181,0.63715,1d_transect
14,2026-03-28 11:00:00,1.2081,11.11,312.3,False,0.3122,14.29,265.8,False,,,,,2.2236,1.2478,0.561149,1d_transect
14,2026-03-28 14:00:00,1.2084,11.11,308.0,False,0.2898,14.29,256.8,False,,,,,2.3933,1.2427,0.519234,1d_transect
14,2026-03-28 17:00:00,1.2806,11.11,309.0,False,,,,,,,,,2.3041,1.2806,0.555793,1d_transect
14,2026-03-28 20:00:00,1.1052,11.11,307.9,False,0.3449,13.33,264.5,False,,,,,2.2606,1.1578,0.512141,1d_transect
14,2026-03-28 23:00:00,1.0363,10.53,311.3,False,0.3809,13.33,264.2,False,,,,,1.9247,1.1041,0.573669,1d_transect
14,2026-03-29 02:00:00,1.0054,10.53,306.1,False,0.354,13.33,258.4,False,,,,,1.9673,1.0659,0.541832,1d_transect
14,2026-03-29 05:00:00,0.9755,9.87,307.9,False,0.3646,13.33,260.0,False,,,,,1.8353,1.0414,0.567417,1d_transect
14,2026-03-29 08:00:00,0.9258,9.87,306.2,False,0.4132,13.33,260.6,False,,,,,1.8236,1.0138,0.555921,1d_transect
14,2026-03-29 11:00:00,0.8834,9.87,307.2,False,0.4158,13.33,260.8,False,,,,,1.725,0.9763,0.565995,1d_transect
14,2026-03-29 14:00:00,0.8383,9.87,306.3,False,0.4225,13.33,265.3,False,,,,,1.6071,0.9387,0.584113,1d_transect
14,2026-03-29 17:00:00,0.8004,9.87,306.8,False,0.4257,13.33,266.3,False,,,,,1.521,0.9065,0.596029,1d_transect
14,2026-03-29 20:00:00,0.459,13.33,264.5,False,0.7495,9.09,305.8,False,,,,,1.4927,0.8788,0.588763,1d_transect
14,2026-03-29 23:00:00,0.4468,12.5,268.4,False,0.6875,9.09,306.8,False,0.2169,3.7,319.0,True,1.3818,0.8482,0.613794,1d_transect
14,2026-03-30 02:00:00,0.433,12.5,264.4,False,0.6995,9.09,308.0,False,,,,,1.3454,0.8227,0.611469,1d_transect
14,2026-03-30 05:00:00,0.4359,12.5,266.0,False,0.6398,9.09,309.2,False,,,,,1.3317,0.7742,0.58135,1d_transect
14,2026-03-30 08:00:00,0.478,12.5,266.2,False,0.4512,9.09,308.0,False,0.3724,5.88,316.2,True,1.1432,0.7554,0.660811,1d_transect
14,2026-03-30 11:00:00,0.4782,12.5,267.3,False,0.4117,9.09,309.2,False,0.3453,5.56,314.6,True,1.1234,0.7193,0.640301,1d_transect
14,2026-03-30 14:00:00,0.4778,12.5,268.9,False,0.4027,9.09,307.9,False,0.2841,5.56,315.6,True,1.0283,0.6864,0.667541,1d_transect
14,2026-03-30 17:00:00,0.3934,11.76,275.9,False,0.5058,9.09,309.4,False,0.1599,15.38,232.6,False,1.0307,0.6604,0.640779,1d_transect
14,2026-03-30 20:00:00,0.39,11.11,286.5,False,0.1789,15.38,233.8,False,0.475,8.33,308.7,False,0.9486,0.6401,0.674775,1d_transect
14,2026-03-30 23:00:00,0.3809,11.11,288.1,False,0.197,15.38,235.4,False,0.4546,8.33,308.9,False,0.8861,0.625,0.705308,1d_transect
14,2026-03-31 02:00:00,0.2433,15.38,242.8,False,0.3364,11.11,287.6,False,0.4597,8.33,300.5,False,0.8785,0.6195,0.705143,1d_transect
14,2026-03-31 05:00:00,0.3714,14.29,245.3,False,0.4271,11.11,292.9,False,0.4565,8.33,295.7,False,0.7441,0.7272,0.977189,1d_transect
14,2026-03-31 08:00:00,0.3675,14.29,246.6,False,0.3927,11.11,295.5,False,0.4961,8.33,294.6,False,0.7757,0.7317,0.943304,1d_transect
14,2026-03-31 11:00:00,0.4134,14.29,242.4,False,0.4611,11.11,291.3,False,0.3956,8.33,295.3,False,0.7715,0.7349,0.952534,1d_transect
14,2026-03-31 14:00:00,0.4358,14.29,245.5,False,0.4575,11.11,303.6,False,0.4303,7.69,278.5,False,0.7777,0.7645,0.982962,1d_transect
13,2026-03-25 02:00:00,1.0955,11.11,306.4,False,0.4318,15.38,260.5,False,0.4167,3.85,332.6,True,1.4076,1.2491,0.887419,1d_transect
13,2026-03-25 05:00:00,1.0365,11.11,306.8,False,0.4402,15.38,254.7,False,0.5716,3.85,318.5,True,1.3978,1.2628,0.90345,1d_transect
13,2026-03-25 08:00:00,1.1019,11.11,305.6,False,0.6681,4.17,326.3,True,,,,,1.3658,1.2887,0.943508,1d_transect
13,2026-03-25 11:00:00,1.1294,11.11,304.8,False,0.7664,4.76,322.7,True,,,,,1.4623,1.3649,0.933349,1d_transect
13,2026-03-25 14:00:00,1.3079,11.11,296.8,False,0.8284,4.76,331.5,True,,,,,1.5185,1.5481,1.019507,1d_transect
13,2026-03-25 17:00:00,1.3114,11.11,294.4,False,0.9973,5.0,327.0,True,,,,,1.7685,1.6475,0.931592,1d_transect
13,2026-03-25 20:00:00,1.5691,11.11,294.2,False,1.2208,5.26,329.5,True,,,,,1.97,1.9881,1.009174,1d_transect
13,2026-03-25 23:00:00,1.2553,11.11,300.3,False,1.4917,6.67,319.1,False,,,,,2.6869,1.9496,0.725612,1d_transect
13,2026-03-26 02:00:00,1.482,8.33,312.0,False,,,,,,,,,3.4623,1.482,0.428031,1d_transect
13,2026-03-26 05:00:00,1.6235,9.09,310.8,False,,,,,,,,,4.065,1.6235,0.399386,1d_transect
13,2026-03-26 08:00:00,1.636,9.87,308.3,False,,,,,,,,,4.2911,1.636,0.381262,1d_transect
13,2026-03-26 11:00:00,1.6729,9.87,311.7,False,,,,,,,,,4.112,1.6729,0.406841,1d_transect
13,2026-03-26 14:00:00,1.549,9.87,306.6,False,,,,,,,,,3.9572,1.549,0.391429,1d_transect
13,2026-03-26 17:00:00,1.4319,9.87,311.3,False,,,,,,,,,3.665,1.4319,0.390703,1d_transect
13,2026-03-26 20:00:00,1.3229,9.87,310.3,False,,,,,,,,,3.4546,1.3229,0.382948,1d_transect
13,2026-03-26 23:00:00,1.2343,9.87,312.6,False,,,,,,,,,3.2191,1.2343,0.383418,1d_transect
13,2026-03-27 02:00:00,1.2852,9.87,313.6,False,,,,,,,,,3.0529,1.2852,0.420996,1d_transect
13,2026-03-27 05:00:00,1.3322,10.53,314.7,False,,,,,,,,,3.0996,1.3322,0.429804,1d_transect
13,2026-03-27 08:00:00,1.1698,10.53,313.7,False,,,,,,,,,2.9877,1.1698,0.391555,1d_transect
13,2026-03-27 11:00:00,1.1267,10.53,314.8,False,,,,,,,,,2.83,1.1267,0.398133,1d_transect
13,2026-03-27 14:00:00,1.098,10.53,308.6,False,,,,,,,,,2.753,1.098,0.398827,1d_transect
13,2026-03-27 17:00:00,1.084,10.53,311.1,False,,,,,,,,,2.6089,1.084,0.415498,1d_transect
13,2026-03-27 20:00:00,1.1391,9.87,312.3,False,,,,,,,,,2.4726,1.1391,0.460707,1d_transect
13,2026-03-27 23:00:00,1.6285,9.87,313.4,False,,,,,,,,,2.4285,1.6285,0.670599,1d_transect
13,2026-03-28 02:00:00,1.654,9.87,313.0,False,,,,,,,,,2.4036,1.654,0.688133,1d_transect
13,2026-03-28 05:00:00,1.4551,10.53,312.3,False,,,,,,,,,2.5058,1.4551,0.580671,1d_transect
13,2026-03-28 08:00:00,1.4798,10.53,311.3,False,,,,,,,,,2.5551,1.4798,0.579155,1d_transect
13,2026-03-28 11:00:00,1.4574,11.11,312.3,False,0.3148,14.29,265.8,False,,,,,2.715,1.4911,0.549199,1d_transect
13,2026-03-28 14:00:00,1.45,11.11,308.0,False,0.3078,14.29,256.8,False,,,,,2.7632,1.4823,0.53644,1d_transect
13,2026-03-28 17:00:00,1.5257,11.11,309.0,False,,,,,,,,,2.676,1.5257,0.570138,1d_transect
13,2026-03-28 20:00:00,1.3268,11.11,307.9,False,0.3667,13.33,264.5,False,,,,,2.6002,1.3766,0.529411,1d_transect
13,2026-03-28 23:00:00,1.2525,10.53,311.3,False,0.3834,13.33,264.2,False,,,,,2.3334,1.3099,0.56134,1d_transect
13,2026-03-29 02:00:00,1.2033,10.53,306.1,False,0.3745,13.33,258.4,False,,,,,2.2594,1.2602,0.55777,1d_transect
13,2026-03-29 05:00:00,1.1662,9.87,307.9,False,0.3856,13.33,260.0,False,,,,,2.1039,1.2283,0.583836,1d_transect
13,2026-03-29 08:00:00,1.1106,9.87,306.2,False,0.4388,13.33,260.6,False,,,,,2.0805,1.1941,0.573946,1d_transect
13,2026-03-29 11:00:00,1.0634,9.87,307.2,False,0.4431,13.33,260.8,False,,,,,1.9646,1.1521,0.586414,1d_transect
13,2026-03-29 14:00:00,1.0126,9.87,306.3,False,0.4523,13.33,265.3,False,,,,,1.8263,1.1091,0.607284,1d_transect
13,2026-03-29 17:00:00,0.9685,9.87,306.8,False,0.4565,13.33,266.3,False,,,,,1.7249,1.0707,0.620742,1d_transect
13,2026-03-29 20:00:00,0.4945,13.33,264.5,False,0.9122,9.09,305.8,False,,,,,1.6824,1.0376,0.616721,1d_transect
13,2026-03-29 23:00:00,0.477,12.5,268.4,False,0.8291,9.09,306.8,False,0.293,3.7,319.0,True,1.5704,1.0004,0.637016,1d_transect
13,2026-03-30 02:00:00,0.4665,12.5,264.4,False,0.851,9.09,308.0,False,,,,,1.5158,0.9704,0.640193,1d_transect
13,2026-03-30 05:00:00,0.4731,12.5,266.0,False,0.7844,9.09,309.2,False,,,,,1.4934,0.916,0.61338,1d_transect
13,2026-03-30 08:00:00,0.5075,12.5,266.2,False,0.5411,9.09,308.0,False,0.5002,5.88,316.2,True,1.3118,0.8947,0.682035,1d_transect
13,2026-03-30 11:00:00,0.5195,12.5,267.3,False,0.5051,9.09,309.2,False,0.4463,5.56,314.6,True,1.2587,0.851,0.676079,1d_transect
13,2026-03-30 14:00:00,0.5168,12.5,268.9,False,0.4919,9.09,307.9,False,0.3887,5.56,315.6,True,1.1577,0.8125,0.701815,1d_transect
13,2026-03-30 17:00:00,0.4346,11.76,275.9,False,0.6276,9.09,309.4,False,0.1754,15.38,232.6,False,1.1448,0.7833,0.684247,1d_transect
13,2026-03-30 20:00:00,0.4346,11.11,286.5,False,0.1986,15.38,233.8,False,0.5959,8.33,308.7,False,1.0476,0.7638,0.729129,1d_transect
13,2026-03-30 23:00:00,0.4285,11.11,288.1,False,0.2207,15.38,235.4,False,0.5757,8.33,308.9,False,0.976,0.7509,0.769307,1d_transect
13,2026-03-31 02:00:00,0.2605,15.38,242.8,False,0.3616,11.11,287.6,False,0.5247,8.33,300.5,False,0.9369,0.6885,0.734876,1d_transect
13,2026-03-31 05:00:00,0.3503,14.29,245.3,False,0.4044,11.11,292.9,False,0.4336,8.33,295.7,False,0.7674,0.6886,0.897379,1d_transect
13,2026-03-31 08:00:00,0.4823,14.29,246.6,False,0.5277,11.11,295.5,False,0.6443,8.33,294.6,False,0.7984,0.9624,1.205358,1d_transect
13,2026-03-31 11:00:00,0.5059,14.29,242.4,False,0.5665,11.11,291.3,False,0.4875,8.33,295.3,False,0.7951,0.9025,1.135033,1d_transect
13,2026-03-31 14:00:00,0.5107,14.29,245.5,False,0.5733,11.11,303.6,False,0.5127,7.69,278.5,False,0.8232,0.9232,1.121446,1d_transect
12,2026-03-25 02:00:00,0.8369,11.11,306.4,False,0.3957,15.38,260.5,False,0.1965,3.85,332.6,True,1.6799,0.9464,0.563362,1d_transect
12,2026-03-25 05:00:00,0.8079,11.11,306.8,False,0.4124,15.38,254.7,False,0.3644,3.85,318.5,True,1.6704,0.9775,0.585185,1d_transect
12,2026-03-25 08:00:00,0.9226,11.11,305.6,False,0.3822,4.17,326.3,True,,,,,1.5212,0.9987,0.656483,1d_transect
12,2026-03-25 11:00:00,0.9461,11.11,304.8,False,0.4487,4.76,322.7,True,,,,,1.7296,1.0471,0.60541,1d_transect
12,2026-03-25 14:00:00,0.9779,11.11,296.8,False,0.3363,4.76,331.5,True,,,,,1.8561,1.0341,0.557159,1d_transect
12,2026-03-25 17:00:00,0.9915,11.11,294.4,False,0.438,5.0,327.0,True,,,,,2.1779,1.0839,0.497703,1d_transect
12,2026-03-25 20:00:00,1.105,11.11,294.2,False,0.4994,5.26,329.5,True,,,,,2.4146,1.2126,0.502197,1d_transect
12,2026-03-25 23:00:00,1.0563,11.11,300.3,False,0.9708,6.67,319.1,False,,,,,3.0347,1.4347,0.472756,1d_transect
12,2026-03-26 02:00:00,1.2012,8.33,312.0,False,,,,,,,,,3.8097,1.2012,0.315307,1d_transect
12,2026-03-26 05:00:00,1.2971,9.09,310.8,False,,,,,,,,,4.4933,1.2971,0.288687,1d_transect
12,2026-03-26 08:00:00,1.3122,9.87,308.3,False,,,,,,,,,5.1221,1.3122,0.256172,1d_transect
12,2026-03-26 11:00:00,1.2858,9.87,311.7,False,,,,,,,,,4.5451,1.2858,0.282896,1d_transect
12,2026-03-26 14:00:00,1.2293,9.87,306.6,False,,,,,,,,,4.7236,1.2293,0.260256,1d_transect
12,2026-03-26 17:00:00,1.1711,9.87,311.3,False,,,,,,,,,4.051,1.1711,0.289095,1d_transect
12,2026-03-26 20:00:00,1.1083,9.87,310.3,False,,,,,,,,,3.8185,1.1083,0.290255,1d_transect
12,2026-03-26 23:00:00,1.0552,9.87,312.6,False,,,,,,,,,3.5582,1.0552,0.29654,1d_transect
12,2026-03-27 02:00:00,1.0303,9.87,313.6,False,,,,,,,,,3.3745,1.0303,0.305307,1d_transect
12,2026-03-27 05:00:00,1.038,10.53,314.7,False,,,,,,,,,3.4376,1.038,0.301971,1d_transect
12,2026-03-27 08:00:00,1.0078,10.53,313.7,False,,,,,,,,,3.3135,1.0078,0.304138,1d_transect
12,2026-03-27 11:00:00,0.9511,10.53,314.8,False,,,,,,,,,3.1386,0.9511,0.30302,1d_transect
12,2026-03-27 14:00:00,0.9308,10.53,308.6,False,,,,,,,,,3.2972,0.9308,0.282315,1d_transect
12,2026-03-27 17:00:00,0.9217,10.53,311.1,False,,,,,,,,,2.8934,0.9217,0.318545,1d_transect
12,2026-03-27 20:00:00,0.9237,9.87,312.3,False,,,,,,,,,2.7331,0.9237,0.337958,1d_transect
12,2026-03-27 23:00:00,1.0904,9.87,313.4,False,,,,,,,,,2.6843,1.0904,0.40622,1d_transect
12,2026-03-28 02:00:00,1.0982,9.87,313.0,False,,,,,,,,,2.6568,1.0982,0.413339,1d_transect
12,2026-03-28 05:00:00,1.1051,10.53,312.3,False,,,,,,,,,2.7791,1.1051,0.397643,1d_transect
12,2026-03-28 08:00:00,1.1119,10.53,311.3,False,,,,,,,,,2.8338,1.1119,0.392378,1d_transect
12,2026-03-28 11:00:00,1.0674,11.11,312.3,False,0.2981,14.29,265.8,False,,,,,3.0744,1.1083,0.36048,1d_transect
12,2026-03-28 14:00:00,1.0543,11.11,308.0,False,0.2688,14.29,256.8,False,,,,,3.3567,1.088,0.324125,1d_transect
12,2026-03-28 17:00:00,1.0566,11.11,309.0,False,,,,,,,,,3.2202,1.0566,0.328111,1d_transect
12,2026-03-28 20:00:00,0.9257,11.11,307.9,False,0.3069,13.33,264.5,False,,,,,3.1774,0.9752,0.306922,1d_transect
12,2026-03-28 23:00:00,0.874,10.53,311.3,False,0.3482,13.33,264.2,False,,,,,2.6638,0.9408,0.353172,1d_transect
12,2026-03-29 02:00:00,0.8578,10.53,306.1,False,0.3219,13.33,258.4,False,,,,,2.7597,0.9162,0.332002,1d_transect
12,2026-03-29 05:00:00,0.8313,9.87,307.9,False,0.3325,13.33,260.0,False,,,,,2.568,0.8953,0.348631,1d_transect
12,2026-03-29 08:00:00,0.7801,9.87,306.2,False,0.3728,13.33,260.6,False,,,,,2.5598,0.8646,0.337763,1d_transect
12,2026-03-29 11:00:00,0.7961,9.87,307.2,False,0.4012,13.33,260.8,False,,,,,2.424,0.8915,0.367784,1d_transect
12,2026-03-29 14:00:00,0.7523,9.87,306.3,False,0.4062,13.33,265.3,False,,,,,2.262,0.8549,0.377932,1d_transect
12,2026-03-29 17:00:00,0.408,13.33,266.3,False,0.7161,9.87,306.8,False,,,,,2.1435,0.8242,0.384512,1d_transect
12,2026-03-29 20:00:00,0.4399,13.33,264.5,False,0.671,9.09,305.8,False,,,,,2.1112,0.8023,0.380041,1d_transect
12,2026-03-29 23:00:00,0.4336,12.5,268.4,False,0.6242,9.09,306.8,False,0.1819,3.7,319.0,True,1.9451,0.7815,0.401767,1d_transect
12,2026-03-30 02:00:00,0.4116,12.5,264.4,False,0.6216,9.09,308.0,False,,,,,1.9029,0.7455,0.391777,1d_transect
12,2026-03-30 05:00:00,0.4292,12.5,266.0,False,0.5894,9.09,309.2,False,,,,,1.8883,0.7291,0.386082,1d_transect
12,2026-03-30 08:00:00,0.4782,12.5,266.2,False,0.4223,9.09,308.0,False,0.3219,5.88,316.2,True,1.6024,0.7146,0.445919,1d_transect
12,2026-03-30 11:00:00,0.4893,12.5,267.3,False,0.3941,9.09,309.2,False,0.3114,5.56,314.6,True,1.5868,0.7012,0.441873,1d_transect
12,2026-03-30 14:00:00,0.5061,12.5,268.9,False,0.399,9.09,307.9,False,0.26,5.56,315.6,True,1.4572,0.6949,0.476904,1d_transect
12,2026-03-30 17:00:00,0.4262,11.76,275.9,False,0.511,9.09,309.4,False,0.1731,15.38,232.6,False,1.4732,0.6876,0.466752,1d_transect
12,2026-03-30 20:00:00,0.5135,11.11,286.5,False,0.2369,15.38,233.8,False,0.5839,8.33,308.7,False,1.3519,0.8129,0.601303,1d_transect
12,2026-03-30 23:00:00,0.5082,11.11,288.1,False,0.2644,15.38,235.4,False,0.5664,8.33,308.9,False,1.2648,0.8056,0.636929,1d_transect
12,2026-03-31 02:00:00,0.3221,15.38,242.8,False,0.4426,11.11,287.6,False,0.5736,8.33,300.5,False,1.2629,0.7929,0.627791,1d_transect
12,2026-03-31 05:00:00,0.408,14.29,245.3,False,0.4611,11.11,292.9,False,0.4805,8.33,295.7,False,1.0801,0.781,0.723048,1d_transect
12,2026-03-31 08:00:00,0.3995,14.29,246.6,False,0.4137,11.11,295.5,False,0.524,8.33,294.6,False,1.1266,0.7781,0.690633,1d_transect
12,2026-03-31 11:00:00,0.4592,14.29,242.4,False,0.5033,11.11,291.3,False,0.4209,8.33,295.3,False,1.1238,0.8008,0.712584,1d_transect
12,2026-03-31 14:00:00,0.4655,14.29,245.5,False,0.4668,11.11,303.6,False,0.4582,7.69,278.5,False,1.1355,0.8028,0.706993,1d_transect
11,2026-03-25 02:00:00,0.5679,15.38,260.5,False,0.7511,11.11,306.4,False,0.0993,3.85,332.6,True,1.0481,0.9468,0.903404,1d_transect
11,2026-03-25 05:00:00,0.8346,15.38,254.7,False,1.0023,11.11,306.8,False,0.3713,3.85,318.5,True,1.0453,1.3561,1.297233,1d_transect
11,2026-03-25 08:00:00,1.346,11.11,305.6,False,0.3607,4.17,326.3,True,,,,,0.8143,1.3935,1.711333,1d_transect
11,2026-03-25 11:00:00,1.403,11.11,304.8,False,0.4481,4.76,322.7,True,,,,,0.9997,1.4728,1.473313,1d_transect
11,2026-03-25 14:00:00,1.1505,11.11,296.8,False,0.189,4.76,331.5,True,,,,,1.1739,1.1659,0.993218,1d_transect
11,2026-03-25 17:00:00,0.838,11.11,294.4,False,0.1883,5.0,327.0,True,,,,,1.4532,0.8589,0.591021,1d_transect
11,2026-03-25 20:00:00,0.9413,11.11,294.2,False,0.2164,5.26,329.5,True,,,,,1.6069,0.9659,0.601079,1d_transect
11,2026-03-25 23:00:00,0.8992,11.11,300.3,False,0.6213,6.67,319.1,False,,,,,1.6549,1.093,0.660462,1d_transect
11,2026-03-26 02:00:00,1.2187,8.33,312.0,False,,,,,,,,,1.9281,1.2187,0.632095,1d_transect
11,2026-03-26 05:00:00,1.2802,9.09,310.8,False,,,,,,,,,2.2719,1.2802,0.563508,1d_transect
11,2026-03-26 08:00:00,1.2953,9.87,308.3,False,,,,,,,,,2.8459,1.2953,0.455159,1d_transect
11,2026-03-26 11:00:00,1.2719,9.87,311.7,False,,,,,,,,,2.2981,1.2719,0.55347,1d_transect
11,2026-03-26 14:00:00,1.2233,9.87,306.6,False,,,,,,,,,2.6245,1.2233,0.466124,1d_transect
11,2026-03-26 17:00:00,1.173,9.87,311.3,False,,,,,,,,,2.0483,1.173,0.57267,1d_transect
11,2026-03-26 20:00:00,1.1092,9.87,310.3,False,,,,,,,,,1.9307,1.1092,0.574511,1d_transect
11,2026-03-26 23:00:00,1.0605,9.87,312.6,False,,,,,,,,,1.7991,1.0605,0.589464,1d_transect
11,2026-03-27 02:00:00,1.0519,9.87,313.6,False,,,,,,,,,1.7062,1.0519,0.616511,1d_transect
11,2026-03-27 05:00:00,1.0503,10.53,314.7,False,,,,,,,,,1.7369,1.0503,0.604653,1d_transect
11,2026-03-27 08:00:00,1.0306,10.53,313.7,False,,,,,,,,,1.6743,1.0306,0.615571,1d_transect
11,2026-03-27 11:00:00,1.0022,10.53,314.8,False,,,,,,,,,1.5859,1.0022,0.631924,1d_transect
11,2026-03-27 14:00:00,0.978,10.53,308.6,False,,,,,,,,,1.8308,0.978,0.534176,1d_transect
11,2026-03-27 17:00:00,0.9573,10.53,311.1,False,,,,,,,,,1.462,0.9573,0.654783,1d_transect
11,2026-03-27 20:00:00,0.9484,9.87,312.3,False,,,,,,,,,1.3819,0.9484,0.686292,1d_transect
11,2026-03-27 23:00:00,0.9619,9.87,313.4,False,,,,,,,,,1.3572,0.9619,0.708702,1d_transect
11,2026-03-28 02:00:00,0.9846,9.87,313.0,False,,,,,,,,,1.3433,0.9846,0.73297,1d_transect
11,2026-03-28 05:00:00,1.0034,10.53,312.3,False,,,,,,,,,1.4042,1.0034,0.714537,1d_transect
11,2026-03-28 08:00:00,1.0122,10.53,311.3,False,,,,,,,,,1.4318,1.0122,0.706888,1d_transect
11,2026-03-28 11:00:00,0.9058,11.11,312.3,False,0.4407,14.29,265.8,False,,,,,1.6813,1.0073,0.599108,1d_transect
11,2026-03-28 14:00:00,0.91,11.11,308.0,False,0.3784,14.29,256.8,False,,,,,1.9714,0.9855,0.499905,1d_transect
11,2026-03-28 17:00:00,0.9507,11.11,309.0,False,,,,,,,,,1.8021,0.9507,0.527531,1d_transect
11,2026-03-28 20:00:00,0.7926,11.11,307.9,False,0.4284,13.33,264.5,False,,,,,1.9186,0.901,0.469628,1d_transect
11,2026-03-28 23:00:00,0.5012,13.33,264.2,False,0.6968,10.53,311.3,False,,,,,1.5402,0.8583,0.557288,1d_transect
11,2026-03-29 02:00:00,0.6989,10.53,306.1,False,0.4336,13.33,258.4,False,,,,,1.6884,0.8225,0.487157,1d_transect
11,2026-03-29 05:00:00,0.4971,13.33,260.0,False,0.7521,9.87,307.9,False,,,,,1.588,0.9015,0.567729,1d_transect
11,2026-03-29 08:00:00,0.5281,13.33,260.6,False,0.6731,9.87,306.2,False,,,,,1.6311,0.8555,0.524529,1d_transect
11,2026-03-29 11:00:00,0.7008,13.33,260.8,False,0.847,9.87,307.2,False,,,,,1.561,1.0994,0.704265,1d_transect
11,2026-03-29 14:00:00,0.6846,13.33,265.3,False,0.7825,9.87,306.3,False,,,,,1.4694,1.0397,0.707586,1d_transect
11,2026-03-29 17:00:00,0.6695,13.33,266.3,False,0.7252,9.87,306.8,False,,,,,1.4083,0.987,0.700815,1d_transect
11,2026-03-29 20:00:00,0.6988,13.33,264.5,False,0.6492,9.09,305.8,False,,,,,1.4413,0.9538,0.661789,1d_transect
11,2026-03-29 23:00:00,0.6896,12.5,268.4,False,0.6057,9.09,306.8,False,0.146,3.7,319.0,True,1.3245,0.9294,0.701673,1d_transect
11,2026-03-30 02:00:00,0.7033,12.5,264.4,False,0.6426,9.09,308.0,False,,,,,1.307,0.9527,0.728935,1d_transect
11,2026-03-30 05:00:00,0.6743,12.5,266.0,False,0.5649,9.09,309.2,False,,,,,1.3206,0.8797,0.666094,1d_transect
11,2026-03-30 08:00:00,0.7295,12.5,266.2,False,0.393,9.09,308.0,False,0.2479,5.88,316.2,True,1.1579,0.8649,0.747003,1d_transect
11,2026-03-30 11:00:00,0.7358,12.5,267.3,False,0.3615,9.09,309.2,False,0.2619,5.56,314.6,True,1.1795,0.8606,0.729658,1d_transect
11,2026-03-30 14:00:00,0.7514,12.5,268.9,False,0.3615,9.09,307.9,False,0.1949,5.56,315.6,True,1.1013,0.8563,0.777568,1d_transect
11,2026-03-30 17:00:00,0.811,11.76,275.9,False,0.3485,15.38,232.6,False,0.6206,9.09,309.4,False,1.0577,1.079,1.020191,1d_transect
11,2026-03-30 20:00:00,0.4184,15.38,233.8,False,0.7531,11.11,286.5,False,0.6225,8.33,308.7,False,0.9221,1.0629,1.152665,1d_transect
11,2026-03-30 23:00:00,0.4587,15.38,235.4,False,0.7326,11.11,288.1,False,0.5935,8.33,308.9,False,0.8737,1.0485,1.200083,1d_transect
11,2026-03-31 02:00:00,0.5304,15.38,242.8,False,0.6065,11.11,287.6,False,0.6233,8.33,300.5,False,0.9059,1.0187,1.124525,1d_transect
11,2026-03-31 05:00:00,0.6287,14.29,245.3,False,0.5497,11.11,292.9,False,0.5295,8.33,295.7,False,0.8165,0.9889,1.211153,1d_transect
11,2026-03-31 08:00:00,0.6096,14.29,246.6,False,0.4529,11.11,295.5,False,0.6174,8.33,294.6,False,0.8544,0.9787,1.14549,1d_transect
11,2026-03-31 11:00:00,0.6988,14.29,242.4,False,0.5919,11.11,291.3,False,0.4576,8.33,295.3,False,0.8694,1.0238,1.177524,1d_transect
11,2026-03-31 14:00:00,0.6644,14.29,245.5,False,0.4413,11.11,303.6,False,0.6255,7.69,278.5,False,0.9241,1.0137,1.096989,1d_transect
4,2026-03-25 02:00:00,0.4889,18.18,230.8,False,0.3601,12.5,258.2,False,0.2019,4.0,286.7,True,1.3187,0.6399,0.485244,1d_transect
4,2026-03-25 05:00:00,0.484,18.18,232.4,False,0.431,12.5,258.5,False,0.2027,4.17,297.1,True,1.3274,0.679,0.511558,1d_transect
4,2026-03-25 08:00:00,0.4969,16.67,233.2,False,0.5002,13.33,262.4,False,0.2144,4.0,291.8,True,1.386,0.7369,0.531674,1d_transect
4,2026-03-25 11:00:00,0.5128,16.67,236.1,False,0.5767,13.33,263.4,False,0.31,4.35,298.0,True,1.5199,0.8317,0.547197,1d_transect
4,2026-03-25 14:00:00,0.54,16.67,228.9,False,0.6808,13.33,262.3,False,0.3836,4.76,295.0,True,1.6584,0.9499,0.572767,1d_transect
4,2026-03-25 17:00:00,0.5386,16.67,228.7,False,0.7107,13.33,262.3,False,0.5831,5.56,292.3,True,1.8448,1.0654,0.577544,1d_transect
4,2026-03-25 20:00:00,0.5204,16.67,228.6,False,0.693,13.33,261.1,False,0.8999,6.67,285.6,False,2.1577,1.2493,0.579017,1d_transect
4,2026-03-25 23:00:00,0.5226,16.67,228.3,False,1.3907,7.69,283.3,False,0.4829,12.5,266.3,False,2.5211,1.5622,0.619663,1d_transect
4,2026-03-26 02:00:00,0.4574,16.67,230.5,False,1.4202,9.09,277.9,False,,,,,2.8611,1.492,0.521494,1d_transect
4,2026-03-26 05:00:00,1.5265,9.87,276.6,False,0.3655,15.38,244.1,False,,,,,2.9087,1.5696,0.539627,1d_transect
4,2026-03-26 08:00:00,1.5421,9.87,274.0,False,0.3463,15.38,241.7,False,,,,,2.8284,1.5805,0.558811,1d_transect
4,2026-03-26 11:00:00,1.5192,10.53,276.5,False,0.3318,15.38,241.5,False,,,,,2.7396,1.555,0.567625,1d_transect
4,2026-03-26 14:00:00,1.4348,10.53,270.3,False,,,,,,,,,2.4657,1.4348,0.581892,1d_transect
4,2026-03-26 17:00:00,1.3092,10.53,276.5,False,,,,,,,,,2.2959,1.3092,0.570252,1d_transect
4,2026-03-26 20:00:00,1.194,10.53,271.0,False,,,,,,,,,2.0982,1.194,0.569039,1d_transect
4,2026-03-26 23:00:00,1.2976,10.53,276.4,False,,,,,,,,,2.0785,1.2976,0.624303,1d_transect
4,2026-03-27 02:00:00,1.293,10.53,270.2,False,,,,,,,,,1.079,1.293,1.198267,1d_transect
4,2026-03-27 05:00:00,1.186,11.76,270.9,False,,,,,,,,,1.0943,1.186,1.083796,1d_transect
4,2026-03-27 08:00:00,1.0949,10.53,268.9,False,,,,,,,,,1.0229,1.0949,1.070315,1d_transect
4,2026-03-27 11:00:00,0.9757,10.53,276.1,False,0.3219,18.18,231.7,False,,,,,0.991,1.0275,1.036756,1d_transect
4,2026-03-27 14:00:00,0.9934,10.53,271.9,False,,,,,,,,,0.9462,0.9934,1.049861,1d_transect
4,2026-03-27 17:00:00,0.9397,10.53,275.8,False,,,,,,,,,0.9698,0.9397,0.96893,1d_transect
4,2026-03-27 20:00:00,1.0059,11.76,269.4,False,,,,,,,,,1.0384,1.0059,0.968721,1d_transect
4,2026-03-27 23:00:00,0.7051,12.5,266.2,False,0.86,10.53,276.5,False,,,,,1.7645,1.1121,0.630258,1d_transect
4,2026-03-28 02:00:00,0.7447,12.5,264.6,False,0.877,10.53,271.3,False,,,,,1.7928,1.1505,0.641752,1d_transect
4,2026-03-28 05:00:00,0.7334,12.5,265.1,False,0.907,10.53,276.8,False,,,,,1.8496,1.1664,0.630655,1d_transect
4,2026-03-28 08:00:00,0.8973,10.53,271.7,False,0.4739,14.29,249.0,False,0.5559,12.5,265.0,False,1.8385,1.157,0.629325,1d_transect
4,2026-03-28 11:00:00,0.8794,10.53,277.2,False,0.4556,14.29,250.4,False,0.5253,12.5,265.1,False,1.8137,1.1211,0.618147,1d_transect
4,2026-03-28 14:00:00,0.6641,12.5,265.9,False,0.8231,10.53,266.7,False,,,,,1.7128,1.0576,0.617443,1d_transect
4,2026-03-28 17:00:00,0.6319,13.33,249.2,False,0.749,10.53,276.4,False,,,,,1.6313,0.9799,0.600695,1d_transect
4,2026-03-28 20:00:00,0.5765,13.33,250.0,False,0.6456,10.53,265.7,False,,,,,1.5282,0.8656,0.566427,1d_transect
4,2026-03-28 23:00:00,0.6215,13.33,251.4,False,0.6879,9.87,277.6,False,,,,,1.4635,0.9271,0.6335,1d_transect
4,2026-03-29 02:00:00,0.5682,13.33,247.6,False,0.386,9.87,249.6,False,0.4808,7.69,280.8,False,1.4246,0.8385,0.588552,1d_transect
4,2026-03-29 05:00:00,0.5546,13.33,248.0,False,0.3561,9.87,277.9,False,0.4477,7.69,286.4,False,1.3676,0.7967,0.582567,1d_transect
4,2026-03-29 08:00:00,0.5432,13.33,247.3,False,0.372,9.87,247.2,False,0.3631,6.25,277.8,False,1.304,0.7519,0.576586,1d_transect
4,2026-03-29 11:00:00,0.5285,13.33,245.7,False,0.3405,9.87,277.1,False,0.3294,6.25,285.4,False,1.2509,0.7098,0.567416,1d_transect
4,2026-03-29 14:00:00,0.579,13.33,249.9,False,0.1421,18.18,228.4,False,0.322,9.87,249.1,False,1.0858,0.6776,0.624034,1d_transect
4,2026-03-29 17:00:00,0.56,13.33,249.3,False,0.153,18.18,227.9,False,0.2963,9.87,277.0,False,1.0649,0.6518,0.612024,1d_transect
4,2026-03-29 20:00:00,0.5508,13.33,248.0,False,0.1599,18.18,227.9,False,0.2584,9.09,256.1,False,1.0526,0.6291,0.597647,1d_transect
4,2026-03-29 23:00:00,0.4993,12.5,247.3,False,0.19,18.18,231.3,False,0.2417,9.09,280.6,False,1.0264,0.5864,0.571296,1d_transect
4,2026-03-30 02:00:00,0.6369,12.5,247.7,False,0.2596,18.18,232.0,False,0.2963,9.09,280.2,False,0.9932,0.7489,0.754035,1d_transect
4,2026-03-30 05:00:00,0.6004,12.5,247.2,False,0.2403,18.18,231.8,False,0.3138,4.76,294.4,True,1.0803,0.7188,0.665382,1d_transect
4,2026-03-30 08:00:00,0.5744,12.5,245.5,False,0.2502,16.67,230.8,False,0.2491,4.76,295.4,True,1.02,0.6743,0.66101,1d_transect
4,2026-03-30 11:00:00,0.5343,12.5,242.4,False,0.2915,16.67,231.3,False,0.1942,4.55,294.4,True,0.9792,0.6389,0.652439,1d_transect
4,2026-03-30 14:00:00,0.306,16.67,232.0,False,0.5041,12.5,238.2,False,0.1565,4.35,294.1,True,0.9496,0.6101,0.642512,1d_transect
4,2026-03-30 17:00:00,0.2923,16.67,232.7,False,0.4312,11.76,234.8,False,0.1146,4.17,294.5,True,0.9148,0.5334,0.583034,1d_transect
4,2026-03-30 20:00:00,0.264,16.67,233.3,False,0.357,11.76,230.8,False,0.0823,4.0,294.3,True,0.894,0.4516,0.505115,1d_transect
4,2026-03-30 23:00:00,0.2628,16.67,234.1,False,0.3307,11.76,227.1,False,0.1036,2.94,283.0,True,0.8917,0.435,0.487787,1d_transect
4,2026-03-31 02:00:00,0.422,16.67,235.3,False,0.3647,11.76,224.4,False,0.186,8.33,242.6,False,0.8163,0.588,0.720238,1d_transect
4,2026-03-31 05:00:00,0.4229,15.38,234.7,False,0.3572,11.76,223.7,False,0.1741,8.33,266.3,False,0.8464,0.5803,0.685586,1d_transect
4,2026-03-31 08:00:00,0.4481,15.38,235.9,False,0.3241,11.76,226.1,False,0.2276,7.69,245.9,False,0.8366,0.598,0.714838,1d_transect
4,2026-03-31 11:00:00,0.5151,15.38,236.1,False,0.433,11.76,225.4,False,0.0971,3.03,223.8,True,0.8785,0.6799,0.773902,1d_transect
4,2026-03-31 14:00:00,0.5676,15.38,237.1,False,0.3576,11.76,225.0,False,0.2696,7.69,243.7,False,0.8711,0.723,0.829969,1d_transect
3,2026-03-25 02:00:00,1.2133,18.18,230.8,False,0.8916,12.5,258.2,False,0.487,4.0,286.7,True,1.4209,1.5825,1.113746,1d_transect
3,2026-03-25 05:00:00,1.1536,18.18,232.4,False,1.0248,12.5,258.5,False,0.4735,4.17,297.1,True,1.4314,1.6141,1.127641,1d_transect
3,2026-03-25 08:00:00,1.1105,16.67,233.2,False,1.1179,13.33,262.4,False,0.4716,4.0,291.8,True,1.4954,1.6448,1.099909,1d_transect
3,2026-03-25 11:00:00,1.1134,16.67,236.1,False,1.2522,13.33,263.4,False,0.6602,4.35,298.0,True,1.6377,1.801,1.099722,1d_transect
3,2026-03-25 14:00:00,1.1416,16.67,228.9,False,1.4395,13.33,262.3,False,0.7956,4.76,295.0,True,1.786,2.0021,1.120958,1d_transect
3,2026-03-25 17:00:00,1.1739,16.67,228.7,False,1.5494,13.33,262.3,False,1.2512,5.56,292.3,True,1.9837,2.3117,1.165386,1d_transect
3,2026-03-25 20:00:00,1.1649,16.67,228.6,False,1.5517,13.33,261.1,False,1.9762,6.67,285.6,False,2.308,2.7695,1.199971,1d_transect
3,2026-03-25 23:00:00,0.7786,16.67,228.3,False,2.0524,7.69,283.3,False,0.7195,12.5,266.3,False,2.7028,2.31,0.854652,1d_transect
3,2026-03-26 02:00:00,0.7668,16.67,230.5,False,2.3825,9.09,277.9,False,,,,,3.0925,2.5029,0.80933,1d_transect
3,2026-03-26 05:00:00,2.5216,9.87,276.6,False,0.6032,15.38,244.1,False,,,,,3.144,2.5927,0.824641,1d_transect
3,2026-03-26 08:00:00,2.554,9.87,274.0,False,0.5708,15.38,241.7,False,,,,,3.0681,2.617,0.852958,1d_transect
3,2026-03-26 11:00:00,2.446,10.53,276.5,False,0.5327,15.38,241.5,False,,,,,2.9666,2.5033,0.843839,1d_transect
3,2026-03-26 14:00:00,2.3355,10.53,270.3,False,,,,,,,,,2.6804,2.3355,0.871322,1d_transect
3,2026-03-26 17:00:00,2.1538,10.53,276.5,False,,,,,,,,,2.4865,2.1538,0.86619,1d_transect
3,2026-03-26 20:00:00,1.998,10.53,271.0,False,,,,,,,,,2.2809,1.998,0.87596,1d_transect
3,2026-03-26 23:00:00,1.9361,10.53,276.4,False,,,,,,,,,2.251,1.9361,0.860107,1d_transect
3,2026-03-27 02:00:00,1.9159,10.53,270.2,False,,,,,,,,,1.173,1.9159,1.633312,1d_transect
3,2026-03-27 05:00:00,1.8525,11.76,270.9,False,,,,,,,,,1.1841,1.8525,1.564448,1d_transect
3,2026-03-27 08:00:00,1.7507,10.53,268.9,False,,,,,,,,,1.0939,1.7507,1.600399,1d_transect
3,2026-03-27 11:00:00,1.5843,10.53,276.1,False,0.5218,18.18,231.7,False,,,,,1.0731,1.668,1.554331,1d_transect
3,2026-03-27 14:00:00,1.6211,10.53,271.9,False,,,,,,,,,1.0286,1.6211,1.576047,1d_transect
3,2026-03-27 17:00:00,1.5815,10.53,275.8,False,,,,,,,,,1.0504,1.5815,1.505691,1d_transect
3,2026-03-27 20:00:00,1.5796,11.76,269.4,False,,,,,,,,,1.1189,1.5796,1.411747,1d_transect
3,2026-03-27 23:00:00,1.0151,12.5,266.2,False,1.2414,10.53,276.5,False,,,,,1.9089,1.6036,0.840048,1d_transect
3,2026-03-28 02:00:00,1.0547,12.5,264.6,False,1.2513,10.53,271.3,False,,,,,1.9429,1.6365,0.842273,1d_transect
3,2026-03-28 05:00:00,1.057,12.5,265.1,False,1.3105,10.53,276.8,False,,,,,2.001,1.6836,0.841383,1d_transect
3,2026-03-28 08:00:00,1.3229,10.53,271.7,False,0.6937,14.29,249.0,False,0.8135,12.5,265.0,False,1.9929,1.7008,0.853448,1d_transect
3,2026-03-28 11:00:00,1.3141,10.53,277.2,False,0.6788,14.29,250.4,False,0.7829,12.5,265.1,False,1.9622,1.6735,0.852876,1d_transect
3,2026-03-28 14:00:00,1.0096,12.5,265.9,False,1.2388,10.53,266.7,False,,,,,1.839,1.5981,0.869024,1d_transect
3,2026-03-28 17:00:00,0.9659,13.33,249.2,False,1.1498,10.53,276.4,False,,,,,1.7637,1.5016,0.851394,1d_transect
3,2026-03-28 20:00:00,0.9459,13.33,250.0,False,1.0504,10.53,265.7,False,,,,,1.6404,1.4135,0.86167,1d_transect
3,2026-03-28 23:00:00,0.906,13.33,251.4,False,1.0046,9.87,277.6,False,,,,,1.5807,1.3528,0.855809,1d_transect
3,2026-03-29 02:00:00,0.905,13.33,247.6,False,0.6076,9.87,249.6,False,0.7597,7.69,280.8,False,1.5287,1.3287,0.869165,1d_transect
3,2026-03-29 05:00:00,0.8935,13.33,248.0,False,0.5751,9.87,277.9,False,0.7125,7.69,286.4,False,1.47,1.2794,0.870324,1d_transect
3,2026-03-29 08:00:00,0.9957,13.33,247.3,False,0.674,9.87,247.2,False,0.6594,6.25,277.8,False,1.3993,1.3713,0.979977,1d_transect
3,2026-03-29 11:00:00,0.9648,13.33,245.7,False,0.6231,9.87,277.1,False,0.5909,6.25,285.4,False,1.3447,1.2917,0.960536,1d_transect
3,2026-03-29 14:00:00,1.0527,13.33,249.9,False,0.259,18.18,228.4,False,0.5787,9.87,249.1,False,1.1681,1.2288,1.052002,1d_transect
3,2026-03-29 17:00:00,1.0087,13.33,249.3,False,0.2762,18.18,227.9,False,0.5349,9.87,277.0,False,1.1492,1.1747,1.022133,1d_transect
3,2026-03-29 20:00:00,0.9807,13.33,248.0,False,0.2854,18.18,227.9,False,0.4592,9.09,256.1,False,1.1351,1.1198,0.986569,1d_transect
3,2026-03-29 23:00:00,0.8724,12.5,247.3,False,0.3333,18.18,231.3,False,0.422,9.09,280.6,False,1.106,1.0248,0.92656,1d_transect
3,2026-03-30 02:00:00,0.6905,12.5,247.7,False,0.2824,18.18,232.0,False,0.321,9.09,280.2,False,1.0704,0.8122,0.758811,1d_transect
3,2026-03-30 05:00:00,0.6576,12.5,247.2,False,0.2642,18.18,231.8,False,0.3393,4.76,294.4,True,1.1614,0.7857,0.676493,1d_transect
3,2026-03-30 08:00:00,0.6332,12.5,245.5,False,0.2766,16.67,230.8,False,0.2701,4.76,295.4,True,1.0969,0.7419,0.676407,1d_transect
3,2026-03-30 11:00:00,0.5923,12.5,242.4,False,0.3242,16.67,231.3,False,0.2125,4.55,294.4,True,1.0541,0.7078,0.67152,1d_transect
3,2026-03-30 14:00:00,0.3407,16.67,232.0,False,0.5597,12.5,238.2,False,0.1715,4.35,294.1,True,1.0228,0.6773,0.66221,1d_transect
3,2026-03-30 17:00:00,0.3779,16.67,232.7,False,0.5559,11.76,234.8,False,0.1459,4.17,294.5,True,0.9858,0.6878,0.697756,1d_transect
3,2026-03-30 20:00:00,0.5514,16.67,233.3,False,0.7437,11.76,230.8,False,0.1692,4.0,294.3,True,0.9636,0.9412,0.976727,1d_transect
3,2026-03-30 23:00:00,0.5643,16.67,234.1,False,0.7067,11.76,227.1,False,0.2174,2.94,283.0,True,0.9593,0.9301,0.96955,1d_transect
3,2026-03-31 02:00:00,0.6491,16.67,235.3,False,0.5583,11.76,224.4,False,0.2828,8.33,242.6,False,0.8794,0.9016,1.025279,1d_transect
3,2026-03-31 05:00:00,0.6137,15.38,234.7,False,0.5163,11.76,223.7,False,0.2493,8.33,266.3,False,0.9114,0.8399,0.921551,1d_transect
3,2026-03-31 08:00:00,0.6706,15.38,235.9,False,0.4829,11.76,226.1,False,0.3345,7.69,245.9,False,0.8998,0.8915,0.990824,1d_transect
3,2026-03-31 11:00:00,0.4774,15.38,236.1,False,0.3996,11.76,225.4,False,0.0877,3.03,223.8,True,0.9464,0.6287,0.664323,1d_transect
3,2026-03-31 14:00:00,0.5197,15.38,237.1,False,0.326,11.76,225.0,False,0.2434,7.69,243.7,False,0.9378,0.66,0.703752,1d_transect
2,2026-03-25 02:00:00,1.3427,18.18,230.8,False,0.9996,12.5,258.2,False,0.5853,4.0,286.7,True,1.198,1.7733,1.480223,1d_transect
2,2026-03-25 05:00:00,1.2992,18.18,232.4,False,1.1694,12.5,258.5,False,0.5183,4.17,297.1,True,1.1953,1.8232,1.525302,1d_transect
2,2026-03-25 08:00:00,1.2771,16.67,233.2,False,1.2977,13.33,262.4,False,0.5611,4.0,291.8,True,1.2571,1.9052,1.515577,1d_transect
2,2026-03-25 11:00:00,1.355,16.67,236.1,False,1.5379,13.33,263.4,False,0.779,4.35,298.0,True,1.3677,2.1927,1.603158,1d_transect
2,2026-03-25 14:00:00,1.2676,16.67,228.9,False,1.6139,13.33,262.3,False,0.8569,4.76,295.0,True,1.4908,2.2239,1.491774,1d_transect
2,2026-03-25 17:00:00,1.2467,16.67,228.7,False,1.6614,13.33,262.3,False,1.375,5.56,292.3,True,1.6794,2.491,1.483317,1d_transect
2,2026-03-25 20:00:00,1.173,16.67,228.6,False,1.5776,13.33,261.1,False,2.1104,6.67,285.6,False,1.9916,2.8842,1.448159,1d_transect
2,2026-03-25 23:00:00,1.0839,16.67,228.3,False,2.9881,7.69,283.3,False,1.0153,12.5,266.3,False,2.34,3.3368,1.426007,1d_transect
2,2026-03-26 02:00:00,1.0851,16.67,230.5,False,3.4713,9.09,277.9,False,,,,,2.6503,3.6369,1.372286,1d_transect
2,2026-03-26 05:00:00,3.5777,9.87,276.6,False,0.833,15.38,244.1,False,,,,,2.6978,3.6734,1.361648,1d_transect
2,2026-03-26 08:00:00,3.1854,9.87,274.0,False,0.6918,15.38,241.7,False,,,,,2.6371,3.2597,1.236074,1d_transect
2,2026-03-26 11:00:00,2.9272,10.53,276.5,False,0.6235,15.38,241.5,False,,,,,2.5341,2.9929,1.181045,1d_transect
2,2026-03-26 14:00:00,2.7007,10.53,270.3,False,,,,,,,,,2.2956,2.7007,1.17648,1d_transect
2,2026-03-26 17:00:00,2.4466,10.53,276.5,False,,,,,,,,,2.1261,2.4466,1.150739,1d_transect
2,2026-03-26 20:00:00,2.2556,10.53,271.0,False,,,,,,,,,1.9534,2.2556,1.154701,1d_transect
2,2026-03-26 23:00:00,2.1712,10.53,276.4,False,,,,,,,,,1.9248,2.1712,1.12803,1d_transect
2,2026-03-27 02:00:00,2.1271,10.53,270.2,False,,,,,,,,,1.0046,2.1271,2.117369,1d_transect
2,2026-03-27 05:00:00,1.6664,11.76,270.9,False,,,,,,,,,1.0071,1.6664,1.654568,1d_transect
2,2026-03-27 08:00:00,1.7772,10.53,268.9,False,,,,,,,,,0.9289,1.7772,1.913212,1d_transect
2,2026-03-27 11:00:00,1.6137,10.53,276.1,False,0.5176,18.18,231.7,False,,,,,0.9153,1.6947,1.851527,1d_transect
2,2026-03-27 14:00:00,1.7944,10.53,271.9,False,,,,,,,,,0.8809,1.7944,2.037063,1d_transect
2,2026-03-27 17:00:00,1.7912,10.53,275.8,False,,,,,,,,,0.8981,1.7912,1.994448,1d_transect
2,2026-03-27 20:00:00,1.829,11.76,269.4,False,,,,,,,,,0.9488,1.829,1.927722,1d_transect
2,2026-03-27 23:00:00,1.1921,12.5,266.2,False,1.4738,10.53,276.5,False,,,,,1.6252,1.8955,1.166366,1d_transect
2,2026-03-28 02:00:00,1.2428,12.5,264.6,False,1.4952,10.53,271.3,False,,,,,1.6544,1.9443,1.175227,1d_transect
2,2026-03-28 05:00:00,1.2408,12.5,265.1,False,1.5554,10.53,276.8,False,,,,,1.7037,1.9897,1.167856,1d_transect
2,2026-03-28 08:00:00,1.5669,10.53,271.7,False,0.8042,14.29,249.0,False,0.9501,12.5,265.0,False,1.6954,2.0012,1.180369,1d_transect
2,2026-03-28 11:00:00,1.4417,10.53,277.2,False,0.7307,14.29,250.4,False,0.8495,12.5,265.1,False,1.6687,1.8259,1.094252,1d_transect
2,2026-03-28 14:00:00,1.1169,12.5,265.9,False,1.3759,10.53,266.7,False,,,,,1.5591,1.7721,1.136636,1d_transect
2,2026-03-28 17:00:00,1.0831,13.33,249.2,False,1.3127,10.53,276.4,False,,,,,1.497,1.7018,1.136842,1d_transect
2,2026-03-28 20:00:00,1.0905,13.33,250.0,False,1.2245,10.53,265.7,False,,,,,1.3861,1.6397,1.18295,1d_transect
2,2026-03-28 23:00:00,1.0533,13.33,251.4,False,1.1939,9.87,277.6,False,,,,,1.3451,1.5921,1.183652,1d_transect
2,2026-03-29 02:00:00,0.9835,13.33,247.6,False,0.6688,9.87,249.6,False,0.8578,7.69,280.8,False,1.3038,1.4664,1.124687,1d_transect
2,2026-03-29 05:00:00,0.9772,13.33,248.0,False,0.6435,9.87,277.9,False,0.8097,7.69,286.4,False,1.2554,1.4229,1.133409,1d_transect
2,2026-03-29 08:00:00,0.9741,13.33,247.3,False,0.6679,9.87,247.2,False,0.6801,6.25,277.8,False,1.1938,1.3629,1.141659,1d_transect
2,2026-03-29 11:00:00,0.9498,13.33,245.7,False,0.6277,9.87,277.1,False,0.613,6.25,285.4,False,1.1483,1.293,1.125972,1d_transect
2,2026-03-29 14:00:00,1.0563,13.33,249.9,False,0.2578,18.18,228.4,False,0.5882,9.87,249.1,False,0.9834,1.2362,1.257112,1d_transect
2,2026-03-29 17:00:00,1.0133,13.33,249.3,False,0.2753,18.18,227.9,False,0.5499,9.87,277.0,False,0.9694,1.1853,1.222779,1d_transect
2,2026-03-29 20:00:00,0.993,13.33,248.0,False,0.2866,18.18,227.9,False,0.4731,9.09,256.1,False,0.9555,1.1367,1.189624,1d_transect
2,2026-03-29 23:00:00,0.9301,12.5,247.3,False,0.3515,18.18,231.3,False,0.4589,9.09,280.6,False,0.9331,1.0952,1.17367,1d_transect
2,2026-03-30 02:00:00,0.7701,12.5,247.7,False,0.3116,18.18,232.0,False,0.3652,9.09,280.2,False,0.9026,0.9074,1.005352,1d_transect
2,2026-03-30 05:00:00,0.7291,12.5,247.2,False,0.2897,18.18,231.8,False,0.3859,4.76,294.4,True,0.9811,0.8743,0.891084,1d_transect
2,2026-03-30 08:00:00,0.71,12.5,245.5,False,0.3075,16.67,230.8,False,0.2912,4.76,295.4,True,0.9175,0.8267,0.901053,1d_transect
2,2026-03-30 11:00:00,0.6207,12.5,242.4,False,0.3371,16.67,231.3,False,0.2287,4.55,294.4,True,0.8872,0.7424,0.836854,1d_transect
2,2026-03-30 14:00:00,0.3523,16.67,232.0,False,0.5829,12.5,238.2,False,0.1834,4.35,294.1,True,0.8597,0.7053,0.820466,1d_transect
2,2026-03-30 17:00:00,0.3829,16.67,232.7,False,0.5691,11.76,234.8,False,0.1529,4.17,294.5,True,0.8296,0.7028,0.847164,1d_transect
2,2026-03-30 20:00:00,0.5806,16.67,233.3,False,0.7912,11.76,230.8,False,0.1843,4.0,294.3,True,0.8103,0.9985,1.232273,1d_transect
2,2026-03-30 23:00:00,0.5967,16.67,234.1,False,0.7544,11.76,227.1,False,0.249,2.94,283.0,True,0.8088,0.9936,1.228557,1d_transect
2,2026-03-31 02:00:00,0.6983,16.67,235.3,False,0.6058,11.76,224.4,False,0.3122,8.33,242.6,False,0.7385,0.9758,1.321251,1d_transect
2,2026-03-31 05:00:00,0.623,15.38,234.7,False,0.5283,11.76,223.7,False,0.2604,8.33,266.3,False,0.7657,0.8573,1.119739,1d_transect
2,2026-03-31 08:00:00,0.6674,15.38,235.9,False,0.4843,11.76,226.1,False,0.3448,7.69,245.9,False,0.7577,0.8937,1.1796,1d_transect
2,2026-03-31 11:00:00,0.5196,15.38,236.1,False,0.4383,11.76,225.4,False,0.1027,3.03,223.8,True,0.7948,0.6875,0.865013,1d_transect
2,2026-03-31 14:00:00,0.5761,15.38,237.1,False,0.3642,11.76,225.0,False,0.2795,7.69,243.7,False,0.7892,0.7367,0.933445,1d_transect
1,2026-03-25 02:00:00,0.0638,18.18,230.8,False,0.0507,12.5,258.2,False,0.0289,4.0,286.7,True,1.002,0.0865,0.086315,1d_transect
1,2026-03-25 05:00:00,0.0619,18.18,232.4,False,0.0594,12.5,258.5,False,0.0235,4.17,297.1,True,0.998,0.0889,0.089101,1d_transect
1,2026-03-25 08:00:00,0.0605,16.67,233.2,False,0.0634,13.33,262.4,False,0.0259,4.0,291.8,True,1.0584,0.0914,0.086364,1d_transect
1,2026-03-25 11:00:00,0.0681,16.67,236.1,False,0.0789,13.33,263.4,False,0.0362,4.35,298.0,True,1.1496,0.1103,0.095959,1d_transect
1,2026-03-25 14:00:00,0.0867,16.67,228.9,False,0.1153,13.33,262.3,False,0.0554,4.76,295.0,True,1.2432,0.1545,0.124263,1d_transect
1,2026-03-25 17:00:00,0.1037,16.67,228.7,False,0.1443,13.33,262.3,False,0.113,5.56,292.3,True,1.4015,0.2106,0.150244,1d_transect
1,2026-03-25 20:00:00,0.1406,16.67,228.6,False,0.1975,13.33,261.1,False,0.2509,6.67,285.6,False,1.6499,0.3489,0.21145,1d_transect
1,2026-03-25 23:00:00,0.1414,16.67,228.3,False,0.3929,7.69,283.3,False,0.1385,12.5,266.3,False,1.9409,0.4399,0.22666,1d_transect
1,2026-03-26 02:00:00,0.1416,16.67,230.5,False,0.4557,9.09,277.9,False,,,,,2.2155,0.4772,0.215384,1d_transect
1,2026-03-26 05:00:00,0.4972,9.87,276.6,False,0.1179,15.38,244.1,False,,,,,2.2585,0.511,0.226233,1d_transect
1,2026-03-26 08:00:00,0.4842,9.87,274.0,False,0.1024,15.38,241.7,False,,,,,2.3052,0.4949,0.21467,1d_transect
1,2026-03-26 11:00:00,0.447,10.53,276.5,False,0.098,15.38,241.5,False,,,,,2.1005,0.4576,0.217836,1d_transect
1,2026-03-26 14:00:00,0.4288,10.53,270.3,False,,,,,,,,,1.9887,0.4288,0.215632,1d_transect
1,2026-03-26 17:00:00,0.4144,10.53,276.5,False,,,,,,,,,1.76,0.4144,0.235469,1d_transect
1,2026-03-26 20:00:00,0.4125,10.53,271.0,False,,,,,,,,,1.6923,0.4125,0.24377,1d_transect
1,2026-03-26 23:00:00,0.4017,10.53,276.4,False,,,,,,,,,1.5934,0.4017,0.252112,1d_transect
1,2026-03-27 02:00:00,0.3778,10.53,270.2,False,,,,,,,,,0.8703,0.3778,0.434141,1d_transect
1,2026-03-27 05:00:00,0.3617,11.76,270.9,False,,,,,,,,,0.8601,0.3617,0.420578,1d_transect
1,2026-03-27 08:00:00,0.3471,10.53,268.9,False,,,,,,,,,0.8336,0.3471,0.416429,1d_transect
1,2026-03-27 11:00:00,0.3199,10.53,276.1,False,0.101,18.18,231.7,False,,,,,0.7566,0.3355,0.443446,1d_transect
1,2026-03-27 14:00:00,0.3271,10.53,271.9,False,,,,,,,,,0.7631,0.3271,0.428638,1d_transect
1,2026-03-27 17:00:00,0.317,10.53,275.8,False,,,,,,,,,0.7435,0.317,0.42632,1d_transect
1,2026-03-27 20:00:00,0.3082,11.76,269.4,False,,,,,,,,,0.829,0.3082,0.371712,1d_transect
1,2026-03-27 23:00:00,0.2014,12.5,266.2,False,0.2402,10.53,276.5,False,,,,,1.3652,0.3134,0.2296,1d_transect
1,2026-03-28 02:00:00,0.1974,12.5,264.6,False,0.2375,10.53,271.3,False,,,,,1.4334,0.3088,0.215431,1d_transect
1,2026-03-28 05:00:00,0.1939,12.5,265.1,False,0.2344,10.53,276.8,False,,,,,1.4308,0.3043,0.212646,1d_transect
1,2026-03-28 08:00:00,0.2341,10.53,271.7,False,0.1194,14.29,249.0,False,0.142,12.5,265.0,False,1.4673,0.2987,0.203571,1d_transect
1,2026-03-28 11:00:00,0.225,10.53,277.2,False,0.1185,14.29,250.4,False,0.1375,12.5,265.1,False,1.4012,0.2891,0.206343,1d_transect
1,2026-03-28 14:00:00,0.1677,12.5,265.9,False,0.216,10.53,266.7,False,,,,,1.3753,0.2735,0.198878,1d_transect
1,2026-03-28 17:00:00,0.1674,13.33,249.2,False,0.1936,10.53,276.4,False,,,,,1.2637,0.2559,0.202502,1d_transect
1,2026-03-28 20:00:00,0.1556,13.33,250.0,False,0.1807,10.53,265.7,False,,,,,1.2258,0.2385,0.194545,1d_transect
1,2026-03-28 23:00:00,0.1464,13.33,251.4,False,0.16,9.87,277.6,False,,,,,1.1432,0.2169,0.189702,1d_transect
1,2026-03-29 02:00:00,0.1331,13.33,247.6,False,0.0954,9.87,249.6,False,0.1107,7.69,280.8,False,1.1266,0.1976,0.175414,1d_transect
1,2026-03-29 05:00:00,0.128,13.33,248.0,False,0.0813,9.87,277.9,False,0.0967,7.69,286.4,False,1.0511,0.1799,0.171125,1d_transect
1,2026-03-29 08:00:00,0.1175,13.33,247.3,False,0.0849,9.87,247.2,False,0.0841,6.25,277.8,False,1.0558,0.1676,0.158769,1d_transect
1,2026-03-29 11:00:00,0.1169,13.33,245.7,False,0.0744,9.87,277.1,False,0.0708,6.25,285.4,False,0.9744,0.1556,0.159678,1d_transect
1,2026-03-29 14:00:00,0.1214,13.33,249.9,False,0.0275,18.18,228.4,False,0.0713,9.87,249.1,False,0.8613,0.1435,0.166552,1d_transect
1,2026-03-29 17:00:00,0.1134,13.33,249.3,False,0.0286,18.18,227.9,False,0.0593,9.87,277.0,False,0.8315,0.1312,0.157756,1d_transect
1,2026-03-29 20:00:00,0.1054,13.33,248.0,False,0.0283,18.18,227.9,False,0.0509,9.09,256.1,False,0.8273,0.1204,0.145527,1d_transect
1,2026-03-29 23:00:00,0.095,12.5,247.3,False,0.0334,18.18,231.3,False,0.0428,9.09,280.6,False,0.7987,0.1094,0.136969,1d_transect
1,2026-03-30 02:00:00,0.0888,12.5,247.7,False,0.0335,18.18,232.0,False,0.0385,9.09,280.2,False,0.7727,0.1024,0.132457,1d_transect
1,2026-03-30 05:00:00,0.0831,12.5,247.2,False,0.0308,18.18,231.8,False,0.0408,4.76,294.4,True,0.8402,0.0975,0.116099,1d_transect
1,2026-03-30 08:00:00,0.0785,12.5,245.5,False,0.0323,16.67,230.8,False,0.0286,4.76,295.4,True,0.7864,0.0896,0.11395,1d_transect
1,2026-03-30 11:00:00,0.0691,12.5,242.4,False,0.0357,16.67,231.3,False,0.0237,4.55,294.4,True,0.7621,0.0813,0.106684,1d_transect
1,2026-03-30 14:00:00,0.0369,16.67,232.0,False,0.0636,12.5,238.2,False,0.0187,4.35,294.1,True,0.7352,0.0759,0.103238,1d_transect
1,2026-03-30 17:00:00,0.0392,16.67,232.7,False,0.0606,11.76,234.8,False,0.0153,4.17,294.5,True,0.7076,0.0738,0.104283,1d_transect
1,2026-03-30 20:00:00,0.0429,16.67,233.3,False,0.0608,11.76,230.8,False,0.0133,4.0,294.3,True,0.6906,0.0756,0.109424,1d_transect
1,2026-03-30 23:00:00,0.0474,16.67,234.1,False,0.0619,11.76,227.1,False,0.0211,2.94,283.0,True,0.6888,0.0808,0.117245,1d_transect
1,2026-03-31 02:00:00,0.0624,16.67,235.3,False,0.055,11.76,224.4,False,0.0303,8.33,242.6,False,0.6291,0.0885,0.14074,1d_transect
1,2026-03-31 05:00:00,0.0352,15.38,234.7,False,0.0303,11.76,223.7,False,0.0161,8.33,266.3,False,0.6525,0.0492,0.07537,1d_transect
1,2026-03-31 08:00:00,0.094,15.38,235.9,False,0.0693,11.76,226.1,False,0.0541,7.69,245.9,False,0.6563,0.1287,0.196105,1d_transect
1,2026-03-31 11:00:00,0.0396,15.38,236.1,False,0.0339,11.76,225.4,False,0.0089,3.03,223.8,True,0.68,0.0529,0.077784,1d_transect
1,2026-03-31 14:00:00,0.1237,15.38,237.1,False,0.0793,11.76,225.0,False,0.0657,7.69,243.7,False,0.6809,0.161,0.236373,1d_transect
10,2026-03-25 02:00:00,0.9276,15.38,260.5,False,0.4009,11.11,306.4,False,0.1944,3.85,332.6,True,0.3175,1.029,3.241069,1d_transect
10,2026-03-25 05:00:00,1.4505,15.38,254.7,False,0.4633,11.11,306.8,False,0.2616,3.85,318.5,True,0.3833,1.545,4.031039,1d_transect
10,2026-03-25 08:00:00,1.3069,11.11,305.6,False,0.9215,4.17,326.3,True,,,,,0.1432,1.5991,11.16921,1d_transect
10,2026-03-25 11:00:00,1.2795,11.11,304.8,False,0.7559,4.76,322.7,True,,,,,0.1749,1.4861,8.497123,1d_transect
10,2026-03-25 14:00:00,1.004,11.11,296.8,False,0.5009,4.76,331.5,True,,,,,0.2324,1.122,4.827026,1d_transect
10,2026-03-25 17:00:00,1.0274,11.11,294.4,False,0.4415,5.0,327.0,True,,,,,0.3159,1.1182,3.540304,1d_transect
10,2026-03-25 20:00:00,1.1347,11.11,294.2,False,0.4989,5.26,329.5,True,,,,,0.3501,1.2395,3.540095,1d_transect
10,2026-03-25 23:00:00,1.0426,11.11,300.3,False,0.9655,6.67,319.1,False,,,,,0.2934,1.4209,4.842526,1d_transect
10,2026-03-26 02:00:00,1.079,8.33,312.0,False,,,,,,,,,0.2961,1.079,3.644121,1d_transect
10,2026-03-26 05:00:00,1.21,9.09,310.8,False,,,,,,,,,0.3458,1.21,3.499117,1d_transect
10,2026-03-26 08:00:00,1.2378,9.87,308.3,False,,,,,,,,,0.3686,1.2378,3.358054,1d_transect
10,2026-03-26 11:00:00,1.2073,9.87,311.7,False,,,,,,,,,0.3498,1.2073,3.451569,1d_transect
10,2026-03-26 14:00:00,1.1358,9.87,306.6,False,,,,,,,,,0.3399,1.1358,3.341233,1d_transect
10,2026-03-26 17:00:00,1.0961,9.87,311.3,False,,,,,,,,,0.3118,1.0961,3.515769,1d_transect
10,2026-03-26 20:00:00,1.0966,9.87,310.3,False,,,,,,,,,0.2939,1.0966,3.731581,1d_transect
10,2026-03-26 23:00:00,1.0339,9.87,312.6,False,,,,,,,,,0.2738,1.0339,3.775471,1d_transect
10,2026-03-27 02:00:00,1.0174,9.87,313.6,False,,,,,,,,,0.2597,1.0174,3.917533,1d_transect
10,2026-03-27 05:00:00,1.0108,10.53,314.7,False,,,,,,,,,0.2682,1.0108,3.768674,1d_transect
10,2026-03-27 08:00:00,0.9748,10.53,313.7,False,,,,,,,,,0.2585,0.9748,3.770345,1d_transect
10,2026-03-27 11:00:00,0.926,10.53,314.8,False,,,,,,,,,0.2449,0.926,3.781212,1d_transect
10,2026-03-27 14:00:00,0.8544,10.53,308.6,False,,,,,,,,,0.2378,0.8544,3.592432,1d_transect
10,2026-03-27 17:00:00,0.8403,10.53,311.1,False,,,,,,,,,0.2258,0.8403,3.72193,1d_transect
10,2026-03-27 20:00:00,0.8458,9.87,312.3,False,,,,,,,,,0.2103,0.8458,4.021152,1d_transect
10,2026-03-27 23:00:00,0.901,9.87,313.4,False,,,,,,,,,0.2066,0.901,4.361671,1d_transect
10,2026-03-28 02:00:00,0.9237,9.87,313.0,False,,,,,,,,,0.2045,0.9237,4.517425,1d_transect
10,2026-03-28 05:00:00,0.9438,10.53,312.3,False,,,,,,,,,0.2168,0.9438,4.352314,1d_transect
10,2026-03-28 08:00:00,1.0637,10.53,311.3,False,,,,,,,,,0.2211,1.0637,4.810849,1d_transect
10,2026-03-28 11:00:00,0.817,14.29,265.8,False,0.6867,11.11,312.3,False,,,,,0.38,1.0673,2.808893,1d_transect
10,2026-03-28 14:00:00,0.8541,14.29,256.8,False,0.61,11.11,308.0,False,,,,,0.466,1.0496,2.252508,1d_transect
10,2026-03-28 17:00:00,1.0185,11.11,309.0,False,,,,,,,,,0.2681,1.0185,3.798994,1d_transect
10,2026-03-28 20:00:00,0.8252,13.33,264.5,False,0.5202,11.11,307.9,False,,,,,0.4709,0.9755,2.071689,1d_transect
10,2026-03-28 23:00:00,0.8414,13.33,264.2,False,0.4138,10.53,311.3,False,,,,,0.4376,0.9377,2.142843,1d_transect
10,2026-03-29 02:00:00,0.837,13.33,258.4,False,0.3531,10.53,306.1,False,,,,,0.4795,0.9084,1.894502,1d_transect
10,2026-03-29 05:00:00,0.7817,13.33,260.0,False,0.3087,9.87,307.9,False,,,,,0.4672,0.8405,1.799013,1d_transect
10,2026-03-29 08:00:00,0.7612,13.33,260.6,False,0.2878,9.87,306.2,False,,,,,0.47,0.8138,1.731602,1d_transect
10,2026-03-29 11:00:00,0.993,13.33,260.8,False,0.356,9.87,307.2,False,,,,,0.4616,1.0549,2.285376,1d_transect
10,2026-03-29 14:00:00,0.9366,13.33,265.3,False,0.3617,9.87,306.3,False,,,,,0.3977,1.004,2.524872,1d_transect
10,2026-03-29 17:00:00,0.9056,13.33,266.3,False,0.3314,9.87,306.8,False,,,,,0.39,0.9643,2.472562,1d_transect
10,2026-03-29 20:00:00,0.8955,13.33,264.5,False,0.2468,9.09,305.8,False,,,,,0.4783,0.9289,1.942291,1d_transect
10,2026-03-29 23:00:00,0.8528,12.5,268.4,False,0.2609,9.09,306.8,False,0.1101,3.7,319.0,True,0.3851,0.8986,2.33314,1d_transect
10,2026-03-30 02:00:00,0.8429,12.5,264.4,False,0.2331,9.09,308.0,False,,,,,0.4285,0.8746,2.041159,1d_transect
10,2026-03-30 05:00:00,0.8071,12.5,266.0,False,0.2355,9.09,309.2,False,,,,,0.3922,0.8408,2.143856,1d_transect
10,2026-03-30 08:00:00,0.7857,12.5,266.2,False,0.1474,9.09,308.0,False,0.1628,5.88,316.2,True,0.3771,0.8158,2.163376,1d_transect
10,2026-03-30 11:00:00,0.7721,12.5,267.3,False,0.1321,9.09,309.2,False,0.1344,5.56,314.6,True,0.386,0.7948,2.058813,1d_transect
10,2026-03-30 14:00:00,0.7468,12.5,268.9,False,0.1251,9.09,307.9,False,0.1181,5.56,315.6,True,0.3688,0.7664,2.077978,1d_transect
10,2026-03-30 17:00:00,0.5308,15.38,232.6,False,0.4691,11.76,275.9,False,0.1618,9.09,309.4,False,0.3538,0.7266,2.053544,1d_transect
10,2026-03-30 20:00:00,0.5941,15.38,233.8,False,0.3266,11.11,286.5,False,0.1515,8.33,308.7,False,0.3212,0.6947,2.16293,1d_transect
10,2026-03-30 23:00:00,0.5883,15.38,235.4,False,0.3048,11.11,288.1,False,0.1386,8.33,308.9,False,0.3133,0.6769,2.160305,1d_transect
10,2026-03-31 02:00:00,0.5671,15.38,242.8,False,0.2257,11.11,287.6,False,0.1536,8.33,300.5,False,0.3476,0.6294,1.810594,1d_transect
10,2026-03-31 05:00:00,0.7149,14.29,245.3,False,0.2076,11.11,292.9,False,0.1741,8.33,295.7,False,0.342,0.7645,2.235173,1d_transect
10,2026-03-31 08:00:00,0.6852,14.29,246.6,False,0.1483,11.11,295.5,False,0.2302,8.33,294.6,False,0.3531,0.7379,2.089706,1d_transect
10,2026-03-31 11:00:00,0.8022,14.29,242.4,False,0.2073,11.11,291.3,False,0.1395,8.33,295.3,False,0.417,0.8402,2.014844,1d_transect
10,2026-03-31 14:00:00,0.7146,14.29,245.5,False,0.3189,7.69,278.5,False,0.1218,11.11,303.6,False,0.4136,0.792,1.914947,1d_transect
9,2026-03-25 02:00:00,0.4387,18.18,230.8,False,0.2645,12.5,258.2,False,0.0504,4.0,286.7,True,1.1223,0.5147,0.458587,1d_transect
9,2026-03-25 05:00:00,0.312,18.18,232.4,False,0.2274,12.5,258.5,False,0.0191,4.17,297.1,True,1.1129,0.3866,0.347347,1d_transect
9,2026-03-25 08:00:00,0.3035,16.67,233.2,False,0.2154,13.33,262.4,False,0.0264,4.0,291.8,True,1.1256,0.3731,0.331506,1d_transect
9,2026-03-25 11:00:00,0.2915,16.67,236.1,False,0.2391,13.33,263.4,False,0.0259,4.35,298.0,True,1.1505,0.3779,0.328421,1d_transect
9,2026-03-25 14:00:00,0.3084,16.67,228.9,False,0.2672,13.33,262.3,False,0.0303,4.76,295.0,True,1.2573,0.4092,0.325454,1d_transect
9,2026-03-25 17:00:00,0.3348,16.67,228.7,False,0.3036,13.33,262.3,False,0.0712,5.56,292.3,True,1.281,0.4575,0.357171,1d_transect
9,2026-03-25 20:00:00,0.3951,16.67,228.6,False,0.3616,13.33,261.1,False,0.1799,6.67,285.6,False,1.2919,0.565,0.437342,1d_transect
9,2026-03-25 23:00:00,0.3405,16.67,228.3,False,0.1903,12.5,266.3,False,0.3043,7.69,283.3,False,1.2317,0.4947,0.40163,1d_transect
9,2026-03-26 02:00:00,0.3291,16.67,230.5,False,0.4406,9.09,277.9,False,,,,,1.4357,0.55,0.38305,1d_transect
9,2026-03-26 05:00:00,0.2641,15.38,244.1,False,0.5044,9.87,276.6,False,,,,,1.3486,0.5694,0.422208,1d_transect
9,2026-03-26 08:00:00,0.5319,9.87,274.0,False,0.2111,15.38,241.7,False,,,,,1.5514,0.5722,0.368841,1d_transect
9,2026-03-26 11:00:00,0.2332,15.38,241.5,False,0.4881,10.53,276.5,False,,,,,1.2519,0.5409,0.4321,1d_transect
9,2026-03-26 14:00:00,0.504,10.53,270.3,False,,,,,,,,,1.2881,0.504,0.391288,1d_transect
9,2026-03-26 17:00:00,0.4706,10.53,276.5,False,,,,,,,,,0.9689,0.4706,0.485729,1d_transect
9,2026-03-26 20:00:00,0.4447,10.53,271.0,False,,,,,,,,,1.0961,0.4447,0.405715,1d_transect
9,2026-03-26 23:00:00,0.4308,10.53,276.4,False,,,,,,,,,0.8772,0.4308,0.491091,1d_transect
9,2026-03-27 02:00:00,0.4265,10.53,270.2,False,,,,,,,,,0.5637,0.4265,0.756567,1d_transect
9,2026-03-27 05:00:00,0.419,11.76,270.9,False,,,,,,,,,0.5679,0.419,0.737806,1d_transect
9,2026-03-27 08:00:00,0.4064,10.53,268.9,False,,,,,,,,,0.6261,0.4064,0.649142,1d_transect
9,2026-03-27 11:00:00,0.2353,18.18,231.7,False,0.3171,10.53,276.1,False,,,,,0.4946,0.3949,0.798308,1d_transect
9,2026-03-27 14:00:00,0.3897,10.53,271.9,False,,,,,,,,,0.4943,0.3897,0.78835,1d_transect
9,2026-03-27 17:00:00,0.3788,10.53,275.8,False,,,,,,,,,0.4093,0.3788,0.925504,1d_transect
9,2026-03-27 20:00:00,0.5263,11.76,269.4,False,,,,,,,,,0.6331,0.5263,0.831264,1d_transect
9,2026-03-27 23:00:00,0.4069,12.5,266.2,False,0.3445,10.53,276.5,False,,,,,0.8912,0.5331,0.598242,1d_transect
9,2026-03-28 02:00:00,0.4058,12.5,264.6,False,0.3594,10.53,271.3,False,,,,,1.0768,0.542,0.503377,1d_transect
9,2026-03-28 05:00:00,0.4241,12.5,265.1,False,0.3641,10.53,276.8,False,,,,,0.9318,0.5589,0.59984,1d_transect
9,2026-03-28 08:00:00,0.3059,14.29,249.0,False,0.2801,12.5,265.0,False,0.34,10.53,271.7,False,1.175,0.5363,0.456485,1d_transect
9,2026-03-28 11:00:00,0.3296,14.29,250.4,False,0.2783,12.5,265.1,False,0.3235,10.53,277.2,False,1.0009,0.5392,0.53875,1d_transect
9,2026-03-28 14:00:00,0.3323,12.5,265.9,False,0.4146,10.53,266.7,False,,,,,1.0456,0.5313,0.50812,1d_transect
9,2026-03-28 17:00:00,0.4504,13.33,249.2,False,0.2491,10.53,276.4,False,,,,,1.0873,0.5147,0.47341,1d_transect
9,2026-03-28 20:00:00,0.3959,13.33,250.0,False,0.3,10.53,265.7,False,,,,,1.1551,0.4968,0.430048,1d_transect
9,2026-03-28 23:00:00,0.4187,13.33,251.4,False,0.2324,9.87,277.6,False,,,,,0.9452,0.4788,0.50662,1d_transect
9,2026-03-29 02:00:00,0.3722,13.33,247.6,False,0.2607,9.87,249.6,False,0.1175,7.69,280.8,False,1.1013,0.4694,0.426222,1d_transect
9,2026-03-29 05:00:00,0.5714,13.33,248.0,False,0.1713,9.87,277.9,False,0.1348,7.69,286.4,False,0.9216,0.6116,0.663631,1d_transect
9,2026-03-29 08:00:00,0.4383,13.33,247.3,False,0.3096,9.87,247.2,False,0.1361,6.25,277.8,False,1.0763,0.5536,0.514349,1d_transect
9,2026-03-29 11:00:00,0.4958,13.33,245.7,False,0.1492,9.87,277.1,False,0.0905,6.25,285.4,False,0.893,0.5256,0.588578,1d_transect
9,2026-03-29 14:00:00,0.428,13.33,249.9,False,0.1137,18.18,228.4,False,0.2455,9.87,249.1,False,0.9927,0.5064,0.510068,1d_transect
9,2026-03-29 17:00:00,0.4584,13.33,249.3,False,0.1355,18.18,227.9,False,0.1133,9.87,277.0,False,0.8869,0.4912,0.553851,1d_transect
9,2026-03-29 20:00:00,0.43,13.33,248.0,False,0.135,18.18,227.9,False,0.1734,9.09,256.1,False,0.9362,0.4829,0.515751,1d_transect
9,2026-03-29 23:00:00,0.4191,12.5,247.3,False,0.1652,18.18,231.3,False,0.0745,9.09,280.6,False,0.8728,0.4566,0.523184,1d_transect
9,2026-03-30 02:00:00,0.4025,12.5,247.7,False,0.1699,18.18,232.0,False,0.0687,9.09,280.2,False,0.8508,0.4423,0.519879,1d_transect
9,2026-03-30 05:00:00,0.394,12.5,247.2,False,0.1634,18.18,231.8,False,0.0443,4.76,294.4,True,0.9002,0.4288,0.476411,1d_transect
9,2026-03-30 08:00:00,0.3729,12.5,245.5,False,0.1736,16.67,230.8,False,0.0245,4.76,295.4,True,0.8802,0.412,0.468102,1d_transect
9,2026-03-30 11:00:00,0.3219,12.5,242.4,False,0.1778,16.67,231.3,False,0.0239,4.55,294.4,True,0.9072,0.3685,0.406195,1d_transect
9,2026-03-30 14:00:00,0.1774,16.67,232.0,False,0.3,12.5,238.2,False,0.0183,4.35,294.1,True,0.9178,0.349,0.380288,1d_transect
9,2026-03-30 17:00:00,0.1794,16.67,232.7,False,0.2814,11.76,234.8,False,0.0142,4.17,294.5,True,0.9142,0.334,0.365327,1d_transect
9,2026-03-30 20:00:00,0.1847,16.67,233.3,False,0.2656,11.76,230.8,False,0.0116,4.0,294.3,True,0.8972,0.3237,0.360819,1d_transect
9,2026-03-30 23:00:00,0.2095,16.67,234.1,False,0.2821,11.76,227.1,False,0.0283,2.94,283.0,True,0.888,0.3525,0.39699,1d_transect
9,2026-03-31 02:00:00,0.2384,16.67,235.3,False,0.2267,11.76,224.4,False,0.1076,8.33,242.6,False,0.8056,0.3461,0.429609,1d_transect
9,2026-03-31 05:00:00,0.2649,15.38,234.7,False,0.2345,11.76,223.7,False,0.0669,8.33,266.3,False,0.8335,0.36,0.431937,1d_transect
9,2026-03-31 08:00:00,0.2635,15.38,235.9,False,0.2073,11.76,226.1,False,0.1289,7.69,245.9,False,0.8231,0.3592,0.436396,1d_transect
9,2026-03-31 11:00:00,0.2664,15.38,236.1,False,0.2437,11.76,225.4,False,0.0526,3.03,223.8,True,0.878,0.3649,0.415568,1d_transect
9,2026-03-31 14:00:00,0.3018,15.38,237.1,False,0.2069,11.76,225.0,False,0.1439,7.69,243.7,False,0.8581,0.3932,0.458229,1d_transect
8,2026-03-25 02:00:00,0.6604,18.18,230.8,False,0.4955,12.5,258.2,False,0.2614,4.0,286.7,True,1.8555,0.866,0.466707,1d_transect
8,2026-03-25 05:00:00,0.6397,18.18,232.4,False,0.5803,12.5,258.5,False,0.2544,4.17,297.1,True,1.8701,0.9003,0.481449,1d_transect
8,2026-03-25 08:00:00,0.5334,16.67,233.2,False,0.5496,13.33,262.4,False,0.2234,4.0,291.8,True,1.9631,0.7978,0.406413,1d_transect
8,2026-03-25 11:00:00,0.5425,16.67,236.1,False,0.6206,13.33,263.4,False,0.3094,4.35,298.0,True,2.1496,0.8804,0.40958,1d_transect
8,2026-03-25 14:00:00,0.5558,16.67,228.9,False,0.7224,13.33,262.3,False,0.3775,4.76,295.0,True,2.3335,0.9865,0.422755,1d_transect
8,2026-03-25 17:00:00,0.5823,16.67,228.7,False,0.7923,13.33,262.3,False,0.6163,5.56,292.3,True,2.5912,1.1604,0.447835,1d_transect
8,2026-03-25 20:00:00,0.6,16.67,228.6,False,0.8238,13.33,261.1,False,1.0274,6.67,285.6,False,3.0226,1.4472,0.478791,1d_transect
8,2026-03-25 23:00:00,0.5078,16.67,228.3,False,1.3169,7.69,283.3,False,0.4836,12.5,266.3,False,3.455,1.492,0.431833,1d_transect
8,2026-03-26 02:00:00,0.5008,16.67,230.5,False,1.5718,9.09,277.9,False,,,,,4.057,1.6497,0.406632,1d_transect
8,2026-03-26 05:00:00,1.6521,9.87,276.6,False,0.3965,15.38,244.1,False,,,,,4.1292,1.699,0.411453,1d_transect
8,2026-03-26 08:00:00,1.6585,9.87,274.0,False,0.3648,15.38,241.7,False,,,,,4.1028,1.6981,0.413892,1d_transect
8,2026-03-26 11:00:00,1.6399,10.53,276.5,False,0.3567,15.38,241.5,False,,,,,3.9124,1.6782,0.428942,1d_transect
8,2026-03-26 14:00:00,1.5666,10.53,270.3,False,,,,,,,,,3.6029,1.5666,0.43483,1d_transect
8,2026-03-26 17:00:00,1.4504,10.53,276.5,False,,,,,,,,,3.2794,1.4504,0.442277,1d_transect
8,2026-03-26 20:00:00,1.3595,10.53,271.0,False,,,,,,,,,3.0659,1.3595,0.443411,1d_transect
8,2026-03-26 23:00:00,1.3271,10.53,276.4,False,,,,,,,,,2.9689,1.3271,0.447007,1d_transect
8,2026-03-27 02:00:00,1.3239,10.53,270.2,False,,,,,,,,,1.5767,1.3239,0.839669,1d_transect
8,2026-03-27 05:00:00,1.2434,11.76,270.9,False,,,,,,,,,1.5811,1.2434,0.78641,1d_transect
8,2026-03-27 08:00:00,1.1791,10.53,268.9,False,,,,,,,,,1.4649,1.1791,0.804915,1d_transect
8,2026-03-27 11:00:00,1.0691,10.53,276.1,False,0.3468,18.18,231.7,False,,,,,1.4133,1.1239,0.795261,1d_transect
8,2026-03-27 14:00:00,1.0965,10.53,271.9,False,,,,,,,,,1.3826,1.0965,0.793111,1d_transect
8,2026-03-27 17:00:00,1.0784,10.53,275.8,False,,,,,,,,,1.3853,1.0784,0.77849,1d_transect
8,2026-03-27 20:00:00,1.0877,11.76,269.4,False,,,,,,,,,1.4879,1.0877,0.731042,1d_transect
8,2026-03-27 23:00:00,0.7141,12.5,266.2,False,0.8658,10.53,276.5,False,,,,,2.5264,1.1223,0.444244,1d_transect
8,2026-03-28 02:00:00,0.8574,12.5,264.6,False,1.0303,10.53,271.3,False,,,,,2.5979,1.3404,0.51596,1d_transect
8,2026-03-28 05:00:00,0.8677,12.5,265.1,False,1.0666,10.53,276.8,False,,,,,2.6481,1.375,0.519216,1d_transect
8,2026-03-28 08:00:00,1.0898,10.53,271.7,False,0.5629,14.29,249.0,False,0.6617,12.5,265.0,False,2.6644,1.3937,0.523072,1d_transect
8,2026-03-28 11:00:00,1.0359,10.53,277.2,False,0.5387,14.29,250.4,False,0.6225,12.5,265.1,False,2.5957,1.3231,0.509752,1d_transect
8,2026-03-28 14:00:00,0.8022,12.5,265.9,False,0.9909,10.53,266.7,False,,,,,2.4561,1.2749,0.519068,1d_transect
8,2026-03-28 17:00:00,0.7757,13.33,249.2,False,0.9199,10.53,276.4,False,,,,,2.3298,1.2033,0.516476,1d_transect
8,2026-03-28 20:00:00,0.8675,13.33,250.0,False,0.9743,10.53,265.7,False,,,,,2.1856,1.3045,0.596879,1d_transect
8,2026-03-28 23:00:00,0.8288,13.33,251.4,False,0.9095,9.87,277.6,False,,,,,2.0853,1.2305,0.590058,1d_transect
8,2026-03-29 02:00:00,0.8306,13.33,247.6,False,0.559,9.87,249.6,False,0.6688,7.69,280.8,False,1.9983,1.204,0.60251,1d_transect
8,2026-03-29 05:00:00,0.8239,13.33,248.0,False,0.526,9.87,277.9,False,0.6542,7.69,286.4,False,1.9403,1.1762,0.606186,1d_transect
8,2026-03-29 08:00:00,0.7628,13.33,247.3,False,0.5176,9.87,247.2,False,0.4885,6.25,277.8,False,1.8397,1.0433,0.567106,1d_transect
8,2026-03-29 11:00:00,0.7283,13.33,245.7,False,0.4665,9.87,277.1,False,0.439,6.25,285.4,False,1.7711,0.9699,0.547648,1d_transect
8,2026-03-29 14:00:00,0.7831,13.33,249.9,False,0.1878,18.18,228.4,False,0.4315,9.87,249.1,False,1.5455,0.9136,0.591116,1d_transect
8,2026-03-29 17:00:00,0.7429,13.33,249.3,False,0.1984,18.18,227.9,False,0.3908,9.87,277.0,False,1.5168,0.8625,0.568656,1d_transect
8,2026-03-29 20:00:00,0.7131,13.33,248.0,False,0.2023,18.18,227.9,False,0.3302,9.09,256.1,False,1.4975,0.8114,0.541868,1d_transect
8,2026-03-29 23:00:00,0.6727,12.5,247.3,False,0.2524,18.18,231.3,False,0.3168,9.09,280.6,False,1.4536,0.7852,0.540212,1d_transect
8,2026-03-30 02:00:00,0.872,12.5,247.7,False,0.3502,18.18,232.0,False,0.3947,9.09,280.2,False,1.4068,1.0192,0.724488,1d_transect
8,2026-03-30 05:00:00,0.7703,12.5,247.2,False,0.3039,18.18,231.8,False,0.3852,4.76,294.4,True,1.5243,0.9133,0.599163,1d_transect
8,2026-03-30 08:00:00,0.706,12.5,245.5,False,0.3031,16.67,230.8,False,0.2865,4.76,295.4,True,1.4381,0.82,0.570238,1d_transect
8,2026-03-30 11:00:00,0.6297,12.5,242.4,False,0.34,16.67,231.3,False,0.2198,4.55,294.4,True,1.3818,0.7486,0.541763,1d_transect
8,2026-03-30 14:00:00,0.3512,16.67,232.0,False,0.5836,12.5,238.2,False,0.1743,4.35,294.1,True,1.3389,0.7031,0.525112,1d_transect
8,2026-03-30 17:00:00,0.35,16.67,232.7,False,0.5224,11.76,234.8,False,0.1333,4.17,294.5,True,1.2928,0.6427,0.497187,1d_transect
8,2026-03-30 20:00:00,0.3298,16.67,233.3,False,0.4512,11.76,230.8,False,0.0998,4.0,294.3,True,1.2634,0.5677,0.449362,1d_transect
8,2026-03-30 23:00:00,0.3066,16.67,234.1,False,0.3855,11.76,227.1,False,0.1122,2.94,283.0,True,1.2465,0.5052,0.405262,1d_transect
8,2026-03-31 02:00:00,0.5087,16.67,235.3,False,0.4236,11.76,224.4,False,0.2148,8.33,242.6,False,1.1332,0.696,0.614168,1d_transect
8,2026-03-31 05:00:00,0.4802,15.38,234.7,False,0.3935,11.76,223.7,False,0.1988,8.33,266.3,False,1.1758,0.6519,0.554395,1d_transect
8,2026-03-31 08:00:00,0.5013,15.38,235.9,False,0.3596,11.76,226.1,False,0.2502,7.69,245.9,False,1.1773,0.6658,0.565504,1d_transect
8,2026-03-31 11:00:00,0.6127,15.38,236.1,False,0.511,11.76,225.4,False,0.1042,3.03,223.8,True,1.2359,0.8046,0.651023,1d_transect
8,2026-03-31 14:00:00,0.6921,15.38,237.1,False,0.4326,11.76,225.0,False,0.3117,7.69,243.7,False,1.2208,0.8737,0.715681,1d_transect
7,2026-03-25 02:00:00,0.2914,18.18,230.8,False,0.3541,12.5,258.2,False,0.3037,4.0,286.7,True,0.8062,0.55,0.682194,1d_transect
7,2026-03-25 05:00:00,0.2736,18.18,232.4,False,0.402,12.5,258.5,False,0.2955,4.17,297.1,True,0.8341,0.569,0.68213,1d_transect
7,2026-03-25 08:00:00,0.4704,13.33,262.4,False,0.2411,16.67,233.2,False,0.2877,4.0,291.8,True,0.9282,0.6018,0.64836,1d_transect
7,2026-03-25 11:00:00,0.4897,13.33,263.4,False,0.2567,16.67,236.1,False,0.3732,4.35,298.0,True,1.1071,0.6671,0.602549,1d_transect
7,2026-03-25 14:00:00,0.5608,13.33,262.3,False,0.1994,16.67,228.9,False,0.4479,4.76,295.0,True,1.2176,0.7449,0.611781,1d_transect
7,2026-03-25 17:00:00,0.5568,13.33,262.3,False,0.1892,16.67,228.7,False,0.6518,5.56,292.3,True,1.4962,0.8779,0.586721,1d_transect
7,2026-03-25 20:00:00,0.5007,13.33,261.1,False,0.1686,16.67,228.6,False,0.9173,6.67,285.6,False,1.9512,1.0586,0.542509,1d_transect
7,2026-03-25 23:00:00,1.1747,7.69,283.3,False,0.3303,12.5,266.3,False,0.1474,16.67,228.3,False,2.4317,1.2291,0.505468,1d_transect
7,2026-03-26 02:00:00,1.3389,9.09,277.9,False,0.1741,16.67,230.5,False,,,,,2.7069,1.3502,0.498792,1d_transect
7,2026-03-26 05:00:00,1.3932,9.87,276.6,False,0.1726,15.38,244.1,False,,,,,2.8095,1.4039,0.499687,1d_transect
7,2026-03-26 08:00:00,1.4131,9.87,274.0,False,0.1752,15.38,241.7,False,,,,,2.5683,1.4239,0.554426,1d_transect
7,2026-03-26 11:00:00,1.3553,10.53,276.5,False,0.1525,15.38,241.5,False,,,,,2.6657,1.3638,0.511626,1d_transect
7,2026-03-26 14:00:00,1.2753,10.53,270.3,False,,,,,,,,,2.2866,1.2753,0.557755,1d_transect
7,2026-03-26 17:00:00,1.1796,10.53,276.5,False,,,,,,,,,2.2723,1.1796,0.519105,1d_transect
7,2026-03-26 20:00:00,1.1026,10.53,271.0,False,,,,,,,,,1.9458,1.1026,0.566646,1d_transect
7,2026-03-26 23:00:00,1.0755,10.53,276.4,False,,,,,,,,,2.0571,1.0755,0.52284,1d_transect
7,2026-03-27 02:00:00,1.0743,10.53,270.2,False,,,,,,,,,1.0007,1.0743,1.073566,1d_transect
7,2026-03-27 05:00:00,1.0509,11.76,270.9,False,,,,,,,,,1.0045,1.0509,1.046201,1d_transect
7,2026-03-27 08:00:00,0.9957,10.53,268.9,False,,,,,,,,,0.8491,0.9957,1.172584,1d_transect
7,2026-03-27 11:00:00,0.9351,10.53,276.1,False,0.1321,18.18,231.7,False,,,,,0.9407,0.9444,1.003895,1d_transect
7,2026-03-27 14:00:00,0.9155,10.53,271.9,False,,,,,,,,,0.8774,0.9155,1.043359,1d_transect
7,2026-03-27 17:00:00,0.8964,10.53,275.8,False,,,,,,,,,0.9599,0.8964,0.933929,1d_transect
7,2026-03-27 20:00:00,0.9039,11.76,269.4,False,,,,,,,,,0.8657,0.9039,1.044079,1d_transect
7,2026-03-27 23:00:00,0.7625,10.53,276.5,False,0.5296,12.5,266.2,False,,,,,1.6443,0.9284,0.564607,1d_transect
7,2026-03-28 02:00:00,0.7776,10.53,271.3,False,0.545,12.5,264.6,False,,,,,1.5476,0.9496,0.613596,1d_transect
7,2026-03-28 05:00:00,0.8051,10.53,276.8,False,0.5516,12.5,265.1,False,,,,,1.7254,0.976,0.565658,1d_transect
7,2026-03-28 08:00:00,0.8452,10.53,271.7,False,0.4322,12.5,265.0,False,0.2756,14.29,249.0,False,1.5465,0.9885,0.639184,1d_transect
7,2026-03-28 11:00:00,0.8364,10.53,277.2,False,0.4232,12.5,265.1,False,0.2797,14.29,250.4,False,1.6469,0.9782,0.593977,1d_transect
7,2026-03-28 14:00:00,0.5941,12.5,265.9,False,0.7289,10.53,266.7,False,,,,,1.4275,0.9403,0.658731,1d_transect
7,2026-03-28 17:00:00,0.7963,10.53,276.4,False,0.3885,13.33,249.2,False,,,,,1.3731,0.886,0.645275,1d_transect
7,2026-03-28 20:00:00,0.7072,10.53,265.7,False,0.4354,13.33,250.0,False,,,,,1.1111,0.8304,0.747376,1d_transect
7,2026-03-28 23:00:00,0.3982,13.33,251.4,False,0.6814,9.87,277.6,False,,,,,1.2397,0.7892,0.636638,1d_transect
7,2026-03-29 02:00:00,0.3968,13.33,247.6,False,0.6074,7.69,280.8,False,0.2729,9.87,249.6,False,1.0795,0.7751,0.718068,1d_transect
7,2026-03-29 05:00:00,0.3483,13.33,248.0,False,0.3851,9.87,277.9,False,0.5404,7.69,286.4,False,1.1724,0.7494,0.639204,1d_transect
7,2026-03-29 08:00:00,0.4207,13.33,247.3,False,0.2917,9.87,247.2,False,0.4728,6.25,277.8,False,0.8932,0.6969,0.780189,1d_transect
7,2026-03-29 11:00:00,0.3387,13.33,245.7,False,0.3759,9.87,277.1,False,0.4013,6.25,285.4,False,1.0164,0.6458,0.63537,1d_transect
7,2026-03-29 14:00:00,0.5242,13.33,249.9,False,0.2952,9.87,249.1,False,0.0848,18.18,228.4,False,0.6154,0.6075,0.987198,1d_transect
7,2026-03-29 17:00:00,0.4205,13.33,249.3,False,0.3832,9.87,277.0,False,0.0757,18.18,227.9,False,0.7147,0.574,0.803035,1d_transect
7,2026-03-29 20:00:00,0.4656,13.33,248.0,False,0.0891,18.18,227.9,False,0.2632,9.09,256.1,False,0.6143,0.5422,0.882579,1d_transect
7,2026-03-29 23:00:00,0.3856,12.5,247.3,False,0.1085,18.18,231.3,False,0.3413,9.09,280.6,False,0.6844,0.5263,0.769029,1d_transect
7,2026-03-30 02:00:00,0.3922,12.5,247.7,False,0.1181,18.18,232.0,False,0.3337,9.09,280.2,False,0.6529,0.5283,0.809182,1d_transect
7,2026-03-30 05:00:00,0.3466,12.5,247.2,False,0.1025,18.18,231.8,False,0.3474,4.76,294.4,True,0.7489,0.5013,0.669458,1d_transect
7,2026-03-30 08:00:00,0.3406,12.5,245.5,False,0.1029,16.67,230.8,False,0.2814,4.76,295.4,True,0.6641,0.4536,0.683081,1d_transect
7,2026-03-30 11:00:00,0.3098,12.5,242.4,False,0.1326,16.67,231.3,False,0.2442,4.55,294.4,True,0.5582,0.4162,0.745557,1d_transect
7,2026-03-30 14:00:00,0.2821,12.5,238.2,False,0.1549,16.67,232.0,False,0.219,4.35,294.1,True,0.4763,0.3892,0.817198,1d_transect
7,2026-03-30 17:00:00,0.1819,16.67,232.7,False,0.2507,11.76,234.8,False,0.1973,4.17,294.5,True,0.4027,0.3673,0.911985,1d_transect
7,2026-03-30 20:00:00,0.1901,16.67,233.3,False,0.2402,11.76,230.8,False,0.1639,4.0,294.3,True,0.38,0.3474,0.914122,1d_transect
7,2026-03-30 23:00:00,0.1932,16.67,234.1,False,0.186,11.76,227.1,False,0.1929,2.94,283.0,True,0.3666,0.3303,0.900978,1d_transect
7,2026-03-31 02:00:00,0.2696,16.67,235.3,False,0.1234,11.76,224.4,False,0.1313,8.33,242.6,False,0.3204,0.3243,1.011876,1d_transect
7,2026-03-31 05:00:00,0.2144,15.38,234.7,False,0.1125,11.76,223.7,False,0.1874,8.33,266.3,False,0.3416,0.3061,0.896209,1d_transect
7,2026-03-31 08:00:00,0.2471,15.38,235.9,False,0.1216,11.76,226.1,False,0.1616,7.69,245.9,False,0.3624,0.3193,0.881005,1d_transect
7,2026-03-31 11:00:00,0.2848,15.38,236.1,False,0.1629,11.76,225.4,False,0.0282,3.03,223.8,True,0.3443,0.3293,0.956312,1d_transect
7,2026-03-31 14:00:00,0.2973,15.38,237.1,False,0.1275,11.76,225.0,False,0.1582,7.69,243.7,False,0.3706,0.3601,0.971709,1d_transect
6,2026-03-25 02:00:00,0.4026,18.18,230.8,False,0.4184,12.5,258.2,False,0.2598,4.0,286.7,True,1.0613,0.6361,0.599412,1d_transect
6,2026-03-25 05:00:00,0.3783,18.18,232.4,False,0.4753,12.5,258.5,False,0.2407,4.17,297.1,True,1.0895,0.6534,0.59977,1d_transect
6,2026-03-25 08:00:00,0.3663,16.67,233.2,False,0.5284,13.33,262.4,False,0.245,4.0,291.8,True,1.1829,0.6881,0.581654,1d_transect
6,2026-03-25 11:00:00,0.3857,16.67,236.1,False,0.5775,13.33,263.4,False,0.3256,4.35,298.0,True,1.3517,0.767,0.567458,1d_transect
6,2026-03-25 14:00:00,0.682,13.33,262.3,False,0.3477,16.67,228.9,False,0.4031,4.76,295.0,True,1.456,0.8652,0.594208,1d_transect
6,2026-03-25 17:00:00,0.7206,13.33,262.3,False,0.351,16.67,228.7,False,0.6396,5.56,292.3,True,1.6911,1.0254,0.606371,1d_transect
6,2026-03-25 20:00:00,0.6878,13.33,261.1,False,0.3319,16.67,228.6,False,0.9715,6.67,285.6,False,2.0767,1.2357,0.595056,1d_transect
6,2026-03-25 23:00:00,0.3039,16.67,228.3,False,1.3301,7.69,283.3,False,0.4522,12.5,266.3,False,2.4763,1.4374,0.580459,1d_transect
6,2026-03-26 02:00:00,1.5431,9.09,277.9,False,0.3368,16.67,230.5,False,,,,,2.7714,1.5794,0.569907,1d_transect
6,2026-03-26 05:00:00,1.6167,9.87,276.6,False,0.3039,15.38,244.1,False,,,,,2.8617,1.6451,0.574854,1d_transect
6,2026-03-26 08:00:00,1.6487,9.87,274.0,False,0.2814,15.38,241.7,False,,,,,2.8736,1.6725,0.582036,1d_transect
6,2026-03-26 11:00:00,1.58,10.53,276.5,False,0.2703,15.38,241.5,False,,,,,2.705,1.603,0.59261,1d_transect
6,2026-03-26 14:00:00,1.4984,10.53,270.3,False,,,,,,,,,2.5359,1.4984,0.590883,1d_transect
6,2026-03-26 17:00:00,1.3839,10.53,276.5,False,,,,,,,,,2.2871,1.3839,0.605091,1d_transect
6,2026-03-26 20:00:00,1.2905,10.53,271.0,False,,,,,,,,,2.158,1.2905,0.598006,1d_transect
6,2026-03-26 23:00:00,1.2575,10.53,276.4,False,,,,,,,,,2.0706,1.2575,0.607297,1d_transect
6,2026-03-27 02:00:00,1.2559,10.53,270.2,False,,,,,,,,,1.1098,1.2559,1.13164,1d_transect
6,2026-03-27 05:00:00,1.2278,11.76,270.9,False,,,,,,,,,1.1128,1.2278,1.103334,1d_transect
6,2026-03-27 08:00:00,1.1643,10.53,268.9,False,,,,,,,,,1.0412,1.1643,1.11827,1d_transect
6,2026-03-27 11:00:00,1.0794,10.53,276.1,False,0.2383,18.18,231.7,False,,,,,0.9601,1.1054,1.151305,1d_transect
6,2026-03-27 14:00:00,1.0696,10.53,271.9,False,,,,,,,,,0.9731,1.0696,1.099174,1d_transect
6,2026-03-27 17:00:00,1.0411,10.53,275.8,False,,,,,,,,,0.9661,1.0411,1.07757,1d_transect
6,2026-03-27 20:00:00,1.0441,11.76,269.4,False,,,,,,,,,1.0466,1.0441,0.997641,1d_transect
6,2026-03-27 23:00:00,0.6819,12.5,266.2,False,0.8289,10.53,276.5,False,,,,,1.7602,1.0734,0.609796,1d_transect
6,2026-03-28 02:00:00,0.6906,12.5,264.6,False,0.8574,10.53,271.3,False,,,,,1.8048,1.101,0.610012,1d_transect
6,2026-03-28 05:00:00,0.7146,12.5,265.1,False,0.8807,10.53,276.8,False,,,,,1.845,1.1342,0.614724,1d_transect
6,2026-03-28 08:00:00,0.9299,10.53,271.7,False,0.5465,12.5,265.0,False,0.3982,14.29,249.0,False,1.8132,1.1498,0.634108,1d_transect
6,2026-03-28 11:00:00,0.9085,10.53,277.2,False,0.5445,12.5,265.1,False,0.4158,14.29,250.4,False,1.7751,1.1379,0.641001,1d_transect
6,2026-03-28 14:00:00,0.6793,12.5,265.9,False,0.8572,10.53,266.7,False,,,,,1.7311,1.0937,0.631765,1d_transect
6,2026-03-28 17:00:00,0.5965,13.33,249.2,False,0.8404,10.53,276.4,False,,,,,1.5233,1.0306,0.676546,1d_transect
6,2026-03-28 20:00:00,0.5715,13.33,250.0,False,0.7772,10.53,265.7,False,,,,,1.4401,0.9647,0.669855,1d_transect
6,2026-03-28 23:00:00,0.5738,13.33,251.4,False,0.7115,9.87,277.6,False,,,,,1.387,0.914,0.659,1d_transect
6,2026-03-29 02:00:00,0.5623,13.33,247.6,False,0.3852,9.87,249.6,False,0.5795,7.69,280.8,False,1.2876,0.8946,0.694793,1d_transect
6,2026-03-29 05:00:00,0.5339,13.33,248.0,False,0.4067,9.87,277.9,False,0.5433,7.69,286.4,False,1.2905,0.8635,0.669094,1d_transect
6,2026-03-29 08:00:00,0.5557,13.33,247.3,False,0.3839,9.87,247.2,False,0.4358,6.25,277.8,False,1.1422,0.8038,0.703689,1d_transect
6,2026-03-29 11:00:00,0.5041,13.33,245.7,False,0.3853,9.87,277.1,False,0.3938,6.25,285.4,False,1.1565,0.7468,0.645714,1d_transect
6,2026-03-29 14:00:00,0.6071,13.33,249.9,False,0.1098,18.18,228.4,False,0.3405,9.87,249.1,False,0.9027,0.7047,0.780591,1d_transect
6,2026-03-29 17:00:00,0.5577,13.33,249.3,False,0.1123,18.18,227.9,False,0.35,9.87,277.0,False,0.9186,0.6679,0.727126,1d_transect
6,2026-03-29 20:00:00,0.5493,13.33,248.0,False,0.1175,18.18,227.9,False,0.2914,9.09,256.1,False,0.8901,0.6328,0.710953,1d_transect
6,2026-03-29 23:00:00,0.5127,12.5,247.3,False,0.1548,18.18,231.3,False,0.3036,9.09,280.6,False,0.8818,0.6156,0.698131,1d_transect
6,2026-03-30 02:00:00,0.5174,12.5,247.7,False,0.1673,18.18,232.0,False,0.2946,9.09,280.2,False,0.8483,0.6185,0.729032,1d_transect
6,2026-03-30 05:00:00,0.4759,12.5,247.2,False,0.1512,18.18,231.8,False,0.3093,4.76,294.4,True,0.9357,0.5874,0.62777,1d_transect
6,2026-03-30 08:00:00,0.4501,12.5,245.5,False,0.1572,16.67,230.8,False,0.2353,4.76,295.4,True,0.8625,0.5317,0.616456,1d_transect
6,2026-03-30 11:00:00,0.4043,12.5,242.4,False,0.1895,16.67,231.3,False,0.1957,4.55,294.4,True,0.7745,0.4875,0.629407,1d_transect
6,2026-03-30 14:00:00,0.3712,12.5,238.2,False,0.2073,16.67,232.0,False,0.1643,4.35,294.1,True,0.7056,0.4558,0.645949,1d_transect
6,2026-03-30 17:00:00,0.2256,16.67,232.7,False,0.3395,11.76,234.8,False,0.1372,4.17,294.5,True,0.6439,0.4301,0.667922,1d_transect
6,2026-03-30 20:00:00,0.2298,16.67,233.3,False,0.317,11.76,230.8,False,0.1111,4.0,294.3,True,0.6237,0.407,0.652575,1d_transect
6,2026-03-30 23:00:00,0.2324,16.67,234.1,False,0.2772,11.76,227.1,False,0.137,2.94,283.0,True,0.6042,0.3868,0.640151,1d_transect
6,2026-03-31 02:00:00,0.2918,16.67,235.3,False,0.2019,11.76,224.4,False,0.1346,8.33,242.6,False,0.5528,0.3795,0.686581,1d_transect
6,2026-03-31 05:00:00,0.2596,15.38,234.7,False,0.188,11.76,223.7,False,0.16,8.33,266.3,False,0.5766,0.3583,0.621304,1d_transect
6,2026-03-31 08:00:00,0.2832,15.38,235.9,False,0.1792,11.76,226.1,False,0.1661,7.69,245.9,False,0.6044,0.374,0.618811,1d_transect
6,2026-03-31 11:00:00,0.3071,15.38,236.1,False,0.2258,11.76,225.4,False,0.0467,3.03,223.8,True,0.6076,0.384,0.632022,1d_transect
6,2026-03-31 14:00:00,0.3384,15.38,237.1,False,0.1865,11.76,225.0,False,0.167,7.69,243.7,False,0.621,0.421,0.677891,1d_transect
5,2026-03-25 02:00:00,0.6435,18.18,230.8,False,0.5802,12.5,258.2,False,0.3478,4.0,286.7,True,1.0852,0.9337,0.860333,1d_transect
5,2026-03-25 05:00:00,0.6077,18.18,232.4,False,0.6624,12.5,258.5,False,0.3193,4.17,297.1,True,1.1026,0.9539,0.86514,1d_transect
5,2026-03-25 08:00:00,0.5994,16.67,233.2,False,0.7127,13.33,262.4,False,0.3247,4.0,291.8,True,1.1846,0.9862,0.832539,1d_transect
5,2026-03-25 11:00:00,0.6171,16.67,236.1,False,0.7834,13.33,263.4,False,0.4311,4.35,298.0,True,1.3301,1.0865,0.816843,1d_transect
5,2026-03-25 14:00:00,0.9323,13.33,262.3,False,0.5915,16.67,228.9,False,0.5377,4.76,295.0,True,1.4248,1.2281,0.861912,1d_transect
5,2026-03-25 17:00:00,0.9965,13.33,262.3,False,0.6041,16.67,228.7,False,0.8689,5.56,292.3,True,1.6335,1.4536,0.889889,1d_transect
5,2026-03-25 20:00:00,0.971,13.33,261.1,False,0.5832,16.67,228.6,False,1.3281,6.67,285.6,False,1.9579,1.7455,0.891534,1d_transect
5,2026-03-25 23:00:00,0.5483,16.67,228.3,False,1.8566,7.69,283.3,False,0.6366,12.5,266.3,False,2.2819,2.0379,0.893055,1d_transect
5,2026-03-26 02:00:00,2.1619,9.09,277.9,False,0.5948,16.67,230.5,False,,,,,2.5472,2.2423,0.880277,1d_transect
5,2026-03-26 05:00:00,2.2792,9.87,276.6,False,0.5143,15.38,244.1,False,,,,,2.6152,2.3365,0.893422,1d_transect
5,2026-03-26 08:00:00,2.3325,9.87,274.0,False,0.4748,15.38,241.7,False,,,,,2.6402,2.3803,0.90156,1d_transect
5,2026-03-26 11:00:00,2.2367,10.53,276.5,False,0.4617,15.38,241.5,False,,,,,2.4575,2.2839,0.929344,1d_transect
5,2026-03-26 14:00:00,2.1315,10.53,270.3,False,,,,,,,,,2.3051,2.1315,0.924689,1d_transect
5,2026-03-26 17:00:00,1.962,10.53,276.5,False,,,,,,,,,2.0646,1.962,0.950325,1d_transect
5,2026-03-26 20:00:00,1.8213,10.53,271.0,False,,,,,,,,,1.9615,1.8213,0.928499,1d_transect
5,2026-03-26 23:00:00,1.7691,10.53,276.4,False,,,,,,,,,1.8691,1.7691,0.946524,1d_transect
5,2026-03-27 02:00:00,1.763,10.53,270.2,False,,,,,,,,,1.0088,1.763,1.747658,1d_transect
5,2026-03-27 05:00:00,1.7187,11.76,270.9,False,,,,,,,,,1.0076,1.7187,1.705713,1d_transect
5,2026-03-27 08:00:00,1.6317,10.53,268.9,False,,,,,,,,,0.9537,1.6317,1.710829,1d_transect
5,2026-03-27 11:00:00,1.5003,10.53,276.1,False,0.4086,18.18,231.7,False,,,,,0.8771,1.5549,1.772706,1d_transect
5,2026-03-27 14:00:00,1.5077,10.53,271.9,False,,,,,,,,,0.8845,1.5077,1.70451,1d_transect
5,2026-03-27 17:00:00,1.4669,10.53,275.8,False,,,,,,,,,0.8721,1.4669,1.682006,1d_transect
5,2026-03-27 20:00:00,1.4664,11.76,269.4,False,,,,,,,,,0.9561,1.4664,1.53361,1d_transect
5,2026-03-27 23:00:00,0.9627,12.5,266.2,False,1.1543,10.53,276.5,False,,,,,1.5977,1.5031,0.940789,1d_transect
5,2026-03-28 02:00:00,0.9816,12.5,264.6,False,1.186,10.53,271.3,False,,,,,1.6584,1.5395,0.928296,1d_transect
5,2026-03-28 05:00:00,1.0065,12.5,265.1,False,1.2237,10.53,276.8,False,,,,,1.6745,1.5844,0.946185,1d_transect
5,2026-03-28 08:00:00,1.2633,10.53,271.7,False,0.6298,14.29,249.0,False,0.7628,12.5,265.0,False,1.693,1.6045,0.947731,1d_transect
5,2026-03-28 11:00:00,1.2413,10.53,277.2,False,0.6399,14.29,250.4,False,0.7542,12.5,265.1,False,1.6358,1.5871,0.970224,1d_transect
5,2026-03-28 14:00:00,0.9475,12.5,265.9,False,1.1969,10.53,266.7,False,,,,,1.5851,1.5265,0.963057,1d_transect
5,2026-03-28 17:00:00,0.9256,13.33,249.2,False,1.105,10.53,276.4,False,,,,,1.4627,1.4415,0.985475,1d_transect
5,2026-03-28 20:00:00,0.8783,13.33,250.0,False,1.027,10.53,265.7,False,,,,,1.3984,1.3513,0.966352,1d_transect
5,2026-03-28 23:00:00,0.8584,13.33,251.4,False,0.9499,9.87,277.6,False,,,,,1.3199,1.2802,0.969924,1d_transect
5,2026-03-29 02:00:00,0.8314,13.33,247.6,False,0.5873,9.87,249.6,False,0.7297,7.69,280.8,False,1.2987,1.2525,0.964356,1d_transect
5,2026-03-29 05:00:00,0.8253,13.33,248.0,False,0.5353,9.87,277.9,False,0.7092,7.69,286.4,False,1.249,1.2127,0.97095,1d_transect
5,2026-03-29 08:00:00,0.8069,13.33,247.3,False,0.5748,9.87,247.2,False,0.5549,6.25,277.8,False,1.1838,1.1355,0.959235,1d_transect
5,2026-03-29 11:00:00,0.7751,13.33,245.7,False,0.5044,9.87,277.1,False,0.5187,6.25,285.4,False,1.1377,1.0603,0.932024,1d_transect
5,2026-03-29 14:00:00,0.8565,13.33,249.9,False,0.1657,18.18,228.4,False,0.4954,9.87,249.1,False,0.9704,1.0033,1.033904,1d_transect
5,2026-03-29 17:00:00,0.826,13.33,249.3,False,0.1779,18.18,227.9,False,0.4414,9.87,277.0,False,0.9429,0.9533,1.011036,1d_transect
5,2026-03-29 20:00:00,0.8026,13.33,248.0,False,0.1836,18.18,227.9,False,0.3773,9.09,256.1,False,0.9287,0.9056,0.97521,1d_transect
5,2026-03-29 23:00:00,0.7635,12.5,247.3,False,0.2391,18.18,231.3,False,0.3757,9.09,280.6,False,0.9131,0.8839,0.968067,1d_transect
5,2026-03-30 02:00:00,0.7703,12.5,247.7,False,0.2582,18.18,232.0,False,0.3643,9.09,280.2,False,0.8811,0.8904,1.010474,1d_transect
5,2026-03-30 05:00:00,0.7126,12.5,247.2,False,0.2346,18.18,231.8,False,0.3992,4.76,294.4,True,0.9711,0.8498,0.875095,1d_transect
5,2026-03-30 08:00:00,0.6692,12.5,245.5,False,0.2488,16.67,230.8,False,0.2995,4.76,295.4,True,0.9073,0.7742,0.853327,1d_transect
5,2026-03-30 11:00:00,0.6078,12.5,242.4,False,0.2874,16.67,231.3,False,0.2404,4.55,294.4,True,0.8551,0.714,0.835003,1d_transect
5,2026-03-30 14:00:00,0.5642,12.5,238.2,False,0.305,16.67,232.0,False,0.1958,4.35,294.1,True,0.8067,0.6706,0.83133,1d_transect
5,2026-03-30 17:00:00,0.3242,16.67,232.7,False,0.523,11.76,234.8,False,0.1597,4.17,294.5,True,0.7571,0.6357,0.839614,1d_transect
5,2026-03-30 20:00:00,0.3316,16.67,233.3,False,0.4903,11.76,230.8,False,0.1298,4.0,294.3,True,0.7357,0.606,0.823717,1d_transect
5,2026-03-30 23:00:00,0.3405,16.67,234.1,False,0.4412,11.76,227.1,False,0.1651,2.94,283.0,True,0.7084,0.5813,0.820563,1d_transect
5,2026-03-31 02:00:00,0.42,16.67,235.3,False,0.3289,11.76,224.4,False,0.2087,8.33,242.6,False,0.6443,0.5728,0.88907,1d_transect
5,2026-03-31 05:00:00,0.4024,15.38,234.7,False,0.316,11.76,223.7,False,0.1981,8.33,266.3,False,0.6609,0.5487,0.830242,1d_transect
5,2026-03-31 08:00:00,0.4227,15.38,235.9,False,0.295,11.76,226.1,False,0.2455,7.69,245.9,False,0.6958,0.571,0.820615,1d_transect
5,2026-03-31 11:00:00,0.4452,15.38,236.1,False,0.3612,11.76,225.4,False,0.0788,3.03,223.8,True,0.7109,0.5787,0.81403,1d_transect
5,2026-03-31 14:00:00,0.4918,15.38,237.1,False,0.299,11.76,225.0,False,0.2603,7.69,243.7,False,0.7218,0.6317,0.875186,1d_transect
37,2026-03-25 02:00:00,0.4268,16.67,219.2,False,0.6525,12.5,281.1,False,0.2952,3.57,316.4,True,1.5099,0.8337,0.552172,1d_transect
37,2026-03-25 05:00:00,0.4391,16.67,227.4,False,0.698,12.5,284.8,False,0.3038,3.85,320.3,True,1.5936,0.8789,0.551498,1d_transect
37,2026-03-25 08:00:00,0.8698,12.5,290.2,False,0.3921,4.0,301.9,True,,,,,1.7109,0.9541,0.557671,1d_transect
37,2026-03-25 11:00:00,0.954,12.5,294.2,False,0.411,4.35,311.2,True,,,,,1.8648,1.0387,0.557034,1d_transect
37,2026-03-25 14:00:00,0.9544,11.76,294.8,False,0.577,4.76,315.6,True,,,,,2.1127,1.1153,0.527907,1d_transect
37,2026-03-25 17:00:00,0.8819,11.11,294.7,False,0.845,6.25,320.3,False,,,,,2.5419,1.2214,0.480495,1d_transect
37,2026-03-25 20:00:00,0.9237,11.11,302.0,False,1.3571,7.69,313.6,False,,,,,3.1569,1.6417,0.520032,1d_transect
37,2026-03-25 23:00:00,1.8503,8.33,316.3,False,,,,,,,,,3.4682,1.8503,0.533502,1d_transect
37,2026-03-26 02:00:00,1.9472,9.09,318.1,False,,,,,,,,,3.8207,1.9472,0.509648,1d_transect
37,2026-03-26 05:00:00,2.0444,9.09,314.5,False,,,,,,,,,4.1354,2.0444,0.494372,1d_transect
37,2026-03-26 08:00:00,2.094,9.09,318.8,False,,,,,,,,,3.9394,2.094,0.531548,1d_transect
37,2026-03-26 11:00:00,2.0392,9.87,315.7,False,,,,,,,,,3.6991,2.0392,0.551269,1d_transect
37,2026-03-26 14:00:00,1.9037,9.87,312.1,False,,,,,,,,,3.4559,1.9037,0.550867,1d_transect
37,2026-03-26 17:00:00,1.7623,9.87,313.2,False,,,,,,,,,3.1995,1.7623,0.550802,1d_transect
37,2026-03-26 20:00:00,1.6715,9.87,314.7,False,,,,,,,,,3.1372,1.6715,0.53279,1d_transect
37,2026-03-26 23:00:00,1.6531,9.87,314.9,False,,,,,,,,,3.0582,1.6531,0.540535,1d_transect
37,2026-03-27 02:00:00,1.618,9.87,319.3,False,,,,,,,,,2.8542,1.618,0.566892,1d_transect
37,2026-03-27 05:00:00,1.499,10.53,314.8,False,0.1558,18.18,208.8,False,,,,,2.7971,1.507,0.538787,1d_transect
37,2026-03-27 08:00:00,1.4065,9.87,316.5,False,0.1904,18.18,221.6,False,,,,,2.5091,1.4193,0.565681,1d_transect
37,2026-03-27 11:00:00,1.3578,9.87,316.4,False,0.2062,18.18,232.3,False,,,,,2.4224,1.3734,0.566952,1d_transect
37,2026-03-27 14:00:00,1.3305,9.87,318.3,False,,,,,,,,,2.3439,1.3305,0.567655,1d_transect
37,2026-03-27 17:00:00,1.2929,9.87,316.8,False,0.2989,16.67,247.7,False,,,,,2.374,1.327,0.558951,1d_transect
37,2026-03-27 20:00:00,1.3263,9.87,318.1,False,,,,,,,,,2.4329,1.3263,0.545176,1d_transect
37,2026-03-27 23:00:00,1.3673,9.87,316.1,False,,,,,,,,,2.5392,1.3673,0.538485,1d_transect
37,2026-03-28 02:00:00,1.4243,10.53,314.9,False,,,,,,,,,2.7721,1.4243,0.513784,1d_transect
37,2026-03-28 05:00:00,1.4844,10.53,314.9,False,,,,,,,,,2.8424,1.4844,0.522248,1d_transect
37,2026-03-28 08:00:00,1.3862,9.87,319.1,False,0.4745,14.29,290.7,False,,,,,2.6922,1.4651,0.544219,1d_transect
37,2026-03-28 11:00:00,1.3377,9.87,318.2,False,0.4751,14.29,288.3,False,,,,,2.5581,1.4195,0.554911,1d_transect
37,2026-03-28 14:00:00,1.261,9.87,314.3,False,0.457,14.29,276.4,False,,,,,2.4404,1.3412,0.549604,1d_transect
37,2026-03-28 17:00:00,1.1468,9.87,314.3,False,0.5214,14.29,275.4,False,,,,,2.3333,1.2598,0.539906,1d_transect
37,2026-03-28 20:00:00,1.121,9.87,314.6,False,0.4972,14.29,274.2,False,,,,,2.3192,1.2263,0.528752,1d_transect
37,2026-03-28 23:00:00,0.504,13.33,281.5,False,1.1469,8.33,318.1,False,,,,,2.2123,1.2528,0.566291,1d_transect
37,2026-03-29 02:00:00,0.5571,13.33,268.4,False,0.9461,8.33,312.8,False,0.4912,9.87,304.8,False,2.1051,1.2028,0.571371,1d_transect
37,2026-03-29 05:00:00,0.9203,13.33,268.2,False,0.6111,9.87,303.5,False,,,,,1.2416,1.1048,0.889811,1d_transect
37,2026-03-29 08:00:00,0.5707,13.33,264.1,False,0.86,9.87,303.6,False,,,,,1.8208,1.0322,0.566862,1d_transect
37,2026-03-29 11:00:00,0.5557,13.33,259.1,False,0.8069,9.09,304.1,False,,,,,1.7276,0.9797,0.567129,1d_transect
37,2026-03-29 14:00:00,0.5369,13.33,266.4,False,0.7528,9.09,304.7,False,,,,,1.6474,0.9246,0.56126,1d_transect
37,2026-03-29 17:00:00,0.4785,13.33,262.2,False,0.7277,9.09,303.3,False,0.0889,18.18,216.7,False,1.6807,0.8754,0.520853,1d_transect
37,2026-03-29 20:00:00,0.5097,13.33,255.4,False,0.4196,9.09,303.7,False,0.5141,5.56,320.8,True,1.5435,0.8368,0.542138,1d_transect
37,2026-03-29 23:00:00,0.5087,12.5,257.6,False,0.4015,9.09,304.8,False,0.4674,5.26,322.6,True,1.451,0.7991,0.550701,1d_transect
37,2026-03-30 02:00:00,0.5164,12.5,259.7,False,0.3991,9.09,305.1,False,0.3963,5.56,326.6,True,1.3201,0.7635,0.578422,1d_transect
37,2026-03-30 05:00:00,0.4788,12.5,257.7,False,0.1454,18.18,221.3,False,0.5329,9.09,304.3,False,1.2994,0.731,0.562582,1d_transect
37,2026-03-30 08:00:00,0.6813,12.5,253.2,False,0.1417,16.67,221.2,False,,,,,1.3238,0.6959,0.525685,1d_transect
37,2026-03-30 11:00:00,0.6471,12.5,245.6,False,0.1548,16.67,221.9,False,,,,,1.26,0.6653,0.528063,1d_transect
37,2026-03-30 14:00:00,0.6201,12.5,235.4,False,0.1702,16.67,223.2,False,,,,,1.1907,0.643,0.540046,1d_transect
37,2026-03-30 17:00:00,0.5857,11.76,230.6,False,0.2197,16.67,225.8,False,,,,,1.125,0.6255,0.555988,1d_transect
37,2026-03-30 20:00:00,0.2452,16.67,230.6,False,0.3897,11.76,220.7,False,0.3984,8.33,302.7,False,1.0473,0.6089,0.581373,1d_transect
37,2026-03-30 23:00:00,0.2538,16.67,237.3,False,0.3641,11.76,215.0,False,0.3915,8.33,303.5,False,1.0418,0.5918,0.568094,1d_transect
37,2026-03-31 02:00:00,0.3624,16.67,246.6,False,0.4021,11.11,210.4,False,0.2117,8.33,301.3,False,0.8502,0.5813,0.683687,1d_transect
37,2026-03-31 05:00:00,0.3328,16.67,251.9,False,0.3613,11.11,211.3,False,0.2853,8.33,278.9,False,0.9479,0.568,0.599283,1d_transect
37,2026-03-31 08:00:00,0.3062,15.38,243.1,False,0.399,11.11,212.2,False,0.2893,5.26,236.8,True,1.084,0.5802,0.535252,1d_transect
37,2026-03-31 11:00:00,0.3587,15.38,245.3,False,0.5137,11.11,211.1,False,0.0,3.23,150.3,True,1.053,0.6266,0.595052,1d_transect
37,2026-03-31 14:00:00,0.3537,15.38,249.7,False,0.4558,11.11,200.6,False,0.4667,6.25,230.8,False,1.328,0.7421,0.558789,1d_transect
