break_id,wave_time_utc,significant_wave_height,primary_wave_height,primary_period,primary_direction,secondary_wave_height,secondary_period,secondary_direction,tertiary_wave_height,tertiary_period,tertiary_direction,source,ingested_at
1,2026-05-28 09:00:00+00:00,0.48664647340774536,0.22064464747000448,6.25000013969839,309.75750732421875,0.31332505507304714,4.761904910578484,277.2864685058594,0.06886088649657837,12.50000027939678,350.7707824707031,cdip,2026-05-28 18:54:26+00:00
1,2026-05-28 12:00:00+00:00,0.4643697142601013,0.3606685666991434,6.25000013969839,309.60272216796875,0.2839722777706154,4.761904910578484,276.7978515625,0.06599939954754183,12.50000027939678,350.65057373046875,cdip,2026-05-28 18:54:26+00:00
1,2026-05-28 15:00:00+00:00,0.44614094495773315,0.3422064843828495,6.25000013969839,309.37158203125,0.2777508363928979,4.761904910578484,276.285888671875,0.05345912528849576,12.50000027939678,350.53656005859375,cdip,2026-05-28 18:54:26+00:00
1,2026-05-28 18:00:00+00:00,0.4325144290924072,0.3291946597464009,6.25000013969839,309.1310729980469,0.2719807666411664,4.761904910578484,275.7841796875,0.05089490349797639,12.50000027939678,350.4134216308594,cdip,2026-05-28 18:54:26+00:00
1,2026-05-28 21:00:00+00:00,0.41632190346717834,0.3152280256417498,6.25000013969839,308.8818359375,0.2632509863634369,4.761904910578484,275.30731201171875,0.04782657646072798,12.50000027939678,350.30780029296875,cdip,2026-05-28 18:54:26+00:00
1,2026-05-29 00:00:00+00:00,0.38410645723342896,0.23809713144876476,4.761904910578484,274.81805419921875,0.29344860951848,6.25000013969839,308.7377624511719,0.04668079066739014,16.666667039195705,358.70501708984375,cdip,2026-05-28 18:54:26+00:00
1,2026-05-29 03:00:00+00:00,0.34134286642074585,0.2715369198784334,6.25000013969839,308.88671875,0.19441894514867217,4.761904910578484,274.40545654296875,0.04945547340974937,16.666667039195705,358.6438293457031,cdip,2026-05-28 18:54:26+00:00
1,2026-05-29 06:00:00+00:00,0.3093377947807312,0.25261202793100646,6.25000013969839,309.0420837402344,0.16292508267416575,4.761904910578484,274.1096496582031,0.05655945615102163,16.666667039195705,358.6166687011719,cdip,2026-05-28 18:54:26+00:00
1,2026-05-29 09:00:00+00:00,0.29246553778648376,0.23671446731097637,6.25000013969839,309.05328369140625,0.15389064953919823,4.761904910578484,274.2738037109375,0.07292325196673063,15.384615948919734,356.6148681640625,cdip,2026-05-28 18:54:26+00:00
1,2026-05-29 12:00:00+00:00,0.2913006544113159,0.21951495418528225,6.25000013969839,309.15460205078125,0.16174543810991213,4.761904910578484,274.6749572753906,0.06530613830710176,9.090909140169128,334.2830505371094,cdip,2026-05-28 18:54:26+00:00
1,2026-05-29 15:00:00+00:00,0.2980425953865051,0.17744094605037153,4.761904910578484,275.640625,0.21650783176502558,6.25000013969839,309.40386962890625,0.06392790664272786,9.090909140169128,334.205078125,cdip,2026-05-28 18:54:26+00:00
1,2026-05-29 18:00:00+00:00,0.3073156177997589,0.19191863003316542,4.761904910578484,276.947021484375,0.2265603074633629,6.25000013969839,309.74737548828125,0.07624526873115674,15.384615948919734,356.7290954589844,cdip,2026-05-28 18:54:26+00:00
1,2026-05-29 21:00:00+00:00,0.3019832968711853,0.21826930160919314,5.882352879303138,305.64910888671875,0.18439186769648086,4.761904910578484,277.84954833984375,0.07552519155770718,15.384615948919734,356.7222595214844,cdip,2026-05-28 18:54:26+00:00
1,2026-05-30 00:00:00+00:00,0.3005967140197754,0.22392347605384225,5.882352879303138,306.2169494628906,0.17573194474571263,4.761904910578484,279.1565856933594,0.07482863101978528,14.28571422489322,355.1957702636719,cdip,2026-05-28 18:54:26+00:00
1,2026-05-30 03:00:00+00:00,0.3152481019496918,0.16259345836418387,5.882352879303138,306.84454345703125,0.1857143975978196,4.761904910578484,280.99493408203125,0.07386480729019071,14.28571422489322,355.1417541503906,cdip,2026-05-28 18:54:26+00:00
1,2026-05-30 06:00:00+00:00,0.34259337186813354,0.20466501088757585,5.555555334797621,303.6496887207031,0.18197247675298994,6.666666401757145,318.6829528808594,0.07242135870672117,13.33333280351429,352.8756408691406,cdip,2026-05-28 18:54:26+00:00
1,2026-05-30 09:00:00+00:00,0.37048715353012085,0.22334405630698362,5.555555334797621,303.88720703125,0.20055199089370637,7.14285711244661,323.64227294921875,0.07034712218847566,13.33333280351429,352.8603210449219,cdip,2026-05-28 18:54:26+00:00
1,2026-05-30 12:00:00+00:00,0.38612085580825806,0.21838031837206656,7.14285711244661,323.57025146484375,0.22678368968657964,5.555555334797621,304.0177307128906,0.21165799236009905,4.347826008084592,281.7550354003906,cdip,2026-05-28 18:54:26+00:00
1,2026-05-30 15:00:00+00:00,0.40429195761680603,0.2284859252467702,7.14285711244661,323.56256103515625,0.3259502495979029,5.555555334797621,303.92169189453125,0.06689217280055515,13.33333280351429,352.7421875,cdip,2026-05-28 18:54:26+00:00
1,2026-05-30 18:00:00+00:00,0.4261513650417328,0.22628263247584324,5.555555334797621,303.7381896972656,0.06417296558806423,7.14285711244661,323.5711669921875,0.01349416442582368,13.33333280351429,352.6446533203125,cdip,2026-05-28 18:54:26+00:00
1,2026-05-30 21:00:00+00:00,0.4180316627025604,0.21564064905813665,5.555555334797621,303.7024230957031,0.062485300720653524,6.666666401757145,319.1654968261719,0.014729362708207218,13.33333280351429,352.5173034667969,cdip,2026-05-28 18:54:26+00:00
1,2026-05-31 00:00:00+00:00,0.41343265771865845,0.21048565546921577,5.555555334797621,303.7541809082031,0.060822176020718925,6.666666401757145,319.18023681640625,0.016048902446198235,12.50000027939678,350.88323974609375,cdip,2026-05-28 18:54:26+00:00
1,2026-05-31 03:00:00+00:00,0.43580684065818787,0.21946569069749916,5.555555334797621,303.7730712890625,0.05910235490869692,6.666666401757145,319.1979675292969,0.017541832180840527,12.50000027939678,350.8769226074219,cdip,2026-05-28 18:54:26+00:00
1,2026-05-31 06:00:00+00:00,0.4625214636325836,0.22093076380863386,5.555555334797621,303.673583984375,0.05440872634668706,6.666666401757145,319.116455078125,0.05793192523760701,9.871668200422233,341.7553405761719,cdip,2026-05-28 18:54:26+00:00
1,2026-05-31 09:00:00+00:00,0.4674874246120453,0.2209606024368306,5.555555334797621,303.5486755371094,0.055040595296067855,6.666666401757145,319.02142333984375,0.05743680959157756,9.871668200422233,341.84814453125,cdip,2026-05-28 18:54:26+00:00
1,2026-05-31 12:00:00+00:00,0.4614318311214447,0.2220814442088282,5.555555334797621,303.5157775878906,0.05667045594899984,6.666666401757145,319.0165710449219,0.05725134257705912,9.871668200422233,341.9456787109375,cdip,2026-05-28 18:54:26+00:00
1,2026-05-31 15:00:00+00:00,0.46985989809036255,0.30085961757641216,5.555555334797621,303.50665283203125,0.23027651556641665,6.666666401757145,319.00726318359375,0.05888306003800439,9.871668200422233,342.03155517578125,cdip,2026-05-28 18:54:26+00:00
1,2026-05-31 18:00:00+00:00,0.4758172333240509,0.30486800581212226,5.555555334797621,303.40234375,0.23627144083497145,6.666666401757145,318.9364013671875,0.059233742107519825,9.871668200422233,342.0610656738281,cdip,2026-05-28 18:54:26+00:00
1,2026-05-31 21:00:00+00:00,0.4735456109046936,0.30377864083024186,5.555555334797621,303.2962341308594,0.2371591673217425,6.666666401757145,318.9187927246094,0.05735440052661221,9.871668200422233,342.0202331542969,cdip,2026-05-28 18:54:26+00:00
1,2026-06-01 00:00:00+00:00,0.4731166958808899,0.055869286227257405,5.882352879303138,307.1263122558594,0.23968830645570402,4.761904910578484,281.24945068359375,0.04702057745961115,9.871668200422233,342.0034484863281,cdip,2026-05-28 18:54:26+00:00
1,2026-06-01 03:00:00+00:00,0.4880784749984741,0.24945053845413723,5.882352879303138,306.99993896484375,0.31093407729675604,4.761904910578484,281.42840576171875,0.05453317070535781,9.871668200422233,341.98388671875,cdip,2026-05-28 18:54:26+00:00
1,2026-06-01 06:00:00+00:00,0.5048684477806091,0.26026117679682026,5.882352879303138,306.90631103515625,0.31823570388607886,4.761904910578484,281.2878112792969,0.05268271827970902,9.871668200422233,341.9658203125,cdip,2026-05-28 18:54:26+00:00
1,2026-06-01 09:00:00+00:00,0.5021973252296448,0.2577163991758294,5.882352879303138,306.6390075683594,0.3138328144121024,4.761904910578484,280.83245849609375,0.05033828490001503,9.871668200422233,341.8753356933594,cdip,2026-05-28 18:54:26+00:00
1,2026-06-01 12:00:00+00:00,0.4955328404903412,0.25435856113642535,5.882352879303138,306.4158630371094,0.3051948495629683,4.761904910578484,280.0928649902344,0.05960228596406805,19.99999970197678,0.8991817831993103,cdip,2026-05-28 18:54:26+00:00
1,2026-06-01 15:00:00+00:00,0.488627552986145,0.3882036127470568,5.882352879303138,306.2474670410156,0.28356949194100434,4.761904910578484,279.5301513671875,0.061254393220984533,19.99999970197678,0.9460749626159668,cdip,2026-05-28 18:54:26+00:00
1,2026-06-01 18:00:00+00:00,0.4761868417263031,0.2007247927182584,5.882352879303138,306.02935791015625,0.04385374085141214,7.14285711244661,323.92333984375,0.32052295737368075,4.761904910578484,279.01922607421875,cdip,2026-05-28 18:54:26+00:00
1,2026-06-01 21:00:00+00:00,0.46356475353240967,0.2051857860130869,7.14285711244661,323.874755859375,0.3051886639736891,5.882352879303138,305.8515319824219,0.27200763860937394,4.761904910578484,278.4389343261719,cdip,2026-05-28 18:54:26+00:00
1,2026-06-02 00:00:00+00:00,0.4526488482952118,0.1998646170946062,7.14285711244661,323.8490295410156,0.2921936861316626,4.761904910578484,278.0508728027344,0.06163443628826465,19.99999970197678,0.9853641390800476,cdip,2026-05-28 18:54:26+00:00
1,2026-06-02 03:00:00+00:00,0.43793806433677673,0.18849087857504981,7.14285711244661,323.81744384765625,0.2777124861717693,4.761904910578484,277.7559814453125,0.06059858074106539,18.181818280338256,359.943115234375,cdip,2026-05-28 18:54:26+00:00
1,2026-06-02 06:00:00+00:00,0.4197990298271179,0.17412421439792738,7.14285711244661,323.7657165527344,0.26121427361029553,4.761904910578484,277.4681091308594,0.05987776752313054,18.181818280338256,359.9248962402344,cdip,2026-05-28 18:54:26+00:00
1,2026-06-02 09:00:00+00:00,0.40455782413482666,0.1628140249083378,6.25000013969839,310.1705017089844,0.25011831888612907,4.761904910578484,277.1986389160156,0.05947114226908195,18.181818280338256,359.91168212890625,cdip,2026-05-28 18:54:26+00:00
1,2026-06-02 12:00:00+00:00,0.3952503204345703,0.16003711079067195,6.25000013969839,310.21710205078125,0.24586597944988747,4.761904910578484,277.0367431640625,0.059198842693790305,18.181818280338256,359.9078674316406,cdip,2026-05-28 18:54:26+00:00
1,2026-06-02 15:00:00+00:00,0.3915897607803345,0.15981148190873024,6.25000013969839,310.38037109375,0.2456214948851799,4.761904910578484,277.2017517089844,0.0701441896550652,18.181818280338256,359.91448974609375,cdip,2026-05-28 18:54:26+00:00
1,2026-06-02 18:00:00+00:00,0.3971552550792694,0.1584189787215089,6.25000013969839,310.6199951171875,0.2527392546847445,4.761904910578484,277.8246154785156,0.06998975516906442,16.666667039195705,358.9222412109375,cdip,2026-05-28 18:54:26+00:00
1,2026-06-02 21:00:00+00:00,0.39738962054252625,0.29807747689774805,6.25000013969839,310.90997314453125,0.25289898395128707,4.761904910578484,278.16241455078125,0.06969350966509255,16.666667039195705,358.9295959472656,cdip,2026-05-28 18:54:26+00:00
1,2026-06-03 00:00:00+00:00,0.381875604391098,0.04239427280015529,5.882352879303138,306.0284118652344,0.28525620439770705,4.761904910578484,278.63116455078125,0.05522212174204654,16.666667039195705,358.9377136230469,cdip,2026-05-28 18:54:26+00:00
1,2026-06-03 03:00:00+00:00,0.3780452311038971,0.2807738707079107,5.882352879303138,306.32269287109375,0.24294790557241466,4.761904910578484,280.1013488769531,0.054006837193841695,16.666667039195705,358.9360046386719,cdip,2026-05-28 18:54:26+00:00
1,2026-06-03 06:00:00+00:00,0.2565876841545105,0.21885245444411489,4.545454570084564,280.3294982910156,0.10655249262755147,7.14285711244661,323.4589538574219,0.0531344933061154,16.666667039195705,358.9533386230469,cdip,2026-05-28 18:54:26+00:00
1,2026-06-03 09:00:00+00:00,0.3812465965747833,0.30544473076477674,5.555555334797621,303.60638427734375,0.051708307480749276,16.666667039195705,358.95794677734375,0.04675983989185538,13.33333280351429,351.7062683105469,cdip,2026-05-28 18:54:26+00:00
1,2026-06-03 12:00:00+00:00,0.2633112370967865,0.14173081959765535,4.545454570084564,281.2573547363281,0.12580665600572719,7.14285711244661,323.4875183105469,0.048831272619837676,13.33333280351429,351.72393798828125,cdip,2026-05-28 18:54:26+00:00
1,2026-06-03 15:00:00+00:00,0.4400423467159271,0.35709746925037694,5.882352879303138,307.27484130859375,0.24697902466846863,4.761904910578484,281.09173583984375,0.04857195113314677,13.33333280351429,351.744384765625,cdip,2026-05-28 18:54:26+00:00
1,2026-06-03 18:00:00+00:00,0.2938641607761383,0.25197089244882964,4.545454570084564,280.7616271972656,0.1260498932205117,7.14285711244661,323.3650207519531,0.04970321445060174,13.33333280351429,351.6973571777344,cdip,2026-05-28 18:54:26+00:00
1,2026-06-03 21:00:00+00:00,0.4256206154823303,0.34266252587865287,5.555555334797621,303.2366027832031,0.049738917388699996,13.33333280351429,351.72137451171875,0.04755593245054131,15.384615948919734,356.9060363769531,cdip,2026-05-28 18:54:26+00:00
2,2026-05-28 09:00:00+00:00,1.7422025203704834,1.553383990163448,12.50000027939678,265.34295654296875,0.5093206302870171,19.99999970197678,245.453369140625,0.39423767529578113,5.555555334797621,272.44110107421875,cdip,2026-05-28 18:54:26+00:00
2,2026-05-28 12:00:00+00:00,1.6695995330810547,1.196094948737897,12.50000027939678,259.3275451660156,0.849267255126849,15.384615948919734,223.4867401123047,0.548670463790117,19.99999970197678,255.63385009765625,cdip,2026-05-28 18:54:26+00:00
2,2026-05-28 15:00:00+00:00,1.6666102409362793,1.0535255975616877,19.99999970197678,263.85345458984375,1.1593635661119106,12.50000027939678,254.8313446044922,0.5277560576540952,5.555555334797621,271.34210205078125,cdip,2026-05-28 18:54:26+00:00
2,2026-05-28 18:00:00+00:00,1.6047722101211548,1.0610892186805403,19.99999970197678,267.2325134277344,1.074152613526845,11.111110669595242,273.3904113769531,0.5027075092785921,5.555555334797621,270.7518310546875,cdip,2026-05-28 18:54:26+00:00
2,2026-05-28 21:00:00+00:00,1.576440453529358,1.0991974092120647,18.181818280338256,262.7872314453125,0.9955533526864636,11.111110669595242,268.90924072265625,0.49759644300750655,5.555555334797621,270.0167541503906,cdip,2026-05-28 18:54:26+00:00
2,2026-05-29 00:00:00+00:00,1.5639383792877197,1.1472900841113218,18.181818280338256,265.40399169921875,0.9124487864145995,11.111110669595242,263.4461669921875,0.5146488373349913,5.882352879303138,271.32574462890625,cdip,2026-05-28 18:54:26+00:00
2,2026-05-29 03:00:00+00:00,1.5357954502105713,1.2118468719557383,18.181818280338256,266.2650146484375,0.8095056463841608,11.764705758606276,243.48309326171875,0.45588216094657824,5.555555334797621,269.12310791015625,cdip,2026-05-28 18:54:26+00:00
2,2026-05-29 06:00:00+00:00,1.5220204591751099,1.4534386418991192,16.666667039195705,263.3221435546875,0.424394105812051,5.555555334797621,269.33203125,,,,cdip,2026-05-28 18:54:26+00:00
2,2026-05-29 09:00:00+00:00,1.6052767038345337,1.541698152889891,16.666667039195705,265.7673034667969,0.41866464410131693,5.555555334797621,269.72454833984375,,,,cdip,2026-05-28 18:54:26+00:00
2,2026-05-29 12:00:00+00:00,1.7037432193756104,1.6433200955913951,15.384615948919734,263.80133056640625,0.4202332348364493,5.555555334797621,270.5527648925781,,,,cdip,2026-05-28 18:54:26+00:00
2,2026-05-29 15:00:00+00:00,1.8132044076919556,1.753295823742045,15.384615948919734,267.0864562988281,0.29549411488258437,5.555555334797621,271.9777526855469,,,,cdip,2026-05-28 18:54:26+00:00
2,2026-05-29 18:00:00+00:00,1.9060771465301514,1.8451291665806173,15.384615948919734,268.5281677246094,0.299246326584885,5.555555334797621,273.537109375,,,,cdip,2026-05-28 18:54:26+00:00
2,2026-05-29 21:00:00+00:00,1.9119908809661865,1.8598452471810163,15.384615948919734,268.4544677734375,0.4171576051158996,5.555555334797621,275.09869384765625,,,,cdip,2026-05-28 18:54:26+00:00
2,2026-05-30 00:00:00+00:00,1.8395624160766602,1.3598964056368126,13.33333280351429,272.2543029785156,1.1613301460555887,15.384615948919734,267.3453369140625,0.4078174317190786,5.555555334797621,277.59613037109375,cdip,2026-05-28 18:54:26+00:00
2,2026-05-30 03:00:00+00:00,1.7794935703277588,1.7404341822850873,13.33333280351429,273.0459899902344,0.34561021533727315,4.761904910578484,273.8026123046875,,,,cdip,2026-05-28 18:54:26+00:00
2,2026-05-30 06:00:00+00:00,1.71333909034729,1.5619443377611872,13.33333280351429,272.7842102050781,0.691807069212857,6.666666401757145,286.4168701171875,,,,cdip,2026-05-28 18:54:26+00:00
2,2026-05-30 09:00:00+00:00,1.6166071891784668,1.42219113762439,13.33333280351429,272.183837890625,0.7572789196569548,7.14285711244661,288.3814697265625,,,,cdip,2026-05-28 18:54:26+00:00
2,2026-05-30 12:00:00+00:00,1.5943423509597778,1.3013329954873651,13.33333280351429,271.22894287109375,0.9086540689032638,7.692307974459867,290.1430969238281,,,,cdip,2026-05-28 18:54:26+00:00
2,2026-05-30 15:00:00+00:00,1.556718111038208,0.21623945445753284,13.33333280351429,268.7828369140625,1.1991733266051308,8.333333519597852,291.4089660644531,,,,cdip,2026-05-28 18:54:26+00:00
2,2026-05-30 18:00:00+00:00,1.4571421146392822,0.22906586646540456,12.50000027939678,275.03875732421875,,,,,,,cdip,2026-05-28 18:54:26+00:00
2,2026-05-30 21:00:00+00:00,1.3759516477584839,0.24599294974641656,12.50000027939678,274.1038818359375,1.234749824153228,5.555555334797621,283.3699035644531,,,,cdip,2026-05-28 18:54:26+00:00
2,2026-05-31 00:00:00+00:00,1.3810006380081177,0.27503657790370123,12.50000027939678,272.48834228515625,,,,,,,cdip,2026-05-28 18:54:26+00:00
2,2026-05-31 03:00:00+00:00,1.4329917430877686,0.49552329731815453,12.50000027939678,271.3004455566406,,,,,,,cdip,2026-05-28 18:54:26+00:00
2,2026-05-31 06:00:00+00:00,1.4747341871261597,0.6059812341611057,12.50000027939678,270.8640441894531,0.7014362063346524,11.111110669595242,281.1820983886719,0.5385988258833696,9.090909140169128,291.27685546875,cdip,2026-05-28 18:54:26+00:00
2,2026-05-31 09:00:00+00:00,1.5397124290466309,0.6653095985111723,22.222221339190483,239.60076904296875,0.7131432914777789,12.50000027939678,271.2265625,1.005466683618293,11.111110669595242,282.0635986328125,cdip,2026-05-28 18:54:26+00:00
2,2026-05-31 12:00:00+00:00,1.6315819025039673,0.7381188238936522,22.222221339190483,239.54025268554688,1.072333902435074,11.111110669595242,283.13824462890625,0.7319743793017003,12.50000027939678,271.54779052734375,cdip,2026-05-28 18:54:26+00:00
2,2026-05-31 15:00:00+00:00,1.7920842170715332,0.8462560037189742,22.222221339190483,239.46035766601562,1.1813456574444774,11.111110669595242,283.92376708984375,0.7709436532238336,12.50000027939678,271.56939697265625,cdip,2026-05-28 18:54:26+00:00
2,2026-05-31 18:00:00+00:00,1.9212701320648193,1.0292151446766096,22.222221339190483,239.31365966796875,1.2444584210797485,11.111110669595242,284.07073974609375,0.7317658733364286,12.50000027939678,271.6614990234375,cdip,2026-05-28 18:54:26+00:00
2,2026-05-31 21:00:00+00:00,2.03151273727417,1.2246678213752415,22.222221339190483,239.5252227783203,1.5970328990003768,11.111110669595242,283.53656005859375,,,,cdip,2026-05-28 18:54:26+00:00
2,2026-06-01 00:00:00+00:00,2.1243276596069336,1.352972760905519,22.222221339190483,239.225341796875,1.612959747723401,11.111110669595242,283.0054931640625,,,,cdip,2026-05-28 18:54:26+00:00
2,2026-06-01 03:00:00+00:00,2.2082297801971436,1.5043333640248393,22.222221339190483,239.12258911132812,1.5906898104525347,11.111110669595242,282.5828552246094,,,,cdip,2026-05-28 18:54:26+00:00
2,2026-06-01 06:00:00+00:00,2.2015955448150635,1.5440244525702578,19.99999970197678,240.32412719726562,1.5448475724963904,11.111110669595242,282.32373046875,,,,cdip,2026-05-28 18:54:26+00:00
2,2026-06-01 09:00:00+00:00,2.1260323524475098,1.5577925068780227,19.99999970197678,240.587158203125,1.338805352043948,11.111110669595242,281.7703857421875,,,,cdip,2026-05-28 18:54:26+00:00
2,2026-06-01 12:00:00+00:00,2.114234447479248,1.6182240953734337,19.99999970197678,240.58609008789062,1.1933773000671488,11.111110669595242,280.3427734375,,,,cdip,2026-05-28 18:54:26+00:00
2,2026-06-01 15:00:00+00:00,2.045954704284668,1.6201403705395598,19.99999970197678,240.24356079101562,1.0894062367864532,11.111110669595242,278.35791015625,0.5730024526857262,5.555555334797621,276.6661071777344,cdip,2026-05-28 18:54:26+00:00
2,2026-06-01 18:00:00+00:00,1.9899837970733643,1.6132677261518291,19.99999970197678,239.6190948486328,1.0176102181866196,11.111110669595242,276.7030334472656,0.5300231668326728,5.555555334797621,275.6549072265625,cdip,2026-05-28 18:54:26+00:00
2,2026-06-01 21:00:00+00:00,2.0240044593811035,1.6706613142058597,19.99999970197678,238.93533325195312,0.9996932062954452,11.111110669595242,275.17523193359375,0.5162217686522124,5.555555334797621,274.9261169433594,cdip,2026-05-28 18:54:26+00:00
2,2026-06-02 00:00:00+00:00,2.0640594959259033,1.7560595158250594,18.181818280338256,238.50054931640625,0.9342967076731952,11.111110669595242,272.15887451171875,0.517225819066921,5.555555334797621,274.58599853515625,cdip,2026-05-28 18:54:26+00:00
2,2026-06-02 03:00:00+00:00,2.022156238555908,1.754883246281429,18.181818280338256,238.59878540039062,0.8532422043481436,11.111110669595242,267.2124938964844,0.5033224583959763,5.555555334797621,274.22418212890625,cdip,2026-05-28 18:54:26+00:00
2,2026-06-02 06:00:00+00:00,2.0457489490509033,1.8077373776475623,18.181818280338256,238.66653442382812,0.7817878365370254,11.764705758606276,243.92626953125,0.352992976972245,5.555555334797621,273.80908203125,cdip,2026-05-28 18:54:26+00:00
2,2026-06-02 09:00:00+00:00,2.08058762550354,1.8611949826683232,18.181818280338256,238.61105346679688,0.7512188056078065,11.764705758606276,240.01962280273438,0.35028400093175793,5.555555334797621,273.6021423339844,cdip,2026-05-28 18:54:26+00:00
2,2026-06-02 12:00:00+00:00,2.0676729679107666,1.8593005836645276,18.181818280338256,238.34234619140625,0.7318393714038163,11.764705758606276,237.59796142578125,0.34169512376269084,5.555555334797621,273.667236328125,cdip,2026-05-28 18:54:26+00:00
2,2026-06-02 15:00:00+00:00,2.027949810028076,1.8238410726496863,18.181818280338256,237.8165283203125,0.3212759304137911,11.764705758606276,236.0526580810547,0.6632072060619064,5.555555334797621,274.0815124511719,cdip,2026-05-28 18:54:26+00:00
2,2026-06-02 18:00:00+00:00,2.061326742172241,1.874475467387925,18.181818280338256,237.45159912109375,0.6834951617037752,10.526315921561542,264.03082275390625,0.49853152169844817,4.761904910578484,265.4451904296875,cdip,2026-05-28 18:54:26+00:00
2,2026-06-02 21:00:00+00:00,2.045078992843628,1.8571775082022945,16.666667039195705,239.6011199951172,0.4455697595791775,10.526315921561542,260.2262268066406,0.5215410495946293,4.761904910578484,265.81500244140625,cdip,2026-05-28 18:54:26+00:00
2,2026-06-03 00:00:00+00:00,2.0763676166534424,1.8938919863057506,16.666667039195705,240.06753540039062,0.43428791568783603,10.526315921561542,255.7394561767578,0.5225019254853774,7.14285711244661,287.30657958984375,cdip,2026-05-28 18:54:26+00:00
2,2026-06-03 03:00:00+00:00,2.0027263164520264,1.8320982357326852,16.666667039195705,240.84844970703125,0.534934586838848,7.14285711244661,287.65289306640625,0.29288116544754866,10.526315921561542,237.8931884765625,cdip,2026-05-28 18:54:26+00:00
2,2026-06-03 06:00:00+00:00,2.0061936378479004,1.8848071102467057,16.666667039195705,240.41439819335938,0.612251092160526,7.14285711244661,292.7295227050781,0.29369252485360237,4.166666759798926,263.56207275390625,cdip,2026-05-28 18:54:26+00:00
2,2026-06-03 09:00:00+00:00,2.018263339996338,1.7645067655380824,16.666667039195705,241.09295654296875,0.8295263351840964,6.666666401757145,289.51629638671875,,,,cdip,2026-05-28 18:54:26+00:00
2,2026-06-03 12:00:00+00:00,1.9209132194519043,1.7451281341557672,16.666667039195705,239.8630828857422,0.7428538092796902,7.692307974459867,292.28466796875,0.2814955695242614,4.166666759798926,266.1263427734375,cdip,2026-05-28 18:54:26+00:00
2,2026-06-03 15:00:00+00:00,1.9660022258758545,1.6489779905104023,16.666667039195705,240.18289184570312,0.8956318560002086,7.14285711244661,290.8649597167969,0.5734653950715439,4.761904910578484,275.0270080566406,cdip,2026-05-28 18:54:26+00:00
2,2026-06-03 18:00:00+00:00,1.8467330932617188,1.6744459027195575,16.666667039195705,239.7317657470703,0.7095315041139456,7.692307974459867,292.57568359375,0.302844020950689,4.166666759798926,264.8714904785156,cdip,2026-05-28 18:54:26+00:00
2,2026-06-03 21:00:00+00:00,1.9531445503234863,1.63938843390777,16.666667039195705,240.75001525878906,0.8706185150936017,6.666666401757145,289.9844055175781,0.5960692248537138,4.761904910578484,276.2091064453125,cdip,2026-05-28 18:54:26+00:00
3,2026-05-28 09:00:00+00:00,1.6102045774459839,1.5174917991480608,11.111110669595242,282.85009765625,0.45533807475920357,19.99999970197678,254.54757690429688,,,,cdip,2026-05-28 18:54:26+00:00
3,2026-05-28 12:00:00+00:00,1.6039927005767822,1.4545613112143279,10.526315921561542,286.3208923339844,0.6102718630432645,19.99999970197678,257.9580078125,,,,cdip,2026-05-28 18:54:26+00:00
3,2026-05-28 15:00:00+00:00,1.6803520917892456,1.4428076179973395,10.526315921561542,286.48370361328125,0.8060814175300663,19.99999970197678,260.1011962890625,,,,cdip,2026-05-28 18:54:26+00:00
3,2026-05-28 18:00:00+00:00,1.7571316957473755,0.9628233841747785,19.99999970197678,260.52166748046875,1.4358706823368221,10.526315921561542,286.1481628417969,,,,cdip,2026-05-28 18:54:26+00:00
3,2026-05-28 21:00:00+00:00,1.8330546617507935,1.1386420534849,18.181818280338256,260.79815673828125,1.4022298814591239,9.871668200422233,287.6870422363281,,,,cdip,2026-05-28 18:54:26+00:00
3,2026-05-29 00:00:00+00:00,1.8183608055114746,1.2311752663138638,18.181818280338256,260.8848876953125,1.307409546792251,9.871668200422233,286.4985656738281,,,,cdip,2026-05-28 18:54:26+00:00
3,2026-05-29 03:00:00+00:00,1.791114330291748,1.2920907219966469,18.181818280338256,260.8662414550781,1.2129471154230467,9.871668200422233,285.2877502441406,,,,cdip,2026-05-28 18:54:26+00:00
3,2026-05-29 06:00:00+00:00,1.7520010471343994,1.3509114280959211,16.666667039195705,261.8995666503906,1.090003486171353,9.871668200422233,284.89434814453125,,,,cdip,2026-05-28 18:54:26+00:00
3,2026-05-29 09:00:00+00:00,1.7764781713485718,1.421122008026735,16.666667039195705,262.545166015625,1.0415393377420656,9.871668200422233,284.84918212890625,,,,cdip,2026-05-28 18:54:26+00:00
3,2026-05-29 12:00:00+00:00,1.7909619808197021,1.515219971759581,16.666667039195705,262.8153381347656,0.9306610361920994,9.871668200422233,284.85430908203125,,,,cdip,2026-05-28 18:54:26+00:00
3,2026-05-29 15:00:00+00:00,1.8565584421157837,1.59438641169378,16.666667039195705,262.5871276855469,0.9286751475896242,9.871668200422233,285.30767822265625,,,,cdip,2026-05-28 18:54:26+00:00
3,2026-05-29 18:00:00+00:00,1.842367172241211,1.5934552114889589,15.384615948919734,262.19354248046875,0.9043961492767933,9.871668200422233,286.2043151855469,,,,cdip,2026-05-28 18:54:26+00:00
3,2026-05-29 21:00:00+00:00,1.7952390909194946,1.5614642169348796,15.384615948919734,261.70367431640625,0.8671966354533426,9.871668200422233,286.7395324707031,,,,cdip,2026-05-28 18:54:26+00:00
3,2026-05-30 00:00:00+00:00,1.7202379703521729,1.5192663099116628,15.384615948919734,260.8353271484375,0.7892312847939116,9.871668200422233,286.5825500488281,,,,cdip,2026-05-28 18:54:26+00:00
3,2026-05-30 03:00:00+00:00,1.610235571861267,1.1822396275626756,13.33333280351429,258.2397766113281,0.8742425408016642,15.384615948919734,259.54248046875,0.637805425363924,7.692307974459867,285.8306579589844,cdip,2026-05-28 18:54:26+00:00
3,2026-05-30 06:00:00+00:00,1.5082627534866333,1.3259751083073317,13.33333280351429,258.24859619140625,0.7033856024685301,7.14285711244661,289.6632080078125,,,,cdip,2026-05-28 18:54:26+00:00
3,2026-05-30 09:00:00+00:00,1.4815247058868408,1.2244809470676985,13.33333280351429,257.98297119140625,0.8189770360998067,7.14285711244661,293.0977478027344,,,,cdip,2026-05-28 18:54:26+00:00
3,2026-05-30 12:00:00+00:00,1.5424034595489502,1.010280312446589,13.33333280351429,257.60400390625,0.5461645022806919,9.871668200422233,286.1518859863281,1.0115305480602603,7.692307974459867,295.9740905761719,cdip,2026-05-28 18:54:26+00:00
3,2026-05-30 15:00:00+00:00,1.546511173248291,0.100800495878952,13.33333280351429,256.96923828125,0.8583505717061811,9.871668200422233,285.26806640625,0.5682792656821078,7.692307974459867,296.9835205078125,cdip,2026-05-28 18:54:26+00:00
3,2026-05-30 18:00:00+00:00,1.5211074352264404,0.11230894858872348,12.50000027939678,256.3076171875,0.8004612605786414,9.871668200422233,285.37109375,0.6033451114644109,7.692307974459867,297.13818359375,cdip,2026-05-28 18:54:26+00:00
3,2026-05-30 21:00:00+00:00,1.5115647315979004,0.12702284072190453,12.50000027939678,256.1346130371094,0.7641775630827843,9.871668200422233,286.0431823730469,,,,cdip,2026-05-28 18:54:26+00:00
3,2026-05-31 00:00:00+00:00,1.4655084609985352,0.6202740012077754,10.526315921561542,282.7176818847656,0.13731678883733756,12.50000027939678,255.71713256835938,,,,cdip,2026-05-28 18:54:26+00:00
3,2026-05-31 03:00:00+00:00,1.4820233583450317,0.5412421628855839,10.526315921561542,282.158935546875,0.24117178372542744,12.50000027939678,255.31640625,,,,cdip,2026-05-28 18:54:26+00:00
3,2026-05-31 06:00:00+00:00,1.4813357591629028,0.2535757743659929,10.526315921561542,282.02349853515625,,,,,,,cdip,2026-05-28 18:54:26+00:00
3,2026-05-31 09:00:00+00:00,1.4508752822875977,1.3973607897741713,10.526315921561542,282.8087463378906,0.29495989857165206,22.222221339190483,225.9279022216797,,,,cdip,2026-05-28 18:54:26+00:00
3,2026-05-31 12:00:00+00:00,1.4486013650894165,1.3912650849531976,10.526315921561542,283.48516845703125,0.30748313820082784,22.222221339190483,225.85037231445312,,,,cdip,2026-05-28 18:54:26+00:00
3,2026-05-31 15:00:00+00:00,1.5273373126983643,1.462919653331814,10.526315921561542,283.8021240234375,0.33932024583319265,22.222221339190483,225.79295349121094,,,,cdip,2026-05-28 18:54:26+00:00
3,2026-05-31 18:00:00+00:00,1.5430145263671875,1.4688110785846429,10.526315921561542,284.09417724609375,0.37746255915331356,22.222221339190483,225.73202514648438,,,,cdip,2026-05-28 18:54:26+00:00
3,2026-05-31 21:00:00+00:00,1.524560570716858,1.4380784755994314,10.526315921561542,284.3067626953125,0.420333191873362,22.222221339190483,225.95626831054688,,,,cdip,2026-05-28 18:54:26+00:00
3,2026-06-01 00:00:00+00:00,1.5204728841781616,1.412381601923666,10.526315921561542,284.33837890625,0.48523764411502995,22.222221339190483,225.76541137695312,,,,cdip,2026-05-28 18:54:26+00:00
3,2026-06-01 03:00:00+00:00,1.5115083456039429,1.392447841571227,10.526315921561542,284.0843811035156,0.5154284889810067,22.222221339190483,225.7925262451172,,,,cdip,2026-05-28 18:54:26+00:00
3,2026-06-01 06:00:00+00:00,1.4798802137374878,1.3534919584748062,10.526315921561542,284.255859375,0.5320423254568782,19.99999970197678,226.6458740234375,,,,cdip,2026-05-28 18:54:26+00:00
3,2026-06-01 09:00:00+00:00,1.4395605325698853,1.2921667984789487,10.526315921561542,284.6943664550781,0.5765946500565873,19.99999970197678,227.0209197998047,,,,cdip,2026-05-28 18:54:26+00:00
3,2026-06-01 12:00:00+00:00,1.380103349685669,1.216955677047567,10.526315921561542,284.8666687011719,0.6002771037518494,19.99999970197678,227.3800048828125,,,,cdip,2026-05-28 18:54:26+00:00
3,2026-06-01 15:00:00+00:00,1.3345599174499512,1.1546632980382214,10.526315921561542,284.19891357421875,0.6248294272891489,19.99999970197678,227.56715393066406,,,,cdip,2026-05-28 18:54:26+00:00
3,2026-06-01 18:00:00+00:00,1.3380546569824219,1.1291265015234966,10.526315921561542,283.715087890625,0.6770502502840215,19.99999970197678,227.61553955078125,,,,cdip,2026-05-28 18:54:26+00:00
3,2026-06-01 21:00:00+00:00,1.3276630640029907,0.6997222074274453,19.99999970197678,227.66842651367188,1.1034759161084335,10.526315921561542,283.60052490234375,,,,cdip,2026-05-28 18:54:26+00:00
3,2026-06-02 00:00:00+00:00,1.3144941329956055,0.7238590827612752,19.99999970197678,227.79232788085938,1.0732904505152163,9.871668200422233,286.5006103515625,,,,cdip,2026-05-28 18:54:26+00:00
3,2026-06-02 03:00:00+00:00,1.3026976585388184,0.7608678711995152,18.181818280338256,226.81919860839844,1.035446776049802,9.871668200422233,285.7332763671875,,,,cdip,2026-05-28 18:54:26+00:00
3,2026-06-02 06:00:00+00:00,1.2841123342514038,0.8132346799064423,18.181818280338256,226.9350128173828,0.8357408995367503,9.871668200422233,284.60943603515625,,,,cdip,2026-05-28 18:54:26+00:00
3,2026-06-02 09:00:00+00:00,1.2789666652679443,0.847062280592469,18.181818280338256,227.0625,0.6786430925234307,9.871668200422233,283.7945556640625,0.41590994182201024,5.882352879303138,274.093017578125,cdip,2026-05-28 18:54:26+00:00
3,2026-06-02 12:00:00+00:00,1.3074235916137695,0.8856868648445709,18.181818280338256,227.08651733398438,0.9431923312856156,9.871668200422233,283.55084228515625,,,,cdip,2026-05-28 18:54:26+00:00
3,2026-06-02 15:00:00+00:00,1.3080803155899048,0.892931504035347,18.181818280338256,226.95240783691406,0.9377339270971355,9.871668200422233,283.4234619140625,,,,cdip,2026-05-28 18:54:26+00:00
3,2026-06-02 18:00:00+00:00,1.296401858329773,0.8855117639121857,18.181818280338256,226.83157348632812,0.8409922849123306,9.871668200422233,283.8167419433594,0.39674678513955725,4.999999925494195,268.9326171875,cdip,2026-05-28 18:54:26+00:00
3,2026-06-02 21:00:00+00:00,1.3112130165100098,0.9164995401269767,16.666667039195705,225.48651123046875,0.5224060380191021,9.871668200422233,284.553955078125,0.6469422990276832,7.692307974459867,293.9798889160156,cdip,2026-05-28 18:54:26+00:00
3,2026-06-03 00:00:00+00:00,1.2782783508300781,0.9284858161806138,16.666667039195705,225.57264709472656,0.4583835510938302,9.871668200422233,284.56817626953125,0.6231465448327499,7.692307974459867,294.2857666015625,cdip,2026-05-28 18:54:26+00:00
3,2026-06-03 03:00:00+00:00,1.1850457191467285,0.8896043117225787,16.666667039195705,225.59584045410156,0.5819282625005977,7.692307974459867,294.4373474121094,0.3256556496254256,9.090909140169128,279.8710021972656,cdip,2026-05-28 18:54:26+00:00
3,2026-06-03 06:00:00+00:00,1.2114721536636353,0.8770088440524401,16.666667039195705,225.950439453125,0.742493060279857,7.14285711244661,298.6436462402344,0.27453081047330347,9.871668200422233,285.61114501953125,cdip,2026-05-28 18:54:26+00:00
3,2026-06-03 09:00:00+00:00,1.3219763040542603,0.8399971174052281,16.666667039195705,225.41873168945312,1.0148266977774876,7.14285711244661,296.9180908203125,,,,cdip,2026-05-28 18:54:26+00:00
3,2026-06-03 12:00:00+00:00,1.1848998069763184,0.7783541235103228,16.666667039195705,225.82456970214844,0.8578195900277743,7.14285711244661,298.6687927246094,0.21783177962037736,5.555555334797621,300.2849426269531,cdip,2026-05-28 18:54:26+00:00
3,2026-06-03 15:00:00+00:00,1.3004961013793945,0.7444209319081992,16.666667039195705,225.4232940673828,1.0598567153989984,7.14285711244661,297.1282958984375,,,,cdip,2026-05-28 18:54:26+00:00
3,2026-06-03 18:00:00+00:00,1.1519502401351929,0.7667667521146916,15.384615948919734,225.58160400390625,0.8176178592437627,7.14285711244661,298.70977783203125,0.0,4.166666759798926,265.01397705078125,cdip,2026-05-28 18:54:26+00:00
3,2026-06-03 21:00:00+00:00,1.2857235670089722,0.7564685670454765,15.384615948919734,225.5604705810547,1.0336648603136511,7.14285711244661,297.224853515625,,,,cdip,2026-05-28 18:54:26+00:00
4,2026-05-28 09:00:00+00:00,1.2396926879882812,1.1699654798864967,12.50000027939678,264.94476318359375,0.36702005414166816,19.99999970197678,261.3624267578125,,,,cdip,2026-05-28 18:54:26+00:00
4,2026-05-28 12:00:00+00:00,1.226563572883606,1.099238361616345,12.50000027939678,264.4837646484375,0.5138476537996316,19.99999970197678,263.28179931640625,,,,cdip,2026-05-28 18:54:26+00:00
4,2026-05-28 15:00:00+00:00,1.2223628759384155,0.6380269453469132,19.99999970197678,264.26654052734375,1.0279985206678914,12.50000027939678,264.35443115234375,,,,cdip,2026-05-28 18:54:26+00:00
4,2026-05-28 18:00:00+00:00,1.2573271989822388,0.7854681895477079,19.99999970197678,264.364990234375,0.9654865417825598,11.764705758606276,263.6904296875,,,,cdip,2026-05-28 18:54:26+00:00
4,2026-05-28 21:00:00+00:00,1.2589935064315796,0.8984357589158742,18.181818280338256,263.498046875,0.8659401852290313,10.526315921561542,264.6194763183594,,,,cdip,2026-05-28 18:54:26+00:00
4,2026-05-29 00:00:00+00:00,1.1707359552383423,0.9092184230470683,18.181818280338256,263.4832763671875,0.3254508281648894,10.526315921561542,263.3574523925781,,,,cdip,2026-05-28 18:54:26+00:00
4,2026-05-29 03:00:00+00:00,1.1088484525680542,0.911706298093425,18.181818280338256,263.2545471191406,0.2890854201272794,11.764705758606276,260.7098388671875,,,,cdip,2026-05-28 18:54:26+00:00
4,2026-05-29 06:00:00+00:00,1.1150232553482056,0.9991467066279208,16.666667039195705,263.15692138671875,0.4854799008118678,10.526315921561542,260.47503662109375,,,,cdip,2026-05-28 18:54:26+00:00
4,2026-05-29 09:00:00+00:00,1.1886615753173828,1.1852897787962389,16.666667039195705,263.356201171875,,,,,,,cdip,2026-05-28 18:54:26+00:00
4,2026-05-29 12:00:00+00:00,1.2219938039779663,1.2192422294186513,15.384615948919734,264.02874755859375,,,,,,,cdip,2026-05-28 18:54:26+00:00
4,2026-05-29 15:00:00+00:00,1.2476640939712524,1.1836689768345412,15.384615948919734,263.81817626953125,0.3869943311461685,8.333333519597852,266.68212890625,,,,cdip,2026-05-28 18:54:26+00:00
4,2026-05-29 18:00:00+00:00,1.2636765241622925,1.2056383561543587,15.384615948919734,263.5265197753906,0.3715856700358038,8.333333519597852,266.74591064453125,,,,cdip,2026-05-28 18:54:26+00:00
4,2026-05-29 21:00:00+00:00,1.2200340032577515,1.1655948927253246,14.28571422489322,263.6145935058594,0.35429650702090115,8.333333519597852,266.4658508300781,,,,cdip,2026-05-28 18:54:26+00:00
4,2026-05-30 00:00:00+00:00,1.2503845691680908,1.192900106203383,14.28571422489322,263.61199951171875,0.3691383537357746,8.333333519597852,265.79840087890625,,,,cdip,2026-05-28 18:54:26+00:00
4,2026-05-30 03:00:00+00:00,1.257351040840149,1.185192479659786,14.28571422489322,263.67181396484375,0.41474019863592293,7.692307974459867,270.98480224609375,,,,cdip,2026-05-28 18:54:26+00:00
4,2026-05-30 06:00:00+00:00,1.2207541465759277,1.1167364644070075,14.28571422489322,263.6214599609375,0.48849795451807926,6.666666401757145,276.7049255371094,,,,cdip,2026-05-28 18:54:26+00:00
4,2026-05-30 09:00:00+00:00,1.1358321905136108,0.9972041750832558,13.33333280351429,265.0601806640625,0.5387388848092669,7.692307974459867,272.799560546875,,,,cdip,2026-05-28 18:54:26+00:00
4,2026-05-30 12:00:00+00:00,1.1178966760635376,0.924124948595635,13.33333280351429,264.91217041015625,0.6204941403834289,8.333333519597852,270.35400390625,,,,cdip,2026-05-28 18:54:26+00:00
4,2026-05-30 15:00:00+00:00,1.0495247840881348,0.051948863428374716,13.33333280351429,264.6884765625,0.7904494945641877,8.333333519597852,271.3775634765625,,,,cdip,2026-05-28 18:54:26+00:00
4,2026-05-30 18:00:00+00:00,0.9635878801345825,0.05480081080777101,13.33333280351429,264.2762451171875,0.6966320939546331,9.090909140169128,269.25030517578125,,,,cdip,2026-05-28 18:54:26+00:00
4,2026-05-30 21:00:00+00:00,0.9258376955986023,0.061304227376462656,12.50000027939678,266.01416015625,0.836540698465221,5.882352879303138,279.3923645019531,,,,cdip,2026-05-28 18:54:26+00:00
4,2026-05-31 00:00:00+00:00,0.9076906442642212,0.06827080451105054,12.50000027939678,265.619140625,0.8013499145100638,5.882352879303138,279.5111999511719,,,,cdip,2026-05-28 18:54:26+00:00
4,2026-05-31 03:00:00+00:00,0.9416328072547913,0.12195665562506634,11.111110669595242,266.98663330078125,0.42260584366635306,5.882352879303138,279.4089660644531,,,,cdip,2026-05-28 18:54:26+00:00
4,2026-05-31 06:00:00+00:00,0.9624621868133545,0.13025885786791422,11.111110669595242,267.1136474609375,0.8303776305491535,6.25000013969839,278.51812744140625,,,,cdip,2026-05-28 18:54:26+00:00
4,2026-05-31 09:00:00+00:00,0.9383789300918579,0.8113599105752595,11.111110669595242,267.36053466796875,0.41785129120234543,6.25000013969839,278.3063659667969,0.1335872347622717,22.222221339190483,224.6320037841797,cdip,2026-05-28 18:54:26+00:00
4,2026-05-31 12:00:00+00:00,0.9191176295280457,0.7989445008332011,11.111110669595242,267.5082702636719,0.3974447747305316,6.25000013969839,278.2559509277344,0.13644245249426465,22.222221339190483,224.45803833007812,cdip,2026-05-28 18:54:26+00:00
4,2026-05-31 15:00:00+00:00,0.9458125829696655,0.8218984301354952,11.111110669595242,267.584228515625,0.14621569492332948,22.222221339190483,224.3079376220703,,,,cdip,2026-05-28 18:54:26+00:00
4,2026-05-31 18:00:00+00:00,0.9477148652076721,0.9135476787966401,11.111110669595242,267.6278381347656,0.1743470608307153,22.222221339190483,224.2585906982422,,,,cdip,2026-05-28 18:54:26+00:00
4,2026-05-31 21:00:00+00:00,0.9195873141288757,0.7742502295141535,11.111110669595242,267.50091552734375,0.18876983820567705,22.222221339190483,224.44017028808594,,,,cdip,2026-05-28 18:54:26+00:00
4,2026-06-01 00:00:00+00:00,0.9329794049263,0.8916626321362993,11.111110669595242,267.41668701171875,0.20941505528277451,22.222221339190483,224.3596649169922,,,,cdip,2026-05-28 18:54:26+00:00
4,2026-06-01 03:00:00+00:00,0.9812522530555725,0.9341225791570944,11.111110669595242,267.2847900390625,0.235225100706447,22.222221339190483,224.28732299804688,,,,cdip,2026-05-28 18:54:26+00:00
4,2026-06-01 06:00:00+00:00,1.0195845365524292,0.9629478304232097,11.111110669595242,267.0553894042969,0.27495245979934624,19.99999970197678,224.5177459716797,,,,cdip,2026-05-28 18:54:26+00:00
4,2026-06-01 09:00:00+00:00,0.9884606599807739,0.9259930861751384,11.111110669595242,266.670654296875,0.2939721328725276,19.99999970197678,224.5261993408203,,,,cdip,2026-05-28 18:54:26+00:00
4,2026-06-01 12:00:00+00:00,0.926915168762207,0.8582023091565734,10.526315921561542,266.90032958984375,0.30826564638353976,19.99999970197678,224.56314086914062,,,,cdip,2026-05-28 18:54:26+00:00
4,2026-06-01 15:00:00+00:00,0.9292717576026917,0.849061501055101,10.526315921561542,266.6315612792969,0.339944530487035,19.99999970197678,224.56689453125,,,,cdip,2026-05-28 18:54:26+00:00
4,2026-06-01 18:00:00+00:00,0.8945607542991638,0.8018392684810617,9.871668200422233,267.397216796875,0.363184559491961,19.99999970197678,224.6119842529297,,,,cdip,2026-05-28 18:54:26+00:00
4,2026-06-01 21:00:00+00:00,0.8662076592445374,0.7675390656123638,9.871668200422233,267.1732177734375,0.37095168633704484,19.99999970197678,224.6619110107422,,,,cdip,2026-05-28 18:54:26+00:00
4,2026-06-02 00:00:00+00:00,0.8482596278190613,0.3855777077720657,18.181818280338256,224.28451538085938,0.7415802459099061,9.871668200422233,266.7790222167969,,,,cdip,2026-05-28 18:54:26+00:00
4,2026-06-02 03:00:00+00:00,0.8397729992866516,0.42536944281420186,18.181818280338256,224.3646240234375,0.7118289669310371,9.871668200422233,265.9933166503906,,,,cdip,2026-05-28 18:54:26+00:00
4,2026-06-02 06:00:00+00:00,0.7672740817070007,0.42402637094878604,18.181818280338256,224.44546508789062,0.629852683955693,9.090909140169128,268.45556640625,,,,cdip,2026-05-28 18:54:26+00:00
4,2026-06-02 09:00:00+00:00,0.7398943305015564,0.4357328015608181,18.181818280338256,224.5592803955078,0.5583657672085423,9.090909140169128,267.8413391113281,0.18943451706660913,11.764705758606276,259.6590576171875,cdip,2026-05-28 18:54:26+00:00
4,2026-06-02 12:00:00+00:00,0.7222900390625,0.43668042539846647,18.181818280338256,224.62765502929688,0.5395317059043357,9.090909140169128,267.55865478515625,0.17629356826936665,11.764705758606276,259.1413269042969,cdip,2026-05-28 18:54:26+00:00
4,2026-06-02 15:00:00+00:00,0.714749813079834,0.4331152500420499,18.181818280338256,224.62713623046875,0.5612054794938053,8.333333519597852,270.666748046875,,,,cdip,2026-05-28 18:54:26+00:00
4,2026-06-02 18:00:00+00:00,0.6997893452644348,0.43003068589254523,16.666667039195705,224.24937438964844,0.5047082375512092,8.333333519597852,270.8077392578125,0.20671827212011437,10.526315921561542,261.439208984375,cdip,2026-05-28 18:54:26+00:00
4,2026-06-02 21:00:00+00:00,0.7403178811073303,0.4563175922459753,16.666667039195705,224.32359313964844,0.2915836509201375,8.333333519597852,270.78814697265625,0.2114371471912138,10.526315921561542,262.0231628417969,cdip,2026-05-28 18:54:26+00:00
4,2026-06-03 00:00:00+00:00,0.7888275384902954,0.49949382151837224,16.666667039195705,224.48895263671875,0.29356434584135116,7.14285711244661,275.7616271972656,0.22050767063161034,10.526315921561542,262.3145751953125,cdip,2026-05-28 18:54:26+00:00
4,2026-06-03 03:00:00+00:00,0.7819256782531738,0.5047022735942155,16.666667039195705,224.64370727539062,0.5667400859096913,6.666666401757145,276.95599365234375,0.17263814356988028,11.764705758606276,252.90792846679688,cdip,2026-05-28 18:54:26+00:00
4,2026-06-03 06:00:00+00:00,0.7665948867797852,0.5529410279575746,16.666667039195705,224.7117462158203,0.1573699471337589,8.333333519597852,272.50732421875,0.15286110726917132,11.764705758606276,249.9041748046875,cdip,2026-05-28 18:54:26+00:00
4,2026-06-03 09:00:00+00:00,0.9614706635475159,0.5511455044804073,16.666667039195705,224.8479461669922,0.5977975907146656,6.25000013969839,278.7481384277344,0.4748810593381102,8.333333519597852,271.2386779785156,cdip,2026-05-28 18:54:26+00:00
4,2026-06-03 12:00:00+00:00,0.853192925453186,0.5530531483055252,16.666667039195705,224.7486572265625,0.5948208274635295,8.333333519597852,272.9404296875,0.14882948037682384,11.764705758606276,242.60293579101562,cdip,2026-05-28 18:54:26+00:00
4,2026-06-03 15:00:00+00:00,0.9987174272537231,0.5252281148302038,16.666667039195705,224.8523712158203,0.5055818839359109,8.333333519597852,271.98419189453125,0.6747728054539612,6.25000013969839,278.5544128417969,cdip,2026-05-28 18:54:26+00:00
4,2026-06-03 18:00:00+00:00,0.802602231502533,0.5425599325573283,16.666667039195705,225.07376098632812,0.5471572134205098,8.333333519597852,272.8768615722656,0.2011221173380704,4.166666759798926,264.23504638671875,cdip,2026-05-28 18:54:26+00:00
4,2026-06-03 21:00:00+00:00,0.9382235407829285,0.5056386999312568,16.666667039195705,225.3081817626953,0.5203430871543601,8.333333519597852,271.93603515625,0.587084432575965,6.25000013969839,278.6724548339844,cdip,2026-05-28 18:54:26+00:00
5,2026-05-28 09:00:00+00:00,1.9926693439483643,1.9010632531146745,11.111110669595242,284.4248962402344,0.49521850173853943,22.222221339190483,269.0882568359375,,,,cdip,2026-05-28 18:54:26+00:00
5,2026-05-28 12:00:00+00:00,1.8984860181808472,1.749077938259448,11.111110669595242,284.3112487792969,0.6633040739317901,19.99999970197678,269.290283203125,,,,cdip,2026-05-28 18:54:26+00:00
5,2026-05-28 15:00:00+00:00,1.8925062417984009,1.6731260144694107,11.111110669595242,284.2935791015625,0.8234154076661837,19.99999970197678,270.2109680175781,,,,cdip,2026-05-28 18:54:26+00:00
5,2026-05-28 18:00:00+00:00,1.9000962972640991,0.9903244592670374,19.99999970197678,269.80145263671875,1.5889073134116858,11.111110669595242,284.02423095703125,,,,cdip,2026-05-28 18:54:26+00:00
5,2026-05-28 21:00:00+00:00,1.843420386314392,1.093114423434164,18.181818280338256,269.76507568359375,1.452579123373001,10.526315921561542,284.2875061035156,,,,cdip,2026-05-28 18:54:26+00:00
5,2026-05-29 00:00:00+00:00,1.7557454109191895,1.1358160956747547,18.181818280338256,269.01434326171875,1.3102250116111618,10.526315921561542,283.7737121582031,,,,cdip,2026-05-28 18:54:26+00:00
5,2026-05-29 03:00:00+00:00,1.6834415197372437,1.1636526090986954,18.181818280338256,268.6841125488281,1.1909365529373406,10.526315921561542,283.0569763183594,,,,cdip,2026-05-28 18:54:26+00:00
5,2026-05-29 06:00:00+00:00,1.6585571765899658,1.2377391318175828,16.666667039195705,269.353515625,0.5638490302000325,9.090909140169128,289.63262939453125,,,,cdip,2026-05-28 18:54:26+00:00
5,2026-05-29 09:00:00+00:00,1.6792173385620117,1.312262207459465,16.666667039195705,269.6934814453125,0.5273009176873328,9.090909140169128,289.62249755859375,,,,cdip,2026-05-28 18:54:26+00:00
5,2026-05-29 12:00:00+00:00,1.7176027297973633,1.3986932021928506,16.666667039195705,269.779541015625,0.4581817426838854,9.090909140169128,289.38983154296875,,,,cdip,2026-05-28 18:54:26+00:00
5,2026-05-29 15:00:00+00:00,1.738904356956482,1.4608685511782513,15.384615948919734,272.7241516113281,0.36629941761520934,9.090909140169128,289.1683349609375,,,,cdip,2026-05-28 18:54:26+00:00
5,2026-05-29 18:00:00+00:00,1.726006269454956,1.5037754586399885,15.384615948919734,272.47625732421875,0.8287313255833723,9.090909140169128,289.122314453125,,,,cdip,2026-05-28 18:54:26+00:00
5,2026-05-29 21:00:00+00:00,1.687102198600769,1.4795441590834055,15.384615948919734,272.04974365234375,0.7938407515897656,9.090909140169128,289.1122741699219,,,,cdip,2026-05-28 18:54:26+00:00
5,2026-05-30 00:00:00+00:00,1.6518023014068604,1.4507639357776978,14.28571422489322,274.490966796875,0.7743935005036618,9.090909140169128,288.96966552734375,,,,cdip,2026-05-28 18:54:26+00:00
5,2026-05-30 03:00:00+00:00,1.6366554498672485,1.417882072837902,14.28571422489322,274.0162353515625,0.8035271876035918,9.090909140169128,288.6126708984375,,,,cdip,2026-05-28 18:54:26+00:00
5,2026-05-30 06:00:00+00:00,1.6545073986053467,1.3804019999409194,13.33333280351429,275.86236572265625,,,,,,,cdip,2026-05-28 18:54:26+00:00
5,2026-05-30 09:00:00+00:00,1.7055222988128662,0.09251919089817019,13.33333280351429,275.506591796875,1.3905549023338828,7.692307974459867,289.7017517089844,,,,cdip,2026-05-28 18:54:26+00:00
5,2026-05-30 12:00:00+00:00,1.8793995380401611,0.10485098638305922,13.33333280351429,275.35833740234375,1.2773472661223708,7.692307974459867,291.33514404296875,,,,cdip,2026-05-28 18:54:26+00:00
5,2026-05-30 15:00:00+00:00,2.007978916168213,0.1186063151305959,13.33333280351429,274.8620910644531,1.243478095207939,8.333333519597852,289.798583984375,,,,cdip,2026-05-28 18:54:26+00:00
5,2026-05-30 18:00:00+00:00,2.0136520862579346,0.180930237966122,12.50000027939678,277.36712646484375,1.0365444299646929,8.333333519597852,290.0406494140625,,,,cdip,2026-05-28 18:54:26+00:00
5,2026-05-30 21:00:00+00:00,1.991681694984436,0.20021576660616372,12.50000027939678,276.8690490722656,1.1757407462630438,9.090909140169128,288.3489685058594,,,,cdip,2026-05-28 18:54:26+00:00
5,2026-05-31 00:00:00+00:00,1.9749739170074463,0.21869719242564417,11.111110669595242,281.85711669921875,,,,,,,cdip,2026-05-28 18:54:26+00:00
5,2026-05-31 03:00:00+00:00,2.0289745330810547,0.23841874267572513,11.111110669595242,281.2633972167969,,,,,,,cdip,2026-05-28 18:54:26+00:00
5,2026-05-31 06:00:00+00:00,2.0782952308654785,0.3006818873526462,11.111110669595242,280.9783935546875,,,,,,,cdip,2026-05-28 18:54:26+00:00
5,2026-05-31 09:00:00+00:00,2.084010362625122,2.0242162590350157,11.111110669595242,281.45281982421875,0.33078257593800037,22.222221339190483,238.0970458984375,,,,cdip,2026-05-28 18:54:26+00:00
5,2026-05-31 12:00:00+00:00,2.12129545211792,2.053536689320824,11.111110669595242,281.9090576171875,0.3653772044250724,22.222221339190483,237.9739532470703,,,,cdip,2026-05-28 18:54:26+00:00
5,2026-05-31 15:00:00+00:00,2.1777005195617676,2.101823907498324,11.111110669595242,282.100830078125,0.40334263201787895,22.222221339190483,237.8592529296875,,,,cdip,2026-05-28 18:54:26+00:00
5,2026-05-31 18:00:00+00:00,2.1492910385131836,2.057933139034583,11.111110669595242,282.353515625,0.4713801406233828,22.222221339190483,237.77125549316406,,,,cdip,2026-05-28 18:54:26+00:00
5,2026-05-31 21:00:00+00:00,2.0693907737731934,1.9680046485255627,11.111110669595242,282.6888732910156,0.5092680830584417,22.222221339190483,237.84967041015625,,,,cdip,2026-05-28 18:54:26+00:00
5,2026-06-01 00:00:00+00:00,1.9962878227233887,1.875454110547115,11.111110669595242,282.6423645019531,0.5707202182301389,22.222221339190483,237.752685546875,,,,cdip,2026-05-28 18:54:26+00:00
5,2026-06-01 03:00:00+00:00,1.961625099182129,1.8285272774124393,11.111110669595242,282.7101745605469,0.6070907616379012,22.222221339190483,237.6368408203125,,,,cdip,2026-05-28 18:54:26+00:00
5,2026-06-01 06:00:00+00:00,1.948777675628662,1.804082583321094,11.111110669595242,283.0592041015625,0.64247699857796,19.99999970197678,237.95883178710938,,,,cdip,2026-05-28 18:54:26+00:00
5,2026-06-01 09:00:00+00:00,1.8898591995239258,1.7306543653238227,11.111110669595242,283.4917907714844,0.6750424624482649,19.99999970197678,237.9114990234375,,,,cdip,2026-05-28 18:54:26+00:00
5,2026-06-01 12:00:00+00:00,1.7984364032745361,1.6142594561882906,11.111110669595242,283.41375732421875,0.7224481618122371,19.99999970197678,237.8137969970703,,,,cdip,2026-05-28 18:54:26+00:00
5,2026-06-01 15:00:00+00:00,1.713136911392212,1.5115560633826146,10.526315921561542,283.66796875,0.7463742073564692,19.99999970197678,237.66403198242188,,,,cdip,2026-05-28 18:54:26+00:00
5,2026-06-01 18:00:00+00:00,1.6508585214614868,0.7751132014781088,19.99999970197678,237.49606323242188,1.4281771621631276,10.526315921561542,283.3729553222656,,,,cdip,2026-05-28 18:54:26+00:00
5,2026-06-01 21:00:00+00:00,1.602929949760437,0.7829644179505051,19.99999970197678,237.32611083984375,1.3701511359818097,10.526315921561542,283.2720031738281,,,,cdip,2026-05-28 18:54:26+00:00
5,2026-06-02 00:00:00+00:00,1.549440622329712,0.7878390117982589,19.99999970197678,237.14620971679688,1.3073852189438604,10.526315921561542,283.3928527832031,,,,cdip,2026-05-28 18:54:26+00:00
5,2026-06-02 03:00:00+00:00,1.473645567893982,0.7937402108388539,18.181818280338256,236.76644897460938,1.2179689724526193,10.526315921561542,283.2246398925781,,,,cdip,2026-05-28 18:54:26+00:00
5,2026-06-02 06:00:00+00:00,1.3905234336853027,0.7992819823517393,18.181818280338256,236.67477416992188,1.1175549151394835,9.871668200422233,284.32757568359375,,,,cdip,2026-05-28 18:54:26+00:00
5,2026-06-02 09:00:00+00:00,1.3291008472442627,0.8013271430793258,18.181818280338256,236.5939483642578,1.0422045438579557,9.871668200422233,283.96258544921875,,,,cdip,2026-05-28 18:54:26+00:00
5,2026-06-02 12:00:00+00:00,1.2970889806747437,0.8132669229097473,18.181818280338256,236.46951293945312,0.9931952031822671,9.090909140169128,288.5120849609375,,,,cdip,2026-05-28 18:54:26+00:00
5,2026-06-02 15:00:00+00:00,1.2790831327438354,0.8070895744474492,18.181818280338256,236.29867553710938,0.9757552348456945,9.090909140169128,288.18292236328125,,,,cdip,2026-05-28 18:54:26+00:00
5,2026-06-02 18:00:00+00:00,1.275691270828247,0.7986869582351165,18.181818280338256,236.17855834960938,0.9792057561765538,9.090909140169128,288.14703369140625,,,,cdip,2026-05-28 18:54:26+00:00
5,2026-06-02 21:00:00+00:00,1.2607920169830322,0.7864503373230096,18.181818280338256,236.1271514892578,0.9709450302309313,9.090909140169128,288.17205810546875,,,,cdip,2026-05-28 18:54:26+00:00
5,2026-06-03 00:00:00+00:00,1.2261837720870972,0.7764158785444258,16.666667039195705,235.9447021484375,0.9358343531851456,9.090909140169128,287.99444580078125,,,,cdip,2026-05-28 18:54:26+00:00
5,2026-06-03 03:00:00+00:00,1.2053769826889038,0.7661413007709537,16.666667039195705,236.03076171875,0.9190575498697635,9.090909140169128,287.66015625,,,,cdip,2026-05-28 18:54:26+00:00
5,2026-06-03 06:00:00+00:00,1.2586179971694946,0.7785045741905201,16.666667039195705,236.054931640625,0.9195481176863005,7.692307974459867,291.768310546875,0.3373275679496651,4.545454570084564,268.60986328125,cdip,2026-05-28 18:54:26+00:00
5,2026-06-03 09:00:00+00:00,1.3837077617645264,0.7494149241866267,16.666667039195705,236.26820373535156,1.1553813322863193,7.14285711244661,292.8055725097656,,,,cdip,2026-05-28 18:54:26+00:00
5,2026-06-03 12:00:00+00:00,1.3884005546569824,1.1086262225213301,7.692307974459867,292.0364685058594,0.7480390152381349,16.666667039195705,236.0029296875,0.34099296579751304,4.166666759798926,272.4589538574219,cdip,2026-05-28 18:54:26+00:00
5,2026-06-03 15:00:00+00:00,1.520316243171692,1.3264604427986688,7.692307974459867,291.8367614746094,0.7264168834379807,16.666667039195705,236.08547973632812,,,,cdip,2026-05-28 18:54:26+00:00
5,2026-06-03 18:00:00+00:00,1.4435663223266602,1.1555717116264492,7.692307974459867,292.53765869140625,0.7351999202470579,16.666667039195705,236.1284637451172,0.43202594672771444,4.545454570084564,272.501953125,cdip,2026-05-28 18:54:26+00:00
5,2026-06-03 21:00:00+00:00,1.5424548387527466,1.3563052586425939,7.692307974459867,292.810791015625,0.7192765126682021,16.666667039195705,236.45779418945312,,,,cdip,2026-05-28 18:54:26+00:00
6,2026-05-28 09:00:00+00:00,1.3220535516738892,1.2732256808021696,11.111110669595242,285.6526184082031,0.274806182509113,22.222221339190483,263.9112243652344,,,,cdip,2026-05-28 18:54:26+00:00
6,2026-05-28 12:00:00+00:00,1.2600502967834473,1.1891296958329387,11.111110669595242,285.6510925292969,0.35303833457456296,19.99999970197678,264.106689453125,,,,cdip,2026-05-28 18:54:26+00:00
6,2026-05-28 15:00:00+00:00,1.2532010078430176,1.1384328684496925,11.111110669595242,285.50823974609375,0.47422111219276275,19.99999970197678,264.882568359375,,,,cdip,2026-05-28 18:54:26+00:00
6,2026-05-28 18:00:00+00:00,1.2686713933944702,1.0968192447999008,10.526315921561542,285.7958068847656,0.5959189228294496,19.99999970197678,264.94171142578125,,,,cdip,2026-05-28 18:54:26+00:00
6,2026-05-28 21:00:00+00:00,1.2530665397644043,0.6943829386208524,18.181818280338256,267.4786682128906,1.0204532023694919,10.526315921561542,285.59002685546875,,,,cdip,2026-05-28 18:54:26+00:00
6,2026-05-29 00:00:00+00:00,1.2239296436309814,0.7624077082998647,18.181818280338256,267.1933898925781,0.937044915448771,10.526315921561542,285.3985900878906,,,,cdip,2026-05-28 18:54:26+00:00
6,2026-05-29 03:00:00+00:00,1.2045438289642334,0.8181532261349356,18.181818280338256,267.27593994140625,0.8656537104507772,10.526315921561542,285.0724182128906,,,,cdip,2026-05-28 18:54:26+00:00
6,2026-05-29 06:00:00+00:00,1.2077263593673706,0.8908248359366028,16.666667039195705,269.51654052734375,0.4333367149061463,10.526315921561542,284.94207763671875,,,,cdip,2026-05-28 18:54:26+00:00
6,2026-05-29 09:00:00+00:00,1.2314949035644531,0.9535395861263883,16.666667039195705,269.7594299316406,0.40274183160770916,10.526315921561542,284.77783203125,,,,cdip,2026-05-28 18:54:26+00:00
6,2026-05-29 12:00:00+00:00,1.2672078609466553,1.009699962723617,16.666667039195705,269.8377380371094,0.39194100872094684,10.526315921561542,284.5408020019531,,,,cdip,2026-05-28 18:54:26+00:00
6,2026-05-29 15:00:00+00:00,1.2955344915390015,1.0853749228023475,15.384615948919734,272.9164123535156,0.28102197597230866,10.526315921561542,284.6042785644531,,,,cdip,2026-05-28 18:54:26+00:00
6,2026-05-29 18:00:00+00:00,1.294488787651062,1.0949627808730553,15.384615948919734,272.89324951171875,0.27387177249998496,10.526315921561542,284.8414306640625,,,,cdip,2026-05-28 18:54:26+00:00
6,2026-05-29 21:00:00+00:00,1.2555071115493774,1.0664692250595125,15.384615948919734,272.6214904785156,0.6504355860906889,10.526315921561542,285.0227966308594,,,,cdip,2026-05-28 18:54:26+00:00
6,2026-05-30 00:00:00+00:00,1.2027612924575806,1.1970238409762533,14.28571422489322,275.1831970214844,,,,,,,cdip,2026-05-28 18:54:26+00:00
6,2026-05-30 03:00:00+00:00,1.1525641679763794,1.0099272468215488,14.28571422489322,274.5506591796875,0.5440936948198507,8.333333519597852,290.6212158203125,,,,cdip,2026-05-28 18:54:26+00:00
6,2026-05-30 06:00:00+00:00,1.1189393997192383,0.9420937808414273,14.28571422489322,273.9146423339844,0.5933895572060032,8.333333519597852,289.61541748046875,,,,cdip,2026-05-28 18:54:26+00:00
6,2026-05-30 09:00:00+00:00,1.1113615036010742,0.05467105687556959,13.33333280351429,274.61865234375,0.8720459640200244,7.692307974459867,289.8504638671875,,,,cdip,2026-05-28 18:54:26+00:00
6,2026-05-30 12:00:00+00:00,1.1922075748443604,0.0602253420885365,13.33333280351429,274.5577392578125,0.8234629268861865,7.692307974459867,291.2845764160156,,,,cdip,2026-05-28 18:54:26+00:00
6,2026-05-30 15:00:00+00:00,1.248635172843933,0.06668759175174244,13.33333280351429,274.15570068359375,0.3538901717983518,8.333333519597852,289.73260498046875,0.6557489781490891,10.526315921561542,282.99932861328125,cdip,2026-05-28 18:54:26+00:00
6,2026-05-30 18:00:00+00:00,1.2362977266311646,0.09913384639575132,13.33333280351429,273.2500305175781,0.3782017366357437,8.333333519597852,289.9478759765625,0.6008813944581478,10.526315921561542,283.01959228515625,cdip,2026-05-28 18:54:26+00:00
6,2026-05-30 21:00:00+00:00,1.219061017036438,0.4870228411248513,10.526315921561542,283.517333984375,0.1096080991529993,12.50000027939678,275.1478271484375,,,,cdip,2026-05-28 18:54:26+00:00
6,2026-05-31 00:00:00+00:00,1.2074780464172363,0.11995642995609687,10.526315921561542,283.5137023925781,,,,,,,cdip,2026-05-28 18:54:26+00:00
6,2026-05-31 03:00:00+00:00,1.2395904064178467,0.15006597318462972,10.526315921561542,282.92755126953125,,,,,,,cdip,2026-05-28 18:54:26+00:00
6,2026-05-31 06:00:00+00:00,1.2680535316467285,0.16339929228615713,10.526315921561542,282.5817565917969,,,,,,,cdip,2026-05-28 18:54:26+00:00
6,2026-05-31 09:00:00+00:00,1.2693744897842407,1.2358304309065096,10.526315921561542,282.97418212890625,0.17873913478043618,22.222221339190483,239.62832641601562,,,,cdip,2026-05-28 18:54:26+00:00
6,2026-05-31 12:00:00+00:00,1.2945764064788818,1.2569673850514371,10.526315921561542,283.311279296875,0.19671530621612746,22.222221339190483,239.56370544433594,,,,cdip,2026-05-28 18:54:26+00:00
6,2026-05-31 15:00:00+00:00,1.3350425958633423,1.2905906772841969,10.526315921561542,283.4427490234375,0.23273021580641093,22.222221339190483,239.49935913085938,,,,cdip,2026-05-28 18:54:26+00:00
6,2026-05-31 18:00:00+00:00,1.3222529888153076,1.2728769007575977,10.526315921561542,283.6423034667969,0.2542214590825075,22.222221339190483,239.44937133789062,,,,cdip,2026-05-28 18:54:26+00:00
6,2026-05-31 21:00:00+00:00,1.2776793241500854,1.2231256247333084,10.526315921561542,283.8918762207031,0.27680607659247813,22.222221339190483,239.50628662109375,,,,cdip,2026-05-28 18:54:26+00:00
6,2026-06-01 00:00:00+00:00,1.2351328134536743,1.1745798488596793,10.526315921561542,283.94549560546875,0.2974846816179133,22.222221339190483,239.44473266601562,,,,cdip,2026-05-28 18:54:26+00:00
6,2026-06-01 03:00:00+00:00,1.216833472251892,1.1472484174652473,10.526315921561542,283.86895751953125,0.3302703520010749,22.222221339190483,239.38072204589844,,,,cdip,2026-05-28 18:54:26+00:00
6,2026-06-01 06:00:00+00:00,1.2133647203445435,1.1384940231955327,10.526315921561542,284.0181884765625,0.3501381444268485,19.99999970197678,239.5997314453125,,,,cdip,2026-05-28 18:54:26+00:00
6,2026-06-01 09:00:00+00:00,1.1809173822402954,1.0996626165211771,10.526315921561542,284.3738098144531,0.3681220191468023,19.99999970197678,239.58709716796875,,,,cdip,2026-05-28 18:54:26+00:00
6,2026-06-01 12:00:00+00:00,1.1270257234573364,1.0381893911011195,10.526315921561542,284.5724792480469,0.3844753552992904,19.99999970197678,239.54876708984375,,,,cdip,2026-05-28 18:54:26+00:00
6,2026-06-01 15:00:00+00:00,1.0764834880828857,0.9750646667055349,10.526315921561542,284.32244873046875,0.41075261459048656,19.99999970197678,239.47393798828125,,,,cdip,2026-05-28 18:54:26+00:00
6,2026-06-01 18:00:00+00:00,1.0399222373962402,0.9318574624370375,10.526315921561542,284.1138610839844,0.42057165273878405,19.99999970197678,239.38465881347656,,,,cdip,2026-05-28 18:54:26+00:00
6,2026-06-01 21:00:00+00:00,1.0116090774536133,0.8941350454227807,10.526315921561542,284.13934326171875,0.4356876986947142,19.99999970197678,239.29261779785156,,,,cdip,2026-05-28 18:54:26+00:00
6,2026-06-02 00:00:00+00:00,0.9795977473258972,0.857386578962938,10.526315921561542,284.4413146972656,0.4399052759521273,19.99999970197678,239.19737243652344,,,,cdip,2026-05-28 18:54:26+00:00
6,2026-06-02 03:00:00+00:00,0.9318660497665405,0.8029792013543504,10.526315921561542,284.5516662597656,0.44491083267353526,18.181818280338256,238.90435791015625,,,,cdip,2026-05-28 18:54:26+00:00
6,2026-06-02 06:00:00+00:00,0.8769174814224243,0.4497495332193771,18.181818280338256,238.87753295898438,0.7392930374200254,10.526315921561542,284.3584899902344,,,,cdip,2026-05-28 18:54:26+00:00
6,2026-06-02 09:00:00+00:00,0.8353378772735596,0.45263236563444714,18.181818280338256,238.8565673828125,0.6899955816112135,10.526315921561542,284.0980224609375,,,,cdip,2026-05-28 18:54:26+00:00
6,2026-06-02 12:00:00+00:00,0.8117402195930481,0.4525185716647859,18.181818280338256,238.79434204101562,0.2836977614840189,10.526315921561542,283.9822082519531,,,,cdip,2026-05-28 18:54:26+00:00
6,2026-06-02 15:00:00+00:00,0.7978051900863647,0.45683958680216746,18.181818280338256,238.68667602539062,0.2458413607945241,9.090909140169128,287.7540588378906,,,,cdip,2026-05-28 18:54:26+00:00
6,2026-06-02 18:00:00+00:00,0.7947824597358704,0.4518230016730679,18.181818280338256,238.60202026367188,0.643178846479097,9.090909140169128,287.7221984863281,,,,cdip,2026-05-28 18:54:26+00:00
6,2026-06-02 21:00:00+00:00,0.7823900580406189,0.44338206033506417,18.181818280338256,238.55233764648438,0.6345027967619856,9.090909140169128,287.74383544921875,,,,cdip,2026-05-28 18:54:26+00:00
6,2026-06-03 00:00:00+00:00,0.75630122423172,0.4366887037709398,16.666667039195705,238.5433349609375,0.6082091251280345,9.090909140169128,287.564697265625,,,,cdip,2026-05-28 18:54:26+00:00
6,2026-06-03 03:00:00+00:00,0.735765814781189,0.42064993137457757,16.666667039195705,238.58111572265625,0.5954909240076749,9.871668200422233,285.18572998046875,,,,cdip,2026-05-28 18:54:26+00:00
6,2026-06-03 06:00:00+00:00,0.7634106874465942,0.43119760805808427,16.666667039195705,238.6156463623047,0.5865886456677648,7.692307974459867,291.57666015625,0.21188029928087881,4.545454570084564,270.6052551269531,cdip,2026-05-28 18:54:26+00:00
6,2026-06-03 09:00:00+00:00,0.8365511298179626,0.4101488237862331,16.666667039195705,238.714599609375,0.7239138363970822,7.14285711244661,292.48980712890625,,,,cdip,2026-05-28 18:54:26+00:00
6,2026-06-03 12:00:00+00:00,0.830969512462616,0.6968159798271613,7.692307974459867,291.79888916015625,0.40432896505322213,16.666667039195705,238.55914306640625,0.18043601405800788,4.166666759798926,272.7286682128906,cdip,2026-05-28 18:54:26+00:00
6,2026-06-03 15:00:00+00:00,0.9044275283813477,0.8114811469356873,7.692307974459867,291.62786865234375,0.3876730498717173,16.666667039195705,238.5753173828125,,,,cdip,2026-05-28 18:54:26+00:00
6,2026-06-03 18:00:00+00:00,0.8539314866065979,0.7074681683206654,7.692307974459867,292.34716796875,0.39023351628423875,16.666667039195705,238.62060546875,0.26138404240315366,4.545454570084564,274.3280944824219,cdip,2026-05-28 18:54:26+00:00
6,2026-06-03 21:00:00+00:00,0.9123426675796509,0.8244341152273722,7.692307974459867,292.5962219238281,0.3800412063945781,15.384615948919734,239.28309631347656,,,,cdip,2026-05-28 18:54:26+00:00
7,2026-05-28 09:00:00+00:00,0.8520140647888184,0.8166907146440313,11.111110669595242,285.5904235839844,0.19418855995542858,22.222221339190483,261.57305908203125,,,,cdip,2026-05-28 18:54:26+00:00
7,2026-05-28 12:00:00+00:00,0.8185824155807495,0.7656004994393912,11.111110669595242,285.5889892578125,0.2519225063521392,19.99999970197678,261.3430480957031,,,,cdip,2026-05-28 18:54:26+00:00
7,2026-05-28 15:00:00+00:00,0.820213258266449,0.7343460128258293,11.111110669595242,285.35833740234375,0.3356753959659791,19.99999970197678,262.14910888671875,,,,cdip,2026-05-28 18:54:26+00:00
7,2026-05-28 18:00:00+00:00,0.8343958258628845,0.70811829573277,10.526315921561542,286.00384521484375,0.4161088264223106,19.99999970197678,262.8528137207031,,,,cdip,2026-05-28 18:54:26+00:00
7,2026-05-28 21:00:00+00:00,0.8263511061668396,0.4779432857370226,18.181818280338256,265.9460754394531,0.6594409576521446,10.526315921561542,285.8451843261719,,,,cdip,2026-05-28 18:54:26+00:00
7,2026-05-29 00:00:00+00:00,0.8065743446350098,0.5170886320425883,18.181818280338256,266.61883544921875,0.6059182000956346,10.526315921561542,285.71722412109375,,,,cdip,2026-05-28 18:54:26+00:00
7,2026-05-29 03:00:00+00:00,0.794284462928772,0.5517418082640027,18.181818280338256,267.0487060546875,0.5596701113052583,10.526315921561542,285.4409484863281,,,,cdip,2026-05-28 18:54:26+00:00
7,2026-05-29 06:00:00+00:00,0.7992998361587524,0.6007507643205009,16.666667039195705,269.99951171875,0.5162946295550895,10.526315921561542,285.35089111328125,,,,cdip,2026-05-28 18:54:26+00:00
7,2026-05-29 09:00:00+00:00,0.8163934350013733,0.6415618637619358,16.666667039195705,270.2358093261719,0.2602103615861229,10.526315921561542,285.2104797363281,,,,cdip,2026-05-28 18:54:26+00:00
7,2026-05-29 12:00:00+00:00,0.8422379493713379,0.6906561365478866,15.384615948919734,273.4752197265625,0.22251641544229633,10.526315921561542,284.9581604003906,,,,cdip,2026-05-28 18:54:26+00:00
7,2026-05-29 15:00:00+00:00,0.8669794797897339,0.7356006292796506,15.384615948919734,273.8936767578125,0.17831677928563947,10.526315921561542,284.9085693359375,,,,cdip,2026-05-28 18:54:26+00:00
7,2026-05-29 18:00:00+00:00,0.8739908933639526,0.7502082853644793,15.384615948919734,274.0614013671875,0.4397034578116535,10.526315921561542,284.9866943359375,,,,cdip,2026-05-28 18:54:26+00:00
7,2026-05-29 21:00:00+00:00,0.850620448589325,0.733869714929266,14.28571422489322,276.73016357421875,0.4220797488213086,10.526315921561542,285.110107421875,,,,cdip,2026-05-28 18:54:26+00:00
7,2026-05-30 00:00:00+00:00,0.8131349682807922,0.6986902312705261,14.28571422489322,276.409912109375,,,,,,,cdip,2026-05-28 18:54:26+00:00
7,2026-05-30 03:00:00+00:00,0.7741687297821045,0.6846270984843321,14.28571422489322,275.8294677734375,0.3539041381584786,8.333333519597852,291.1716003417969,,,,cdip,2026-05-28 18:54:26+00:00
7,2026-05-30 06:00:00+00:00,0.7454630136489868,0.032233139144489734,14.28571422489322,275.2137451171875,0.633269480972598,8.333333519597852,290.2194519042969,,,,cdip,2026-05-28 18:54:26+00:00
7,2026-05-30 09:00:00+00:00,0.7346165180206299,0.03576554283720702,13.33333280351429,275.99871826171875,0.583699694500191,7.692307974459867,290.078125,,,,cdip,2026-05-28 18:54:26+00:00
7,2026-05-30 12:00:00+00:00,0.7813439965248108,0.03929881348887555,13.33333280351429,275.9681091308594,0.2591000544281193,7.692307974459867,291.41650390625,0.4827103860438226,10.526315921561542,283.6820068359375,cdip,2026-05-28 18:54:26+00:00
7,2026-05-30 15:00:00+00:00,0.8124611377716064,0.04343962235946922,13.33333280351429,275.58062744140625,0.2230462518320622,8.333333519597852,289.8707275390625,0.43871182853211105,10.526315921561542,282.9739685058594,cdip,2026-05-28 18:54:26+00:00
7,2026-05-30 18:00:00+00:00,0.8003356456756592,0.06463447458779382,13.33333280351429,274.6562805175781,0.23800762952111548,8.333333519597852,290.06304931640625,0.39823662737675974,10.526315921561542,283.02667236328125,cdip,2026-05-28 18:54:26+00:00
7,2026-05-30 21:00:00+00:00,0.7867782115936279,0.32347321143866364,10.526315921561542,283.5628662109375,0.07134978439707101,12.50000027939678,276.7368469238281,,,,cdip,2026-05-28 18:54:26+00:00
7,2026-05-31 00:00:00+00:00,0.778139591217041,0.29572209815951034,10.526315921561542,283.57574462890625,0.07802237128902259,12.50000027939678,276.05828857421875,,,,cdip,2026-05-28 18:54:26+00:00
7,2026-05-31 03:00:00+00:00,0.7980006337165833,0.09734186332112266,10.526315921561542,282.96234130859375,,,,,,,cdip,2026-05-28 18:54:26+00:00
7,2026-05-31 06:00:00+00:00,0.8158062100410461,0.10617197394877566,10.526315921561542,282.5902099609375,,,,,,,cdip,2026-05-28 18:54:26+00:00
7,2026-05-31 09:00:00+00:00,0.8165174722671509,0.7948313331766274,10.526315921561542,282.9651184082031,0.11640210841017651,22.222221339190483,241.63327026367188,,,,cdip,2026-05-28 18:54:26+00:00
7,2026-05-31 12:00:00+00:00,0.8324025869369507,0.8080426731649303,10.526315921561542,283.28802490234375,0.12824790703316102,22.222221339190483,241.53738403320312,,,,cdip,2026-05-28 18:54:26+00:00
7,2026-05-31 15:00:00+00:00,0.8579958081245422,0.8309018481100298,10.526315921561542,283.41033935546875,0.14171000137034798,22.222221339190483,241.44769287109375,,,,cdip,2026-05-28 18:54:26+00:00
7,2026-05-31 18:00:00+00:00,0.8494930267333984,0.8174032382127657,10.526315921561542,283.6116638183594,0.16553487831410701,22.222221339190483,241.38816833496094,,,,cdip,2026-05-28 18:54:26+00:00
7,2026-05-31 21:00:00+00:00,0.8208434581756592,0.7852564879652182,10.526315921561542,283.8841247558594,0.18044497827133285,22.222221339190483,241.44960021972656,,,,cdip,2026-05-28 18:54:26+00:00
7,2026-06-01 00:00:00+00:00,0.7932568192481995,0.7536527216523977,10.526315921561542,283.9418029785156,0.19400488564616528,22.222221339190483,241.38038635253906,,,,cdip,2026-05-28 18:54:26+00:00
7,2026-06-01 03:00:00+00:00,0.7811501622200012,0.7355337702479035,10.526315921561542,283.87060546875,0.21534820658835394,22.222221339190483,241.3004150390625,,,,cdip,2026-05-28 18:54:26+00:00
7,2026-06-01 06:00:00+00:00,0.7784607410430908,0.72933388006564,10.526315921561542,284.04681396484375,0.22819111884391952,19.99999970197678,241.524169921875,,,,cdip,2026-05-28 18:54:26+00:00
7,2026-06-01 09:00:00+00:00,0.7575591206550598,0.7041970657388464,10.526315921561542,284.447509765625,0.23990955302611702,19.99999970197678,241.50411987304688,,,,cdip,2026-05-28 18:54:26+00:00
7,2026-06-01 12:00:00+00:00,0.723678469657898,0.6651965952651757,10.526315921561542,284.673583984375,0.25089940625567864,19.99999970197678,241.4671173095703,,,,cdip,2026-05-28 18:54:26+00:00
7,2026-06-01 15:00:00+00:00,0.692105770111084,0.6250960240687629,10.526315921561542,284.43951416015625,0.26854249587638757,19.99999970197678,241.389404296875,,,,cdip,2026-05-28 18:54:26+00:00
7,2026-06-01 18:00:00+00:00,0.6694515347480774,0.5977991532481718,10.526315921561542,284.2514343261719,0.27558064278634936,19.99999970197678,241.28884887695312,,,,cdip,2026-05-28 18:54:26+00:00
7,2026-06-01 21:00:00+00:00,0.6520528197288513,0.5738828402739847,10.526315921561542,284.3055725097656,0.2860769659403473,19.99999970197678,241.1673583984375,,,,cdip,2026-05-28 18:54:26+00:00
7,2026-06-02 00:00:00+00:00,0.6325104832649231,0.5509367703951036,10.526315921561542,284.65234375,0.28944228909530795,19.99999970197678,241.01446533203125,,,,cdip,2026-05-28 18:54:26+00:00
7,2026-06-02 03:00:00+00:00,0.6030105948448181,0.516857239131469,10.526315921561542,284.8369140625,0.2931327416226221,18.181818280338256,240.6287841796875,,,,cdip,2026-05-28 18:54:26+00:00
7,2026-06-02 06:00:00+00:00,0.5684093236923218,0.29637599606590304,18.181818280338256,240.58004760742188,0.4764493337530366,10.526315921561542,284.7160339355469,,,,cdip,2026-05-28 18:54:26+00:00
7,2026-06-02 09:00:00+00:00,0.5418504476547241,0.29811840488369973,18.181818280338256,240.54397583007812,0.44482131842339034,10.526315921561542,284.5080871582031,,,,cdip,2026-05-28 18:54:26+00:00
7,2026-06-02 12:00:00+00:00,0.5265681147575378,0.2978688306710035,18.181818280338256,240.4705810546875,0.18096367937670352,10.526315921561542,284.4085388183594,,,,cdip,2026-05-28 18:54:26+00:00
7,2026-06-02 15:00:00+00:00,0.51740962266922,0.2999726355836022,18.181818280338256,240.3551025390625,0.15618815985777942,9.090909140169128,287.4461669921875,,,,cdip,2026-05-28 18:54:26+00:00
7,2026-06-02 18:00:00+00:00,0.5153489708900452,0.29604989347485117,18.181818280338256,240.2710418701172,0.41493978111473184,9.090909140169128,287.40411376953125,,,,cdip,2026-05-28 18:54:26+00:00
7,2026-06-02 21:00:00+00:00,0.5068351030349731,0.2895701883324288,18.181818280338256,240.2334747314453,0.4093839018635543,9.090909140169128,287.444091796875,,,,cdip,2026-05-28 18:54:26+00:00
7,2026-06-03 00:00:00+00:00,0.48926034569740295,0.2840473201847539,16.666667039195705,240.17005920410156,0.3922968459431572,9.090909140169128,287.31536865234375,,,,cdip,2026-05-28 18:54:26+00:00
7,2026-06-03 03:00:00+00:00,0.4754634201526642,0.27281558789889526,16.666667039195705,240.23753356933594,0.15146029917383413,9.871668200422233,285.81805419921875,,,,cdip,2026-05-28 18:54:26+00:00
7,2026-06-03 06:00:00+00:00,0.49324920773506165,0.2785862864397172,16.666667039195705,240.23814392089844,0.37928171294680546,7.692307974459867,291.62176513671875,0.13616316620988217,4.545454570084564,270.67596435546875,cdip,2026-05-28 18:54:26+00:00
7,2026-06-03 09:00:00+00:00,0.5382530689239502,0.260410889031374,16.666667039195705,240.41708374023438,0.4677120786227818,7.14285711244661,292.4647216796875,,,,cdip,2026-05-28 18:54:26+00:00
7,2026-06-03 12:00:00+00:00,0.5352662205696106,0.4488914941753729,7.692307974459867,291.85260009765625,0.26044086114675824,16.666667039195705,240.16905212402344,0.11608144774639685,4.166666759798926,272.83184814453125,cdip,2026-05-28 18:54:26+00:00
7,2026-06-03 15:00:00+00:00,0.5813032388687134,0.5216181872995017,7.692307974459867,291.6971435546875,0.24909034550962444,16.666667039195705,240.23602294921875,,,,cdip,2026-05-28 18:54:26+00:00
7,2026-06-03 18:00:00+00:00,0.5499597787857056,0.455958097846456,7.692307974459867,292.39117431640625,0.2509848000937881,16.666667039195705,240.18743896484375,0.1680317961804882,4.545454570084564,274.37713623046875,cdip,2026-05-28 18:54:26+00:00
7,2026-06-03 21:00:00+00:00,0.5869390964508057,0.5308740095115778,7.692307974459867,292.65899658203125,0.24349544475621868,16.666667039195705,240.42877197265625,,,,cdip,2026-05-28 18:54:26+00:00
8,2026-05-28 09:00:00+00:00,1.9032378196716309,1.831234217821096,10.526315921561542,283.9156494140625,0.38449875065490036,22.222221339190483,271.50738525390625,,,,cdip,2026-05-28 18:54:26+00:00
8,2026-05-28 12:00:00+00:00,1.8373339176177979,1.7036914133985441,9.871668200422233,286.2838134765625,0.5967147596424792,19.99999970197678,271.3699035644531,,,,cdip,2026-05-28 18:54:26+00:00
8,2026-05-28 15:00:00+00:00,1.8535075187683105,1.65474135248262,9.871668200422233,286.28619384765625,0.761553539411177,19.99999970197678,272.2760314941406,,,,cdip,2026-05-28 18:54:26+00:00
8,2026-05-28 18:00:00+00:00,1.9136031866073608,0.9759925213429543,19.99999970197678,272.5202331542969,1.6089331751750002,9.871668200422233,286.163330078125,,,,cdip,2026-05-28 18:54:26+00:00
8,2026-05-28 21:00:00+00:00,1.9415690898895264,1.1589768264185243,18.181818280338256,272.4815979003906,1.5208114268240565,9.871668200422233,286.25836181640625,,,,cdip,2026-05-28 18:54:26+00:00
8,2026-05-29 00:00:00+00:00,1.942960500717163,1.2853727356178957,18.181818280338256,272.7823791503906,1.4220073074663082,9.871668200422233,286.6454772949219,,,,cdip,2026-05-28 18:54:26+00:00
8,2026-05-29 03:00:00+00:00,1.9425632953643799,1.3811529867382004,16.666667039195705,272.92059326171875,1.3334549628894223,9.871668200422233,286.7092590332031,,,,cdip,2026-05-28 18:54:26+00:00
8,2026-05-29 06:00:00+00:00,1.9700578451156616,1.5025363559552138,16.666667039195705,273.2254943847656,1.2439465655701967,9.871668200422233,286.44183349609375,,,,cdip,2026-05-28 18:54:26+00:00
8,2026-05-29 09:00:00+00:00,2.017667055130005,1.6018980739228514,16.666667039195705,273.38787841796875,0.3294326540008713,9.871668200422233,285.8253173828125,,,,cdip,2026-05-28 18:54:26+00:00
8,2026-05-29 12:00:00+00:00,2.0748074054718018,1.6844271550099927,16.666667039195705,273.44073486328125,0.3622382642826386,9.090909140169128,289.44952392578125,,,,cdip,2026-05-28 18:54:26+00:00
8,2026-05-29 15:00:00+00:00,2.112474203109741,1.7800053236742484,15.384615948919734,275.00244140625,1.1148831349909192,9.090909140169128,289.3174133300781,,,,cdip,2026-05-28 18:54:26+00:00
8,2026-05-29 18:00:00+00:00,2.098576784133911,1.8016420169465468,15.384615948919734,275.09417724609375,1.0558091608611992,9.090909140169128,289.27557373046875,,,,cdip,2026-05-28 18:54:26+00:00
8,2026-05-29 21:00:00+00:00,2.0223522186279297,1.7461399664130408,15.384615948919734,274.8773193359375,1.0019798000776081,9.090909140169128,289.2537536621094,,,,cdip,2026-05-28 18:54:26+00:00
8,2026-05-30 00:00:00+00:00,1.9228830337524414,1.6575935053059199,14.28571422489322,276.51953125,0.9581333206732622,9.090909140169128,289.0891418457031,,,,cdip,2026-05-28 18:54:26+00:00
8,2026-05-30 03:00:00+00:00,1.8231604099273682,1.5557127880661,14.28571422489322,275.8742980957031,0.9355279932983537,8.333333519597852,292.5209655761719,,,,cdip,2026-05-28 18:54:26+00:00
8,2026-05-30 06:00:00+00:00,1.7511893510818481,0.07600625928561558,14.28571422489322,275.190673828125,1.424931902237868,8.333333519597852,291.913818359375,,,,cdip,2026-05-28 18:54:26+00:00
8,2026-05-30 09:00:00+00:00,1.716928482055664,0.08259677159041275,14.28571422489322,274.72027587890625,1.296452292365881,8.333333519597852,291.02777099609375,,,,cdip,2026-05-28 18:54:26+00:00
8,2026-05-30 12:00:00+00:00,1.8034342527389526,1.1504439625182619,13.33333280351429,275.5609130859375,1.365634998665752,7.692307974459867,293.2891845703125,0.12865351391245664,22.222221339190483,246.7616424560547,cdip,2026-05-28 18:54:26+00:00
8,2026-05-30 15:00:00+00:00,1.8671897649765015,1.0587087995956506,13.33333280351429,275.13446044921875,1.508992441926039,8.333333519597852,291.04718017578125,0.1417944742976236,22.222221339190483,246.26455688476562,cdip,2026-05-28 18:54:26+00:00
8,2026-05-30 18:00:00+00:00,1.8375060558319092,0.15535853596674573,13.33333280351429,274.1222229003906,0.9209084002099353,9.090909140169128,287.69842529296875,,,,cdip,2026-05-28 18:54:26+00:00
8,2026-05-30 21:00:00+00:00,1.8020015954971313,0.8527065830081126,9.090909140169128,288.09722900390625,0.16942278922663395,12.50000027939678,276.3215637207031,,,,cdip,2026-05-28 18:54:26+00:00
8,2026-05-31 00:00:00+00:00,1.781961441040039,0.1850265426985495,9.871668200422233,284.2181091308594,,,,,,,cdip,2026-05-28 18:54:26+00:00
8,2026-05-31 03:00:00+00:00,1.8206170797348022,0.23693976069892456,9.871668200422233,283.9379577636719,,,,,,,cdip,2026-05-28 18:54:26+00:00
8,2026-05-31 06:00:00+00:00,1.8545225858688354,1.8089150696959302,9.871668200422233,283.6558837890625,0.2566699397168115,22.222221339190483,247.42144775390625,,,,cdip,2026-05-28 18:54:26+00:00
8,2026-05-31 09:00:00+00:00,1.853332757949829,1.8033631693520455,9.871668200422233,283.96112060546875,0.2772408938340556,22.222221339190483,247.22091674804688,,,,cdip,2026-05-28 18:54:26+00:00
8,2026-05-31 12:00:00+00:00,1.882176399230957,1.8264562398032553,9.871668200422233,284.31585693359375,0.3013646094222754,22.222221339190483,246.852783203125,,,,cdip,2026-05-28 18:54:26+00:00
8,2026-05-31 15:00:00+00:00,1.9363598823547363,1.8745326126756243,9.871668200422233,284.4670104980469,0.331244470899315,22.222221339190483,246.49801635742188,,,,cdip,2026-05-28 18:54:26+00:00
8,2026-05-31 18:00:00+00:00,1.9220746755599976,1.8462180620409279,9.871668200422233,284.568603515625,0.396240816161537,22.222221339190483,246.30999755859375,,,,cdip,2026-05-28 18:54:26+00:00
8,2026-05-31 21:00:00+00:00,1.8691704273223877,1.783471949151067,9.871668200422233,284.71649169921875,0.43467224005618516,22.222221339190483,246.443115234375,,,,cdip,2026-05-28 18:54:26+00:00
8,2026-06-01 00:00:00+00:00,1.8153380155563354,1.7120453841343417,9.871668200422233,284.702880859375,0.49485974706225627,22.222221339190483,246.3056640625,,,,cdip,2026-05-28 18:54:26+00:00
8,2026-06-01 03:00:00+00:00,1.7959853410720825,1.6822527619726566,9.871668200422233,284.576904296875,0.5291664800955126,22.222221339190483,245.91156005859375,,,,cdip,2026-05-28 18:54:26+00:00
8,2026-06-01 06:00:00+00:00,1.798235535621643,1.6727623930633257,9.871668200422233,284.7440185546875,0.567859116162334,22.222221339190483,245.27847290039062,,,,cdip,2026-05-28 18:54:26+00:00
8,2026-06-01 09:00:00+00:00,1.7645436525344849,1.622234003820342,9.871668200422233,285.2967529296875,0.6103411642677402,19.99999970197678,245.66629028320312,,,,cdip,2026-05-28 18:54:26+00:00
8,2026-06-01 12:00:00+00:00,1.7085741758346558,1.5374061783748791,9.871668200422233,285.6926574707031,0.6742248323165879,19.99999970197678,245.2526397705078,,,,cdip,2026-05-28 18:54:26+00:00
8,2026-06-01 15:00:00+00:00,1.6531479358673096,1.460653340470448,9.871668200422233,285.48785400390625,0.7135489441189194,19.99999970197678,244.89511108398438,,,,cdip,2026-05-28 18:54:26+00:00
8,2026-06-01 18:00:00+00:00,1.6119463443756104,1.3931709223213142,9.871668200422233,285.21875,0.7577050340203758,19.99999970197678,244.68618774414062,,,,cdip,2026-05-28 18:54:26+00:00
8,2026-06-01 21:00:00+00:00,1.5813055038452148,0.7777801523420911,19.99999970197678,244.50506591796875,1.3477436682960011,9.871668200422233,285.1332702636719,,,,cdip,2026-05-28 18:54:26+00:00
8,2026-06-02 00:00:00+00:00,1.5479645729064941,0.7893550599817425,19.99999970197678,244.292724609375,1.303587823184865,9.871668200422233,285.3543701171875,,,,cdip,2026-05-28 18:54:26+00:00
8,2026-06-02 03:00:00+00:00,1.4943774938583374,0.7967632913893589,19.99999970197678,244.09091186523438,1.2386485048050901,9.871668200422233,285.66864013671875,,,,cdip,2026-05-28 18:54:26+00:00
8,2026-06-02 06:00:00+00:00,1.4270265102386475,0.7994525991345586,19.99999970197678,243.991943359375,1.1593484748226706,9.871668200422233,285.9720458984375,,,,cdip,2026-05-28 18:54:26+00:00
8,2026-06-02 09:00:00+00:00,1.3702645301818848,0.8000758136960611,18.181818280338256,243.94522094726562,1.0919826877474272,9.871668200422233,285.95654296875,,,,cdip,2026-05-28 18:54:26+00:00
8,2026-06-02 12:00:00+00:00,1.3337700366973877,0.8073373486375818,18.181818280338256,243.99664306640625,1.042515015299955,9.871668200422233,285.6785888671875,,,,cdip,2026-05-28 18:54:26+00:00
8,2026-06-02 15:00:00+00:00,1.3071320056915283,0.7978368641839033,18.181818280338256,243.97962951660156,1.0175314898476262,9.090909140169128,288.51934814453125,,,,cdip,2026-05-28 18:54:26+00:00
8,2026-06-02 18:00:00+00:00,1.2957618236541748,0.7838141743705284,18.181818280338256,244.0129852294922,1.0158707437875765,9.090909140169128,288.2407531738281,,,,cdip,2026-05-28 18:54:26+00:00
8,2026-06-02 21:00:00+00:00,1.270037293434143,0.7632595592173768,18.181818280338256,244.09039306640625,1.0007624259619392,9.090909140169128,288.16033935546875,,,,cdip,2026-05-28 18:54:26+00:00
8,2026-06-03 00:00:00+00:00,1.2301762104034424,0.7476059882202631,18.181818280338256,244.22091674804688,0.9640902887161621,9.090909140169128,288.0717468261719,,,,cdip,2026-05-28 18:54:26+00:00
8,2026-06-03 03:00:00+00:00,1.2049164772033691,0.7212967095755436,18.181818280338256,244.41099548339844,0.9535054267105441,9.090909140169128,288.4057312011719,,,,cdip,2026-05-28 18:54:26+00:00
8,2026-06-03 06:00:00+00:00,1.2023507356643677,0.7299366143538991,18.181818280338256,244.33026123046875,0.8975804755542147,7.692307974459867,293.1971740722656,0.29930372201030053,4.166666759798926,269.55450439453125,cdip,2026-05-28 18:54:26+00:00
8,2026-06-03 09:00:00+00:00,1.3240386247634888,0.7058489498214651,18.181818280338256,244.8006591796875,1.1125400577250106,7.14285711244661,294.34942626953125,,,,cdip,2026-05-28 18:54:26+00:00
8,2026-06-03 12:00:00+00:00,1.2892836332321167,1.0221961462310627,7.692307974459867,293.6764221191406,0.695286788874912,18.181818280338256,244.63491821289062,0.3380105700480816,4.166666759798926,274.33551025390625,cdip,2026-05-28 18:54:26+00:00
8,2026-06-03 15:00:00+00:00,1.4174675941467285,1.2325081193834149,7.692307974459867,293.2298889160156,0.6858197086647916,18.181818280338256,245.29080200195312,,,,cdip,2026-05-28 18:54:26+00:00
8,2026-06-03 18:00:00+00:00,1.336605191230774,1.0685159900666639,7.692307974459867,293.55181884765625,0.6996042641721284,18.181818280338256,245.22010803222656,0.3709907299916982,4.166666759798926,273.420654296875,cdip,2026-05-28 18:54:26+00:00
8,2026-06-03 21:00:00+00:00,1.4387987852096558,1.2569481724637075,7.692307974459867,293.94512939453125,0.6873411240691676,18.181818280338256,245.61474609375,,,,cdip,2026-05-28 18:54:26+00:00
9,2026-05-28 09:00:00+00:00,0.6782128810882568,0.47834761591378705,9.871668200422233,263.01422119140625,0.33273849358813784,16.666667039195705,221.6720428466797,0.3269408420241701,6.666666401757145,263.68402099609375,cdip,2026-05-28 18:54:26+00:00
9,2026-05-28 12:00:00+00:00,0.6668200492858887,0.46120378183231553,9.871668200422233,262.9541015625,0.28743321781868697,16.666667039195705,222.72251892089844,0.19370081537185255,19.99999970197678,248.35409545898438,cdip,2026-05-28 18:54:26+00:00
9,2026-05-28 15:00:00+00:00,0.6676827073097229,0.22659043673486468,19.99999970197678,250.03936767578125,0.4355831218999674,9.871668200422233,262.9250793457031,0.3154259449757811,16.666667039195705,224.2187957763672,cdip,2026-05-28 18:54:26+00:00
9,2026-05-28 18:00:00+00:00,0.6693440675735474,0.38363996042545656,19.99999970197678,250.6166534423828,0.4466561596598755,9.871668200422233,262.8564453125,0.1749850873526264,6.25000013969839,262.8075866699219,cdip,2026-05-28 18:54:26+00:00
9,2026-05-28 21:00:00+00:00,0.6520282030105591,0.3858024166215256,19.99999970197678,250.31381225585938,0.4249679664424136,9.090909140169128,265.6654357910156,0.16970555404106683,6.25000013969839,262.0610046386719,cdip,2026-05-28 18:54:26+00:00
9,2026-05-29 00:00:00+00:00,0.6230646371841431,0.39432653232330545,18.181818280338256,248.07196044921875,0.38296443194276814,9.090909140169128,265.507568359375,0.1577203403192207,6.25000013969839,261.2284851074219,cdip,2026-05-28 18:54:26+00:00
9,2026-05-29 03:00:00+00:00,0.5937643051147461,0.38573329204086904,18.181818280338256,248.10272216796875,0.357418717775073,9.090909140169128,265.1828918457031,0.14588256286743267,6.25000013969839,260.9485778808594,cdip,2026-05-28 18:54:26+00:00
9,2026-05-29 06:00:00+00:00,0.5739812254905701,0.24660557404304906,18.181818280338256,248.04188537597656,0.2928255426132212,15.384615948919734,235.59957885742188,0.31466583968097334,9.090909140169128,264.84228515625,cdip,2026-05-28 18:54:26+00:00
9,2026-05-29 09:00:00+00:00,0.5632292032241821,0.22832978244874505,18.181818280338256,247.92572021484375,0.31010039809634715,15.384615948919734,240.13319396972656,0.12678492090886995,9.090909140169128,264.33367919921875,cdip,2026-05-28 18:54:26+00:00
9,2026-05-29 12:00:00+00:00,0.5592811703681946,0.3500171033379179,15.384615948919734,243.13397216796875,0.2126704935334082,18.181818280338256,247.5022735595703,0.3065823806029719,9.090909140169128,263.6873779296875,cdip,2026-05-28 18:54:26+00:00
9,2026-05-29 15:00:00+00:00,0.5533626079559326,0.4113820867605307,15.384615948919734,244.7901611328125,0.2953176806267642,9.090909140169128,263.3829345703125,0.20788224173517145,5.555555334797621,262.2859191894531,cdip,2026-05-28 18:54:26+00:00
9,2026-05-29 18:00:00+00:00,0.5423864722251892,0.407103527493358,15.384615948919734,245.3668212890625,0.27954237023562784,9.090909140169128,263.2126159667969,0.21151604942451374,5.555555334797621,263.62567138671875,cdip,2026-05-28 18:54:26+00:00
9,2026-05-29 21:00:00+00:00,0.5234498977661133,0.39744629039606577,14.28571422489322,245.43170166015625,0.27985306756694506,9.090909140169128,262.739501953125,0.18158384973772015,5.555555334797621,264.98187255859375,cdip,2026-05-28 18:54:26+00:00
9,2026-05-30 00:00:00+00:00,0.5051513314247131,0.38516385347176696,14.28571422489322,246.08248901367188,0.2678712847076455,9.090909140169128,261.90399169921875,0.1758791127927606,5.555555334797621,266.9404296875,cdip,2026-05-28 18:54:26+00:00
9,2026-05-30 03:00:00+00:00,0.4947681128978729,0.37866943964920147,14.28571422489322,246.177001953125,0.22342930442833997,9.090909140169128,260.9971618652344,0.16367215607695695,4.761904910578484,269.20184326171875,cdip,2026-05-28 18:54:26+00:00
9,2026-05-30 06:00:00+00:00,0.4960695207118988,0.3637411348151538,14.28571422489322,245.7014923095703,0.22419976307915995,9.090909140169128,260.44964599609375,0.1718423266833422,6.666666401757145,268.882080078125,cdip,2026-05-28 18:54:26+00:00
9,2026-05-30 09:00:00+00:00,0.5100774765014648,0.3486177266446893,14.28571422489322,244.48587036132812,0.2362803986550471,9.090909140169128,261.07220458984375,0.20345249847241545,6.666666401757145,270.6014404296875,cdip,2026-05-28 18:54:26+00:00
9,2026-05-30 12:00:00+00:00,0.5506949424743652,0.32633037485582517,13.33333280351429,244.03863525390625,0.39273429876729987,9.090909140169128,263.27081298828125,0.19222081986227527,4.761904910578484,275.6645812988281,cdip,2026-05-28 18:54:26+00:00
9,2026-05-30 15:00:00+00:00,0.592315137386322,0.4427383960654083,9.090909140169128,264.7083740234375,0.30802425503801206,13.33333280351429,242.72634887695312,0.09155868921754581,22.222221339190483,221.70654296875,cdip,2026-05-28 18:54:26+00:00
9,2026-05-30 18:00:00+00:00,0.604442298412323,0.4547742969326266,9.090909140169128,265.1666259765625,0.30264655902660137,13.33333280351429,240.91818237304688,0.10046021738214723,22.222221339190483,221.2847900390625,cdip,2026-05-28 18:54:26+00:00
9,2026-05-30 21:00:00+00:00,0.6016281247138977,0.45402961962773747,9.090909140169128,265.3928527832031,0.297720383742357,14.28571422489322,233.94454956054688,0.10823784538197986,22.222221339190483,221.24615478515625,cdip,2026-05-28 18:54:26+00:00
9,2026-05-31 00:00:00+00:00,0.5997786521911621,0.45339462202109876,9.090909140169128,265.52227783203125,0.29277870239824455,14.28571422489322,231.3070526123047,0.11652922051936844,22.222221339190483,221.7682647705078,cdip,2026-05-28 18:54:26+00:00
9,2026-05-31 03:00:00+00:00,0.6158677339553833,0.26940322025545704,9.090909140169128,265.5806884765625,0.1267369335218203,14.28571422489322,229.3723602294922,0.4814189823696047,4.761904910578484,274.7490234375,cdip,2026-05-28 18:54:26+00:00
9,2026-05-31 06:00:00+00:00,0.6344477534294128,0.24973844734870376,9.090909140169128,265.6356201171875,0.1391889014530124,14.28571422489322,228.1920623779297,0.5061442253135121,4.761904910578484,274.1566162109375,cdip,2026-05-28 18:54:26+00:00
9,2026-05-31 09:00:00+00:00,0.640365481376648,0.233362042007755,9.090909140169128,265.79498291015625,0.18428328129078747,14.28571422489322,227.40127563476562,0.5049159535784344,4.761904910578484,273.70947265625,cdip,2026-05-28 18:54:26+00:00
9,2026-05-31 12:00:00+00:00,0.6518599987030029,0.5118873100531527,9.090909140169128,266.0651550292969,0.20518627656309626,22.222221339190483,221.45037841796875,0.1491956021277117,16.666667039195705,221.3761749267578,cdip,2026-05-28 18:54:26+00:00
9,2026-05-31 15:00:00+00:00,0.6753641366958618,0.5285199087644984,9.090909140169128,266.2079772949219,0.23022557833607152,22.222221339190483,220.94869995117188,0.15743557477880857,16.666667039195705,221.21067810058594,cdip,2026-05-28 18:54:26+00:00
9,2026-05-31 18:00:00+00:00,0.6867258548736572,0.22405213862721962,9.090909140169128,266.14105224609375,0.2561436888389412,22.222221339190483,220.6768035888672,0.537138148511471,4.761904910578484,273.5129089355469,cdip,2026-05-28 18:54:26+00:00
9,2026-05-31 21:00:00+00:00,0.6850508451461792,0.36159788497214607,22.222221339190483,220.77403259277344,0.4414529658346053,9.871668200422233,263.10150146484375,0.3614656605308931,6.666666401757145,270.21026611328125,cdip,2026-05-28 18:54:26+00:00
9,2026-06-01 00:00:00+00:00,0.6856720447540283,0.38653148079869926,22.222221339190483,220.58853149414062,0.4315199330694638,9.871668200422233,263.0816650390625,0.3489649417044638,6.666666401757145,269.74957275390625,cdip,2026-05-28 18:54:26+00:00
9,2026-06-01 03:00:00+00:00,0.701543927192688,0.4266082230334081,22.222221339190483,220.30267333984375,0.41546549739090954,9.871668200422233,263.0235290527344,0.3534653317405402,6.666666401757145,269.31182861328125,cdip,2026-05-28 18:54:26+00:00
9,2026-06-01 06:00:00+00:00,0.7248774170875549,0.45710156671453434,22.222221339190483,220.059326171875,0.4143469447520154,9.090909140169128,265.8240661621094,,,,cdip,2026-05-28 18:54:26+00:00
9,2026-06-01 09:00:00+00:00,0.741735577583313,0.48970692635384266,22.222221339190483,219.9908905029297,0.5458497731976067,9.090909140169128,265.96246337890625,,,,cdip,2026-05-28 18:54:26+00:00
9,2026-06-01 12:00:00+00:00,0.7525700926780701,0.5220387646686614,19.99999970197678,220.4654998779297,0.39906549539273295,9.090909140169128,266.1320495605469,0.19047227098656586,6.25000013969839,267.886962890625,cdip,2026-05-28 18:54:26+00:00
9,2026-06-01 15:00:00+00:00,0.7607054710388184,0.5494935331241374,19.99999970197678,220.396484375,0.3842640848444017,9.090909140169128,266.14166259765625,0.18668931320814522,5.555555334797621,266.853515625,cdip,2026-05-28 18:54:26+00:00
9,2026-06-01 18:00:00+00:00,0.7649897933006287,0.5682067179687547,19.99999970197678,220.48211669921875,0.3724163572858933,9.090909140169128,265.90057373046875,0.1849008633112385,6.25000013969839,266.4207458496094,cdip,2026-05-28 18:54:26+00:00
9,2026-06-01 21:00:00+00:00,0.7649329304695129,0.5783843072093237,19.99999970197678,220.65716552734375,0.3646804667956011,9.090909140169128,265.68389892578125,0.18177821738221417,6.25000013969839,265.873779296875,cdip,2026-05-28 18:54:26+00:00
9,2026-06-02 00:00:00+00:00,0.7566302418708801,0.5767338003862356,19.99999970197678,220.975830078125,0.35647791811794255,9.090909140169128,265.6559753417969,0.17760085739718534,6.25000013969839,265.62384033203125,cdip,2026-05-28 18:54:26+00:00
9,2026-06-02 03:00:00+00:00,0.7395678758621216,0.5685440893353674,19.99999970197678,221.3875732421875,0.34057606799090395,9.090909140169128,265.6755065917969,0.17170112295212103,5.555555334797621,264.61065673828125,cdip,2026-05-28 18:54:26+00:00
9,2026-06-02 06:00:00+00:00,0.7157667875289917,0.5581091489455159,19.99999970197678,221.7570037841797,0.2973927737256433,9.090909140169128,265.5503234863281,0.10834990929802976,11.764705758606276,230.681884765625,cdip,2026-05-28 18:54:26+00:00
9,2026-06-02 09:00:00+00:00,0.6942023038864136,0.549515615783517,18.181818280338256,222.70225524902344,0.27470397288322834,9.090909140169128,265.31817626953125,0.10383428897274104,11.764705758606276,228.44296264648438,cdip,2026-05-28 18:54:26+00:00
9,2026-06-02 12:00:00+00:00,0.6778212189674377,0.5408872228348323,18.181818280338256,222.92941284179688,0.26216443624524355,9.090909140169128,265.1175537109375,0.10021006351816929,11.764705758606276,226.62783813476562,cdip,2026-05-28 18:54:26+00:00
9,2026-06-02 15:00:00+00:00,0.6623404622077942,0.537367284297989,18.181818280338256,223.04351806640625,0.2561589322543831,9.090909140169128,264.9347839355469,0.15247897188010368,6.25000013969839,265.3640441894531,cdip,2026-05-28 18:54:26+00:00
9,2026-06-02 18:00:00+00:00,0.6473990678787231,0.5195910368766508,18.181818280338256,223.2312774658203,0.2507584987209127,9.090909140169128,264.8570251464844,0.15203926190628766,5.555555334797621,265.0382080078125,cdip,2026-05-28 18:54:26+00:00
9,2026-06-02 21:00:00+00:00,0.626603364944458,0.4972791516078271,18.181818280338256,223.5336456298828,0.24577400228446597,9.090909140169128,264.7694091796875,0.15326009609021551,6.25000013969839,266.4696960449219,cdip,2026-05-28 18:54:26+00:00
9,2026-06-03 00:00:00+00:00,0.6014986038208008,0.47762508027566236,18.181818280338256,223.92547607421875,0.27813438241695765,9.090909140169128,264.54644775390625,0.22865060928309147,5.555555334797621,265.6617431640625,cdip,2026-05-28 18:54:26+00:00
9,2026-06-03 03:00:00+00:00,0.5762127041816711,0.4538831593797534,18.181818280338256,224.3663787841797,0.24961638063238323,9.090909140169128,264.40179443359375,0.24521423503832745,4.761904910578484,267.0491638183594,cdip,2026-05-28 18:54:26+00:00
9,2026-06-03 06:00:00+00:00,0.5605769753456116,0.44679657136729417,18.181818280338256,224.00738525390625,0.20010929442727904,9.090909140169128,263.59991455078125,0.20352805930245577,6.25000013969839,268.39202880859375,cdip,2026-05-28 18:54:26+00:00
9,2026-06-03 09:00:00+00:00,0.5872336626052856,0.4213808107644182,18.181818280338256,224.93368530273438,0.2767009519411316,6.666666401757145,272.21844482421875,0.18572696443734923,9.090909140169128,262.8280029296875,cdip,2026-05-28 18:54:26+00:00
9,2026-06-03 12:00:00+00:00,0.564919650554657,0.4203324944701177,18.181818280338256,224.3943328857422,0.1780399569183014,8.333333519597852,266.259033203125,0.26279476457655354,6.666666401757145,271.24267578125,cdip,2026-05-28 18:54:26+00:00
9,2026-06-03 15:00:00+00:00,0.5994249582290649,0.40439777725730996,18.181818280338256,225.29977416992188,0.36555430042650716,6.666666401757145,272.2066955566406,0.24377642654527826,4.761904910578484,272.07049560546875,cdip,2026-05-28 18:54:26+00:00
9,2026-06-03 18:00:00+00:00,0.5762666463851929,0.414890943483554,18.181818280338256,224.8292236328125,0.3358856045384603,7.692307974459867,269.1631774902344,0.21151108607955335,4.545454570084564,272.1707763671875,cdip,2026-05-28 18:54:26+00:00
9,2026-06-03 21:00:00+00:00,0.5920436382293701,0.4004039997042967,18.181818280338256,225.42312622070312,0.36893135371780794,7.692307974459867,269.98931884765625,0.22736334627982074,4.761904910578484,272.7829895019531,cdip,2026-05-28 18:54:26+00:00
10,2026-05-28 09:00:00+00:00,1.7112171649932861,1.4608054611096086,12.50000027939678,222.07432556152344,0.30501301225487226,19.99999970197678,201.3204803466797,0.5607333219128494,7.14285711244661,240.4875946044922,cdip,2026-05-28 18:54:26+00:00
10,2026-05-28 12:00:00+00:00,1.5838842391967773,1.3192867475916736,12.50000027939678,220.62767028808594,0.34773064320193237,19.99999970197678,202.74618530273438,0.5350421304940011,7.14285711244661,239.97256469726562,cdip,2026-05-28 18:54:26+00:00
10,2026-05-28 15:00:00+00:00,1.5216679573059082,1.3231485442897828,12.50000027939678,219.30126953125,0.4739344245971977,19.99999970197678,204.64581298828125,,,,cdip,2026-05-28 18:54:26+00:00
10,2026-05-28 18:00:00+00:00,1.5116231441497803,1.2842387662660697,11.764705758606276,222.42066955566406,0.5489969811483308,19.99999970197678,206.19705200195312,,,,cdip,2026-05-28 18:54:26+00:00
10,2026-05-28 21:00:00+00:00,1.507962942123413,0.6220651201127876,18.181818280338256,210.9334716796875,1.2510268379372065,11.764705758606276,221.10426330566406,0.5322832666276315,15.384615948919734,209.3730010986328,cdip,2026-05-28 18:54:26+00:00
10,2026-05-29 00:00:00+00:00,1.5414029359817505,0.7037624517586593,18.181818280338256,216.47254943847656,0.7158724873658981,15.384615948919734,217.001953125,0.8998023677092344,11.764705758606276,219.01873779296875,cdip,2026-05-28 18:54:26+00:00
10,2026-05-29 03:00:00+00:00,1.6584938764572144,1.233075933138429,18.181818280338256,218.87762451171875,0.8415273907899289,11.764705758606276,216.5924835205078,0.7023837778733338,7.14285711244661,236.9027099609375,cdip,2026-05-28 18:54:26+00:00
10,2026-05-29 06:00:00+00:00,1.784189224243164,1.6396423836479848,15.384615948919734,222.89068603515625,0.6850566973204435,7.14285711244661,237.07168579101562,,,,cdip,2026-05-28 18:54:26+00:00
10,2026-05-29 09:00:00+00:00,1.923396348953247,1.8035616116099744,15.384615948919734,223.6514892578125,0.6500940638333991,7.14285711244661,236.96414184570312,,,,cdip,2026-05-28 18:54:26+00:00
10,2026-05-29 12:00:00+00:00,2.098917245864868,1.9963533385797259,14.28571422489322,224.5037841796875,,,,,,,cdip,2026-05-28 18:54:26+00:00
10,2026-05-29 15:00:00+00:00,2.246854782104492,2.2421248310269126,14.28571422489322,225.06190490722656,,,,,,,cdip,2026-05-28 18:54:26+00:00
10,2026-05-29 18:00:00+00:00,2.3213627338409424,2.317307629665311,14.28571422489322,225.3859405517578,,,,,,,cdip,2026-05-28 18:54:26+00:00
10,2026-05-29 21:00:00+00:00,2.3010363578796387,2.1962610580899447,14.28571422489322,225.3987274169922,,,,,,,cdip,2026-05-28 18:54:26+00:00
10,2026-05-30 00:00:00+00:00,2.2253165245056152,2.154276784231883,14.28571422489322,225.24526977539062,,,,,,,cdip,2026-05-28 18:54:26+00:00
10,2026-05-30 03:00:00+00:00,2.14486026763916,2.0769174808202417,14.28571422489322,225.0687255859375,,,,,,,cdip,2026-05-28 18:54:26+00:00
10,2026-05-30 06:00:00+00:00,2.064661979675293,1.9919767734108547,14.28571422489322,224.81143188476562,0.35707674186722055,7.14285711244661,239.08572387695312,,,,cdip,2026-05-28 18:54:26+00:00
10,2026-05-30 09:00:00+00:00,1.9775208234786987,1.8610946420614123,14.28571422489322,224.44956970214844,0.6303058208768757,7.14285711244661,240.0159912109375,,,,cdip,2026-05-28 18:54:26+00:00
10,2026-05-30 12:00:00+00:00,1.9004799127578735,1.7315620640147023,13.33333280351429,223.94320678710938,0.36424177258674606,7.14285711244661,240.88864135742188,,,,cdip,2026-05-28 18:54:26+00:00
10,2026-05-30 15:00:00+00:00,1.8550113439559937,1.845297152455076,13.33333280351429,223.64659118652344,,,,,,,cdip,2026-05-28 18:54:26+00:00
10,2026-05-30 18:00:00+00:00,1.7708089351654053,1.7577756993346128,13.33333280351429,223.15481567382812,,,,,,,cdip,2026-05-28 18:54:26+00:00
10,2026-05-30 21:00:00+00:00,1.669797420501709,1.6562864211651642,13.33333280351429,222.3117218017578,,,,,,,cdip,2026-05-28 18:54:26+00:00
10,2026-05-31 00:00:00+00:00,1.6131247282028198,0.1510310160660134,12.50000027939678,222.40127563476562,,,,,,,cdip,2026-05-28 18:54:26+00:00
10,2026-05-31 03:00:00+00:00,1.6098203659057617,0.2353488574436368,12.50000027939678,222.2429962158203,0.16337352994177273,19.99999970197678,192.90345764160156,,,,cdip,2026-05-28 18:54:26+00:00
10,2026-05-31 06:00:00+00:00,1.628782868385315,1.578471451065797,12.50000027939678,221.9967803955078,0.3069420216929037,19.99999970197678,192.65042114257812,,,,cdip,2026-05-28 18:54:26+00:00
10,2026-05-31 09:00:00+00:00,1.6407114267349243,0.830021092739407,12.50000027939678,221.8929901123047,0.3766094201633208,22.222221339190483,192.5362091064453,,,,cdip,2026-05-28 18:54:26+00:00
10,2026-05-31 12:00:00+00:00,1.6623947620391846,0.8151655854119467,11.111110669595242,229.20265197753906,0.40913457837780076,22.222221339190483,192.38404846191406,,,,cdip,2026-05-28 18:54:26+00:00
10,2026-05-31 15:00:00+00:00,1.6967055797576904,1.6123399078113732,11.111110669595242,229.5711669921875,0.4489853187455368,22.222221339190483,192.21971130371094,,,,cdip,2026-05-28 18:54:26+00:00
10,2026-05-31 18:00:00+00:00,1.7048065662384033,1.6082059979766303,11.111110669595242,229.86483764648438,0.49096061166239396,22.222221339190483,192.10870361328125,,,,cdip,2026-05-28 18:54:26+00:00
10,2026-05-31 21:00:00+00:00,1.6618704795837402,1.4518627964703292,11.764705758606276,225.49681091308594,0.5383192391280329,22.222221339190483,192.0771942138672,0.5416470875025852,5.882352879303138,244.1621856689453,cdip,2026-05-28 18:54:26+00:00
10,2026-06-01 00:00:00+00:00,1.6490402221679688,1.4187162468744954,11.764705758606276,225.4402618408203,0.5790430745633082,22.222221339190483,191.873291015625,0.5484651721561118,5.882352879303138,244.540283203125,cdip,2026-05-28 18:54:26+00:00
10,2026-06-01 03:00:00+00:00,1.6488592624664307,1.3765373229915383,11.764705758606276,225.35496520996094,0.6581118653077452,22.222221339190483,191.4285125732422,0.5650094700004886,5.882352879303138,244.6488494873047,cdip,2026-05-28 18:54:26+00:00
10,2026-06-01 06:00:00+00:00,1.6359834671020508,1.2425787494306795,11.764705758606276,225.24264526367188,0.7032534012490425,22.222221339190483,190.87646484375,0.4708392681695205,7.14285711244661,241.56207275390625,cdip,2026-05-28 18:54:26+00:00
10,2026-06-01 09:00:00+00:00,1.6120905876159668,1.181051972311905,11.111110669595242,230.25860595703125,0.7471316824474683,19.99999970197678,191.11109924316406,0.46556769620687005,7.14285711244661,241.57608032226562,cdip,2026-05-28 18:54:26+00:00
10,2026-06-01 12:00:00+00:00,1.5759241580963135,0.7889001480455575,19.99999970197678,190.73788452148438,1.1078529919549307,11.111110669595242,230.47438049316406,0.45064006865467765,7.14285711244661,241.58660888671875,cdip,2026-05-28 18:54:26+00:00
10,2026-06-01 15:00:00+00:00,1.5361905097961426,0.8538464935731355,19.99999970197678,190.44961547851562,1.0113630021120834,11.111110669595242,230.23834228515625,0.4396622470034965,7.14285711244661,241.5984344482422,cdip,2026-05-28 18:54:26+00:00
10,2026-06-01 18:00:00+00:00,1.5039432048797607,0.8807440761599735,19.99999970197678,190.2445526123047,0.9503080907362553,11.111110669595242,229.6057891845703,0.4330180996819882,7.14285711244661,241.66165161132812,cdip,2026-05-28 18:54:26+00:00
10,2026-06-01 21:00:00+00:00,1.4854414463043213,0.9241788001448898,19.99999970197678,190.02749633789062,0.8826770986587451,10.526315921561542,230.2583465576172,0.42857406535872294,7.14285711244661,241.71041870117188,cdip,2026-05-28 18:54:26+00:00
10,2026-06-02 00:00:00+00:00,1.462357997894287,0.9336962009280082,19.99999970197678,189.80825805664062,0.8348594213766787,11.111110669595242,228.52725219726562,0.4750512251793301,7.14285711244661,241.72872924804688,cdip,2026-05-28 18:54:26+00:00
10,2026-06-02 03:00:00+00:00,1.4267926216125488,0.9373363108248246,18.181818280338256,190.28665161132812,0.7664277640725609,10.526315921561542,229.4973602294922,0.47083982455066986,7.14285711244661,241.691650390625,cdip,2026-05-28 18:54:26+00:00
10,2026-06-02 06:00:00+00:00,1.3813260793685913,0.9391866474887732,18.181818280338256,190.23651123046875,0.6913448748392174,10.526315921561542,228.41758728027344,0.45759977291536025,7.14285711244661,241.63714599609375,cdip,2026-05-28 18:54:26+00:00
10,2026-06-02 09:00:00+00:00,1.3427808284759521,0.9428829657956943,18.181818280338256,190.20399475097656,0.6321362682294418,10.526315921561542,226.8527374267578,0.44169770752840654,7.14285711244661,241.58697509765625,cdip,2026-05-28 18:54:26+00:00
10,2026-06-02 12:00:00+00:00,1.314524531364441,0.9646794173195403,18.181818280338256,190.16343688964844,0.4904669681198916,10.526315921561542,225.40463256835938,0.2781721900568185,11.764705758606276,213.33090209960938,cdip,2026-05-28 18:54:26+00:00
10,2026-06-02 15:00:00+00:00,1.2887704372406006,0.9594218267884251,18.181818280338256,190.12503051757812,0.2674520138297711,10.526315921561542,224.32505798339844,0.2692062409783389,11.764705758606276,211.9959259033203,cdip,2026-05-28 18:54:26+00:00
10,2026-06-02 18:00:00+00:00,1.2680984735488892,0.9476986586315186,18.181818280338256,190.12071228027344,0.26113663661942743,11.764705758606276,211.00563049316406,0.2561186205232619,10.526315921561542,223.44674682617188,cdip,2026-05-28 18:54:26+00:00
10,2026-06-02 21:00:00+00:00,1.2509067058563232,0.9305433043495958,18.181818280338256,190.15174865722656,0.25278517537733153,11.764705758606276,210.0340576171875,0.2482800228156969,10.526315921561542,222.4890594482422,cdip,2026-05-28 18:54:26+00:00
10,2026-06-03 00:00:00+00:00,1.2285045385360718,0.9205140683053252,16.666667039195705,191.21630859375,0.24798996572549503,11.764705758606276,208.88961791992188,0.240408746450418,10.526315921561542,220.97137451171875,cdip,2026-05-28 18:54:26+00:00
10,2026-06-03 03:00:00+00:00,1.1842894554138184,0.9046794873866966,16.666667039195705,191.22666931152344,0.2416136520792818,11.764705758606276,207.47314453125,0.37106630879657054,7.14285711244661,241.06607055664062,cdip,2026-05-28 18:54:26+00:00
10,2026-06-03 06:00:00+00:00,1.1256157159805298,0.8808470751893701,16.666667039195705,191.732421875,0.3636787897944979,11.764705758606276,203.44427490234375,0.27433133530135684,7.14285711244661,241.04364013671875,cdip,2026-05-28 18:54:26+00:00
10,2026-06-03 09:00:00+00:00,1.1353272199630737,0.9015167021856774,16.666667039195705,191.48788452148438,0.34035005667071333,7.14285711244661,241.49237060546875,0.3500660064772697,5.555555334797621,245.7646026611328,cdip,2026-05-28 18:54:26+00:00
10,2026-06-03 12:00:00+00:00,1.1498304605484009,0.9096990617775986,16.666667039195705,191.68800354003906,0.3454840566376267,7.14285711244661,241.80836486816406,,,,cdip,2026-05-28 18:54:26+00:00
10,2026-06-03 15:00:00+00:00,1.1458184719085693,0.8648874470307476,16.666667039195705,191.51817321777344,0.3673509451326787,7.14285711244661,242.03372192382812,,,,cdip,2026-05-28 18:54:26+00:00
10,2026-06-03 18:00:00+00:00,1.158726453781128,0.8559398728111093,15.384615948919734,193.53712463378906,0.4530383311343625,7.14285711244661,242.02236938476562,,,,cdip,2026-05-28 18:54:26+00:00
10,2026-06-03 21:00:00+00:00,1.1690740585327148,0.8396434822485874,15.384615948919734,193.54798889160156,0.8057291334026805,7.14285711244661,242.20741271972656,,,,cdip,2026-05-28 18:54:26+00:00
11,2026-05-28 09:00:00+00:00,1.860969066619873,1.5962005812927738,11.111110669595242,258.09588623046875,0.44785647475916895,19.99999970197678,234.8194580078125,0.8087438195929169,6.25000013969839,262.9931640625,cdip,2026-05-28 18:54:26+00:00
11,2026-05-28 12:00:00+00:00,1.7956560850143433,1.470384314875732,11.111110669595242,257.6949768066406,0.6366311947660087,19.99999970197678,238.76821899414062,0.7738666101673245,6.25000013969839,262.5943908691406,cdip,2026-05-28 18:54:26+00:00
11,2026-05-28 15:00:00+00:00,1.7983351945877075,1.343159122882698,11.111110669595242,257.2855529785156,0.8995714128538671,19.99999970197678,241.18756103515625,0.7493357564589891,6.25000013969839,262.0467224121094,cdip,2026-05-28 18:54:26+00:00
11,2026-05-28 18:00:00+00:00,1.8636940717697144,1.3094492221831904,11.111110669595242,256.9232177734375,1.069246311713759,19.99999970197678,242.57041931152344,0.7439645283406732,6.25000013969839,261.48443603515625,cdip,2026-05-28 18:54:26+00:00
11,2026-05-28 21:00:00+00:00,1.9063372611999512,1.2559139681222398,19.99999970197678,243.19802856445312,1.198787982414011,11.111110669595242,255.9610595703125,0.7490785045557458,6.25000013969839,260.2953796386719,cdip,2026-05-28 18:54:26+00:00
11,2026-05-29 00:00:00+00:00,1.8869271278381348,1.363640826661517,18.181818280338256,243.8567352294922,1.064091749166237,11.111110669595242,253.4793701171875,0.7234540811691191,6.25000013969839,258.8689880371094,cdip,2026-05-28 18:54:26+00:00
11,2026-05-29 03:00:00+00:00,1.845880150794983,1.4008590509992234,18.181818280338256,243.97573852539062,0.9666570118757009,11.111110669595242,250.48760986328125,0.6886193595054559,6.25000013969839,257.8675231933594,cdip,2026-05-28 18:54:26+00:00
11,2026-05-29 06:00:00+00:00,1.8111928701400757,1.4352808321358845,16.666667039195705,244.45458984375,0.869935470653523,11.111110669595242,248.44395446777344,0.6569313514688475,5.882352879303138,256.5824279785156,cdip,2026-05-28 18:54:26+00:00
11,2026-05-29 09:00:00+00:00,1.7858184576034546,1.4411250346222537,16.666667039195705,245.03515625,0.8419318050071555,11.111110669595242,246.4071044921875,0.6103827516833783,5.555555334797621,256.74578857421875,cdip,2026-05-28 18:54:26+00:00
11,2026-05-29 12:00:00+00:00,1.7773468494415283,1.4462032906450644,16.666667039195705,245.26296997070312,0.8539724746066737,11.111110669595242,245.12750244140625,0.5545119840398351,5.555555334797621,257.5455322265625,cdip,2026-05-28 18:54:26+00:00
11,2026-05-29 15:00:00+00:00,1.767288088798523,1.4434822116629766,16.666667039195705,245.2491912841797,0.8471255441750407,11.111110669595242,243.49746704101562,0.5406982598274119,5.555555334797621,258.75848388671875,cdip,2026-05-28 18:54:26+00:00
11,2026-05-29 18:00:00+00:00,1.7349599599838257,1.4127261291311124,16.666667039195705,244.89761352539062,0.4307429690175501,11.764705758606276,237.2485809326172,0.7156935970331486,5.555555334797621,260.5488586425781,cdip,2026-05-28 18:54:26+00:00
11,2026-05-29 21:00:00+00:00,1.671879529953003,1.349954638652009,16.666667039195705,244.131103515625,0.8268786942714031,11.764705758606276,240.4070281982422,0.5142138452671818,5.555555334797621,262.193603515625,cdip,2026-05-28 18:54:26+00:00
11,2026-05-30 00:00:00+00:00,1.5952279567718506,1.2674131986550223,15.384615948919734,243.1859130859375,0.8291799417904238,11.764705758606276,243.7344512939453,0.47848641872010533,5.555555334797621,264.0549011230469,cdip,2026-05-28 18:54:26+00:00
11,2026-05-30 03:00:00+00:00,1.5273818969726562,1.1742160962297776,15.384615948919734,242.34661865234375,0.8421975194926776,11.764705758606276,245.96812438964844,0.4736539412555088,5.555555334797621,266.88861083984375,cdip,2026-05-28 18:54:26+00:00
11,2026-05-30 06:00:00+00:00,1.4751743078231812,1.0737317490087468,15.384615948919734,241.16842651367188,0.8611070615583629,11.764705758606276,247.069580078125,0.3162500809611114,5.555555334797621,269.8309326171875,cdip,2026-05-28 18:54:26+00:00
11,2026-05-30 09:00:00+00:00,1.4450925588607788,0.16107708768115167,15.384615948919734,239.44735717773438,0.7271906888398609,13.33333280351429,241.83590698242188,0.6326776701390456,11.764705758606276,247.45809936523438,cdip,2026-05-28 18:54:26+00:00
11,2026-05-30 12:00:00+00:00,1.4666837453842163,0.17827758067833743,15.384615948919734,237.3018798828125,0.6596908437681557,13.33333280351429,241.214111328125,0.5887500268851128,11.764705758606276,247.69168090820312,cdip,2026-05-28 18:54:26+00:00
11,2026-05-30 15:00:00+00:00,1.5534214973449707,0.6173059501171417,13.33333280351429,240.29150390625,0.1971631098611113,15.384615948919734,234.82846069335938,0.5482903018350929,11.764705758606276,248.40316772460938,cdip,2026-05-28 18:54:26+00:00
11,2026-05-30 18:00:00+00:00,1.5765310525894165,0.5100830421965311,10.526315921561542,255.95504760742188,0.5871403050664505,13.33333280351429,238.67697143554688,0.21788227939874388,15.384615948919734,231.85888671875,cdip,2026-05-28 18:54:26+00:00
11,2026-05-30 21:00:00+00:00,1.5628783702850342,0.3313543183467746,11.111110669595242,254.5882568359375,1.366326055019723,4.761904910578484,273.15325927734375,,,,cdip,2026-05-28 18:54:26+00:00
11,2026-05-31 00:00:00+00:00,1.5673946142196655,0.42959776767948527,11.111110669595242,255.68431091308594,1.339108850976697,4.761904910578484,272.5879821777344,,,,cdip,2026-05-28 18:54:26+00:00
11,2026-05-31 03:00:00+00:00,1.5987287759780884,0.4671632285176512,11.111110669595242,255.7089080810547,1.3479362946456828,5.555555334797621,271.3797302246094,,,,cdip,2026-05-28 18:54:26+00:00
11,2026-05-31 06:00:00+00:00,1.6300910711288452,0.510514762398556,11.111110669595242,255.50323486328125,1.2763000354097551,5.555555334797621,270.5671691894531,,,,cdip,2026-05-28 18:54:26+00:00
11,2026-05-31 09:00:00+00:00,1.6582040786743164,0.6111755501536509,11.111110669595242,255.6723175048828,1.2616886888293672,5.555555334797621,269.55816650390625,,,,cdip,2026-05-28 18:54:26+00:00
11,2026-05-31 12:00:00+00:00,1.7055835723876953,1.2900547313812,11.111110669595242,256.39996337890625,0.6709756058164636,22.222221339190483,215.46670532226562,0.46193852107908406,6.666666401757145,268.0301513671875,cdip,2026-05-28 18:54:26+00:00
11,2026-05-31 15:00:00+00:00,1.7732263803482056,1.3367692992213707,11.111110669595242,257.0509338378906,0.7386895799423043,22.222221339190483,215.427001953125,0.4713696676507665,6.666666401757145,268.1737365722656,cdip,2026-05-28 18:54:26+00:00
11,2026-05-31 18:00:00+00:00,1.822008728981018,1.3228811313562294,11.111110669595242,257.5038146972656,0.8812263729074615,22.222221339190483,215.38331604003906,0.46496311187810296,6.666666401757145,267.99462890625,cdip,2026-05-28 18:54:26+00:00
11,2026-05-31 21:00:00+00:00,1.8338613510131836,1.3017151368070967,11.111110669595242,257.7447509765625,0.962286768794967,22.222221339190483,215.36447143554688,0.43758843275941256,5.555555334797621,269.06683349609375,cdip,2026-05-28 18:54:26+00:00
11,2026-06-01 00:00:00+00:00,1.8487608432769775,1.0282659150931717,22.222221339190483,215.29400634765625,1.2842779601444516,11.111110669595242,257.7918701171875,0.7991365258509837,5.555555334797621,268.2548828125,cdip,2026-05-28 18:54:26+00:00
11,2026-06-01 03:00:00+00:00,1.8768210411071777,1.0845142389254925,22.222221339190483,215.18775939941406,1.2636684170144468,11.111110669595242,257.60028076171875,0.8225504361291757,5.555555334797621,268.1986083984375,cdip,2026-05-28 18:54:26+00:00
11,2026-06-01 06:00:00+00:00,1.8930103778839111,1.1307688851692823,19.99999970197678,215.52517700195312,1.2354908255257793,11.111110669595242,257.6104736328125,0.8413599178169888,5.555555334797621,267.6086730957031,cdip,2026-05-28 18:54:26+00:00
11,2026-06-01 09:00:00+00:00,1.8908354043960571,1.1897506954852848,19.99999970197678,215.3750457763672,1.1881691355625295,11.111110669595242,257.94097900390625,0.8258928305997085,5.555555334797621,266.6378173828125,cdip,2026-05-28 18:54:26+00:00
11,2026-06-01 12:00:00+00:00,1.8792963027954102,1.2280844186111022,19.99999970197678,215.20870971679688,1.145508814478989,11.111110669595242,258.2744445800781,0.8074920980948055,5.555555334797621,265.9158935546875,cdip,2026-05-28 18:54:26+00:00
11,2026-06-01 15:00:00+00:00,1.8530572652816772,1.2574606595114186,19.99999970197678,214.98793029785156,1.0881281053150644,11.111110669595242,258.057373046875,0.7842708095162324,5.555555334797621,265.2305908203125,cdip,2026-05-28 18:54:26+00:00
11,2026-06-01 18:00:00+00:00,1.8248891830444336,1.2753589925735265,19.99999970197678,214.70909118652344,1.0365071257263954,11.111110669595242,257.5669250488281,0.7614626746794871,5.555555334797621,264.7159729003906,cdip,2026-05-28 18:54:26+00:00
11,2026-06-01 21:00:00+00:00,1.801336646080017,1.2806437225192455,19.99999970197678,214.365478515625,1.0007433011225795,11.111110669595242,257.1262512207031,0.7459466244746685,5.555555334797621,264.0428161621094,cdip,2026-05-28 18:54:26+00:00
11,2026-06-02 00:00:00+00:00,1.7767874002456665,1.2982445908866254,19.99999970197678,213.9824981689453,0.9388291578711019,11.111110669595242,256.7689208984375,0.7395824326892255,5.555555334797621,263.38507080078125,cdip,2026-05-28 18:54:26+00:00
11,2026-06-02 03:00:00+00:00,1.7436940670013428,1.2940356907917792,18.181818280338256,214.440673828125,0.8800346397331402,11.111110669595242,255.8565673828125,0.7440846168711007,5.555555334797621,262.8490905761719,cdip,2026-05-28 18:54:26+00:00
11,2026-06-02 06:00:00+00:00,1.6945013999938965,1.286504731156144,18.181818280338256,214.25816345214844,0.8020173284218384,11.111110669595242,254.28115844726562,0.736561874603587,5.555555334797621,262.4864196777344,cdip,2026-05-28 18:54:26+00:00
11,2026-06-02 09:00:00+00:00,1.6466424465179443,1.279626755600486,18.181818280338256,214.0029754638672,0.7305476153491206,11.111110669595242,251.92918395996094,0.717723688612348,5.555555334797621,262.2325134277344,cdip,2026-05-28 18:54:26+00:00
11,2026-06-02 12:00:00+00:00,1.6070133447647095,1.2681578419228385,18.181818280338256,213.6982879638672,0.687500685546733,10.526315921561542,253.66839599609375,0.6922156861389439,5.555555334797621,261.98248291015625,cdip,2026-05-28 18:54:26+00:00
11,2026-06-02 15:00:00+00:00,1.5722873210906982,1.250481529215512,18.181818280338256,213.4449462890625,0.6650466552698941,10.526315921561542,253.01510620117188,0.6670483804671234,5.555555334797621,262.16888427734375,cdip,2026-05-28 18:54:26+00:00
11,2026-06-02 18:00:00+00:00,1.5476078987121582,1.2317318654580465,18.181818280338256,213.27630615234375,0.6473031976901614,10.526315921561542,252.72866821289062,0.6619601552809266,5.555555334797621,262.68670654296875,cdip,2026-05-28 18:54:26+00:00
11,2026-06-02 21:00:00+00:00,1.5311778783798218,1.2432572085871945,18.181818280338256,213.21165466308594,0.5775417021279994,10.526315921561542,251.66677856445312,0.6665995393196371,5.555555334797621,262.61041259765625,cdip,2026-05-28 18:54:26+00:00
11,2026-06-03 00:00:00+00:00,1.493192195892334,1.221691985130997,16.666667039195705,213.82337951660156,0.5550263739212044,10.526315921561542,248.89910888671875,0.6397154475065345,5.555555334797621,262.8009033203125,cdip,2026-05-28 18:54:26+00:00
11,2026-06-03 03:00:00+00:00,1.4369878768920898,1.2239063745558159,16.666667039195705,213.75787353515625,0.41079392975472956,8.333333519597852,261.25860595703125,0.6225780663302425,5.555555334797621,263.66070556640625,cdip,2026-05-28 18:54:26+00:00
11,2026-06-03 06:00:00+00:00,1.4318279027938843,1.1659660385934,16.666667039195705,213.51870727539062,0.49414012591314915,9.871668200422233,249.14288330078125,0.4480420245718583,5.555555334797621,271.38568115234375,cdip,2026-05-28 18:54:26+00:00
11,2026-06-03 09:00:00+00:00,1.391180396080017,1.161531393565248,16.666667039195705,213.32546997070312,0.377010238693768,8.333333519597852,260.8578796386719,0.6599532992926639,5.555555334797621,267.0735778808594,cdip,2026-05-28 18:54:26+00:00
11,2026-06-03 12:00:00+00:00,1.4268426895141602,1.121356815773184,15.384615948919734,213.0523681640625,0.6715059231673342,6.666666401757145,269.9872741699219,,,,cdip,2026-05-28 18:54:26+00:00
11,2026-06-03 15:00:00+00:00,1.419394612312317,1.1183393122859562,15.384615948919734,212.94503784179688,0.34369412352974954,6.666666401757145,269.79180908203125,,,,cdip,2026-05-28 18:54:26+00:00
11,2026-06-03 18:00:00+00:00,1.434974193572998,1.089313979575701,15.384615948919734,212.85623168945312,0.7405896284846694,7.692307974459867,266.4571838378906,0.5544885700709319,5.555555334797621,271.4623107910156,cdip,2026-05-28 18:54:26+00:00
11,2026-06-03 21:00:00+00:00,1.4443933963775635,1.0950304678713056,15.384615948919734,212.8587188720703,0.6782159004553597,7.692307974459867,266.5464172363281,0.6450417534167837,5.555555334797621,268.43017578125,cdip,2026-05-28 18:54:26+00:00
12,2026-05-28 09:00:00+00:00,1.7965365648269653,1.4747336395907487,11.111110669595242,253.36585998535156,0.5420770879276877,19.99999970197678,240.1073760986328,,,,cdip,2026-05-28 18:54:26+00:00
12,2026-05-28 12:00:00+00:00,1.7810947895050049,0.7578887938102155,19.99999970197678,243.1275177001953,1.3719804181994422,11.111110669595242,252.24171447753906,0.809543593031408,6.25000013969839,264.1595458984375,cdip,2026-05-28 18:54:26+00:00
12,2026-05-28 15:00:00+00:00,1.790471076965332,0.9771826192582717,19.99999970197678,244.82620239257812,1.2633068168622774,11.111110669595242,250.90447998046875,0.7722655997579039,6.25000013969839,263.4956359863281,cdip,2026-05-28 18:54:26+00:00
12,2026-05-28 18:00:00+00:00,1.8872429132461548,1.2111150627320117,19.99999970197678,245.7283935546875,1.2011192283040641,10.526315921561542,254.92367553710938,,,,cdip,2026-05-28 18:54:26+00:00
12,2026-05-28 21:00:00+00:00,1.922911524772644,1.3643714305749177,19.99999970197678,246.0966796875,1.0947048200293537,10.526315921561542,254.14315795898438,,,,cdip,2026-05-28 18:54:26+00:00
12,2026-05-29 00:00:00+00:00,1.8934454917907715,1.4219438515661003,18.181818280338256,245.78065490722656,0.9577696438891594,10.526315921561542,251.87924194335938,0.7752067169580174,6.25000013969839,259.9586486816406,cdip,2026-05-28 18:54:26+00:00
12,2026-05-29 03:00:00+00:00,1.8551781177520752,1.465518144335686,18.181818280338256,245.87374877929688,0.845111103619316,10.526315921561542,249.14588928222656,0.736603233745016,6.25000013969839,259.004638671875,cdip,2026-05-28 18:54:26+00:00
12,2026-05-29 06:00:00+00:00,1.8502689599990845,1.4929803362185339,18.181818280338256,245.83920288085938,0.8080498070944125,10.526315921561542,247.0010528564453,0.4069199461282857,6.25000013969839,259.1526184082031,cdip,2026-05-28 18:54:26+00:00
12,2026-05-29 09:00:00+00:00,1.8447399139404297,1.5673693750060511,18.181818280338256,245.7710723876953,0.7166240107564469,9.871668200422233,249.85154724121094,0.6330800603362615,5.555555334797621,257.4938659667969,cdip,2026-05-28 18:54:26+00:00
12,2026-05-29 12:00:00+00:00,1.885955572128296,1.6244006742856647,18.181818280338256,245.53500366210938,0.7112378172431197,9.871668200422233,248.82044982910156,0.6169431788697253,5.555555334797621,258.2266845703125,cdip,2026-05-28 18:54:26+00:00
12,2026-05-29 15:00:00+00:00,1.928871512413025,1.6775860632457547,15.384615948919734,247.58070373535156,0.7075784335254885,9.871668200422233,248.39584350585938,0.6128999978295463,5.555555334797621,259.35101318359375,cdip,2026-05-28 18:54:26+00:00
12,2026-05-29 18:00:00+00:00,1.8996623754501343,1.6820004216666407,15.384615948919734,247.923583984375,0.6542272014549702,9.871668200422233,247.79443359375,0.5706304320765752,5.555555334797621,261.20892333984375,cdip,2026-05-28 18:54:26+00:00
12,2026-05-29 21:00:00+00:00,1.8842675685882568,1.7938223168459395,15.384615948919734,247.73483276367188,0.5561051456329476,5.555555334797621,263.04351806640625,,,,cdip,2026-05-28 18:54:26+00:00
12,2026-05-30 00:00:00+00:00,1.8393704891204834,1.7552799493102407,14.28571422489322,249.23092651367188,0.5297302184395342,5.555555334797621,265.08685302734375,,,,cdip,2026-05-28 18:54:26+00:00
12,2026-05-30 03:00:00+00:00,1.7906216382980347,1.701129893823338,14.28571422489322,248.6214599609375,0.5399119998546449,5.555555334797621,268.1720275878906,,,,cdip,2026-05-28 18:54:26+00:00
12,2026-05-30 06:00:00+00:00,1.7444102764129639,1.5763808584688883,14.28571422489322,247.7379150390625,0.4307127770382585,5.555555334797621,271.26849365234375,,,,cdip,2026-05-28 18:54:26+00:00
12,2026-05-30 09:00:00+00:00,1.7346558570861816,0.1778502739270131,14.28571422489322,246.72434997558594,1.4807486652731834,7.692307974459867,263.9396057128906,0.5428759493386863,5.555555334797621,273.1556396484375,cdip,2026-05-28 18:54:26+00:00
12,2026-05-30 12:00:00+00:00,1.7423326969146729,0.19614480312509233,13.33333280351429,247.77374267578125,1.3904405300827734,7.692307974459867,266.7369689941406,0.7136170528690862,5.555555334797621,273.43292236328125,cdip,2026-05-28 18:54:26+00:00
12,2026-05-30 15:00:00+00:00,1.8127726316452026,0.21421239720585866,13.33333280351429,247.09738159179688,1.2258737099708685,9.871668200422233,254.2110595703125,0.5003993983000374,8.333333519597852,264.4885559082031,cdip,2026-05-28 18:54:26+00:00
12,2026-05-30 18:00:00+00:00,1.785713791847229,0.3192633187888491,13.33333280351429,245.75067138671875,1.0684194757872516,9.871668200422233,256.3641357421875,0.6450622951150443,8.333333519597852,265.7002258300781,cdip,2026-05-28 18:54:26+00:00
12,2026-05-30 21:00:00+00:00,1.7160857915878296,0.34799894403713155,13.33333280351429,243.60621643066406,0.9991415870144807,9.871668200422233,257.0360412597656,1.0828670034075691,5.555555334797621,274.0814208984375,cdip,2026-05-28 18:54:26+00:00
12,2026-05-31 00:00:00+00:00,1.708315372467041,0.38258246939531143,12.50000027939678,247.37232971191406,1.450658409252914,5.555555334797621,273.7847900390625,,,,cdip,2026-05-28 18:54:26+00:00
12,2026-05-31 03:00:00+00:00,1.7435444593429565,0.4832179630735864,11.111110669595242,252.93112182617188,0.7961047868681865,5.555555334797621,273.4327697753906,,,,cdip,2026-05-28 18:54:26+00:00
12,2026-05-31 06:00:00+00:00,1.759474754333496,0.5184464682125923,10.526315921561542,256.5020751953125,1.4208323376152578,5.555555334797621,272.3887939453125,,,,cdip,2026-05-28 18:54:26+00:00
12,2026-05-31 09:00:00+00:00,1.7542035579681396,1.4027065547737918,10.526315921561542,257.04693603515625,0.5586432127682587,22.222221339190483,217.54002380371094,0.8511005891905307,5.555555334797621,271.1324768066406,cdip,2026-05-28 18:54:26+00:00
12,2026-05-31 12:00:00+00:00,1.7411290407180786,1.3269279007984878,10.526315921561542,257.63848876953125,0.6499879891971957,22.222221339190483,217.4546356201172,0.8808856815164755,5.555555334797621,270.6485290527344,cdip,2026-05-28 18:54:26+00:00
12,2026-05-31 15:00:00+00:00,1.7502168416976929,1.3249304193767195,10.526315921561542,258.1185302734375,0.6983864776975942,22.222221339190483,217.38912963867188,0.8637495835626123,5.555555334797621,271.2189025878906,cdip,2026-05-28 18:54:26+00:00
12,2026-05-31 18:00:00+00:00,1.733154296875,0.7813091420368994,22.222221339190483,217.32058715820312,1.277972379435035,10.526315921561542,258.3563537597656,0.8292552536856924,5.555555334797621,271.4938049316406,cdip,2026-05-28 18:54:26+00:00
12,2026-05-31 21:00:00+00:00,1.7069847583770752,0.8512496279898562,22.222221339190483,217.2865447998047,1.2194561805577673,10.526315921561542,258.2579345703125,0.7976284466292627,5.555555334797621,270.6344909667969,cdip,2026-05-28 18:54:26+00:00
12,2026-06-01 00:00:00+00:00,1.7280539274215698,0.9229527141863135,22.222221339190483,217.17022705078125,1.203551285786629,10.526315921561542,258.06817626953125,0.7875290019494501,5.555555334797621,269.650634765625,cdip,2026-05-28 18:54:26+00:00
12,2026-06-01 03:00:00+00:00,1.7734301090240479,0.9862322286627924,22.222221339190483,216.97726440429688,1.199754167360211,10.526315921561542,257.9654846191406,0.8162080687132615,5.555555334797621,269.56829833984375,cdip,2026-05-28 18:54:26+00:00
12,2026-06-01 06:00:00+00:00,1.808760166168213,1.070544517213999,19.99999970197678,217.43260192871094,1.162615045578232,10.526315921561542,257.85791015625,0.8416031747791689,5.555555334797621,268.947021484375,cdip,2026-05-28 18:54:26+00:00
12,2026-06-01 09:00:00+00:00,1.8182305097579956,1.1210560136573595,19.99999970197678,217.2230682373047,1.1366436183751403,10.526315921561542,257.8560485839844,0.8334702904760571,5.555555334797621,267.90435791015625,cdip,2026-05-28 18:54:26+00:00
12,2026-06-01 12:00:00+00:00,1.8508082628250122,1.2150351938421438,19.99999970197678,217.039306640625,1.0886129585967952,10.526315921561542,257.7830505371094,0.8392626528190497,5.555555334797621,267.12103271484375,cdip,2026-05-28 18:54:26+00:00
12,2026-06-01 15:00:00+00:00,1.8480442762374878,1.2596398255614207,19.99999970197678,216.8710174560547,1.00737942631438,10.526315921561542,257.5139465332031,0.8710917109026352,5.555555334797621,266.3817138671875,cdip,2026-05-28 18:54:26+00:00
12,2026-06-01 18:00:00+00:00,1.8577747344970703,1.3001668890075038,19.99999970197678,216.73899841308594,0.9814033153090482,10.526315921561542,257.0118408203125,0.8631575584072181,5.555555334797621,265.8266906738281,cdip,2026-05-28 18:54:26+00:00
12,2026-06-01 21:00:00+00:00,1.8608946800231934,1.3193903423512974,19.99999970197678,216.74769592285156,0.9668087446500924,9.871668200422233,258.8835754394531,0.48429730707609514,6.25000013969839,266.09625244140625,cdip,2026-05-28 18:54:26+00:00
12,2026-06-02 00:00:00+00:00,1.8480099439620972,1.3426375732740625,18.181818280338256,217.41903686523438,0.911933158192833,9.871668200422233,258.4263610839844,0.48361602994383107,6.25000013969839,265.51519775390625,cdip,2026-05-28 18:54:26+00:00
12,2026-06-02 03:00:00+00:00,1.8072634935379028,1.3286043684123094,18.181818280338256,217.47291564941406,0.8535086893242224,9.871668200422233,257.8632507324219,0.4789933823113827,5.555555334797621,263.7369384765625,cdip,2026-05-28 18:54:26+00:00
12,2026-06-02 06:00:00+00:00,1.80451500415802,1.352140893474101,18.181818280338256,217.4740753173828,0.8029543692538625,9.871668200422233,256.908203125,0.47945025246840034,5.555555334797621,263.33154296875,cdip,2026-05-28 18:54:26+00:00
12,2026-06-02 09:00:00+00:00,1.8017746210098267,1.3781890451004073,18.181818280338256,217.377685546875,0.7580827474419675,9.871668200422233,255.70428466796875,0.47448946439127787,5.555555334797621,263.04974365234375,cdip,2026-05-28 18:54:26+00:00
12,2026-06-02 12:00:00+00:00,1.8082441091537476,1.420816123435364,18.181818280338256,217.19940185546875,0.7050891970936497,9.871668200422233,254.6787109375,0.47544181014580444,6.25000013969839,264.3964538574219,cdip,2026-05-28 18:54:26+00:00
12,2026-06-02 15:00:00+00:00,1.8114564418792725,1.452897891266218,18.181818280338256,217.04043579101562,0.6627611495362326,9.871668200422233,253.96102905273438,0.47100627765290815,6.25000013969839,264.58001708984375,cdip,2026-05-28 18:54:26+00:00
12,2026-06-02 18:00:00+00:00,1.8396427631378174,1.4781160689623039,18.181818280338256,216.93795776367188,0.4297400643510951,9.871668200422233,253.34901428222656,0.5062816140048115,5.555555334797621,263.5176696777344,cdip,2026-05-28 18:54:26+00:00
12,2026-06-02 21:00:00+00:00,1.83097243309021,1.4678952823611016,16.666667039195705,217.17153930664062,0.41659249824469274,9.871668200422233,252.7241668701172,0.5038712670144221,8.333333519597852,263.8880920410156,cdip,2026-05-28 18:54:26+00:00
12,2026-06-03 00:00:00+00:00,1.7692228555679321,1.4315796560456169,16.666667039195705,217.20599365234375,0.3926130739669757,9.871668200422233,251.35699462890625,0.4829295587860676,7.692307974459867,267.6105041503906,cdip,2026-05-28 18:54:26+00:00
12,2026-06-03 03:00:00+00:00,1.683009386062622,1.3954998441248234,16.666667039195705,217.14602661132812,0.567692593573401,7.692307974459867,267.77203369140625,0.740418347688957,5.555555334797621,264.6644287109375,cdip,2026-05-28 18:54:26+00:00
12,2026-06-03 06:00:00+00:00,1.6716792583465576,1.3513185806703865,16.666667039195705,217.16043090820312,0.7532024185594532,5.555555334797621,273.224365234375,0.28357124195387134,9.871668200422233,246.90478515625,cdip,2026-05-28 18:54:26+00:00
12,2026-06-03 09:00:00+00:00,1.5981556177139282,1.3070227183835428,16.666667039195705,216.85069274902344,0.764826418827428,5.555555334797621,268.27532958984375,0.4997357476315384,7.692307974459867,268.4024353027344,cdip,2026-05-28 18:54:26+00:00
12,2026-06-03 12:00:00+00:00,1.592743158340454,1.24431441581305,15.384615948919734,215.82301330566406,0.7246032842520294,7.692307974459867,269.80157470703125,0.6697731391307202,5.555555334797621,272.9374694824219,cdip,2026-05-28 18:54:26+00:00
12,2026-06-03 15:00:00+00:00,1.598435401916504,1.2324314067412723,15.384615948919734,215.6951904296875,0.6993706337086786,7.692307974459867,269.83349609375,0.7314956384813592,5.555555334797621,270.87506103515625,cdip,2026-05-28 18:54:26+00:00
12,2026-06-03 18:00:00+00:00,1.6233543157577515,1.220900680114844,15.384615948919734,215.5149383544922,0.8206024565190978,7.692307974459867,270.288818359375,0.6721593514618086,5.555555334797621,273.02471923828125,cdip,2026-05-28 18:54:26+00:00
12,2026-06-03 21:00:00+00:00,1.6470173597335815,1.2065406481963963,15.384615948919734,215.4934539794922,0.8064996306919716,7.692307974459867,270.3550720214844,0.7686322684697533,5.555555334797621,269.902099609375,cdip,2026-05-28 18:54:26+00:00
13,2026-05-28 09:00:00+00:00,1.7683805227279663,1.6819985734056533,11.764705758606276,256.16357421875,0.48932362330987694,19.99999970197678,242.46310424804688,,,,cdip,2026-05-28 18:54:26+00:00
13,2026-05-28 12:00:00+00:00,1.7252168655395508,1.5676698755942287,11.111110669595242,258.2938232421875,0.6802488790055468,19.99999970197678,244.55726623535156,,,,cdip,2026-05-28 18:54:26+00:00
13,2026-05-28 15:00:00+00:00,1.7500451803207397,0.9033198704417141,19.99999970197678,245.90133666992188,1.4801673469908498,11.111110669595242,257.2330627441406,,,,cdip,2026-05-28 18:54:26+00:00
13,2026-05-28 18:00:00+00:00,1.8407509326934814,1.1333356257817897,19.99999970197678,246.58798217773438,1.4304887666494328,11.111110669595242,256.40667724609375,,,,cdip,2026-05-28 18:54:26+00:00
13,2026-05-28 21:00:00+00:00,1.9141550064086914,1.3198473411068432,18.181818280338256,248.12318420410156,1.3659185004434016,10.526315921561542,260.04010009765625,,,,cdip,2026-05-28 18:54:26+00:00
13,2026-05-29 00:00:00+00:00,1.9287149906158447,1.4178712116954713,18.181818280338256,248.37869262695312,1.289210962504008,10.526315921561542,257.8211364746094,,,,cdip,2026-05-28 18:54:26+00:00
13,2026-05-29 03:00:00+00:00,1.9021097421646118,1.4555265087198885,18.181818280338256,248.4482879638672,0.9649736367396623,10.526315921561542,254.9393310546875,,,,cdip,2026-05-28 18:54:26+00:00
13,2026-05-29 06:00:00+00:00,1.8767484426498413,1.5012968702686942,18.181818280338256,248.421630859375,0.8661961192148941,10.526315921561542,252.61936950683594,,,,cdip,2026-05-28 18:54:26+00:00
13,2026-05-29 09:00:00+00:00,1.865012288093567,1.5746555690937591,16.666667039195705,250.66331481933594,0.7373380601008034,10.526315921561542,250.21151733398438,,,,cdip,2026-05-28 18:54:26+00:00
13,2026-05-29 12:00:00+00:00,1.8775523900985718,1.6259458453799058,16.666667039195705,250.88308715820312,,,,,,,cdip,2026-05-28 18:54:26+00:00
13,2026-05-29 15:00:00+00:00,1.8892455101013184,1.8818920290259449,16.666667039195705,250.90293884277344,,,,,,,cdip,2026-05-28 18:54:26+00:00
13,2026-05-29 18:00:00+00:00,1.8671138286590576,1.6631184282717177,16.666667039195705,250.62655639648438,0.8340609631674303,8.333333519597852,269.3624572753906,,,,cdip,2026-05-28 18:54:26+00:00
13,2026-05-29 21:00:00+00:00,1.7997435331344604,1.6090264234485712,15.384615948919734,251.349365234375,0.7931266373838047,8.333333519597852,269.00616455078125,,,,cdip,2026-05-28 18:54:26+00:00
13,2026-05-30 00:00:00+00:00,1.7041467428207397,1.5326678037360217,15.384615948919734,250.83119201660156,0.7326275847547775,8.333333519597852,267.9461669921875,,,,cdip,2026-05-28 18:54:26+00:00
13,2026-05-30 03:00:00+00:00,1.6121504306793213,1.442853573275057,15.384615948919734,250.11190795898438,0.7075742327095123,8.333333519597852,266.7162170410156,,,,cdip,2026-05-28 18:54:26+00:00
13,2026-05-30 06:00:00+00:00,1.5405012369155884,0.12079276947028422,15.384615948919734,249.1869354248047,1.3429671039983928,8.333333519597852,266.322265625,,,,cdip,2026-05-28 18:54:26+00:00
13,2026-05-30 09:00:00+00:00,1.4996731281280518,0.1346950961148416,13.33333280351429,252.53915405273438,1.2426138607719266,7.692307974459867,273.07501220703125,,,,cdip,2026-05-28 18:54:26+00:00
13,2026-05-30 12:00:00+00:00,1.5095072984695435,0.14710383366053767,13.33333280351429,252.13613891601562,1.1511250790472334,7.14285711244661,277.53424072265625,,,,cdip,2026-05-28 18:54:26+00:00
13,2026-05-30 15:00:00+00:00,1.623967170715332,0.21956312934124478,13.33333280351429,251.46795654296875,1.0845089320657586,7.692307974459867,276.9703063964844,,,,cdip,2026-05-28 18:54:26+00:00
13,2026-05-30 18:00:00+00:00,1.6399637460708618,0.24265873488523376,13.33333280351429,250.23190307617188,1.0478262213067038,8.333333519597852,273.302490234375,,,,cdip,2026-05-28 18:54:26+00:00
13,2026-05-30 21:00:00+00:00,1.5829691886901855,0.26633096390476196,13.33333280351429,248.30523681640625,1.0137555830074552,8.333333519597852,273.559814453125,,,,cdip,2026-05-28 18:54:26+00:00
13,2026-05-31 00:00:00+00:00,1.5569506883621216,0.28942707184629085,12.50000027939678,252.80935668945312,,,,,,,cdip,2026-05-28 18:54:26+00:00
13,2026-05-31 03:00:00+00:00,1.5966929197311401,0.36177477418774645,11.111110669595242,258.5966796875,,,,,,,cdip,2026-05-28 18:54:26+00:00
13,2026-05-31 06:00:00+00:00,1.6373469829559326,1.5698522505586179,11.111110669595242,258.81427001953125,0.3961219387578046,22.222221339190483,223.96559143066406,,,,cdip,2026-05-28 18:54:26+00:00
13,2026-05-31 09:00:00+00:00,1.655580759048462,1.5761533449932887,11.111110669595242,259.2242431640625,0.43820434925932816,22.222221339190483,223.7626190185547,,,,cdip,2026-05-28 18:54:26+00:00
13,2026-05-31 12:00:00+00:00,1.683327317237854,1.5895661823776812,11.111110669595242,259.8727722167969,0.4893236361452675,22.222221339190483,223.44412231445312,,,,cdip,2026-05-28 18:54:26+00:00
13,2026-05-31 15:00:00+00:00,1.7429358959197998,1.6191047097243683,11.111110669595242,260.4482116699219,0.5863328091139718,22.222221339190483,223.1425018310547,,,,cdip,2026-05-28 18:54:26+00:00
13,2026-05-31 18:00:00+00:00,1.7822778224945068,1.6367576822654244,11.111110669595242,260.7685241699219,0.6492810643387443,22.222221339190483,222.92039489746094,,,,cdip,2026-05-28 18:54:26+00:00
13,2026-05-31 21:00:00+00:00,1.759452223777771,1.5810327920175493,11.111110669595242,260.7314453125,0.7242164876604713,22.222221339190483,222.7971954345703,,,,cdip,2026-05-28 18:54:26+00:00
13,2026-06-01 00:00:00+00:00,1.7468119859695435,0.8223194180180388,22.222221339190483,222.5087432861328,1.51836388164009,11.111110669595242,260.51397705078125,,,,cdip,2026-05-28 18:54:26+00:00
13,2026-06-01 03:00:00+00:00,1.7884900569915771,0.8878845124793577,22.222221339190483,222.04214477539062,1.5294705943510425,10.526315921561542,263.05352783203125,,,,cdip,2026-05-28 18:54:26+00:00
13,2026-06-01 06:00:00+00:00,1.826479196548462,0.9803604146839578,19.99999970197678,222.43603515625,1.5179677595725514,10.526315921561542,262.94378662109375,,,,cdip,2026-05-28 18:54:26+00:00
13,2026-06-01 09:00:00+00:00,1.8306431770324707,1.0656850898199457,19.99999970197678,222.05526733398438,1.4656375114164244,10.526315921561542,262.99853515625,,,,cdip,2026-05-28 18:54:26+00:00
13,2026-06-01 12:00:00+00:00,1.8258306980133057,1.1278147070177151,19.99999970197678,221.64170837402344,1.4141483551429967,10.526315921561542,263.0374755859375,,,,cdip,2026-05-28 18:54:26+00:00
13,2026-06-01 15:00:00+00:00,1.8116307258605957,1.1807795021083158,19.99999970197678,221.29090881347656,1.3535055000356528,10.526315921561542,262.843994140625,,,,cdip,2026-05-28 18:54:26+00:00
13,2026-06-01 18:00:00+00:00,1.7964624166488647,1.2178723452897366,19.99999970197678,221.0071258544922,1.3010897084388944,10.526315921561542,262.3892822265625,,,,cdip,2026-05-28 18:54:26+00:00
13,2026-06-01 21:00:00+00:00,1.7829519510269165,1.236456591032734,19.99999970197678,220.7068634033203,1.2654504108899292,10.526315921561542,261.8439025878906,,,,cdip,2026-05-28 18:54:26+00:00
13,2026-06-02 00:00:00+00:00,1.7668960094451904,1.2438062138425587,19.99999970197678,220.44528198242188,1.2366436338253821,9.871668200422233,264.1263732910156,,,,cdip,2026-05-28 18:54:26+00:00
13,2026-06-02 03:00:00+00:00,1.7411210536956787,1.2634107527208072,18.181818280338256,220.2149200439453,1.1812336895739122,9.871668200422233,263.67431640625,,,,cdip,2026-05-28 18:54:26+00:00
13,2026-06-02 06:00:00+00:00,1.6989198923110962,1.2592979503177373,18.181818280338256,220.20579528808594,1.1260085875634767,9.871668200422233,262.85650634765625,,,,cdip,2026-05-28 18:54:26+00:00
13,2026-06-02 09:00:00+00:00,1.6576493978500366,1.2581293259635176,18.181818280338256,220.1834259033203,1.066879555346581,9.871668200422233,261.6978454589844,,,,cdip,2026-05-28 18:54:26+00:00
13,2026-06-02 12:00:00+00:00,1.6204590797424316,1.2502577863368824,18.181818280338256,220.08489990234375,1.01953219633689,9.871668200422233,260.66375732421875,,,,cdip,2026-05-28 18:54:26+00:00
13,2026-06-02 15:00:00+00:00,1.585727334022522,1.2605537490711611,18.181818280338256,219.98081970214844,0.9509183389649041,9.871668200422233,259.9281005859375,,,,cdip,2026-05-28 18:54:26+00:00
13,2026-06-02 18:00:00+00:00,1.5599225759506226,1.2374271378977324,18.181818280338256,219.91900634765625,0.8744840343281564,8.333333519597852,271.7506103515625,0.3430300373810285,9.871668200422233,259.14990234375,cdip,2026-05-28 18:54:26+00:00
13,2026-06-02 21:00:00+00:00,1.535796880722046,1.209923718567559,18.181818280338256,219.94981384277344,0.9362461200042509,8.333333519597852,271.80877685546875,,,,cdip,2026-05-28 18:54:26+00:00
13,2026-06-03 00:00:00+00:00,1.4839162826538086,1.173743677646889,18.181818280338256,220.0410919189453,0.8990236673584839,7.692307974459867,275.29986572265625,,,,cdip,2026-05-28 18:54:26+00:00
13,2026-06-03 03:00:00+00:00,1.4477136135101318,1.1502100505907948,18.181818280338256,220.01083374023438,0.870723738997345,7.692307974459867,275.70819091796875,,,,cdip,2026-05-28 18:54:26+00:00
13,2026-06-03 06:00:00+00:00,1.4528388977050781,1.1278158664334,16.666667039195705,220.15048217773438,0.517634565935111,6.25000013969839,278.77777099609375,,,,cdip,2026-05-28 18:54:26+00:00
13,2026-06-03 09:00:00+00:00,1.3966870307922363,1.0883025836643905,16.666667039195705,219.96998596191406,0.8689767856780213,6.666666401757145,277.69964599609375,,,,cdip,2026-05-28 18:54:26+00:00
13,2026-06-03 12:00:00+00:00,1.4349619150161743,1.0558501550640398,16.666667039195705,219.66488647460938,0.9657911540957623,7.14285711244661,280.3013916015625,,,,cdip,2026-05-28 18:54:26+00:00
13,2026-06-03 15:00:00+00:00,1.4479448795318604,1.0341255590905087,16.666667039195705,219.54519653320312,1.0078597727330079,7.14285711244661,280.1573181152344,,,,cdip,2026-05-28 18:54:26+00:00
13,2026-06-03 18:00:00+00:00,1.46017587184906,1.0138197389570478,15.384615948919734,218.5445098876953,1.0436583843609244,7.692307974459867,278.80206298828125,,,,cdip,2026-05-28 18:54:26+00:00
13,2026-06-03 21:00:00+00:00,1.4891995191574097,0.998239878245691,15.384615948919734,218.46771240234375,1.0985138357834943,7.692307974459867,278.8319091796875,,,,cdip,2026-05-28 18:54:26+00:00
14,2026-05-28 09:00:00+00:00,1.5684542655944824,1.5037730747650142,12.50000027939678,248.71844482421875,0.3840640749045914,19.99999970197678,233.4928436279297,,,,cdip,2026-05-28 18:54:26+00:00
14,2026-05-28 12:00:00+00:00,1.5225950479507446,1.4063918719076234,11.111110669595242,254.112548828125,0.5393678812841617,19.99999970197678,237.849609375,,,,cdip,2026-05-28 18:54:26+00:00
14,2026-05-28 15:00:00+00:00,1.5278611183166504,0.7191305615543986,19.99999970197678,240.1193389892578,1.3294911029563425,11.111110669595242,252.79714965820312,,,,cdip,2026-05-28 18:54:26+00:00
14,2026-05-28 18:00:00+00:00,1.5899559259414673,0.901525609015581,19.99999970197678,240.95220947265625,1.289662433418467,11.111110669595242,251.73876953125,,,,cdip,2026-05-28 18:54:26+00:00
14,2026-05-28 21:00:00+00:00,1.644321322441101,1.0546941277143862,18.181818280338256,242.17501831054688,1.2407150923745225,10.526315921561542,256.55169677734375,,,,cdip,2026-05-28 18:54:26+00:00
14,2026-05-29 00:00:00+00:00,1.6634047031402588,1.1469464739601487,18.181818280338256,242.8909912109375,1.1856728260291518,10.526315921561542,254.25804138183594,,,,cdip,2026-05-28 18:54:26+00:00
14,2026-05-29 03:00:00+00:00,1.6706207990646362,1.2502454492634878,18.181818280338256,243.1392364501953,1.0195097930363426,9.871668200422233,257.11322021484375,0.38674905838046664,11.764705758606276,233.10678100585938,cdip,2026-05-28 18:54:26+00:00
14,2026-05-29 06:00:00+00:00,1.6828542947769165,1.359045757367287,16.666667039195705,244.62669372558594,0.9747214593274381,9.871668200422233,255.17608642578125,,,,cdip,2026-05-28 18:54:26+00:00
14,2026-05-29 09:00:00+00:00,1.702749252319336,1.4117429374403705,16.666667039195705,245.2679901123047,0.9343525507502876,9.871668200422233,253.11715698242188,,,,cdip,2026-05-28 18:54:26+00:00
14,2026-05-29 12:00:00+00:00,1.7418040037155151,1.469175136328472,16.666667039195705,245.54855346679688,0.9182620855571992,9.090909140169128,263.2388000488281,,,,cdip,2026-05-28 18:54:26+00:00
14,2026-05-29 15:00:00+00:00,1.7769843339920044,1.5327368915806452,16.666667039195705,245.60617065429688,0.7214240927916039,9.090909140169128,263.473388671875,,,,cdip,2026-05-28 18:54:26+00:00
14,2026-05-29 18:00:00+00:00,1.776252269744873,1.5544826688396078,16.666667039195705,245.33975219726562,0.6657521317540486,9.090909140169128,263.1880187988281,,,,cdip,2026-05-28 18:54:26+00:00
14,2026-05-29 21:00:00+00:00,1.7217180728912354,1.516237443168783,15.384615948919734,246.66238403320312,0.6295040202074507,9.090909140169128,262.1484375,,,,cdip,2026-05-28 18:54:26+00:00
14,2026-05-30 00:00:00+00:00,1.627980351448059,1.4445298818699683,15.384615948919734,246.04278564453125,0.7375736113586353,9.090909140169128,260.4371643066406,,,,cdip,2026-05-28 18:54:26+00:00
14,2026-05-30 03:00:00+00:00,1.5318523645401,1.3554389449747748,15.384615948919734,245.19822692871094,0.7014985349627413,9.090909140169128,258.7226867675781,,,,cdip,2026-05-28 18:54:26+00:00
14,2026-05-30 06:00:00+00:00,1.4466999769210815,1.4412538788202558,14.28571422489322,246.7609405517578,,,,,,,cdip,2026-05-28 18:54:26+00:00
14,2026-05-30 09:00:00+00:00,1.382609486579895,1.377079022845915,13.33333280351429,248.41183471679688,,,,,,,cdip,2026-05-28 18:54:26+00:00
14,2026-05-30 12:00:00+00:00,1.360486388206482,1.0907049259191968,13.33333280351429,247.9794464111328,0.8022346201377695,7.692307974459867,272.90081787109375,,,,cdip,2026-05-28 18:54:26+00:00
14,2026-05-30 15:00:00+00:00,1.4365870952606201,0.1409449886753091,13.33333280351429,247.23765563964844,0.9503680876347249,7.692307974459867,274.9377136230469,,,,cdip,2026-05-28 18:54:26+00:00
14,2026-05-30 18:00:00+00:00,1.439800500869751,0.1541025858951064,13.33333280351429,245.90977478027344,0.8577415538455174,8.333333519597852,272.0034484863281,,,,cdip,2026-05-28 18:54:26+00:00
14,2026-05-30 21:00:00+00:00,1.3842148780822754,0.169490701180416,13.33333280351429,243.86395263671875,0.8589791934647283,9.090909140169128,267.0718688964844,,,,cdip,2026-05-28 18:54:26+00:00
14,2026-05-31 00:00:00+00:00,1.3587182760238647,0.2533247323730045,12.50000027939678,248.4534912109375,0.8264772330969116,9.090909140169128,267.1233215332031,,,,cdip,2026-05-28 18:54:26+00:00
14,2026-05-31 03:00:00+00:00,1.3920643329620361,0.32844512247704866,12.50000027939678,247.76177978515625,,,,,,,cdip,2026-05-28 18:54:26+00:00
14,2026-05-31 06:00:00+00:00,1.4303439855575562,0.3556875081349225,11.111110669595242,254.93679809570312,,,,,,,cdip,2026-05-28 18:54:26+00:00
14,2026-05-31 09:00:00+00:00,1.4481085538864136,1.376943894712104,10.526315921561542,259.02374267578125,0.38516280301930095,22.222221339190483,214.4874267578125,,,,cdip,2026-05-28 18:54:26+00:00
14,2026-05-31 12:00:00+00:00,1.4730980396270752,1.3784697449388215,11.111110669595242,256.09014892578125,0.46308887412294003,22.222221339190483,214.3255157470703,,,,cdip,2026-05-28 18:54:26+00:00
14,2026-05-31 15:00:00+00:00,1.5276309251785278,1.41969424491372,11.111110669595242,256.7408752441406,0.5077898050077924,22.222221339190483,214.15850830078125,,,,cdip,2026-05-28 18:54:26+00:00
14,2026-05-31 18:00:00+00:00,1.5694113969802856,1.444599172180543,11.111110669595242,257.1041259765625,0.5587051154291596,22.222221339190483,214.0172576904297,,,,cdip,2026-05-28 18:54:26+00:00
14,2026-05-31 21:00:00+00:00,1.5541177988052368,1.386342476894396,11.111110669595242,256.99530029296875,0.6574119208947221,22.222221339190483,213.94439697265625,,,,cdip,2026-05-28 18:54:26+00:00
14,2026-06-01 00:00:00+00:00,1.5391215085983276,0.7075040309722517,22.222221339190483,213.77992248535156,1.3448762546030715,10.526315921561542,260.242431640625,,,,cdip,2026-05-28 18:54:26+00:00
14,2026-06-01 03:00:00+00:00,1.5720479488372803,0.7847666768383745,22.222221339190483,213.4749298095703,1.3396309455309066,10.526315921561542,260.0812072753906,,,,cdip,2026-05-28 18:54:26+00:00
14,2026-06-01 06:00:00+00:00,1.6028059720993042,0.8302757017134743,19.99999970197678,213.7381134033203,1.3485322003164326,10.526315921561542,259.96820068359375,,,,cdip,2026-05-28 18:54:26+00:00
14,2026-06-01 09:00:00+00:00,1.6039797067642212,0.8991618272410884,19.99999970197678,213.44488525390625,1.3058377062803825,10.526315921561542,260.030517578125,,,,cdip,2026-05-28 18:54:26+00:00
14,2026-06-01 12:00:00+00:00,1.5998375415802002,0.9481794898380422,19.99999970197678,213.072509765625,1.2669980187190248,10.526315921561542,260.08929443359375,,,,cdip,2026-05-28 18:54:26+00:00
14,2026-06-01 15:00:00+00:00,1.589058756828308,0.9947390747744643,19.99999970197678,212.72146606445312,1.2186555106853145,9.871668200422233,262.98297119140625,,,,cdip,2026-05-28 18:54:26+00:00
14,2026-06-01 18:00:00+00:00,1.580797791481018,1.0330823118865184,19.99999970197678,212.42034912109375,1.1768536323589356,9.871668200422233,262.64031982421875,,,,cdip,2026-05-28 18:54:26+00:00
14,2026-06-01 21:00:00+00:00,1.5774141550064087,1.0596503713479792,19.99999970197678,212.02378845214844,1.14924556068939,9.871668200422233,262.2061767578125,,,,cdip,2026-05-28 18:54:26+00:00
14,2026-06-02 00:00:00+00:00,1.5762629508972168,1.1016782293072358,18.181818280338256,210.74945068359375,1.108464543852618,9.871668200422233,261.79522705078125,,,,cdip,2026-05-28 18:54:26+00:00
14,2026-06-02 03:00:00+00:00,1.5698144435882568,1.1213073811009098,18.181818280338256,210.35816955566406,1.081371358559211,9.090909140169128,267.471923828125,,,,cdip,2026-05-28 18:54:26+00:00
14,2026-06-02 06:00:00+00:00,1.5496044158935547,1.1382904207695423,18.181818280338256,210.00567626953125,1.0364850011971958,9.090909140169128,266.9774475097656,,,,cdip,2026-05-28 18:54:26+00:00
14,2026-06-02 09:00:00+00:00,1.529557228088379,1.1571264971582114,18.181818280338256,209.73544311523438,0.9872361551549995,9.090909140169128,266.4398498535156,,,,cdip,2026-05-28 18:54:26+00:00
14,2026-06-02 12:00:00+00:00,1.5138896703720093,1.1989750868780087,18.181818280338256,209.45188903808594,0.9118208967909271,9.090909140169128,266.0376892089844,,,,cdip,2026-05-28 18:54:26+00:00
14,2026-06-02 15:00:00+00:00,1.500901699066162,1.2034344535783719,18.181818280338256,209.16744995117188,0.8850856136378551,9.090909140169128,265.8714599609375,,,,cdip,2026-05-28 18:54:26+00:00
14,2026-06-02 18:00:00+00:00,1.492775559425354,1.199562891743837,18.181818280338256,208.93960571289062,0.8773286314275173,9.090909140169128,265.8023681640625,,,,cdip,2026-05-28 18:54:26+00:00
14,2026-06-02 21:00:00+00:00,1.4795506000518799,1.1855233654990776,16.666667039195705,207.80389404296875,0.8747635500025285,9.090909140169128,265.6147766113281,,,,cdip,2026-05-28 18:54:26+00:00
14,2026-06-03 00:00:00+00:00,1.427925705909729,1.1493632399566593,16.666667039195705,207.95596313476562,0.8376429198263959,9.090909140169128,265.14190673828125,,,,cdip,2026-05-28 18:54:26+00:00
14,2026-06-03 03:00:00+00:00,1.387734293937683,1.1168854464071367,16.666667039195705,207.94786071777344,0.8141609498962055,9.090909140169128,264.927978515625,,,,cdip,2026-05-28 18:54:26+00:00
14,2026-06-03 06:00:00+00:00,1.3786420822143555,1.0976502292893309,16.666667039195705,208.4459991455078,0.26605504433709193,7.692307974459867,274.3360290527344,,,,cdip,2026-05-28 18:54:26+00:00
14,2026-06-03 09:00:00+00:00,1.3163799047470093,1.0474657361629778,16.666667039195705,207.9805450439453,0.2937133500447395,7.14285711244661,275.3986511230469,,,,cdip,2026-05-28 18:54:26+00:00
14,2026-06-03 12:00:00+00:00,1.3345104455947876,1.0182618925366915,16.666667039195705,207.9564971923828,0.8562952409912333,7.692307974459867,275.9364318847656,,,,cdip,2026-05-28 18:54:26+00:00
14,2026-06-03 15:00:00+00:00,1.3429337739944458,0.9911944801249872,16.666667039195705,207.61474609375,0.9001609014064099,7.14285711244661,278.0400695800781,,,,cdip,2026-05-28 18:54:26+00:00
14,2026-06-03 18:00:00+00:00,1.3476018905639648,0.9749674645144827,15.384615948919734,208.22647094726562,0.9230171535077618,7.692307974459867,276.80078125,,,,cdip,2026-05-28 18:54:26+00:00
14,2026-06-03 21:00:00+00:00,1.36787748336792,0.9523246452973932,16.666667039195705,207.9463348388672,0.9751028161190538,7.692307974459867,276.84600830078125,,,,cdip,2026-05-28 18:54:26+00:00
15,2026-05-28 09:00:00+00:00,1.7432928085327148,1.4027246384054841,12.50000027939678,237.2535400390625,1.010361358899875,6.666666401757145,263.1976318359375,,,,cdip,2026-05-28 18:54:26+00:00
15,2026-05-28 12:00:00+00:00,1.6483185291290283,1.3244355478049439,11.764705758606276,238.376220703125,0.9569973328860626,6.666666401757145,262.8172607421875,,,,cdip,2026-05-28 18:54:26+00:00
15,2026-05-28 15:00:00+00:00,1.6014009714126587,1.1990333041969112,11.111110669595242,240.65701293945312,0.48814532737549415,18.181818280338256,224.45956420898438,0.9180631553836717,6.666666401757145,262.24127197265625,cdip,2026-05-28 18:54:26+00:00
15,2026-05-28 18:00:00+00:00,1.619749665260315,0.759542760186139,18.181818280338256,229.81541442871094,1.1236441960963517,11.111110669595242,239.12423706054688,0.8589029272744733,6.666666401757145,261.6124572753906,cdip,2026-05-28 18:54:26+00:00
15,2026-05-28 21:00:00+00:00,1.676194190979004,0.9559698919281993,18.181818280338256,232.98129272460938,1.0453934537606533,11.111110669595242,236.7950439453125,0.869772784382379,6.25000013969839,261.142578125,cdip,2026-05-28 18:54:26+00:00
15,2026-05-29 00:00:00+00:00,1.7528905868530273,1.121495705834243,18.181818280338256,234.49560546875,0.950856544401518,11.111110669595242,232.2286834716797,0.9320413858842883,6.25000013969839,259.3520812988281,cdip,2026-05-28 18:54:26+00:00
15,2026-05-29 03:00:00+00:00,1.8299262523651123,1.5721335150970865,16.666667039195705,235.4989013671875,0.916419069562307,6.25000013969839,257.9193115234375,,,,cdip,2026-05-28 18:54:26+00:00
15,2026-05-29 06:00:00+00:00,1.8894437551498413,1.653658670414675,16.666667039195705,236.65159606933594,0.8949435631255028,6.25000013969839,257.884765625,,,,cdip,2026-05-28 18:54:26+00:00
15,2026-05-29 09:00:00+00:00,1.9316794872283936,1.7435344237929566,16.666667039195705,237.30657958984375,0.4489337130695173,6.25000013969839,258.36395263671875,,,,cdip,2026-05-28 18:54:26+00:00
15,2026-05-29 12:00:00+00:00,1.9824377298355103,1.8143379853537853,16.666667039195705,237.57113647460938,0.7778222464604329,5.555555334797621,256.601806640625,,,,cdip,2026-05-28 18:54:26+00:00
15,2026-05-29 15:00:00+00:00,2.030564546585083,1.8885841656881261,16.666667039195705,237.59754943847656,0.72455348549845,5.555555334797621,257.92919921875,,,,cdip,2026-05-28 18:54:26+00:00
15,2026-05-29 18:00:00+00:00,2.042539596557617,1.919584386885489,16.666667039195705,237.33651733398438,0.6770883982742771,5.555555334797621,260.0628967285156,,,,cdip,2026-05-28 18:54:26+00:00
15,2026-05-29 21:00:00+00:00,1.9936472177505493,1.8897870329583022,16.666667039195705,236.7081298828125,,,,,,,cdip,2026-05-28 18:54:26+00:00
15,2026-05-30 00:00:00+00:00,1.8828598260879517,1.7898384281530468,15.384615948919734,236.9879608154297,,,,,,,cdip,2026-05-28 18:54:26+00:00
15,2026-05-30 03:00:00+00:00,1.757649302482605,1.6689479430123741,15.384615948919734,236.23281860351562,,,,,,,cdip,2026-05-28 18:54:26+00:00
15,2026-05-30 06:00:00+00:00,1.6497154235839844,1.5219010479238064,15.384615948919734,235.1763153076172,0.4423017015759007,5.555555334797621,270.0038146972656,,,,cdip,2026-05-28 18:54:26+00:00
15,2026-05-30 09:00:00+00:00,1.5722761154174805,1.126656734653349,13.33333280351429,238.4893798828125,0.7903033897201239,15.384615948919734,233.60433959960938,0.4438359193286128,5.555555334797621,272.54150390625,cdip,2026-05-28 18:54:26+00:00
15,2026-05-30 12:00:00+00:00,1.536172866821289,1.2488180150828054,13.33333280351429,238.06069946289062,0.8842343641527414,6.25000013969839,271.55694580078125,,,,cdip,2026-05-28 18:54:26+00:00
15,2026-05-30 15:00:00+00:00,1.596939206123352,0.15804293577377687,13.33333280351429,237.28402709960938,1.1375050692292814,7.692307974459867,264.97393798828125,,,,cdip,2026-05-28 18:54:26+00:00
15,2026-05-30 18:00:00+00:00,1.6200733184814453,0.17273795218789667,13.33333280351429,235.97186279296875,1.387014375307075,5.555555334797621,275.35858154296875,,,,cdip,2026-05-28 18:54:26+00:00
15,2026-05-30 21:00:00+00:00,1.5748118162155151,0.19006717992216227,13.33333280351429,234.07052612304688,1.337883341241906,5.555555334797621,275.1277770996094,,,,cdip,2026-05-28 18:54:26+00:00
15,2026-05-31 00:00:00+00:00,1.5447300672531128,0.2861855640757681,12.50000027939678,238.5208740234375,1.2918949593696822,5.555555334797621,274.5723876953125,,,,cdip,2026-05-28 18:54:26+00:00
15,2026-05-31 03:00:00+00:00,1.574174165725708,0.31372675448705145,12.50000027939678,238.07821655273438,1.3055863399646233,5.555555334797621,274.236572265625,,,,cdip,2026-05-28 18:54:26+00:00
15,2026-05-31 06:00:00+00:00,1.625823974609375,0.4024352834980731,11.111110669595242,244.9516143798828,1.3288159835610391,5.555555334797621,273.37677001953125,,,,cdip,2026-05-28 18:54:26+00:00
15,2026-05-31 09:00:00+00:00,1.6560698747634888,1.3497378164526748,11.111110669595242,245.49163818359375,0.43679499941596933,22.222221339190483,213.41822814941406,0.8197785028682253,5.555555334797621,272.0412292480469,cdip,2026-05-28 18:54:26+00:00
15,2026-05-31 12:00:00+00:00,1.6787467002868652,1.3449584926498417,11.111110669595242,246.06512451171875,0.5294058184211653,22.222221339190483,213.32919311523438,0.8179019422232899,5.555555334797621,271.2004089355469,cdip,2026-05-28 18:54:26+00:00
15,2026-05-31 15:00:00+00:00,1.7267028093338013,1.3768006330480267,11.111110669595242,246.74200439453125,0.5829769672313666,22.222221339190483,213.2522430419922,0.8257818524442715,5.555555334797621,271.5943908691406,cdip,2026-05-28 18:54:26+00:00
15,2026-05-31 18:00:00+00:00,1.7842953205108643,1.3315888739590653,11.111110669595242,247.16107177734375,0.6449324390668707,22.222221339190483,213.19052124023438,0.9623385293986053,6.25000013969839,270.94500732421875,cdip,2026-05-28 18:54:26+00:00
15,2026-05-31 21:00:00+00:00,1.7909632921218872,1.3165781538331103,11.111110669595242,247.02334594726562,0.7209199393111406,22.222221339190483,213.18922424316406,0.9419784411822182,6.25000013969839,270.2764892578125,cdip,2026-05-28 18:54:26+00:00
15,2026-06-01 00:00:00+00:00,1.7710353136062622,0.8303662101457199,22.222221339190483,213.05810546875,1.2534398126182464,11.111110669595242,246.69259643554688,0.901341627338727,6.25000013969839,269.2073669433594,cdip,2026-05-28 18:54:26+00:00
15,2026-06-01 03:00:00+00:00,1.8174158334732056,0.9324889989533182,22.222221339190483,212.7806854248047,1.2224130820468444,11.111110669595242,246.46603393554688,0.9349732706011122,6.25000013969839,269.050048828125,cdip,2026-05-28 18:54:26+00:00
15,2026-06-01 06:00:00+00:00,1.872641682624817,0.9959762494906221,19.99999970197678,213.0675811767578,1.2321126498927764,11.111110669595242,246.27255249023438,0.9640546217554815,6.25000013969839,268.5875244140625,cdip,2026-05-28 18:54:26+00:00
15,2026-06-01 09:00:00+00:00,1.8892515897750854,1.0922415054044186,19.99999970197678,212.7465362548828,1.5199868379521457,10.526315921561542,249.65017700195312,,,,cdip,2026-05-28 18:54:26+00:00
15,2026-06-01 12:00:00+00:00,1.9028295278549194,1.1659292525701983,19.99999970197678,212.3755645751953,1.483130353906358,10.526315921561542,249.54562377929688,,,,cdip,2026-05-28 18:54:26+00:00
15,2026-06-01 15:00:00+00:00,1.9082956314086914,1.2374323620612515,19.99999970197678,211.9818572998047,1.1000760276923967,10.526315921561542,249.201904296875,0.918869588055199,6.25000013969839,266.8125,cdip,2026-05-28 18:54:26+00:00
15,2026-06-01 18:00:00+00:00,1.916388988494873,1.298500268110015,19.99999970197678,211.62657165527344,1.0110962935501213,10.526315921561542,248.62008666992188,0.9555356673898956,6.25000013969839,266.12445068359375,cdip,2026-05-28 18:54:26+00:00
15,2026-06-01 21:00:00+00:00,1.9244128465652466,1.366656372782646,18.181818280338256,210.1324920654297,0.9994207974614826,10.526315921561542,247.88723754882812,0.8877134470329765,6.25000013969839,265.4664001464844,cdip,2026-05-28 18:54:26+00:00
15,2026-06-02 00:00:00+00:00,1.9302918910980225,1.3941610664845896,18.181818280338256,210.14535522460938,0.9787649044916535,10.526315921561542,247.11817932128906,,,,cdip,2026-05-28 18:54:26+00:00
15,2026-06-02 03:00:00+00:00,1.9200947284698486,1.404778204601374,18.181818280338256,210.18112182617188,0.9400761533077231,10.526315921561542,246.01007080078125,,,,cdip,2026-05-28 18:54:26+00:00
15,2026-06-02 06:00:00+00:00,1.8854196071624756,1.4053287168148247,18.181818280338256,210.2034149169922,0.8254066393997089,10.526315921561542,244.35552978515625,0.5206143184605825,6.25000013969839,264.08282470703125,cdip,2026-05-28 18:54:26+00:00
15,2026-06-02 09:00:00+00:00,1.8439548015594482,1.4255521033597063,18.181818280338256,210.16957092285156,0.7203299130331017,10.526315921561542,242.03826904296875,0.5029019993193443,6.25000013969839,263.86688232421875,cdip,2026-05-28 18:54:26+00:00
15,2026-06-02 12:00:00+00:00,1.8006300926208496,1.4346063306007077,18.181818280338256,210.08982849121094,0.5698921782287741,10.526315921561542,239.5156707763672,0.5603794676141659,6.25000013969839,263.5685119628906,cdip,2026-05-28 18:54:26+00:00
15,2026-06-02 15:00:00+00:00,1.7586618661880493,1.4157673794194858,18.181818280338256,210.05706787109375,0.5420925670209181,10.526315921561542,237.18850708007812,0.5408933064925019,6.25000013969839,263.7188415527344,cdip,2026-05-28 18:54:26+00:00
15,2026-06-02 18:00:00+00:00,1.729576587677002,1.4893346827974019,16.666667039195705,209.7015380859375,0.5244119692712034,6.25000013969839,264.2529602050781,,,,cdip,2026-05-28 18:54:26+00:00
15,2026-06-02 21:00:00+00:00,1.7001636028289795,1.3938266102097168,16.666667039195705,209.88589477539062,0.42514691562994805,6.25000013969839,264.55206298828125,,,,cdip,2026-05-28 18:54:26+00:00
15,2026-06-03 00:00:00+00:00,1.6527104377746582,1.361460376255903,16.666667039195705,210.10452270507812,0.4126868309975196,6.666666401757145,265.57293701171875,,,,cdip,2026-05-28 18:54:26+00:00
15,2026-06-03 03:00:00+00:00,1.6042344570159912,1.3625847793787897,16.666667039195705,210.25576782226562,0.34630124666586704,7.692307974459867,263.9248962402344,,,,cdip,2026-05-28 18:54:26+00:00
15,2026-06-03 06:00:00+00:00,1.5452048778533936,1.3165851150924028,16.666667039195705,210.1602020263672,0.530220899896133,6.25000013969839,272.0810546875,0.5273544267440439,4.761904910578484,282.3426208496094,cdip,2026-05-28 18:54:26+00:00
15,2026-06-03 09:00:00+00:00,1.5400588512420654,1.2767502548894274,16.666667039195705,210.45599365234375,0.8541341711076119,6.25000013969839,269.20623779296875,,,,cdip,2026-05-28 18:54:26+00:00
15,2026-06-03 12:00:00+00:00,1.483262538909912,1.2202122519224028,15.384615948919734,209.1531982421875,0.6659002061319276,6.25000013969839,273.5920715332031,0.27248947932682344,9.090909140169128,248.73870849609375,cdip,2026-05-28 18:54:26+00:00
15,2026-06-03 15:00:00+00:00,1.5601173639297485,1.1864386842812644,15.384615948919734,209.34500122070312,0.7928554571578321,6.666666401757145,271.64697265625,0.6210425617121454,4.761904910578484,271.6922607421875,cdip,2026-05-28 18:54:26+00:00
15,2026-06-03 18:00:00+00:00,1.48710298538208,1.1762233409764142,15.384615948919734,209.02328491210938,0.7034109140151121,6.666666401757145,272.75347900390625,0.30275035289860824,9.090909140169128,251.84420776367188,cdip,2026-05-28 18:54:26+00:00
15,2026-06-03 21:00:00+00:00,1.5767905712127686,1.146606662618388,15.384615948919734,209.29367065429688,0.8579184411972145,7.692307974459867,266.89404296875,0.6483352465696424,4.761904910578484,272.6015319824219,cdip,2026-05-28 18:54:26+00:00
16,2026-05-28 09:00:00+00:00,1.6819740533828735,1.3131767220098254,11.764705758606276,234.8301239013672,1.0268608023264696,7.14285711244661,256.2518615722656,,,,cdip,2026-05-28 18:54:26+00:00
16,2026-05-28 12:00:00+00:00,1.5851457118988037,1.2330341975669425,11.111110669595242,236.05319213867188,0.9724740425134557,6.666666401757145,257.77752685546875,,,,cdip,2026-05-28 18:54:26+00:00
16,2026-05-28 15:00:00+00:00,1.53959321975708,1.1288321988254175,11.111110669595242,234.45541381835938,0.5179920044605906,18.181818280338256,224.38694763183594,0.8844625502001585,6.666666401757145,257.2376708984375,cdip,2026-05-28 18:54:26+00:00
16,2026-05-28 18:00:00+00:00,1.564879298210144,0.698743159240457,18.181818280338256,228.20132446289062,1.0699140814829338,11.111110669595242,233.17926025390625,0.8772592381038936,6.25000013969839,257.97296142578125,cdip,2026-05-28 18:54:26+00:00
16,2026-05-28 21:00:00+00:00,1.6459534168243408,0.9139252717286799,18.181818280338256,229.8672332763672,1.0130861055436162,11.111110669595242,231.2006072998047,0.8947345067430319,6.25000013969839,256.8519287109375,cdip,2026-05-28 18:54:26+00:00
16,2026-05-29 00:00:00+00:00,1.752070426940918,1.1183037205373731,18.181818280338256,230.4294891357422,0.9213320761180321,11.111110669595242,227.36099243164062,0.962761411489226,6.25000013969839,255.16802978515625,cdip,2026-05-28 18:54:26+00:00
16,2026-05-29 03:00:00+00:00,1.8568284511566162,1.3085489093763025,16.666667039195705,232.11532592773438,0.8857864156712899,11.111110669595242,223.40179443359375,0.9549140334375992,6.25000013969839,253.79200744628906,cdip,2026-05-28 18:54:26+00:00
16,2026-05-29 06:00:00+00:00,1.9347422122955322,1.46887813785621,16.666667039195705,232.51577758789062,0.816285107939416,11.111110669595242,220.5414276123047,0.569188746599247,6.25000013969839,253.71420288085938,cdip,2026-05-28 18:54:26+00:00
16,2026-05-29 09:00:00+00:00,1.987169861793518,1.5677030160695484,16.666667039195705,232.81008911132812,0.8491944588078936,11.111110669595242,218.1091766357422,0.8567730724903497,5.555555334797621,252.884033203125,cdip,2026-05-28 18:54:26+00:00
16,2026-05-29 12:00:00+00:00,2.043067693710327,1.8610796827199594,16.666667039195705,232.96923828125,0.821642528293651,5.555555334797621,253.3857421875,,,,cdip,2026-05-28 18:54:26+00:00
16,2026-05-29 15:00:00+00:00,2.0908443927764893,1.9370527546529948,16.666667039195705,233.01101684570312,0.7655152924761407,5.555555334797621,254.5200958251953,,,,cdip,2026-05-28 18:54:26+00:00
16,2026-05-29 18:00:00+00:00,2.0955393314361572,1.9477386021791772,16.666667039195705,232.83236694335938,0.542000229697238,5.555555334797621,256.4710693359375,,,,cdip,2026-05-28 18:54:26+00:00
16,2026-05-29 21:00:00+00:00,2.034278392791748,1.9074914423135538,16.666667039195705,232.36422729492188,0.6876487246884285,5.555555334797621,258.4959716796875,,,,cdip,2026-05-28 18:54:26+00:00
16,2026-05-30 00:00:00+00:00,1.9066681861877441,1.8052537002735278,15.384615948919734,232.29808044433594,0.5940962798943468,5.555555334797621,260.3748779296875,,,,cdip,2026-05-28 18:54:26+00:00
16,2026-05-30 03:00:00+00:00,1.7629129886627197,1.6664809254479853,15.384615948919734,231.69570922851562,0.556797448515843,5.555555334797621,262.90496826171875,,,,cdip,2026-05-28 18:54:26+00:00
16,2026-05-30 06:00:00+00:00,1.6375337839126587,0.12174066604381,15.384615948919734,230.9717254638672,1.496185911508064,4.761904910578484,268.9611511230469,,,,cdip,2026-05-28 18:54:26+00:00
16,2026-05-30 09:00:00+00:00,1.5438791513442993,0.13313443091989347,15.384615948919734,230.03805541992188,0.7618891313949085,13.33333280351429,233.115234375,1.1136562817237652,5.555555334797621,268.3840026855469,cdip,2026-05-28 18:54:26+00:00
16,2026-05-30 12:00:00+00:00,1.5003875494003296,0.14321968306348798,13.33333280351429,232.8578643798828,1.1909524048657125,6.25000013969839,266.0025939941406,,,,cdip,2026-05-28 18:54:26+00:00
16,2026-05-30 15:00:00+00:00,1.5577212572097778,0.20984115988071764,13.33333280351429,232.3415069580078,1.0739503452810777,7.692307974459867,258.5425109863281,0.7885253079466208,5.555555334797621,270.1864318847656,cdip,2026-05-28 18:54:26+00:00
16,2026-05-30 18:00:00+00:00,1.5831999778747559,0.23002123727606896,13.33333280351429,231.38218688964844,1.3291007283336584,4.761904910578484,276.2052001953125,,,,cdip,2026-05-28 18:54:26+00:00
16,2026-05-30 21:00:00+00:00,1.5391771793365479,0.2533906546757431,13.33333280351429,229.97706604003906,1.2781894504772415,4.761904910578484,276.2587585449219,,,,cdip,2026-05-28 18:54:26+00:00
16,2026-05-31 00:00:00+00:00,1.5120528936386108,0.2774741759195201,12.50000027939678,233.07662963867188,1.246033258522559,4.761904910578484,275.4555358886719,,,,cdip,2026-05-28 18:54:26+00:00
16,2026-05-31 03:00:00+00:00,1.5450814962387085,0.34884901088204845,12.50000027939678,232.57723999023438,1.250645346933608,4.761904910578484,274.6896057128906,,,,cdip,2026-05-28 18:54:26+00:00
16,2026-05-31 06:00:00+00:00,1.6059571504592896,1.296652804302535,11.111110669595242,238.21456909179688,0.3811333061912159,22.222221339190483,210.8556671142578,0.8362509401678132,5.555555334797621,268.99761962890625,cdip,2026-05-28 18:54:26+00:00
16,2026-05-31 09:00:00+00:00,1.649596929550171,1.3275013039475336,11.111110669595242,238.71380615234375,0.4207507885855076,22.222221339190483,210.76705932617188,0.8497793494791133,5.555555334797621,267.8626708984375,cdip,2026-05-28 18:54:26+00:00
16,2026-05-31 12:00:00+00:00,1.685504674911499,1.3510081322443361,11.111110669595242,239.24856567382812,0.4695897095205394,22.222221339190483,210.6270294189453,0.8558253373552398,5.555555334797621,267.1329040527344,cdip,2026-05-28 18:54:26+00:00
16,2026-05-31 15:00:00+00:00,1.7378517389297485,1.3730973039535905,11.111110669595242,239.9056396484375,0.5655417624106619,22.222221339190483,210.48736572265625,0.8645328664038091,5.555555334797621,267.43707275390625,cdip,2026-05-28 18:54:26+00:00
16,2026-05-31 18:00:00+00:00,1.792739748954773,1.4067058785652813,11.111110669595242,240.3179931640625,0.6269225119452787,22.222221339190483,210.38560485839844,0.8775224854503528,5.555555334797621,268.0616455078125,cdip,2026-05-28 18:54:26+00:00
16,2026-05-31 21:00:00+00:00,1.7968968152999878,1.3099798742454187,11.111110669595242,240.15252685546875,0.7001489764041243,22.222221339190483,210.3411865234375,0.6456531510106657,6.25000013969839,264.93524169921875,cdip,2026-05-28 18:54:26+00:00
16,2026-06-01 00:00:00+00:00,1.7731753587722778,0.79692311361753,22.222221339190483,210.22642517089844,1.2498295343026575,11.111110669595242,239.82156372070312,0.6883431619135851,6.25000013969839,264.0697021484375,cdip,2026-05-28 18:54:26+00:00
16,2026-06-01 03:00:00+00:00,1.8109111785888672,0.8543235766825308,22.222221339190483,210.05868530273438,1.2417026032229843,11.111110669595242,239.6068878173828,0.9697002777300812,6.25000013969839,263.9465637207031,cdip,2026-05-28 18:54:26+00:00
16,2026-06-01 06:00:00+00:00,1.8561314344406128,0.9369377260029339,19.99999970197678,210.25784301757812,1.2263459040982907,10.526315921561542,243.15872192382812,0.9971344348476531,5.555555334797621,265.37896728515625,cdip,2026-05-28 18:54:26+00:00
16,2026-06-01 09:00:00+00:00,1.8562487363815308,0.9857438706981835,19.99999970197678,210.13182067871094,1.2950824424769702,10.526315921561542,243.05068969726562,0.8542147557316142,5.555555334797621,264.36480712890625,cdip,2026-05-28 18:54:26+00:00
16,2026-06-01 12:00:00+00:00,1.8409702777862549,1.058274106389797,19.99999970197678,209.9792022705078,1.2275613160539942,10.526315921561542,242.9419403076172,0.8370260635557244,5.555555334797621,263.64202880859375,cdip,2026-05-28 18:54:26+00:00
16,2026-06-01 15:00:00+00:00,1.8086373805999756,1.097322125800743,19.99999970197678,209.86044311523438,1.0701173532625043,10.526315921561542,242.59719848632812,0.9313092926317346,6.25000013969839,262.03375244140625,cdip,2026-05-28 18:54:26+00:00
16,2026-06-01 18:00:00+00:00,1.7765127420425415,1.1228159554600117,19.99999970197678,209.8065643310547,1.0157094750072848,10.526315921561542,242.02163696289062,0.9027687791624271,6.25000013969839,261.4228820800781,cdip,2026-05-28 18:54:26+00:00
16,2026-06-01 21:00:00+00:00,1.7463079690933228,1.1284268546329308,19.99999970197678,209.81590270996094,0.9782847308251125,10.526315921561542,241.3126220703125,0.8797209331075851,6.25000013969839,260.8411560058594,cdip,2026-05-28 18:54:26+00:00
16,2026-06-02 00:00:00+00:00,1.719848871231079,1.1250246479321253,18.181818280338256,210.0115966796875,0.9489538389501743,10.526315921561542,240.56866455078125,0.8653198115947502,6.25000013969839,260.3048400878906,cdip,2026-05-28 18:54:26+00:00
16,2026-06-02 03:00:00+00:00,1.6909323930740356,1.140625904148253,18.181818280338256,210.0613555908203,0.8790135021433462,10.526315921561542,239.50363159179688,0.8644434656084637,6.25000013969839,259.86737060546875,cdip,2026-05-28 18:54:26+00:00
16,2026-06-02 06:00:00+00:00,1.6469191312789917,1.1352600813117357,18.181818280338256,210.12832641601562,0.7645164814545117,10.526315921561542,237.97137451171875,0.49164695557110194,5.555555334797621,259.83233642578125,cdip,2026-05-28 18:54:26+00:00
16,2026-06-02 09:00:00+00:00,1.6026229858398438,1.1364075231382142,18.181818280338256,210.1938018798828,0.6980479023605668,10.526315921561542,235.9080810546875,0.473809285284575,5.555555334797621,259.4570007324219,cdip,2026-05-28 18:54:26+00:00
16,2026-06-02 12:00:00+00:00,1.5627045631408691,1.1350857184377428,18.181818280338256,210.22247314453125,0.5977449288607903,10.526315921561542,233.71453857421875,0.5284758369340765,6.25000013969839,259.1337890625,cdip,2026-05-28 18:54:26+00:00
16,2026-06-02 15:00:00+00:00,1.532087802886963,1.145806428516293,18.181818280338256,210.23617553710938,0.54227210646493,10.526315921561542,231.71707153320312,0.5114308941866935,6.25000013969839,259.26092529296875,cdip,2026-05-28 18:54:26+00:00
16,2026-06-02 18:00:00+00:00,1.5194941759109497,1.156696351020276,16.666667039195705,210.27279663085938,0.49421242285706474,9.871668200422233,236.29071044921875,0.4974633690389029,5.555555334797621,259.6067810058594,cdip,2026-05-28 18:54:26+00:00
16,2026-06-02 21:00:00+00:00,1.5116784572601318,1.1504573957268964,16.666667039195705,210.24514770507812,0.4832470129010054,10.526315921561542,227.4949188232422,0.4986622787019454,5.555555334797621,259.71661376953125,cdip,2026-05-28 18:54:26+00:00
16,2026-06-03 00:00:00+00:00,1.490506649017334,1.175105435405142,16.666667039195705,210.2897186279297,0.4675469870209005,6.25000013969839,260.5029602050781,,,,cdip,2026-05-28 18:54:26+00:00
16,2026-06-03 03:00:00+00:00,1.4608453512191772,1.1989196714281938,16.666667039195705,210.3400421142578,0.3348662636223483,7.692307974459867,257.67041015625,0.4085890559304686,5.555555334797621,260.6731872558594,cdip,2026-05-28 18:54:26+00:00
16,2026-06-03 06:00:00+00:00,1.4143589735031128,1.1809658129498262,16.666667039195705,210.31472778320312,0.506078527104897,6.25000013969839,266.6820068359375,0.47509899754570184,4.761904910578484,280.54315185546875,cdip,2026-05-28 18:54:26+00:00
16,2026-06-03 09:00:00+00:00,1.4327101707458496,1.1511926929003926,16.666667039195705,210.55580139160156,0.5297622760034557,6.25000013969839,264.10675048828125,,,,cdip,2026-05-28 18:54:26+00:00
16,2026-06-03 12:00:00+00:00,1.373745322227478,1.1031314948454376,15.384615948919734,209.56883239746094,0.6315259716759825,6.25000013969839,267.890380859375,0.26519018685516554,9.090909140169128,242.29220581054688,cdip,2026-05-28 18:54:26+00:00
16,2026-06-03 15:00:00+00:00,1.4613338708877563,1.0693916171859705,15.384615948919734,209.89845275878906,0.6632050119402182,6.25000013969839,266.6394958496094,,,,cdip,2026-05-28 18:54:26+00:00
16,2026-06-03 18:00:00+00:00,1.3843357563018799,1.0624001955326179,15.384615948919734,209.54238891601562,0.42687193563511305,6.25000013969839,267.9220275878906,0.29259935995377506,9.090909140169128,245.27130126953125,cdip,2026-05-28 18:54:26+00:00
16,2026-06-03 21:00:00+00:00,1.484680414199829,1.0233779053960776,15.384615948919734,209.89633178710938,0.7511787481761207,7.692307974459867,260.2709655761719,0.7602241954475918,4.761904910578484,271.48431396484375,cdip,2026-05-28 18:54:26+00:00
17,2026-05-28 09:00:00+00:00,0.6453330516815186,0.502248896722428,13.33333280351429,206.78466796875,0.16500095273739734,19.99999970197678,203.83880615234375,0.24408920349441662,4.761904910578484,256.7352600097656,cdip,2026-05-28 18:54:26+00:00
17,2026-05-28 12:00:00+00:00,0.6216679811477661,0.5101328587368462,13.33333280351429,204.19883728027344,0.23270780785848508,4.761904910578484,255.9036865234375,,,,cdip,2026-05-28 18:54:26+00:00
17,2026-05-28 15:00:00+00:00,0.6096553802490234,0.44362427068437427,13.33333280351429,202.27346801757812,0.23713631151648537,18.181818280338256,208.7178192138672,0.22643479576614925,4.761904910578484,254.80169677734375,cdip,2026-05-28 18:54:26+00:00
17,2026-05-28 18:00:00+00:00,0.6209102272987366,0.31248779876599225,18.181818280338256,213.34535217285156,0.4103646302880945,12.50000027939678,207.0228729248047,0.2275322562018859,4.761904910578484,253.55453491210938,cdip,2026-05-28 18:54:26+00:00
17,2026-05-28 21:00:00+00:00,0.6556944847106934,0.3972755406306665,18.181818280338256,217.7998046875,0.38021418963424675,12.50000027939678,204.83055114746094,0.23938554405929452,4.761904910578484,252.11839294433594,cdip,2026-05-28 18:54:26+00:00
17,2026-05-29 00:00:00+00:00,0.7065520286560059,0.6060020451431005,18.181818280338256,221.03021240234375,0.35716403552004555,5.555555334797621,247.70315551757812,,,,cdip,2026-05-28 18:54:26+00:00
17,2026-05-29 03:00:00+00:00,0.7666814923286438,0.6728448961143166,16.666667039195705,222.45066833496094,0.36139893534240736,5.555555334797621,245.85195922851562,,,,cdip,2026-05-28 18:54:26+00:00
17,2026-05-29 06:00:00+00:00,0.8105232119560242,0.7211606687345077,16.666667039195705,224.25033569335938,0.36370138046521305,5.555555334797621,244.81195068359375,,,,cdip,2026-05-28 18:54:26+00:00
17,2026-05-29 09:00:00+00:00,0.834101140499115,0.7529274718456352,16.666667039195705,225.1944122314453,0.2334805909121975,5.555555334797621,244.55368041992188,,,,cdip,2026-05-28 18:54:26+00:00
17,2026-05-29 12:00:00+00:00,0.8503718972206116,0.777644059045628,16.666667039195705,225.55523681640625,0.33696397201004336,4.761904910578484,243.64923095703125,,,,cdip,2026-05-28 18:54:26+00:00
17,2026-05-29 15:00:00+00:00,0.8620520234107971,0.7989187328831133,16.666667039195705,225.58615112304688,0.3166192818219514,4.761904910578484,244.22097778320312,,,,cdip,2026-05-28 18:54:26+00:00
17,2026-05-29 18:00:00+00:00,0.8631749153137207,0.8049634651398258,16.666667039195705,225.32191467285156,0.30460025242001987,4.761904910578484,246.65391540527344,,,,cdip,2026-05-28 18:54:26+00:00
17,2026-05-29 21:00:00+00:00,0.849401593208313,0.7958502096019916,16.666667039195705,224.65765380859375,0.28984205952373665,4.761904910578484,250.24172973632812,,,,cdip,2026-05-28 18:54:26+00:00
17,2026-05-30 00:00:00+00:00,0.8151653409004211,0.7710168993018662,16.666667039195705,223.3928985595703,0.2571593283268794,4.761904910578484,253.12353515625,,,,cdip,2026-05-28 18:54:26+00:00
17,2026-05-30 03:00:00+00:00,0.7718248963356018,0.7322979554961907,15.384615948919734,222.67333984375,0.23611723364494588,4.761904910578484,256.3593444824219,,,,cdip,2026-05-28 18:54:26+00:00
17,2026-05-30 06:00:00+00:00,0.7238448262214661,0.6823579780303459,15.384615948919734,221.4649658203125,0.23435811781594126,4.761904910578484,261.13751220703125,,,,cdip,2026-05-28 18:54:26+00:00
17,2026-05-30 09:00:00+00:00,0.6746281981468201,0.6310582347406959,15.384615948919734,219.59913635253906,0.23195324019026198,4.761904910578484,264.0184326171875,,,,cdip,2026-05-28 18:54:26+00:00
17,2026-05-30 12:00:00+00:00,0.635676383972168,0.5770570695213547,15.384615948919734,217.111328125,0.14277000879102514,4.761904910578484,265.14599609375,,,,cdip,2026-05-28 18:54:26+00:00
17,2026-05-30 15:00:00+00:00,0.6174105405807495,0.5580192101074773,15.384615948919734,214.3005828857422,0.2577354609441463,4.761904910578484,265.782958984375,,,,cdip,2026-05-28 18:54:26+00:00
17,2026-05-30 18:00:00+00:00,0.6035034656524658,0.09947703288245101,15.384615948919734,211.47933959960938,0.5314517351373811,4.761904910578484,265.92498779296875,,,,cdip,2026-05-28 18:54:26+00:00
17,2026-05-30 21:00:00+00:00,0.5870935320854187,0.10988839333325887,14.28571422489322,212.7827606201172,0.508573250085954,4.761904910578484,265.5854187011719,,,,cdip,2026-05-28 18:54:26+00:00
17,2026-05-31 00:00:00+00:00,0.5810855031013489,0.120890668627357,14.28571422489322,210.81504821777344,0.49909879304576044,4.761904910578484,265.4503479003906,,,,cdip,2026-05-28 18:54:26+00:00
17,2026-05-31 03:00:00+00:00,0.5861262083053589,0.13003907599538359,14.28571422489322,209.07089233398438,0.4907008767384188,4.761904910578484,265.21978759765625,,,,cdip,2026-05-28 18:54:26+00:00
17,2026-05-31 06:00:00+00:00,0.5948945879936218,0.23105010541884313,14.28571422489322,207.76771545410156,0.4540090387681495,4.761904910578484,264.5378723144531,,,,cdip,2026-05-28 18:54:26+00:00
17,2026-05-31 09:00:00+00:00,0.6018742918968201,0.2765539891263453,22.222221339190483,203.1323699951172,0.4282695495769961,14.28571422489322,207.03460693359375,0.3137627618486214,4.761904910578484,263.8087463378906,cdip,2026-05-28 18:54:26+00:00
17,2026-05-31 12:00:00+00:00,0.6135151982307434,0.2943883412835971,22.222221339190483,203.09860229492188,0.4163191191008266,14.28571422489322,206.54713439941406,0.3354485341830878,4.761904910578484,263.15008544921875,cdip,2026-05-28 18:54:26+00:00
17,2026-05-31 15:00:00+00:00,0.6298898458480835,0.3191403459898983,22.222221339190483,203.06405639648438,0.4208832337565463,12.50000027939678,216.96664428710938,0.3372660496897418,4.761904910578484,263.1708068847656,cdip,2026-05-28 18:54:26+00:00
17,2026-05-31 18:00:00+00:00,0.6523311138153076,0.35066345913977287,22.222221339190483,203.0098114013672,0.3637737190808946,12.50000027939678,217.76246643066406,0.2320993162155523,15.384615948919734,203.29354858398438,cdip,2026-05-28 18:54:26+00:00
17,2026-05-31 21:00:00+00:00,0.6784420609474182,0.45835946077880885,22.222221339190483,203.00999450683594,0.3654064814663649,11.764705758606276,221.73721313476562,0.20253813906556592,4.761904910578484,263.7078857421875,cdip,2026-05-28 18:54:26+00:00
17,2026-06-01 00:00:00+00:00,0.6979105472564697,0.48676463869108777,22.222221339190483,203.04405212402344,0.3609899192766466,11.764705758606276,221.1533203125,0.20240634575958477,4.761904910578484,262.9080505371094,cdip,2026-05-28 18:54:26+00:00
17,2026-06-01 03:00:00+00:00,0.7181607484817505,0.5084451922262603,19.99999970197678,203.31100463867188,0.3588661111806019,11.764705758606276,220.70150756835938,0.21119912379011707,4.761904910578484,262.6763916015625,cdip,2026-05-28 18:54:26+00:00
17,2026-06-01 06:00:00+00:00,0.7360497713088989,0.5398469579486158,19.99999970197678,203.5104217529297,0.3318332483730351,11.111110669595242,223.39389038085938,0.2221046538118924,4.761904910578484,261.99615478515625,cdip,2026-05-28 18:54:26+00:00
17,2026-06-01 09:00:00+00:00,0.7454929947853088,0.5531520006402553,19.99999970197678,203.7352752685547,0.32537990396432487,11.111110669595242,222.90380859375,0.22250261971396626,4.761904910578484,260.7724609375,cdip,2026-05-28 18:54:26+00:00
17,2026-06-01 12:00:00+00:00,0.7538695335388184,0.5709404732403544,19.99999970197678,203.93533325195312,0.30147699244898346,11.111110669595242,222.478271484375,0.23829699518524822,4.761904910578484,259.7447814941406,cdip,2026-05-28 18:54:26+00:00
17,2026-06-01 15:00:00+00:00,0.7625287771224976,0.5910026085658864,19.99999970197678,204.12501525878906,0.2908759454841259,11.111110669595242,221.3501434326172,0.23555955088699554,4.761904910578484,259.06207275390625,cdip,2026-05-28 18:54:26+00:00
17,2026-06-01 18:00:00+00:00,0.7732725739479065,0.6742674044528199,19.99999970197678,204.28567504882812,0.23386877965879285,4.761904910578484,258.513671875,,,,cdip,2026-05-28 18:54:26+00:00
17,2026-06-01 21:00:00+00:00,0.7822940945625305,0.6855845968089608,18.181818280338256,203.26882934570312,0.23359412065783217,4.761904910578484,257.718505859375,,,,cdip,2026-05-28 18:54:26+00:00
17,2026-06-02 00:00:00+00:00,0.7886481881141663,0.6925881783844058,18.181818280338256,203.33531188964844,0.37252587305390583,4.761904910578484,256.79840087890625,,,,cdip,2026-05-28 18:54:26+00:00
17,2026-06-02 03:00:00+00:00,0.7926007509231567,0.6948296296202268,18.181818280338256,203.41082763671875,0.37693050778723486,4.761904910578484,255.94827270507812,,,,cdip,2026-05-28 18:54:26+00:00
17,2026-06-02 06:00:00+00:00,0.7917293906211853,0.694222066509035,18.181818280338256,203.48899841308594,0.37660401308511987,4.761904910578484,255.3050079345703,,,,cdip,2026-05-28 18:54:26+00:00
17,2026-06-02 09:00:00+00:00,0.7902273535728455,0.695741360957756,18.181818280338256,203.56307983398438,0.3710079995253781,4.761904910578484,254.93597412109375,,,,cdip,2026-05-28 18:54:26+00:00
17,2026-06-02 12:00:00+00:00,0.7883832454681396,0.6992634706464731,18.181818280338256,203.6051025390625,0.3605469930477046,4.761904910578484,254.35818481445312,,,,cdip,2026-05-28 18:54:26+00:00
17,2026-06-02 15:00:00+00:00,0.786827027797699,0.7033278892338601,16.666667039195705,202.60008239746094,0.34919326735832207,4.761904910578484,254.23109436035156,,,,cdip,2026-05-28 18:54:26+00:00
17,2026-06-02 18:00:00+00:00,0.7892834544181824,0.7077854731482703,16.666667039195705,202.61045837402344,0.3457844630284716,4.761904910578484,254.8893585205078,,,,cdip,2026-05-28 18:54:26+00:00
17,2026-06-02 21:00:00+00:00,0.7932660579681396,0.7114923979168708,16.666667039195705,202.5935516357422,0.3473080946003408,4.761904910578484,255.11093139648438,,,,cdip,2026-05-28 18:54:26+00:00
17,2026-06-03 00:00:00+00:00,0.7972310781478882,0.7199459009299849,16.666667039195705,202.6636505126953,0.3388010816508781,4.761904910578484,255.11614990234375,,,,cdip,2026-05-28 18:54:26+00:00
17,2026-06-03 03:00:00+00:00,0.7901996970176697,0.7179641376023326,16.666667039195705,202.71975708007812,0.32641388092757834,4.761904910578484,256.43560791015625,,,,cdip,2026-05-28 18:54:26+00:00
17,2026-06-03 06:00:00+00:00,0.7659785151481628,0.7169587535573325,16.666667039195705,202.7740936279297,0.22365863450290652,4.545454570084564,255.52499389648438,0.14332658830909442,6.25000013969839,251.4329071044922,cdip,2026-05-28 18:54:26+00:00
17,2026-06-03 09:00:00+00:00,0.7794803380966187,0.7073440345799643,16.666667039195705,203.06134033203125,0.19120767929931287,4.761904910578484,260.52960205078125,,,,cdip,2026-05-28 18:54:26+00:00
17,2026-06-03 12:00:00+00:00,0.7586221098899841,0.704977766581817,16.666667039195705,202.62042236328125,0.23736466980906876,4.545454570084564,260.0210266113281,0.14172037288331502,6.25000013969839,250.99575805664062,cdip,2026-05-28 18:54:26+00:00
17,2026-06-03 15:00:00+00:00,0.7709610462188721,0.6893091510758773,16.666667039195705,203.13148498535156,0.20060040922762096,4.761904910578484,263.28521728515625,,,,cdip,2026-05-28 18:54:26+00:00
17,2026-06-03 18:00:00+00:00,0.7515779733657837,0.688939757917552,15.384615948919734,202.73095703125,0.25663490620476787,4.761904910578484,263.8449401855469,0.14898863056764172,6.25000013969839,250.3985595703125,cdip,2026-05-28 18:54:26+00:00
17,2026-06-03 21:00:00+00:00,0.767875075340271,0.6796798586893245,15.384615948919734,203.19712829589844,0.3540036365622812,4.761904910578484,263.2781066894531,,,,cdip,2026-05-28 18:54:26+00:00
18,2026-05-28 09:00:00+00:00,0.8257999420166016,0.661053453115124,12.50000027939678,215.518798828125,0.1978624524384513,19.99999970197678,209.63760375976562,0.27349747437298755,4.761904910578484,254.84744262695312,cdip,2026-05-28 18:54:26+00:00
18,2026-05-28 12:00:00+00:00,0.7959916591644287,0.6251309079615313,12.50000027939678,213.15029907226562,0.22208924484075498,19.99999970197678,210.1139373779297,0.26372590746370755,4.761904910578484,254.1749267578125,cdip,2026-05-28 18:54:26+00:00
18,2026-05-28 15:00:00+00:00,0.7841025590896606,0.5842951481534872,11.111110669595242,216.11228942871094,0.2973291499263694,19.99999970197678,210.954345703125,0.25988892910311956,4.761904910578484,253.20738220214844,cdip,2026-05-28 18:54:26+00:00
18,2026-05-28 18:00:00+00:00,0.802274227142334,0.3820580446709246,19.99999970197678,212.32192993164062,0.5559176811740264,11.111110669595242,214.01246643066406,0.2642785042030934,4.761904910578484,252.04791259765625,cdip,2026-05-28 18:54:26+00:00
18,2026-05-28 21:00:00+00:00,0.8461201190948486,0.48281917820411996,18.181818280338256,217.14669799804688,0.5280516090914521,11.111110669595242,211.54994201660156,0.28388640371114865,4.761904910578484,250.68612670898438,cdip,2026-05-28 18:54:26+00:00
18,2026-05-29 00:00:00+00:00,0.8989897966384888,0.6172571246788253,18.181818280338256,218.720703125,0.4461308046543957,11.111110669595242,207.83441162109375,0.4675138608168601,5.555555334797621,246.33428955078125,cdip,2026-05-28 18:54:26+00:00
18,2026-05-29 03:00:00+00:00,0.9592676162719727,0.7030510073731135,18.181818280338256,219.9188995361328,0.4385276899968336,11.111110669595242,204.651611328125,0.47367451001675875,5.555555334797621,244.59043884277344,cdip,2026-05-28 18:54:26+00:00
18,2026-05-29 06:00:00+00:00,1.0062419176101685,0.7656618338684495,16.666667039195705,221.91864013671875,0.4362764757631276,11.111110669595242,202.5126953125,0.4761816399423238,5.555555334797621,243.521240234375,cdip,2026-05-28 18:54:26+00:00
18,2026-05-29 09:00:00+00:00,1.0355318784713745,0.8290207419371014,16.666667039195705,222.51319885253906,0.4036042791124012,11.111110669595242,200.66221618652344,0.3072567900308158,4.761904910578484,242.3548583984375,cdip,2026-05-28 18:54:26+00:00
18,2026-05-29 12:00:00+00:00,1.0621000528335571,0.8725045398328432,16.666667039195705,222.7686004638672,0.41709966262460646,11.111110669595242,199.3454132080078,0.42817792672586863,4.761904910578484,241.9425048828125,cdip,2026-05-28 18:54:26+00:00
18,2026-05-29 15:00:00+00:00,1.0837593078613281,0.9072485427440824,16.666667039195705,222.7996826171875,0.41359900391006005,11.111110669595242,198.22381591796875,0.41385388722244293,4.761904910578484,242.37002563476562,cdip,2026-05-28 18:54:26+00:00
18,2026-05-29 18:00:00+00:00,1.0912827253341675,0.9253167667232187,16.666667039195705,222.55601501464844,0.42275540743470935,11.111110669595242,197.1250457763672,0.3838338490789542,4.761904910578484,244.51065063476562,cdip,2026-05-28 18:54:26+00:00
18,2026-05-29 21:00:00+00:00,1.0815309286117554,0.9238932748904033,16.666667039195705,221.86862182617188,0.42096357821381897,11.111110669595242,196.6128387451172,0.3614463979739789,4.761904910578484,247.81668090820312,cdip,2026-05-28 18:54:26+00:00
18,2026-05-30 00:00:00+00:00,1.0502296686172485,0.9016269868908995,15.384615948919734,221.61317443847656,0.41752055411388883,11.111110669595242,197.19918823242188,0.3282699717900552,4.761904910578484,250.5787811279297,cdip,2026-05-28 18:54:26+00:00
18,2026-05-30 03:00:00+00:00,1.007537603378296,0.9618422162695397,15.384615948919734,220.7581024169922,0.2869230830543165,4.761904910578484,253.5577392578125,,,,cdip,2026-05-28 18:54:26+00:00
18,2026-05-30 06:00:00+00:00,0.9547520875930786,0.9108319595228109,15.384615948919734,219.478271484375,0.2734039361077921,4.761904910578484,257.6778259277344,,,,cdip,2026-05-28 18:54:26+00:00
18,2026-05-30 09:00:00+00:00,0.893216073513031,0.8482867644469694,15.384615948919734,217.7606658935547,0.2675079702251645,4.761904910578484,259.9241638183594,,,,cdip,2026-05-28 18:54:26+00:00
18,2026-05-30 12:00:00+00:00,0.8377113342285156,0.10307029959949289,14.28571422489322,218.41909790039062,0.7771269196185464,4.761904910578484,260.8274841308594,,,,cdip,2026-05-28 18:54:26+00:00
18,2026-05-30 15:00:00+00:00,0.807596743106842,0.11168893964606001,14.28571422489322,217.3600311279297,0.7355678180042228,4.761904910578484,260.8668212890625,,,,cdip,2026-05-28 18:54:26+00:00
18,2026-05-30 18:00:00+00:00,0.7860111594200134,0.1686466524595437,14.28571422489322,216.20782470703125,0.6994223156831956,4.761904910578484,260.2443542480469,,,,cdip,2026-05-28 18:54:26+00:00
18,2026-05-30 21:00:00+00:00,0.7595351338386536,0.18173793184453838,13.33333280351429,215.92959594726562,0.6695140186621066,4.761904910578484,259.6526794433594,,,,cdip,2026-05-28 18:54:26+00:00
18,2026-05-31 00:00:00+00:00,0.744319498538971,0.23369498021695573,13.33333280351429,214.5445098876953,0.6357110839356708,4.761904910578484,259.6763610839844,,,,cdip,2026-05-28 18:54:26+00:00
18,2026-05-31 03:00:00+00:00,0.7436143755912781,0.2535770315392028,13.33333280351429,213.1463623046875,0.6202873626069747,4.761904910578484,259.7149353027344,,,,cdip,2026-05-28 18:54:26+00:00
18,2026-05-31 06:00:00+00:00,0.7529838681221008,0.6128415789018318,13.33333280351429,212.1121063232422,0.2738458439495764,22.222221339190483,204.5673065185547,0.3249284319900043,4.761904910578484,259.15966796875,cdip,2026-05-28 18:54:26+00:00
18,2026-05-31 09:00:00+00:00,0.7640485763549805,0.37011557630870706,13.33333280351429,211.712890625,0.4534478670513668,11.111110669595242,223.9359130859375,0.32174118228625476,22.222221339190483,204.5166778564453,cdip,2026-05-28 18:54:26+00:00
18,2026-05-31 12:00:00+00:00,0.7856936454772949,0.35384532332964375,22.222221339190483,204.41673278808594,0.3590275476332928,11.111110669595242,224.41929626464844,0.458390538677424,4.761904910578484,258.80523681640625,cdip,2026-05-28 18:54:26+00:00
18,2026-05-31 15:00:00+00:00,0.8165829181671143,0.39670606115187634,22.222221339190483,204.30384826660156,0.5939700150530408,11.111110669595242,225.32550048828125,0.3800296466013977,4.761904910578484,258.743408203125,cdip,2026-05-28 18:54:26+00:00
18,2026-05-31 18:00:00+00:00,0.8541345000267029,0.44744408966946153,22.222221339190483,204.2180938720703,0.6145887392225565,11.111110669595242,226.0973663330078,0.37200677084566264,4.761904910578484,258.76336669921875,cdip,2026-05-28 18:54:26+00:00
18,2026-05-31 21:00:00+00:00,0.8971236348152161,0.5126219709447746,22.222221339190483,204.18698120117188,0.6234701368074164,11.111110669595242,225.91737365722656,0.37372415562911515,4.761904910578484,258.6976318359375,cdip,2026-05-28 18:54:26+00:00
18,2026-06-01 00:00:00+00:00,0.9345970749855042,0.5863173062677399,22.222221339190483,204.16693115234375,0.6033312617090006,11.111110669595242,225.33462524414062,0.39009136283871493,4.761904910578484,258.7952880859375,cdip,2026-05-28 18:54:26+00:00
18,2026-06-01 03:00:00+00:00,0.9712140560150146,0.6343267041826348,19.99999970197678,204.25372314453125,0.6001930565667274,11.111110669595242,225.07435607910156,0.40829625430016264,4.761904910578484,258.79986572265625,cdip,2026-05-28 18:54:26+00:00
18,2026-06-01 06:00:00+00:00,1.0010322332382202,0.66911268585961,19.99999970197678,204.2788543701172,0.5948689665648524,11.111110669595242,224.75942993164062,0.4315739053847214,4.761904910578484,258.41510009765625,cdip,2026-05-28 18:54:26+00:00
18,2026-06-01 09:00:00+00:00,1.0181735754013062,0.711263064965308,19.99999970197678,204.3302459716797,0.5625499708292918,11.111110669595242,224.34323120117188,0.4478175058181621,4.761904910578484,257.7518005371094,cdip,2026-05-28 18:54:26+00:00
18,2026-06-01 12:00:00+00:00,1.0324856042861938,0.7417803844189573,19.99999970197678,204.35479736328125,0.5429983922900489,11.111110669595242,224.01820373535156,0.45634608961175177,4.761904910578484,257.20361328125,cdip,2026-05-28 18:54:26+00:00
18,2026-06-01 15:00:00+00:00,1.0403881072998047,0.7821833246575483,19.99999970197678,204.40444946289062,0.48911970902099516,11.111110669595242,222.95721435546875,0.46905284096772515,4.761904910578484,256.7724914550781,cdip,2026-05-28 18:54:26+00:00
18,2026-06-01 18:00:00+00:00,1.0498062372207642,0.8069012353147015,19.99999970197678,204.4873046875,0.46145025426668246,11.111110669595242,221.4166259765625,0.4771326877542028,4.761904910578484,256.37646484375,cdip,2026-05-28 18:54:26+00:00
18,2026-06-01 21:00:00+00:00,1.0619170665740967,0.8268559567409945,18.181818280338256,204.55555725097656,0.45297137405038324,11.111110669595242,219.5353240966797,0.47822643964929135,4.761904910578484,255.80059814453125,cdip,2026-05-28 18:54:26+00:00
18,2026-06-02 00:00:00+00:00,1.0732039213180542,0.8564589151293586,18.181818280338256,204.55206298828125,0.4188875184014664,11.111110669595242,217.64085388183594,0.482592754446012,4.761904910578484,255.09085083007812,cdip,2026-05-28 18:54:26+00:00
18,2026-06-02 03:00:00+00:00,1.0793260335922241,0.8677076477174239,18.181818280338256,204.5438995361328,0.4021163772731215,11.111110669595242,215.09661865234375,0.4911145679714939,4.761904910578484,254.39358520507812,cdip,2026-05-28 18:54:26+00:00
18,2026-06-02 06:00:00+00:00,1.073102593421936,0.8701277997541633,18.181818280338256,204.56468200683594,0.37965590612762823,11.111110669595242,211.80921936035156,0.49223038587292617,4.761904910578484,253.80853271484375,cdip,2026-05-28 18:54:26+00:00
18,2026-06-02 09:00:00+00:00,1.0608677864074707,0.8691920147205222,18.181818280338256,204.63040161132812,0.35748672714516666,11.111110669595242,208.5531005859375,0.4850834929155179,4.761904910578484,253.4480743408203,cdip,2026-05-28 18:54:26+00:00
18,2026-06-02 12:00:00+00:00,1.0483310222625732,0.8773494930206375,18.181818280338256,204.704345703125,0.317571617507994,11.111110669595242,205.69895935058594,0.47143624539869655,4.761904910578484,252.8890380859375,cdip,2026-05-28 18:54:26+00:00
18,2026-06-02 15:00:00+00:00,1.0414549112319946,0.8804206686601631,18.181818280338256,204.7335968017578,0.3099296730690841,11.111110669595242,203.13693237304688,0.45568631465876136,4.761904910578484,252.72933959960938,cdip,2026-05-28 18:54:26+00:00
18,2026-06-02 18:00:00+00:00,1.0459797382354736,0.8899983727134276,16.666667039195705,204.44387817382812,0.3077108585416665,11.111110669595242,200.6037139892578,0.4491085891426038,4.761904910578484,253.28994750976562,cdip,2026-05-28 18:54:26+00:00
18,2026-06-02 21:00:00+00:00,1.0598927736282349,0.9042813195402939,16.666667039195705,204.30311584472656,0.3106130037735501,11.111110669595242,198.0892333984375,0.4512500152927644,4.761904910578484,253.49798583984375,cdip,2026-05-28 18:54:26+00:00
18,2026-06-03 00:00:00+00:00,1.0688414573669434,0.9715741881807807,16.666667039195705,204.2275390625,0.43917550293637353,4.761904910578484,253.4669189453125,,,,cdip,2026-05-28 18:54:26+00:00
18,2026-06-03 03:00:00+00:00,1.0655498504638672,0.9762452733769605,16.666667039195705,204.20852661132812,0.4206281081445139,4.761904910578484,254.50595092773438,,,,cdip,2026-05-28 18:54:26+00:00
18,2026-06-03 06:00:00+00:00,1.0152623653411865,0.9542832783714187,16.666667039195705,204.10708618164062,0.31597350209565694,4.761904910578484,254.62167358398438,0.12518780256516043,6.666666401757145,245.56695556640625,cdip,2026-05-28 18:54:26+00:00
18,2026-06-03 09:00:00+00:00,1.025037407875061,0.9453507856880159,16.666667039195705,204.64476013183594,0.3900700117680574,4.761904910578484,257.44598388671875,,,,cdip,2026-05-28 18:54:26+00:00
18,2026-06-03 12:00:00+00:00,0.9901628494262695,0.9279943622371357,15.384615948919734,203.4801483154297,0.14402176421990714,4.761904910578484,257.9114990234375,,,,cdip,2026-05-28 18:54:26+00:00
18,2026-06-03 15:00:00+00:00,0.9953086376190186,0.9188551935925943,15.384615948919734,203.5237274169922,0.37618088175372816,4.761904910578484,259.1685485839844,,,,cdip,2026-05-28 18:54:26+00:00
18,2026-06-03 18:00:00+00:00,0.9702177047729492,0.9169431550349652,15.384615948919734,203.47183227539062,0.30942897824237353,4.761904910578484,259.29388427734375,,,,cdip,2026-05-28 18:54:26+00:00
18,2026-06-03 21:00:00+00:00,0.9845662713050842,0.9021802233029363,15.384615948919734,203.64772033691406,0.3871325652812877,4.761904910578484,258.7635803222656,,,,cdip,2026-05-28 18:54:26+00:00
19,2026-05-28 09:00:00+00:00,0.5088424682617188,0.394120070223809,13.33333280351429,213.95933532714844,0.12489698668694553,19.99999970197678,209.2730255126953,0.21081760431355132,4.761904910578484,255.8358917236328,cdip,2026-05-28 18:54:26+00:00
19,2026-05-28 12:00:00+00:00,0.4809020459651947,0.37259691711507376,13.33333280351429,210.93118286132812,0.133909009779646,19.99999970197678,210.136962890625,0.18650926755314395,4.761904910578484,255.09335327148438,cdip,2026-05-28 18:54:26+00:00
19,2026-05-28 15:00:00+00:00,0.47921285033226013,0.3495051122951493,13.33333280351429,208.75244140625,0.18622697621612003,19.99999970197678,211.87245178222656,0.18540816070049382,5.555555334797621,252.45742797851562,cdip,2026-05-28 18:54:26+00:00
19,2026-05-28 18:00:00+00:00,0.5108438730239868,0.2582516351214541,18.181818280338256,219.19622802734375,0.33893322158641104,14.28571422489322,209.09036254882812,0.21074241513439318,5.555555334797621,252.13687133789062,cdip,2026-05-28 18:54:26+00:00
19,2026-05-28 21:00:00+00:00,0.5798192024230957,0.49034729655053905,18.181818280338256,222.95681762695312,0.30443142466178236,5.555555334797621,251.49072265625,,,,cdip,2026-05-28 18:54:26+00:00
19,2026-05-29 00:00:00+00:00,0.6448720693588257,0.5023458533632191,18.181818280338256,226.47891235351562,0.2511094178360008,11.111110669595242,210.27084350585938,0.31185422668188273,5.555555334797621,249.88027954101562,cdip,2026-05-28 18:54:26+00:00
19,2026-05-29 03:00:00+00:00,0.731311559677124,0.6020330702980653,16.666667039195705,228.857421875,0.2573639750646663,11.111110669595242,207.33670043945312,0.32045416697887347,5.555555334797621,247.81472778320312,cdip,2026-05-28 18:54:26+00:00
19,2026-05-29 06:00:00+00:00,0.7582347393035889,0.6425189946267209,16.666667039195705,230.42874145507812,0.24914083522003713,11.111110669595242,205.3503875732422,0.311009675378145,5.555555334797621,246.64474487304688,cdip,2026-05-28 18:54:26+00:00
19,2026-05-29 09:00:00+00:00,0.7953711152076721,0.6911871219862138,16.666667039195705,231.23435974121094,0.24890696077782337,11.111110669595242,203.61900329589844,0.29928544782077665,5.555555334797621,246.40321350097656,cdip,2026-05-28 18:54:26+00:00
19,2026-05-29 12:00:00+00:00,0.7867923974990845,0.7403653789327106,16.666667039195705,231.55209350585938,0.26064128931267116,5.555555334797621,246.28131103515625,,,,cdip,2026-05-28 18:54:26+00:00
19,2026-05-29 15:00:00+00:00,0.8099784851074219,0.7684604864781067,16.666667039195705,231.5098114013672,0.2505014916491443,5.555555334797621,246.7957763671875,,,,cdip,2026-05-28 18:54:26+00:00
19,2026-05-29 18:00:00+00:00,0.8004977703094482,0.7629743510232156,16.666667039195705,231.2106475830078,0.23696413594794732,4.761904910578484,245.08584594726562,,,,cdip,2026-05-28 18:54:26+00:00
19,2026-05-29 21:00:00+00:00,0.8156849145889282,0.7792234844697276,15.384615948919734,230.66427612304688,0.23569213666492894,4.761904910578484,248.50253295898438,,,,cdip,2026-05-28 18:54:26+00:00
19,2026-05-30 00:00:00+00:00,0.7801496386528015,0.749983644467829,15.384615948919734,230.23106384277344,0.20891909436003145,4.761904910578484,251.3819580078125,,,,cdip,2026-05-28 18:54:26+00:00
19,2026-05-30 03:00:00+00:00,0.7681893110275269,0.7426213066699437,15.384615948919734,229.6105194091797,0.18975594732882126,4.761904910578484,254.48101806640625,,,,cdip,2026-05-28 18:54:26+00:00
19,2026-05-30 06:00:00+00:00,0.7299679517745972,0.7048757981475428,14.28571422489322,229.4149932861328,0.1829619990194092,4.761904910578484,258.81036376953125,,,,cdip,2026-05-28 18:54:26+00:00
19,2026-05-30 09:00:00+00:00,0.6703864932060242,0.6470255848737925,14.28571422489322,228.9878692626953,0.16875953243093383,4.761904910578484,261.1056823730469,,,,cdip,2026-05-28 18:54:26+00:00
19,2026-05-30 12:00:00+00:00,0.6119610667228699,0.5869689108720406,14.28571422489322,227.94944763183594,0.1667743926881756,4.761904910578484,262.01458740234375,,,,cdip,2026-05-28 18:54:26+00:00
19,2026-05-30 15:00:00+00:00,0.5709740519523621,0.5160875203169878,14.28571422489322,226.61026000976562,0.16584690927780907,4.761904910578484,261.9189453125,,,,cdip,2026-05-28 18:54:26+00:00
19,2026-05-30 18:00:00+00:00,0.5304670929908752,0.06856503240766317,14.28571422489322,224.9817352294922,0.49650901514655,4.761904910578484,261.08258056640625,,,,cdip,2026-05-28 18:54:26+00:00
19,2026-05-30 21:00:00+00:00,0.49915117025375366,0.07374901722066095,14.28571422489322,222.95172119140625,0.45889963911819637,4.761904910578484,260.44140625,,,,cdip,2026-05-28 18:54:26+00:00
19,2026-05-31 00:00:00+00:00,0.47930893301963806,0.07951921362730244,14.28571422489322,220.46377563476562,0.43668991082694836,4.761904910578484,260.5173645019531,,,,cdip,2026-05-28 18:54:26+00:00
19,2026-05-31 03:00:00+00:00,0.462626576423645,0.08406673817703066,14.28571422489322,218.0204315185547,0.4153805157703919,4.761904910578484,260.6383056640625,,,,cdip,2026-05-28 18:54:26+00:00
19,2026-05-31 06:00:00+00:00,0.4442897140979767,0.38298798246564364,14.28571422489322,216.3705596923828,0.12243926330372233,22.222221339190483,203.2576446533203,0.18318005673006482,4.761904910578484,260.1442565917969,cdip,2026-05-28 18:54:26+00:00
19,2026-05-31 09:00:00+00:00,0.43164438009262085,0.2592601468951254,14.28571422489322,215.78277587890625,0.19032765179056949,11.111110669595242,227.95176696777344,0.15395025919450028,22.222221339190483,203.1604461669922,cdip,2026-05-28 18:54:26+00:00
19,2026-05-31 12:00:00+00:00,0.4217183291912079,0.2284511176559056,14.28571422489322,215.4635772705078,0.181325732143992,22.222221339190483,203.02716064453125,0.1831328354180829,11.111110669595242,228.32766723632812,cdip,2026-05-28 18:54:26+00:00
19,2026-05-31 15:00:00+00:00,0.43310561776161194,0.19980165455056284,22.222221339190483,202.92860412597656,0.2024816667311011,13.33333280351429,215.79576110839844,0.21552631844431142,11.111110669595242,229.1777801513672,cdip,2026-05-28 18:54:26+00:00
19,2026-05-31 18:00:00+00:00,0.44406720995903015,0.2201863192962705,22.222221339190483,202.8900909423828,0.2242873931150457,11.111110669595242,229.93040466308594,0.2016148899822524,13.33333280351429,215.45069885253906,cdip,2026-05-28 18:54:26+00:00
19,2026-05-31 21:00:00+00:00,0.4653826057910919,0.24921001601830597,22.222221339190483,202.9368896484375,0.22891275304792838,11.111110669595242,229.65264892578125,0.20679716819838193,13.33333280351429,214.65757751464844,cdip,2026-05-28 18:54:26+00:00
19,2026-06-01 00:00:00+00:00,0.49606388807296753,0.2972640366123403,22.222221339190483,202.96380615234375,0.27744768394582403,11.111110669595242,228.93832397460938,0.18871969702937288,13.33333280351429,213.68963623046875,cdip,2026-05-28 18:54:26+00:00
19,2026-06-01 03:00:00+00:00,0.5108714699745178,0.3149411267069255,22.222221339190483,203.1209716796875,0.2413599170541997,11.111110669595242,228.7042694091797,0.1859642053791232,13.33333280351429,212.9116668701172,cdip,2026-05-28 18:54:26+00:00
19,2026-06-01 06:00:00+00:00,0.5182803869247437,0.32338105528363503,19.99999970197678,203.5592041015625,0.2239054574745268,11.111110669595242,228.40037536621094,0.18097902203498953,14.28571422489322,210.4370574951172,cdip,2026-05-28 18:54:26+00:00
19,2026-06-01 09:00:00+00:00,0.5206612944602966,0.3733175249310588,19.99999970197678,203.67214965820312,0.21554282633515037,11.111110669595242,227.9298858642578,0.2487392486713562,4.761904910578484,259.0470886230469,cdip,2026-05-28 18:54:26+00:00
19,2026-06-01 12:00:00+00:00,0.5185962319374084,0.3766340980392425,19.99999970197678,203.89730834960938,0.2056622125426631,11.111110669595242,227.5628204345703,0.2517268847891146,4.761904910578484,258.4454345703125,cdip,2026-05-28 18:54:26+00:00
19,2026-06-01 15:00:00+00:00,0.5027209520339966,0.37174108387750276,19.99999970197678,204.14527893066406,0.20062956291375705,11.111110669595242,226.41854858398438,0.2441723904298756,4.761904910578484,257.9521484375,cdip,2026-05-28 18:54:26+00:00
19,2026-06-01 18:00:00+00:00,0.48862341046333313,0.37649325108445314,19.99999970197678,204.3409881591797,0.16982108379411145,11.111110669595242,224.84414672851562,0.25815218659979494,4.761904910578484,257.50439453125,cdip,2026-05-28 18:54:26+00:00
19,2026-06-01 21:00:00+00:00,0.47502264380455017,0.36804147690232036,18.181818280338256,203.1540985107422,0.16168910580013462,11.111110669595242,222.95875549316406,0.25021733187329936,4.761904910578484,256.8680419921875,cdip,2026-05-28 18:54:26+00:00
19,2026-06-02 00:00:00+00:00,0.45965346693992615,0.35640665862091,18.181818280338256,203.33584594726562,0.15339933560747343,11.111110669595242,220.9815216064453,0.24367231741172424,4.761904910578484,256.07232666015625,cdip,2026-05-28 18:54:26+00:00
19,2026-06-02 03:00:00+00:00,0.447578102350235,0.37534407052639257,18.181818280338256,203.4734344482422,0.24125796861389048,4.761904910578484,255.2830047607422,,,,cdip,2026-05-28 18:54:26+00:00
19,2026-06-02 06:00:00+00:00,0.4317178726196289,0.360964087701392,18.181818280338256,203.54483032226562,0.23451625141705454,4.761904910578484,254.64602661132812,,,,cdip,2026-05-28 18:54:26+00:00
19,2026-06-02 09:00:00+00:00,0.43378838896751404,0.3635006021622652,18.181818280338256,203.52430725097656,0.23454418589073334,4.761904910578484,254.25791931152344,,,,cdip,2026-05-28 18:54:26+00:00
19,2026-06-02 12:00:00+00:00,0.43288037180900574,0.36484207412457276,18.181818280338256,203.46942138671875,0.2308338192495059,4.761904910578484,253.681884765625,,,,cdip,2026-05-28 18:54:26+00:00
19,2026-06-02 15:00:00+00:00,0.4322259724140167,0.3670902503317949,16.666667039195705,202.30958557128906,0.22603214161937676,4.761904910578484,253.49484252929688,,,,cdip,2026-05-28 18:54:26+00:00
19,2026-06-02 18:00:00+00:00,0.4413304030895233,0.3761416965504996,16.666667039195705,202.34536743164062,0.22867742280759323,4.761904910578484,254.0523681640625,,,,cdip,2026-05-28 18:54:26+00:00
19,2026-06-02 21:00:00+00:00,0.4587695896625519,0.3903305816548595,16.666667039195705,202.43980407714844,0.2388540377460365,4.761904910578484,254.28952026367188,,,,cdip,2026-05-28 18:54:26+00:00
19,2026-06-03 00:00:00+00:00,0.4601570963859558,0.39453487045302404,16.666667039195705,202.54934692382812,0.2345258205480741,4.761904910578484,254.28541564941406,,,,cdip,2026-05-28 18:54:26+00:00
19,2026-06-03 03:00:00+00:00,0.46822500228881836,0.4054922387741482,16.666667039195705,202.615478515625,0.23170050442556273,4.761904910578484,255.40713500976562,,,,cdip,2026-05-28 18:54:26+00:00
19,2026-06-03 06:00:00+00:00,0.4361519515514374,0.3946364242614558,16.666667039195705,202.47116088867188,0.16070311031233703,4.761904910578484,255.52700805664062,0.08800927396442125,7.692307974459867,245.12791442871094,cdip,2026-05-28 18:54:26+00:00
19,2026-06-03 09:00:00+00:00,0.454730749130249,0.397350687068282,16.666667039195705,202.51234436035156,0.06864694172978206,4.761904910578484,258.73272705078125,,,,cdip,2026-05-28 18:54:26+00:00
19,2026-06-03 12:00:00+00:00,0.41961556673049927,0.37792496944532694,16.666667039195705,202.2100830078125,0.15749783811646578,4.761904910578484,259.15606689453125,0.08695549550991909,7.692307974459867,244.85494995117188,cdip,2026-05-28 18:54:26+00:00
19,2026-06-03 15:00:00+00:00,0.4308345317840576,0.3730358319643776,16.666667039195705,202.3646240234375,0.1942136370593392,4.761904910578484,260.37359619140625,0.08794054174931741,7.692307974459867,245.41360473632812,cdip,2026-05-28 18:54:26+00:00
19,2026-06-03 18:00:00+00:00,0.4125369191169739,0.3697991030631613,15.384615948919734,203.3173065185547,0.15472816210403384,4.761904910578484,260.49578857421875,0.0927857356066982,7.692307974459867,245.00048828125,cdip,2026-05-28 18:54:26+00:00
19,2026-06-03 21:00:00+00:00,0.44081825017929077,0.37716236993560665,15.384615948919734,203.42526245117188,0.2022003454798561,4.761904910578484,259.9134826660156,0.10024172465160475,7.692307974459867,245.965576171875,cdip,2026-05-28 18:54:26+00:00
20,2026-05-28 09:00:00+00:00,1.043744683265686,0.9154817398283855,14.28571422489322,193.97430419921875,0.4861688215265456,4.761904910578484,243.64918518066406,,,,cdip,2026-05-28 18:54:26+00:00
20,2026-05-28 12:00:00+00:00,1.0147734880447388,0.8881084973575437,14.28571422489322,193.03811645507812,0.47642755673680176,4.761904910578484,243.59686279296875,,,,cdip,2026-05-28 18:54:26+00:00
20,2026-05-28 15:00:00+00:00,1.0308107137680054,0.8221472952430273,14.28571422489322,192.36375427246094,0.37454923900830206,18.181818280338256,197.2355194091797,0.48187496914219524,4.761904910578484,243.28912353515625,cdip,2026-05-28 18:54:26+00:00
20,2026-05-28 18:00:00+00:00,1.1023057699203491,0.5509263612417153,18.181818280338256,199.71939086914062,0.7989401170880857,14.28571422489322,192.0670928955078,0.5079973264233527,4.761904910578484,242.662841796875,cdip,2026-05-28 18:54:26+00:00
20,2026-05-28 21:00:00+00:00,1.2192386388778687,1.0831161008083618,18.181818280338256,201.23690795898438,0.25909256034189204,4.761904910578484,241.78338623046875,,,,cdip,2026-05-28 18:54:26+00:00
20,2026-05-29 00:00:00+00:00,1.335484504699707,1.199604983995821,18.181818280338256,202.12625122070312,0.39744145405119224,4.761904910578484,238.99420166015625,,,,cdip,2026-05-28 18:54:26+00:00
20,2026-05-29 03:00:00+00:00,1.4932764768600464,1.3651074884717525,16.666667039195705,202.05345153808594,0.45017296828578063,5.555555334797621,229.3365020751953,,,,cdip,2026-05-28 18:54:26+00:00
20,2026-05-29 06:00:00+00:00,1.6041843891143799,1.4797364360273633,16.666667039195705,202.62142944335938,0.40445031012396815,4.761904910578484,235.70123291015625,,,,cdip,2026-05-28 18:54:26+00:00
20,2026-05-29 09:00:00+00:00,1.6736609935760498,1.5586567004993646,16.666667039195705,202.85623168945312,0.5966571236730402,4.761904910578484,235.1454620361328,,,,cdip,2026-05-28 18:54:26+00:00
20,2026-05-29 12:00:00+00:00,1.7165831327438354,1.619608496948234,16.666667039195705,202.91683959960938,0.5548893342969116,4.761904910578484,234.56674194335938,,,,cdip,2026-05-28 18:54:26+00:00
20,2026-05-29 15:00:00+00:00,1.7823994159698486,1.6924856472667906,16.666667039195705,202.91616821289062,0.5448523882400349,4.761904910578484,234.7651824951172,,,,cdip,2026-05-28 18:54:26+00:00
20,2026-05-29 18:00:00+00:00,1.8236687183380127,1.745316784176824,16.666667039195705,202.91973876953125,0.5136900323254545,4.761904910578484,236.1385955810547,,,,cdip,2026-05-28 18:54:26+00:00
20,2026-05-29 21:00:00+00:00,1.829701542854309,1.7585137774262654,16.666667039195705,202.91383361816406,0.48879585983953194,4.761904910578484,238.26922607421875,,,,cdip,2026-05-28 18:54:26+00:00
20,2026-05-30 00:00:00+00:00,1.7551456689834595,1.697784083683754,16.666667039195705,202.81524658203125,0.42586818510591773,4.761904910578484,240.04055786132812,,,,cdip,2026-05-28 18:54:26+00:00
20,2026-05-30 03:00:00+00:00,1.6860262155532837,1.6372840100751267,15.384615948919734,202.67034912109375,0.380385267977325,4.761904910578484,241.65069580078125,,,,cdip,2026-05-28 18:54:26+00:00
20,2026-05-30 06:00:00+00:00,1.6254478693008423,1.5859746222858966,15.384615948919734,202.5061492919922,0.3299597355282946,4.545454570084564,242.45480346679688,,,,cdip,2026-05-28 18:54:26+00:00
20,2026-05-30 09:00:00+00:00,1.5053155422210693,1.4702069954598869,15.384615948919734,202.07228088378906,0.2959782962859698,4.347826008084592,242.19125366210938,,,,cdip,2026-05-28 18:54:26+00:00
20,2026-05-30 12:00:00+00:00,1.362953543663025,1.3252904712736104,15.384615948919734,201.32615661621094,0.2926276413278668,4.761904910578484,242.06832885742188,,,,cdip,2026-05-28 18:54:26+00:00
20,2026-05-30 15:00:00+00:00,1.291969656944275,0.2315385980186809,14.28571422489322,200.88694763183594,1.2289944669156803,4.347826008084592,241.57269287109375,,,,cdip,2026-05-28 18:54:26+00:00
20,2026-05-30 18:00:00+00:00,1.2477715015411377,0.25480956299154184,14.28571422489322,200.29421997070312,1.1707563576271343,4.761904910578484,239.72225952148438,,,,cdip,2026-05-28 18:54:26+00:00
20,2026-05-30 21:00:00+00:00,1.1758540868759155,0.3656514525568224,14.28571422489322,199.62522888183594,1.0616058114592248,4.761904910578484,238.70852661132812,,,,cdip,2026-05-28 18:54:26+00:00
20,2026-05-31 00:00:00+00:00,1.1623202562332153,0.4787916107054977,14.28571422489322,198.88665771484375,0.9996886232937084,4.761904910578484,238.72079467773438,,,,cdip,2026-05-28 18:54:26+00:00
20,2026-05-31 03:00:00+00:00,1.2082237005233765,0.5384670840827115,14.28571422489322,198.13792419433594,1.012825531330689,4.761904910578484,239.20553588867188,,,,cdip,2026-05-28 18:54:26+00:00
20,2026-05-31 06:00:00+00:00,1.264768362045288,0.5959935597953263,14.28571422489322,197.46786499023438,1.0326699560270134,4.761904910578484,239.04757690429688,,,,cdip,2026-05-28 18:54:26+00:00
20,2026-05-31 09:00:00+00:00,1.3049606084823608,0.648775581515372,22.222221339190483,194.6920928955078,1.0356382437173246,14.28571422489322,196.9791259765625,0.2595765881121514,4.761904910578484,239.44558715820312,cdip,2026-05-28 18:54:26+00:00
20,2026-05-31 12:00:00+00:00,1.3582563400268555,0.7738838571829719,22.222221339190483,194.43052673339844,1.00176955162276,15.384615948919734,195.29928588867188,0.27828857038752,4.761904910578484,240.79954528808594,cdip,2026-05-28 18:54:26+00:00
20,2026-05-31 15:00:00+00:00,1.4077751636505127,0.8422841784990537,22.222221339190483,194.1150665283203,1.0125294974254115,15.384615948919734,194.90164184570312,0.2817558461928612,4.761904910578484,240.90440368652344,cdip,2026-05-28 18:54:26+00:00
20,2026-05-31 18:00:00+00:00,1.4435747861862183,0.9073688037870229,22.222221339190483,193.86048889160156,0.5491698847654589,15.384615948919734,194.4589385986328,0.8577268489479849,11.764705758606276,204.04306030273438,cdip,2026-05-28 18:54:26+00:00
20,2026-05-31 21:00:00+00:00,1.5343908071517944,1.0201638384949758,22.222221339190483,193.7344970703125,0.5734951795911083,15.384615948919734,193.9804229736328,0.8341669304147964,11.111110669595242,204.25453186035156,cdip,2026-05-28 18:54:26+00:00
20,2026-06-01 00:00:00+00:00,1.599015235900879,1.288215343950114,22.222221339190483,193.65585327148438,0.7678971541835333,11.111110669595242,204.1334991455078,0.2914979905790538,4.761904910578484,241.18304443359375,cdip,2026-05-28 18:54:26+00:00
20,2026-06-01 03:00:00+00:00,1.6588751077651978,1.3497072589095587,22.222221339190483,193.7135009765625,0.7686250399193386,11.111110669595242,204.08343505859375,0.3067948667525141,4.761904910578484,241.8773651123047,cdip,2026-05-28 18:54:26+00:00
20,2026-06-01 06:00:00+00:00,1.6937968730926514,1.383886222723411,19.99999970197678,193.8501739501953,0.7576538613755334,11.111110669595242,203.98472595214844,0.3254547784697063,4.761904910578484,242.091552734375,cdip,2026-05-28 18:54:26+00:00
20,2026-06-01 09:00:00+00:00,1.7134050130844116,1.4099599826946914,19.99999970197678,194.0589141845703,0.7330858347168107,11.111110669595242,203.84423828125,0.5499989801003454,4.761904910578484,242.68994140625,cdip,2026-05-28 18:54:26+00:00
20,2026-06-01 12:00:00+00:00,1.6910099983215332,1.407553797724565,19.99999970197678,194.1527099609375,0.6837531360249953,11.111110669595242,203.67800903320312,0.561378930034693,4.761904910578484,243.5623779296875,cdip,2026-05-28 18:54:26+00:00
20,2026-06-01 15:00:00+00:00,1.7017816305160522,1.4353276880315555,19.99999970197678,194.2830047607422,0.6491433913348477,11.111110669595242,203.2681427001953,0.252632686322883,4.761904910578484,244.03302001953125,cdip,2026-05-28 18:54:26+00:00
20,2026-06-01 18:00:00+00:00,1.700585126876831,1.4698431355726367,19.99999970197678,194.431640625,0.572616731485726,11.111110669595242,202.68798828125,0.6178972050567804,4.761904910578484,244.1788787841797,cdip,2026-05-28 18:54:26+00:00
20,2026-06-01 21:00:00+00:00,1.6857812404632568,1.4614896483827795,19.99999970197678,194.4272918701172,0.5542101096492016,11.111110669595242,202.00308227539062,0.6149575885549389,4.761904910578484,244.2857666015625,cdip,2026-05-28 18:54:26+00:00
20,2026-06-02 00:00:00+00:00,1.6426869630813599,1.424325192478419,19.99999970197678,194.24163818359375,0.5290327491059457,11.111110669595242,201.14964294433594,0.6089677419379809,4.761904910578484,244.3076934814453,cdip,2026-05-28 18:54:26+00:00
20,2026-06-02 03:00:00+00:00,1.6008092164993286,1.4744422067214458,18.181818280338256,194.69969177246094,0.6098069885925609,4.761904910578484,244.23486328125,,,,cdip,2026-05-28 18:54:26+00:00
20,2026-06-02 06:00:00+00:00,1.5699961185455322,1.4424243664830165,18.181818280338256,194.81021118164062,0.6083425074031681,4.761904910578484,244.01318359375,,,,cdip,2026-05-28 18:54:26+00:00
20,2026-06-02 09:00:00+00:00,1.5480831861495972,1.4240802821586802,18.181818280338256,195.08743286132812,0.5972363407464674,4.761904910578484,243.7933349609375,,,,cdip,2026-05-28 18:54:26+00:00
20,2026-06-02 12:00:00+00:00,1.5541070699691772,1.435573134959323,18.181818280338256,195.4006805419922,0.5862021883294141,4.761904910578484,243.47457885742188,,,,cdip,2026-05-28 18:54:26+00:00
20,2026-06-02 15:00:00+00:00,1.5835745334625244,1.4711403970937695,18.181818280338256,195.57705688476562,0.5770676297532396,4.761904910578484,243.30514526367188,,,,cdip,2026-05-28 18:54:26+00:00
20,2026-06-02 18:00:00+00:00,1.6145062446594238,1.5063454583775557,18.181818280338256,195.63021850585938,0.5719724685661051,4.761904910578484,243.51747131347656,,,,cdip,2026-05-28 18:54:26+00:00
20,2026-06-02 21:00:00+00:00,1.6419246196746826,1.5333354869570217,18.181818280338256,195.57797241210938,0.5781805684251118,4.761904910578484,243.68692016601562,,,,cdip,2026-05-28 18:54:26+00:00
20,2026-06-03 00:00:00+00:00,1.672508955001831,1.568335427182318,18.181818280338256,195.62771606445312,0.5716249177223054,4.761904910578484,243.5958251953125,,,,cdip,2026-05-28 18:54:26+00:00
20,2026-06-03 03:00:00+00:00,1.6987758874893188,1.6031165125207343,18.181818280338256,195.83534240722656,0.5520811814701133,4.761904910578484,243.57615661621094,,,,cdip,2026-05-28 18:54:26+00:00
20,2026-06-03 06:00:00+00:00,1.742885708808899,1.6755076647653275,15.384615948919734,196.68154907226562,0.4453074186542266,4.761904910578484,243.78500366210938,0.15014113523497136,7.14285711244661,222.11097717285156,cdip,2026-05-28 18:54:26+00:00
20,2026-06-03 09:00:00+00:00,1.7939178943634033,1.7238921030087788,15.384615948919734,196.39076232910156,0.1895083465987151,4.761904910578484,242.24722290039062,,,,cdip,2026-05-28 18:54:26+00:00
20,2026-06-03 12:00:00+00:00,1.8365687131881714,1.7817303652617138,15.384615948919734,197.02203369140625,0.15410989875956863,4.761904910578484,243.23448181152344,,,,cdip,2026-05-28 18:54:26+00:00
20,2026-06-03 15:00:00+00:00,1.8643850088119507,1.7976233305189673,15.384615948919734,196.76637268066406,0.19678615771914187,4.761904910578484,241.9072265625,,,,cdip,2026-05-28 18:54:26+00:00
20,2026-06-03 18:00:00+00:00,1.85890531539917,1.8069783707383942,14.28571422489322,194.2635498046875,0.167428919492116,4.761904910578484,241.99176025390625,,,,cdip,2026-05-28 18:54:26+00:00
20,2026-06-03 21:00:00+00:00,1.8816750049591064,1.805893934834786,15.384615948919734,196.80673217773438,0.21570474720248142,4.761904910578484,240.98507690429688,,,,cdip,2026-05-28 18:54:26+00:00
21,2026-05-28 09:00:00+00:00,1.3457304239273071,1.180357338159468,14.28571422489322,193.97430419921875,0.6268316571565613,4.761904910578484,243.64918518066406,,,,cdip,2026-05-28 18:54:26+00:00
21,2026-05-28 12:00:00+00:00,1.3074108362197876,1.144218575037918,14.28571422489322,193.03811645507812,0.6138183135283224,4.761904910578484,243.59686279296875,,,,cdip,2026-05-28 18:54:26+00:00
21,2026-05-28 15:00:00+00:00,1.31815767288208,1.0513275927557961,14.28571422489322,192.36375427246094,0.4789579094810665,18.181818280338256,197.2355194091797,0.6162015666156072,4.761904910578484,243.28912353515625,cdip,2026-05-28 18:54:26+00:00
21,2026-05-28 18:00:00+00:00,1.3903077840805054,0.6948681539578966,18.181818280338256,199.71939086914062,1.007681032057807,14.28571422489322,192.0670928955078,0.640722951851036,4.761904910578484,242.662841796875,cdip,2026-05-28 18:54:26+00:00
21,2026-05-28 21:00:00+00:00,1.5135087966918945,1.344532352691609,18.181818280338256,201.23690795898438,0.32162602832825277,4.761904910578484,241.78338623046875,,,,cdip,2026-05-28 18:54:26+00:00
21,2026-05-29 00:00:00+00:00,1.6407921314239502,1.4738488904971696,18.181818280338256,202.12625122070312,0.48830127742531304,4.761904910578484,238.99420166015625,,,,cdip,2026-05-28 18:54:26+00:00
21,2026-05-29 03:00:00+00:00,1.8081457614898682,1.6529513572804193,16.666667039195705,202.05345153808594,0.5450955512462812,5.555555334797621,229.3365020751953,,,,cdip,2026-05-28 18:54:26+00:00
21,2026-05-29 06:00:00+00:00,1.917454719543457,1.76870411313955,16.666667039195705,202.62142944335938,0.4834326638582553,4.761904910578484,235.70123291015625,,,,cdip,2026-05-28 18:54:26+00:00
21,2026-05-29 09:00:00+00:00,1.9808406829833984,1.844728795163344,16.666667039195705,202.85623168945312,0.7061661342913802,4.761904910578484,235.1454620361328,,,,cdip,2026-05-28 18:54:26+00:00
21,2026-05-29 12:00:00+00:00,2.019211530685425,1.9051405028372976,16.666667039195705,202.91683959960938,0.6527146204489565,4.761904910578484,234.56674194335938,,,,cdip,2026-05-28 18:54:26+00:00
21,2026-05-29 15:00:00+00:00,2.0807077884674072,1.975745775122191,16.666667039195705,202.91616821289062,0.6360407285396583,4.761904910578484,234.7651824951172,,,,cdip,2026-05-28 18:54:26+00:00
21,2026-05-29 18:00:00+00:00,2.114772081375122,2.0239130595640047,16.666667039195705,202.91973876953125,0.595687828374205,4.761904910578484,236.1385955810547,,,,cdip,2026-05-28 18:54:26+00:00
21,2026-05-29 21:00:00+00:00,2.1101770401000977,2.028076842474615,16.666667039195705,202.91383361816406,0.5637235128682909,4.761904910578484,238.26922607421875,,,,cdip,2026-05-28 18:54:26+00:00
21,2026-05-30 00:00:00+00:00,2.023350715637207,1.9572237954470308,16.666667039195705,202.81524658203125,0.4909454350665255,4.761904910578484,240.04055786132812,,,,cdip,2026-05-28 18:54:26+00:00
21,2026-05-30 03:00:00+00:00,1.943642258644104,1.8874524268256196,15.384615948919734,202.67034912109375,0.43850614356123363,4.761904910578484,241.65069580078125,,,,cdip,2026-05-28 18:54:26+00:00
21,2026-05-30 06:00:00+00:00,1.8740085363388062,1.828499122709091,15.384615948919734,202.5061492919922,0.38041660847839887,4.545454570084564,242.45480346679688,,,,cdip,2026-05-28 18:54:26+00:00
21,2026-05-30 09:00:00+00:00,1.7467056512832642,1.7059671423792617,15.384615948919734,202.07228088378906,0.3434409235437724,4.347826008084592,242.19125366210938,,,,cdip,2026-05-28 18:54:26+00:00
21,2026-05-30 12:00:00+00:00,1.5996993780136108,1.5554941433394702,15.384615948919734,201.32615661621094,0.34345722098741815,4.761904910578484,242.06832885742188,,,,cdip,2026-05-28 18:54:26+00:00
21,2026-05-30 15:00:00+00:00,1.530228853225708,0.27423788025777823,14.28571422489322,200.88694763183594,1.4556399681935606,4.347826008084592,241.57269287109375,,,,cdip,2026-05-28 18:54:26+00:00
21,2026-05-30 18:00:00+00:00,1.4900976419448853,0.30429540302945124,14.28571422489322,200.29421997070312,1.3981256178570767,4.761904910578484,239.72225952148438,,,,cdip,2026-05-28 18:54:26+00:00
21,2026-05-30 21:00:00+00:00,1.4189053773880005,0.4412323189658835,14.28571422489322,199.62522888183594,1.2810417974341848,4.761904910578484,238.70852661132812,,,,cdip,2026-05-28 18:54:26+00:00
21,2026-05-31 00:00:00+00:00,1.4055380821228027,0.5789797463332256,14.28571422489322,198.88665771484375,1.208875537050334,4.761904910578484,238.72079467773438,,,,cdip,2026-05-28 18:54:26+00:00
21,2026-05-31 03:00:00+00:00,1.4538155794143677,0.6479196248338731,14.28571422489322,198.13792419433594,1.2186994482677567,4.761904910578484,239.20553588867188,,,,cdip,2026-05-28 18:54:26+00:00
21,2026-05-31 06:00:00+00:00,1.5160725116729736,0.7144149902661446,14.28571422489322,197.46786499023438,1.2378571621420467,4.761904910578484,239.04757690429688,,,,cdip,2026-05-28 18:54:26+00:00
21,2026-05-31 09:00:00+00:00,1.5605570077896118,0.7758481988568273,22.222221339190483,194.6920928955078,1.2384838285352395,14.28571422489322,196.9791259765625,0.31041863178915197,4.761904910578484,239.44558715820312,cdip,2026-05-28 18:54:26+00:00
21,2026-05-31 12:00:00+00:00,1.6162779331207275,0.9208949442648282,22.222221339190483,194.43052673339844,1.192071015366493,15.384615948919734,195.29928588867188,0.3311537450198578,4.761904910578484,240.79954528808594,cdip,2026-05-28 18:54:26+00:00
21,2026-05-31 15:00:00+00:00,1.6655857563018799,0.9965344763827985,22.222221339190483,194.1150665283203,1.1979573857567174,15.384615948919734,194.90164184570312,0.3333547296993549,4.761904910578484,240.90440368652344,cdip,2026-05-28 18:54:26+00:00
21,2026-05-31 18:00:00+00:00,1.7002496719360352,1.0687035238693652,22.222221339190483,193.86048889160156,0.646815042133117,15.384615948919734,194.4589385986328,1.010234980707178,11.764705758606276,204.04306030273438,cdip,2026-05-28 18:54:26+00:00
21,2026-05-31 21:00:00+00:00,1.7904865741729736,1.1904331700252675,22.222221339190483,193.7344970703125,0.6692137663319218,15.384615948919734,193.9804229736328,0.9733926510950558,11.111110669595242,204.25453186035156,cdip,2026-05-28 18:54:26+00:00
21,2026-06-01 00:00:00+00:00,1.8539247512817383,1.493578258825012,22.222221339190483,193.65585327148438,0.8903127104396124,11.111110669595242,204.1334991455078,0.3379676102017558,4.761904910578484,241.18304443359375,cdip,2026-05-28 18:54:26+00:00
21,2026-06-01 03:00:00+00:00,1.9150570631027222,1.5581440397652264,22.222221339190483,193.7135009765625,0.8873246527044704,11.111110669595242,204.08343505859375,0.35417353645056493,4.761904910578484,241.8773651123047,cdip,2026-05-28 18:54:26+00:00
21,2026-06-01 06:00:00+00:00,1.9540064334869385,1.596485839157876,19.99999970197678,193.8501739501953,0.874048488096753,11.111110669595242,203.98472595214844,0.3754527912638927,4.761904910578484,242.091552734375,cdip,2026-05-28 18:54:26+00:00
21,2026-06-01 09:00:00+00:00,1.9775404930114746,1.6273169119331654,19.99999970197678,194.0589141845703,0.8460970462816518,11.111110669595242,203.84423828125,0.6347858470087447,4.761904910578484,242.68994140625,cdip,2026-05-28 18:54:26+00:00
21,2026-06-01 12:00:00+00:00,1.9584745168685913,1.6301844298298125,19.99999970197678,194.1527099609375,0.7919013241249985,11.111110669595242,203.67800903320312,0.6501713770773799,4.761904910578484,243.5623779296875,cdip,2026-05-28 18:54:26+00:00
21,2026-06-01 15:00:00+00:00,1.9712529182434082,1.6626069601089635,19.99999970197678,194.2830047607422,0.7519330460504059,11.111110669595242,203.2681427001953,0.29263621550245983,4.761904910578484,244.03302001953125,cdip,2026-05-28 18:54:26+00:00
21,2026-06-01 18:00:00+00:00,1.9716699123382568,1.7041461017571111,19.99999970197678,194.431640625,0.6638957227106601,11.111110669595242,202.68798828125,0.7163942109195842,4.761904910578484,244.1788787841797,cdip,2026-05-28 18:54:26+00:00
21,2026-06-01 21:00:00+00:00,1.9588186740875244,1.6981997812961849,19.99999970197678,194.4272918701172,0.6439727356535536,11.111110669595242,202.00308227539062,0.7145591784013154,4.761904910578484,244.2857666015625,cdip,2026-05-28 18:54:26+00:00
21,2026-06-02 00:00:00+00:00,1.9191797971725464,1.664063909854817,19.99999970197678,194.24163818359375,0.6180781675191925,11.111110669595242,201.14964294433594,0.711467610750787,4.761904910578484,244.3076934814453,cdip,2026-05-28 18:54:26+00:00
21,2026-06-02 03:00:00+00:00,1.881123423576355,1.732628601584654,18.181818280338256,194.69969177246094,0.7165889751834041,4.761904910578484,244.23486328125,,,,cdip,2026-05-28 18:54:26+00:00
21,2026-06-02 06:00:00+00:00,1.852121114730835,1.7016249589480958,18.181818280338256,194.81021118164062,0.7176603628170101,4.761904910578484,244.01318359375,,,,cdip,2026-05-28 18:54:26+00:00
21,2026-06-02 09:00:00+00:00,1.830489158630371,1.6838652696893088,18.181818280338256,195.08743286132812,0.7061859816322129,4.761904910578484,243.7933349609375,,,,cdip,2026-05-28 18:54:26+00:00
21,2026-06-02 12:00:00+00:00,1.835776925086975,1.6957596620502309,18.181818280338256,195.4006805419922,0.6924468009097702,4.761904910578484,243.47457885742188,,,,cdip,2026-05-28 18:54:26+00:00
21,2026-06-02 15:00:00+00:00,1.8640916347503662,1.731740687258309,18.181818280338256,195.57705688476562,0.6792903625769321,4.761904910578484,243.30514526367188,,,,cdip,2026-05-28 18:54:26+00:00
21,2026-06-02 18:00:00+00:00,1.893783688545227,1.7669133020055994,18.181818280338256,195.63021850585938,0.6709123444889915,4.761904910578484,243.51747131347656,,,,cdip,2026-05-28 18:54:26+00:00
21,2026-06-02 21:00:00+00:00,1.9195606708526611,1.7926100725198073,18.181818280338256,195.57797241210938,0.6759462097567263,4.761904910578484,243.68692016601562,,,,cdip,2026-05-28 18:54:26+00:00
21,2026-06-03 00:00:00+00:00,1.9435571432113647,1.8225012731434116,18.181818280338256,195.62771606445312,0.6642629645758122,4.761904910578484,243.5958251953125,,,,cdip,2026-05-28 18:54:26+00:00
21,2026-06-03 03:00:00+00:00,1.9616421461105347,1.8511805879075698,18.181818280338256,195.83534240722656,0.637509474891228,4.761904910578484,243.57615661621094,,,,cdip,2026-05-28 18:54:26+00:00
21,2026-06-03 06:00:00+00:00,2.0040123462677,1.9265394018691842,15.384615948919734,196.68154907226562,0.5120252840515549,4.761904910578484,243.78500366210938,0.17263592340059808,7.14285711244661,222.11097717285156,cdip,2026-05-28 18:54:26+00:00
21,2026-06-03 09:00:00+00:00,2.047419786453247,1.967498494245882,15.384615948919734,196.39076232910156,0.21628812263205774,4.761904910578484,242.24722290039062,,,,cdip,2026-05-28 18:54:26+00:00
21,2026-06-03 12:00:00+00:00,2.096076011657715,2.033489044488496,15.384615948919734,197.02203369140625,0.17588564290353906,4.761904910578484,243.23448181152344,,,,cdip,2026-05-28 18:54:26+00:00
21,2026-06-03 15:00:00+00:00,2.1264493465423584,2.050303342321411,15.384615948919734,196.76637268066406,0.2244470852398563,4.761904910578484,241.9072265625,,,,cdip,2026-05-28 18:54:26+00:00
21,2026-06-03 18:00:00+00:00,2.1225244998931885,2.0632335599211804,14.28571422489322,194.2635498046875,0.19117271749983059,4.761904910578484,241.99176025390625,,,,cdip,2026-05-28 18:54:26+00:00
21,2026-06-03 21:00:00+00:00,2.145345687866211,2.0589457902760913,15.384615948919734,196.80673217773438,0.24593049050566126,4.761904910578484,240.98507690429688,,,,cdip,2026-05-28 18:54:26+00:00
22,2026-05-28 09:00:00+00:00,0.37977075576782227,0.3146190794814542,12.50000027939678,213.28663635253906,0.14136773103509245,7.14285711244661,241.66781616210938,0.15260971636160184,4.761904910578484,251.61270141601562,cdip,2026-05-28 18:54:26+00:00
22,2026-05-28 12:00:00+00:00,0.3678365647792816,0.30292148867062757,12.50000027939678,210.75245666503906,0.13648663739522368,7.14285711244661,241.41934204101562,0.1518518756279362,4.761904910578484,251.29669189453125,cdip,2026-05-28 18:54:26+00:00
22,2026-05-28 15:00:00+00:00,0.35947445034980774,0.2944217436870504,12.50000027939678,208.3941192626953,0.13478747436945612,7.14285711244661,241.21058654785156,0.15037706666394518,4.761904910578484,250.66360473632812,cdip,2026-05-28 18:54:26+00:00
22,2026-05-28 18:00:00+00:00,0.3439790904521942,0.18350911015967672,13.33333280351429,199.0344696044922,0.16697800558903408,11.111110669595242,212.40606689453125,0.13081421236797566,19.99999970197678,204.72085571289062,cdip,2026-05-28 18:54:26+00:00
22,2026-05-28 21:00:00+00:00,0.3590562045574188,0.14757019355514311,19.99999970197678,205.62997436523438,0.1873407342801735,15.384615948919734,198.94674682617188,0.1655838040364,11.111110669595242,210.13099670410156,cdip,2026-05-28 18:54:26+00:00
22,2026-05-29 00:00:00+00:00,0.35919085144996643,0.15643794306521694,18.181818280338256,206.479736328125,0.19073082924888557,15.384615948919734,201.75270080566406,0.15495423245579484,11.111110669595242,206.7385711669922,cdip,2026-05-28 18:54:26+00:00
22,2026-05-29 03:00:00+00:00,0.36064162850379944,0.25743883340796014,18.181818280338256,208.0331268310547,0.1472363094766703,11.111110669595242,203.6769561767578,0.20204019860220704,6.666666401757145,240.75421142578125,cdip,2026-05-28 18:54:26+00:00
22,2026-05-29 06:00:00+00:00,0.3717569410800934,0.27374629757256475,16.666667039195705,208.302490234375,0.14654543130806413,11.111110669595242,201.4230194091797,0.2013085669853671,5.882352879303138,241.67938232421875,cdip,2026-05-28 18:54:26+00:00
22,2026-05-29 09:00:00+00:00,0.3931823670864105,0.2992376916117001,15.384615948919734,212.17152404785156,0.1609189715531391,11.111110669595242,199.35470581054688,0.19437033947717713,5.555555334797621,241.99472045898438,cdip,2026-05-28 18:54:26+00:00
22,2026-05-29 12:00:00+00:00,0.4025154411792755,0.3554707737886763,15.384615948919734,214.3975372314453,0.0886364621148156,5.263157960780771,240.003173828125,,,,cdip,2026-05-28 18:54:26+00:00
22,2026-05-29 15:00:00+00:00,0.4612506031990051,0.4134064717328704,14.28571422489322,217.89398193359375,0.17595686669240082,5.263157960780771,240.3175811767578,0.09607655980355098,7.14285711244661,236.97999572753906,cdip,2026-05-28 18:54:26+00:00
22,2026-05-29 18:00:00+00:00,0.5026394128799438,0.4675675088758879,14.28571422489322,218.68467712402344,0.11576369983835375,4.761904910578484,241.7499542236328,,,,cdip,2026-05-28 18:54:26+00:00
22,2026-05-29 21:00:00+00:00,0.5217918157577515,0.4907813623005929,14.28571422489322,218.6667938232422,0.171829747526662,4.761904910578484,244.53765869140625,,,,cdip,2026-05-28 18:54:26+00:00
22,2026-05-30 00:00:00+00:00,0.5282446146011353,0.5026485580847545,14.28571422489322,218.40298461914062,0.15641735729446946,4.761904910578484,246.94549560546875,,,,cdip,2026-05-28 18:54:26+00:00
22,2026-05-30 03:00:00+00:00,0.5337850451469421,0.5143523066701287,14.28571422489322,218.17710876464844,0.1355046749675299,4.761904910578484,249.2584686279297,,,,cdip,2026-05-28 18:54:26+00:00
22,2026-05-30 06:00:00+00:00,0.47942009568214417,0.07406432933838072,14.28571422489322,217.91976928710938,0.45887036576505535,4.761904910578484,251.56695556640625,,,,cdip,2026-05-28 18:54:26+00:00
22,2026-05-30 09:00:00+00:00,0.45244884490966797,0.08451476451158897,14.28571422489322,217.29681396484375,0.43211930006567917,4.347826008084592,251.5946044921875,,,,cdip,2026-05-28 18:54:26+00:00
22,2026-05-30 12:00:00+00:00,0.4512512683868408,0.09692415179728309,14.28571422489322,216.3805389404297,0.4109309601444844,7.692307974459867,237.51058959960938,0.11686453052545728,4.347826008084592,251.93362426757812,cdip,2026-05-28 18:54:26+00:00
22,2026-05-30 15:00:00+00:00,0.44460174441337585,0.13869886100502174,14.28571422489322,215.30247497558594,0.383862048796111,7.692307974459867,240.76687622070312,0.1329970985263452,4.347826008084592,251.4244842529297,cdip,2026-05-28 18:54:26+00:00
22,2026-05-30 18:00:00+00:00,0.44243261218070984,0.17788892945582385,13.33333280351429,215.75747680664062,0.36179593142199656,7.692307974459867,241.47042846679688,0.13827839546924453,4.761904910578484,249.25210571289062,cdip,2026-05-28 18:54:26+00:00
22,2026-05-30 21:00:00+00:00,0.4538973569869995,0.20344762553989112,13.33333280351429,214.3863983154297,0.36227669164716825,7.692307974459867,241.28768920898438,0.13118816601627104,4.761904910578484,248.24072265625,cdip,2026-05-28 18:54:26+00:00
22,2026-05-31 00:00:00+00:00,0.46654126048088074,0.24865951497571268,13.33333280351429,212.84852600097656,0.3497738347221061,7.692307974459867,241.05538940429688,0.12791722836521852,4.761904910578484,248.357421875,cdip,2026-05-28 18:54:26+00:00
22,2026-05-31 03:00:00+00:00,0.45002251863479614,0.25412586764273504,13.33333280351429,211.24740600585938,0.32513092362161444,7.692307974459867,241.13458251953125,0.1232100823122828,4.761904910578484,248.87789916992188,cdip,2026-05-28 18:54:26+00:00
22,2026-05-31 06:00:00+00:00,0.4750954210758209,0.2787203829515418,12.50000027939678,215.37167358398438,0.33028997188079057,7.692307974459867,241.56785583496094,0.13390045878933704,4.761904910578484,248.69393920898438,cdip,2026-05-28 18:54:26+00:00
22,2026-05-31 09:00:00+00:00,0.5190004110336304,0.31759418185498195,22.222221339190483,199.15994262695312,0.23882423134024272,12.50000027939678,215.0625,0.25051104985664435,7.692307974459867,241.88291931152344,cdip,2026-05-28 18:54:26+00:00
22,2026-05-31 12:00:00+00:00,0.5682757496833801,0.37730235332269507,22.222221339190483,199.0653839111328,0.22675486027562491,12.50000027939678,215.2091522216797,0.26536722993970374,7.692307974459867,242.02410888671875,cdip,2026-05-28 18:54:26+00:00
22,2026-05-31 15:00:00+00:00,0.6049314737319946,0.4190793220964475,22.222221339190483,199.00485229492188,0.2291614160957867,11.111110669595242,222.52784729003906,0.27677396222078054,7.692307974459867,242.02423095703125,cdip,2026-05-28 18:54:26+00:00
22,2026-05-31 18:00:00+00:00,0.6498749852180481,0.4690250802253339,22.222221339190483,198.9269561767578,0.3759308776610031,11.111110669595242,223.17425537109375,0.16287398615632992,7.692307974459867,242.01446533203125,cdip,2026-05-28 18:54:26+00:00
22,2026-05-31 21:00:00+00:00,0.6553830504417419,0.4962364396060202,22.222221339190483,198.88746643066406,0.35912513919698485,11.111110669595242,223.01995849609375,0.1540516692973854,7.692307974459867,241.94187927246094,cdip,2026-05-28 18:54:26+00:00
22,2026-06-01 00:00:00+00:00,0.6579033732414246,0.5257330494970516,22.222221339190483,198.8543701171875,0.3237179404006983,11.111110669595242,222.4141845703125,0.1451630360070936,7.692307974459867,241.84698486328125,cdip,2026-05-28 18:54:26+00:00
22,2026-06-01 03:00:00+00:00,0.6615617275238037,0.5378075248935761,22.222221339190483,198.9801025390625,0.3095979397122812,10.526315921561542,225.44302368164062,0.1449908357300617,7.692307974459867,241.9468994140625,cdip,2026-05-28 18:54:26+00:00
22,2026-06-01 06:00:00+00:00,0.6517012119293213,0.5434365241803543,19.99999970197678,199.38510131835938,0.27466375219569156,10.526315921561542,225.44285583496094,0.14716308953730656,7.692307974459867,242.1181640625,cdip,2026-05-28 18:54:26+00:00
22,2026-06-01 09:00:00+00:00,0.6544674634933472,0.5512443547711166,19.99999970197678,199.57135009765625,0.2613768101292139,10.526315921561542,225.28402709960938,0.14594126025464316,7.692307974459867,242.22760009765625,cdip,2026-05-28 18:54:26+00:00
22,2026-06-01 12:00:00+00:00,0.6880184412002563,0.5865058174217289,19.99999970197678,199.7076873779297,0.25955658819072464,10.526315921561542,225.12234497070312,0.14651143379569173,7.692307974459867,242.155517578125,cdip,2026-05-28 18:54:26+00:00
22,2026-06-01 15:00:00+00:00,0.6706311702728271,0.5787964200944605,19.99999970197678,199.83950805664062,0.2387394387798106,10.526315921561542,224.72164916992188,0.13686779854005934,7.692307974459867,241.969970703125,cdip,2026-05-28 18:54:26+00:00
22,2026-06-01 18:00:00+00:00,0.6458501815795898,0.5689367191906108,19.99999970197678,199.94651794433594,0.2027341405978288,10.526315921561542,224.0808563232422,0.12996677742293786,7.14285711244661,241.9808349609375,cdip,2026-05-28 18:54:26+00:00
22,2026-06-01 21:00:00+00:00,0.630540132522583,0.5569917686261463,19.99999970197678,200.09164428710938,0.1918683867823677,10.526315921561542,223.33726501464844,0.12752106247786033,7.14285711244661,241.9892578125,cdip,2026-05-28 18:54:26+00:00
22,2026-06-02 00:00:00+00:00,0.6110177040100098,0.5396580824285346,19.99999970197678,200.238037109375,0.1814704772830049,10.526315921561542,222.58901977539062,0.12447502753830725,7.14285711244661,242.06430053710938,cdip,2026-05-28 18:54:26+00:00
22,2026-06-02 03:00:00+00:00,0.60908043384552,0.5425804190360175,18.181818280338256,200.55532836914062,0.15894703943606733,11.111110669595242,213.27093505859375,0.12459374553241422,7.14285711244661,242.11590576171875,cdip,2026-05-28 18:54:26+00:00
22,2026-06-02 06:00:00+00:00,0.6154223680496216,0.5493864816102585,18.181818280338256,200.70175170898438,0.15206158550853816,11.111110669595242,210.2509765625,0.12307740384677189,7.14285711244661,242.09597778320312,cdip,2026-05-28 18:54:26+00:00
22,2026-06-02 09:00:00+00:00,0.6163915991783142,0.5528662881762925,18.181818280338256,200.7890167236328,0.14418802607086922,11.111110669595242,207.14755249023438,0.19464662798362642,4.761904910578484,251.08209228515625,cdip,2026-05-28 18:54:26+00:00
22,2026-06-02 12:00:00+00:00,0.6182042956352234,0.5739118750662581,18.181818280338256,200.8181915283203,0.19371110744228032,4.761904910578484,250.63311767578125,0.11828666293080718,7.14285711244661,241.973876953125,cdip,2026-05-28 18:54:26+00:00
22,2026-06-02 15:00:00+00:00,0.6170980930328369,0.5746043347557921,18.181818280338256,200.83047485351562,0.18972321487875696,4.761904910578484,250.40811157226562,0.11583785039899176,7.14285711244661,241.8378143310547,cdip,2026-05-28 18:54:26+00:00
22,2026-06-02 18:00:00+00:00,0.641237735748291,0.5987729872214049,18.181818280338256,200.8163604736328,0.19485936886166433,4.761904910578484,250.7238006591797,0.11575640230068883,7.14285711244661,241.64059448242188,cdip,2026-05-28 18:54:26+00:00
22,2026-06-02 21:00:00+00:00,0.6576035618782043,0.6137136179030223,18.181818280338256,200.845458984375,0.20132776797370747,4.761904910578484,250.9451904296875,0.11803103258439056,7.14285711244661,241.5741424560547,cdip,2026-05-28 18:54:26+00:00
22,2026-06-03 00:00:00+00:00,0.674064040184021,0.6308978503967823,16.666667039195705,201.48092651367188,0.2019911210306986,4.761904910578484,250.90032958984375,0.11885082084802003,7.14285711244661,241.52651977539062,cdip,2026-05-28 18:54:26+00:00
22,2026-06-03 03:00:00+00:00,0.6895734071731567,0.6495586152780776,16.666667039195705,201.57398986816406,0.19680888146415412,4.761904910578484,251.265869140625,0.11581669085569685,7.692307974459867,240.85975646972656,cdip,2026-05-28 18:54:26+00:00
22,2026-06-03 06:00:00+00:00,0.6473450660705566,0.6199206868826126,16.666667039195705,201.72128295898438,0.16740336248778073,4.761904910578484,251.5604705810547,0.07514829774271822,7.692307974459867,241.45587158203125,cdip,2026-05-28 18:54:26+00:00
22,2026-06-03 09:00:00+00:00,0.6313287615776062,0.6031027618037743,16.666667039195705,201.58212280273438,0.09497332448405668,7.692307974459867,240.86819458007812,0.15693236461875182,4.761904910578484,251.6181640625,cdip,2026-05-28 18:54:26+00:00
22,2026-06-03 12:00:00+00:00,0.5740835666656494,0.5528900986770451,16.666667039195705,201.3076629638672,0.13441313933280294,4.761904910578484,252.55950927734375,0.07005318800253262,7.692307974459867,240.99691772460938,cdip,2026-05-28 18:54:26+00:00
22,2026-06-03 15:00:00+00:00,0.5771507620811462,0.5500795209373585,16.666667039195705,201.25291442871094,0.09636162202715877,7.692307974459867,241.45785522460938,0.08751317089102895,4.761904910578484,251.328369140625,cdip,2026-05-28 18:54:26+00:00
22,2026-06-03 18:00:00+00:00,0.5438014268875122,0.44104371794711944,16.666667039195705,201.14976501464844,0.28210078338164823,19.99999970197678,201.69544982910156,0.07601248540354254,7.692307974459867,240.87615966796875,cdip,2026-05-28 18:54:26+00:00
22,2026-06-03 21:00:00+00:00,0.5764938592910767,0.2939579817061548,19.99999970197678,201.48406982421875,0.45834517214669446,16.666667039195705,201.2552490234375,0.1093514886115751,7.692307974459867,241.6375732421875,cdip,2026-05-28 18:54:26+00:00
23,2026-05-28 09:00:00+00:00,0.1413595825433731,0.0807538777740906,15.384615948919734,195.86912536621094,0.08555408270871323,12.50000027939678,217.3215789794922,0.06289543876939967,7.14285711244661,242.902099609375,cdip,2026-05-28 18:54:26+00:00
23,2026-05-28 12:00:00+00:00,0.11350850760936737,0.09412235976179832,15.384615948919734,195.3524627685547,0.050463328717164246,6.666666401757145,243.8163299560547,0.036549982620113775,4.761904910578484,251.87081909179688,cdip,2026-05-28 18:54:26+00:00
23,2026-05-28 15:00:00+00:00,0.10440804064273834,0.08600531103532658,15.384615948919734,195.22032165527344,0.04711197419108353,6.666666401757145,243.7364959716797,0.034094872141942574,4.761904910578484,251.19146728515625,cdip,2026-05-28 18:54:26+00:00
23,2026-05-28 18:00:00+00:00,0.08418121933937073,0.0445793882936138,16.666667039195705,196.25094604492188,0.05243661864208878,13.33333280351429,198.16815185546875,0.03869867074151786,6.666666401757145,243.6465301513672,cdip,2026-05-28 18:54:26+00:00
23,2026-05-28 21:00:00+00:00,0.07979771494865417,0.04774320166408656,16.666667039195705,197.92279052734375,0.04348625043150561,12.50000027939678,206.2367401123047,0.04612360080011652,6.666666401757145,243.39111328125,cdip,2026-05-28 18:54:26+00:00
23,2026-05-29 00:00:00+00:00,0.07772461324930191,0.048637291285568,18.181818280338256,207.45556640625,0.04040640871693432,12.50000027939678,203.53985595703125,0.04451435981712427,6.25000013969839,244.1282501220703,cdip,2026-05-28 18:54:26+00:00
23,2026-05-29 03:00:00+00:00,0.09208453446626663,0.0762038278095662,18.181818280338256,209.3936767578125,0.05092280223984446,6.25000013969839,242.98440551757812,,,,cdip,2026-05-28 18:54:26+00:00
23,2026-05-29 06:00:00+00:00,0.1100912019610405,0.09220339156661561,16.666667039195705,208.309814453125,0.05925706587924434,5.882352879303138,242.48348999023438,,,,cdip,2026-05-28 18:54:26+00:00
23,2026-05-29 09:00:00+00:00,0.12638433277606964,0.1088532795405718,16.666667039195705,210.26300048828125,0.06310826399177484,5.882352879303138,242.30091857910156,,,,cdip,2026-05-28 18:54:26+00:00
23,2026-05-29 12:00:00+00:00,0.13457755744457245,0.1178443188228612,16.666667039195705,210.8612060546875,0.06374873315169208,5.882352879303138,242.12841796875,,,,cdip,2026-05-28 18:54:26+00:00
23,2026-05-29 15:00:00+00:00,0.14637984335422516,0.12960853921317037,15.384615948919734,211.67784118652344,0.025758185495944896,5.882352879303138,242.52099609375,,,,cdip,2026-05-28 18:54:26+00:00
23,2026-05-29 18:00:00+00:00,0.2017948180437088,0.1840384215905734,15.384615948919734,212.3643341064453,0.0430792491846792,4.761904910578484,242.12631225585938,,,,cdip,2026-05-28 18:54:26+00:00
23,2026-05-29 21:00:00+00:00,0.1981866955757141,0.18426109825724854,15.384615948919734,212.5270233154297,0.04614468018479785,4.761904910578484,245.0025177001953,,,,cdip,2026-05-28 18:54:26+00:00
23,2026-05-30 00:00:00+00:00,0.20177258551120758,0.19014141900494036,15.384615948919734,212.2775421142578,0.06519180924667209,4.761904910578484,247.48590087890625,,,,cdip,2026-05-28 18:54:26+00:00
23,2026-05-30 03:00:00+00:00,0.21481148898601532,0.20663970169532547,15.384615948919734,211.82452392578125,0.0555786764067999,4.761904910578484,249.8787384033203,,,,cdip,2026-05-28 18:54:26+00:00
23,2026-05-30 06:00:00+00:00,0.23479542136192322,0.22671667873934317,13.33333280351429,216.87527465820312,0.05745464602747997,4.761904910578484,252.38595581054688,,,,cdip,2026-05-28 18:54:26+00:00
23,2026-05-30 09:00:00+00:00,0.2113814353942871,0.199879498349123,13.33333280351429,217.14894104003906,0.048031219927622756,7.14285711244661,240.211181640625,0.045582912226134746,4.347826008084592,252.51649475097656,cdip,2026-05-28 18:54:26+00:00
23,2026-05-30 12:00:00+00:00,0.2366601824760437,0.04812189385080228,13.33333280351429,216.7899169921875,0.2140208157522458,7.14285711244661,241.85409545898438,0.06888956630602916,4.545454570084564,252.9879150390625,cdip,2026-05-28 18:54:26+00:00
23,2026-05-30 15:00:00+00:00,0.23780012130737305,0.05337273268628494,13.33333280351429,216.04043579101562,0.20900652099651795,7.692307974459867,242.1972198486328,0.08009707310144312,4.347826008084592,252.489013671875,cdip,2026-05-28 18:54:26+00:00
23,2026-05-30 18:00:00+00:00,0.22515073418617249,0.10944008318944616,13.33333280351429,214.8732147216797,0.055870904228673426,16.666667039195705,197.61077880859375,0.16170247651695446,7.692307974459867,242.96018981933594,cdip,2026-05-28 18:54:26+00:00
23,2026-05-30 21:00:00+00:00,0.19323663413524628,0.09895047254758592,13.33333280351429,213.3582305908203,0.07053358476572721,16.666667039195705,196.96273803710938,0.1268268771013933,7.692307974459867,242.80609130859375,cdip,2026-05-28 18:54:26+00:00
23,2026-05-31 00:00:00+00:00,0.15069927275180817,0.07707454496532379,12.50000027939678,218.21661376953125,0.060641102260722154,16.666667039195705,196.5374755859375,0.09700455268916792,7.692307974459867,242.57211303710938,cdip,2026-05-28 18:54:26+00:00
23,2026-05-31 03:00:00+00:00,0.11543435603380203,0.05827748709954973,12.50000027939678,218.04409790039062,0.049772551250542967,16.666667039195705,196.23739624023438,0.07234494417757807,7.692307974459867,242.63482666015625,cdip,2026-05-28 18:54:26+00:00
23,2026-05-31 06:00:00+00:00,0.1095418706536293,0.056703528121548316,16.666667039195705,195.9702606201172,0.04638250344662167,12.50000027939678,217.6645050048828,0.0667790474568213,7.692307974459867,243.0310516357422,cdip,2026-05-28 18:54:26+00:00
23,2026-05-31 09:00:00+00:00,0.10823976993560791,0.0733592752778137,22.222221339190483,199.93284606933594,0.06390312286663061,12.50000027939678,217.4170379638672,0.03312852948982598,7.692307974459867,243.31089782714844,cdip,2026-05-28 18:54:26+00:00
23,2026-05-31 12:00:00+00:00,0.1333499252796173,0.09225972366463488,22.222221339190483,199.8600616455078,0.07600876717750653,12.50000027939678,217.64306640625,0.040201741874017184,7.692307974459867,243.43695068359375,cdip,2026-05-28 18:54:26+00:00
23,2026-05-31 15:00:00+00:00,0.15947586297988892,0.1172983080174945,22.222221339190483,199.7763671875,0.08356905905516505,12.50000027939678,217.99658203125,0.04631215920719032,7.692307974459867,243.43832397460938,cdip,2026-05-28 18:54:26+00:00
23,2026-05-31 18:00:00+00:00,0.1698174625635147,0.12820484527732245,22.222221339190483,199.64878845214844,0.08776503212214712,12.50000027939678,218.41226196289062,0.04752032224903541,7.692307974459867,243.42800903320312,cdip,2026-05-28 18:54:26+00:00
23,2026-05-31 21:00:00+00:00,0.1516868621110916,0.11850910873251605,22.222221339190483,199.54966735839844,0.07485985998874214,12.50000027939678,218.2938232421875,0.04039451496058151,7.692307974459867,243.34906005859375,cdip,2026-05-28 18:54:26+00:00
23,2026-06-01 00:00:00+00:00,0.12834323942661285,0.10263278324979515,22.222221339190483,199.5663604736328,0.060068064515186405,12.50000027939678,217.87393188476562,0.03601203493233367,7.14285711244661,243.15301513671875,cdip,2026-05-28 18:54:26+00:00
23,2026-06-01 03:00:00+00:00,0.10159013420343399,0.08189904605067765,22.222221339190483,199.83273315429688,0.04587901154704296,12.50000027939678,217.44760131835938,0.028786211495645645,7.14285711244661,243.28256225585938,cdip,2026-05-28 18:54:26+00:00
23,2026-06-01 06:00:00+00:00,0.09923094511032104,0.08007039411544636,19.99999970197678,199.98768615722656,0.043228222641637115,11.764705758606276,220.07949829101562,0.029420480996441643,7.14285711244661,243.387939453125,cdip,2026-05-28 18:54:26+00:00
23,2026-06-01 09:00:00+00:00,0.10461355745792389,0.08475425240319825,19.99999970197678,200.4345245361328,0.043870355605779066,11.764705758606276,219.43548583984375,0.031148224963887947,7.14285711244661,243.4923858642578,cdip,2026-05-28 18:54:26+00:00
23,2026-06-01 12:00:00+00:00,0.14031080901622772,0.11654738503761967,19.99999970197678,200.79066467285156,0.052148772590154144,11.111110669595242,221.96734619140625,0.040925477356789836,7.14285711244661,243.53501892089844,cdip,2026-05-28 18:54:26+00:00
23,2026-06-01 15:00:00+00:00,0.16992807388305664,0.14263968209793054,19.99999970197678,201.1913604736328,0.05977205327555037,11.111110669595242,220.92063903808594,0.0484900586840728,7.14285711244661,243.541748046875,cdip,2026-05-28 18:54:26+00:00
23,2026-06-01 18:00:00+00:00,0.19491583108901978,0.17757384788409647,19.99999970197678,201.58323669433594,0.05528064167339121,7.14285711244661,243.5435791015625,0.05624125690481093,4.761904910578484,253.27137756347656,cdip,2026-05-28 18:54:26+00:00
23,2026-06-01 21:00:00+00:00,0.19192804396152496,0.17433320367346866,19.99999970197678,201.99183654785156,0.05513881269359272,7.14285711244661,243.53512573242188,0.05635720096643684,4.761904910578484,253.09793090820312,cdip,2026-05-28 18:54:26+00:00
23,2026-06-02 00:00:00+00:00,0.1819005310535431,0.1642555356945641,19.99999970197678,202.35581970214844,0.053285290890310845,7.14285711244661,243.58731079101562,0.055362488137278766,4.761904910578484,252.78956604003906,cdip,2026-05-28 18:54:26+00:00
23,2026-06-02 03:00:00+00:00,0.17213645577430725,0.1542868669634728,18.181818280338256,202.16900634765625,0.042450038081945675,7.14285711244661,243.6174774169922,0.06208239937303922,4.761904910578484,252.3721923828125,cdip,2026-05-28 18:54:26+00:00
23,2026-06-02 06:00:00+00:00,0.16744448244571686,0.1494529911030165,18.181818280338256,202.5650634765625,0.040491898632001234,7.14285711244661,243.59088134765625,0.06260551391247882,4.761904910578484,251.91915893554688,cdip,2026-05-28 18:54:26+00:00
23,2026-06-02 09:00:00+00:00,0.15374667942523956,0.13739726723440768,18.181818280338256,202.99488830566406,0.05803598358332944,4.761904910578484,251.58157348632812,0.03589907376001681,6.666666401757145,244.29791259765625,cdip,2026-05-28 18:54:26+00:00
23,2026-06-02 12:00:00+00:00,0.1675066202878952,0.15023410151590896,18.181818280338256,203.38206481933594,0.03828847128133401,6.666666401757145,244.290771484375,0.06254482894911598,4.761904910578484,251.12203979492188,cdip,2026-05-28 18:54:26+00:00
23,2026-06-02 15:00:00+00:00,0.1735730916261673,0.15658234400472582,18.181818280338256,203.6533966064453,0.03888614945360172,6.666666401757145,244.19949340820312,0.06312593480574408,4.761904910578484,250.88674926757812,cdip,2026-05-28 18:54:26+00:00
23,2026-06-02 18:00:00+00:00,0.19447720050811768,0.1762629344579319,18.181818280338256,203.8145294189453,0.0694263589256706,4.761904910578484,251.20889282226562,0.04236586248469152,7.14285711244661,243.1521453857422,cdip,2026-05-28 18:54:26+00:00
23,2026-06-02 21:00:00+00:00,0.21036359667778015,0.19040615493703106,18.181818280338256,203.93075561523438,0.07565144084125018,4.761904910578484,251.44288635253906,0.0459955862453329,7.14285711244661,243.11279296875,cdip,2026-05-28 18:54:26+00:00
23,2026-06-03 00:00:00+00:00,0.20002420246601105,0.18187865350859483,16.666667039195705,204.2408905029297,0.06996660313579828,4.761904910578484,251.40997314453125,0.04347100476238081,7.14285711244661,243.11376953125,cdip,2026-05-28 18:54:26+00:00
23,2026-06-03 03:00:00+00:00,0.17753280699253082,0.16301892022979556,16.666667039195705,204.3709716796875,0.05869016345607047,4.761904910578484,251.8295135498047,0.037227933650914986,7.14285711244661,243.0641326904297,cdip,2026-05-28 18:54:26+00:00
23,2026-06-03 06:00:00+00:00,0.17171409726142883,0.16259261422448243,16.666667039195705,205.08885192871094,0.04737152298302503,4.761904910578484,252.0496826171875,0.02675056295213923,7.14285711244661,242.98388671875,cdip,2026-05-28 18:54:26+00:00
23,2026-06-03 09:00:00+00:00,0.15456457436084747,0.14552197509059936,16.666667039195705,205.09213256835938,0.03077186210911505,7.14285711244661,242.86648559570312,0.04106879846620098,4.761904910578484,252.511962890625,cdip,2026-05-28 18:54:26+00:00
23,2026-06-03 12:00:00+00:00,0.11837518215179443,0.11325295749994918,16.666667039195705,205.2100830078125,0.028625358823865566,4.761904910578484,253.32717895507812,0.018003906564866695,7.692307974459867,242.79150390625,cdip,2026-05-28 18:54:26+00:00
23,2026-06-03 15:00:00+00:00,0.14182205498218536,0.13386594794652307,16.666667039195705,205.21319580078125,0.02900012299486894,7.692307974459867,242.9958038330078,0.02133358732303443,4.761904910578484,252.31231689453125,cdip,2026-05-28 18:54:26+00:00
23,2026-06-03 18:00:00+00:00,0.14131955802440643,0.11134172034762223,16.666667039195705,205.27589416503906,0.0768294955198501,19.99999970197678,204.6824951171875,0.023837714342926968,7.692307974459867,242.6983642578125,cdip,2026-05-28 18:54:26+00:00
23,2026-06-03 21:00:00+00:00,0.14075736701488495,0.10760565774517636,16.666667039195705,205.3037567138672,0.07588972377037106,19.99999970197678,204.20120239257812,0.03197560780784473,7.692307974459867,243.2340850830078,cdip,2026-05-28 18:54:26+00:00
24,2026-05-28 09:00:00+00:00,0.8685097098350525,0.669704971185166,12.50000027939678,218.39016723632812,0.22688554686827722,19.99999970197678,196.18087768554688,0.26566392334050404,7.692307974459867,244.24423217773438,cdip,2026-05-28 18:54:26+00:00
24,2026-05-28 12:00:00+00:00,0.8422062397003174,0.6418056769464398,13.33333280351429,202.443603515625,0.2429746232328459,19.99999970197678,197.62200927734375,0.2513975878183978,7.692307974459867,243.74005126953125,cdip,2026-05-28 18:54:26+00:00
24,2026-05-28 15:00:00+00:00,0.8210696578025818,0.5845940361296287,13.33333280351429,200.02407836914062,0.32724314863135734,18.181818280338256,201.3497772216797,0.24332193166836635,7.692307974459867,243.2611083984375,cdip,2026-05-28 18:54:26+00:00
24,2026-05-28 18:00:00+00:00,0.8494343161582947,0.42812693442753297,18.181818280338256,205.97305297851562,0.6165509833694548,12.50000027939678,209.03517150878906,0.38773794314045845,5.882352879303138,250.87710571289062,cdip,2026-05-28 18:54:26+00:00
24,2026-05-28 21:00:00+00:00,0.9137696623802185,0.5832138706337338,18.181818280338256,210.85641479492188,0.5627333787085974,12.50000027939678,206.21063232421875,0.41209525232215993,5.882352879303138,250.4175567626953,cdip,2026-05-28 18:54:26+00:00
24,2026-05-29 00:00:00+00:00,0.9576948285102844,0.6592864274795627,18.181818280338256,214.7542266845703,0.4600608848444478,12.50000027939678,203.4027862548828,0.5126383228701382,5.882352879303138,249.1474609375,cdip,2026-05-28 18:54:26+00:00
24,2026-05-29 03:00:00+00:00,1.0049912929534912,0.8778687538135402,16.666667039195705,218.0543670654297,0.4812472778593517,5.882352879303138,247.30755615234375,,,,cdip,2026-05-28 18:54:26+00:00
24,2026-05-29 06:00:00+00:00,1.0319044589996338,0.9151568737844646,16.666667039195705,220.5617218017578,0.46890385517512134,5.555555334797621,246.70693969726562,,,,cdip,2026-05-28 18:54:26+00:00
24,2026-05-29 09:00:00+00:00,1.0093281269073486,0.9166395331390054,16.666667039195705,222.02320861816406,0.41424111871788033,5.555555334797621,246.41925048828125,,,,cdip,2026-05-28 18:54:26+00:00
24,2026-05-29 12:00:00+00:00,0.9781073927879333,0.9006248791829511,16.666667039195705,222.5908966064453,0.3732036842892257,5.555555334797621,246.2677001953125,,,,cdip,2026-05-28 18:54:26+00:00
24,2026-05-29 15:00:00+00:00,0.9950879216194153,0.9244459480813351,16.666667039195705,222.664794921875,0.23454565203460073,4.999999925494195,244.19606018066406,,,,cdip,2026-05-28 18:54:26+00:00
24,2026-05-29 18:00:00+00:00,0.9637233018875122,0.9060324316120627,16.666667039195705,222.36416625976562,0.320304703522948,4.999999925494195,245.8539276123047,,,,cdip,2026-05-28 18:54:26+00:00
24,2026-05-29 21:00:00+00:00,0.9266389012336731,0.875938000589168,16.666667039195705,221.58905029296875,0.2943532540955856,4.761904910578484,247.89642333984375,,,,cdip,2026-05-28 18:54:26+00:00
24,2026-05-30 00:00:00+00:00,0.921893298625946,0.8769537623292621,15.384615948919734,220.89990234375,0.2757179468308778,4.761904910578484,250.84864807128906,,,,cdip,2026-05-28 18:54:26+00:00
24,2026-05-30 03:00:00+00:00,0.8860664367675781,0.8472347267107354,15.384615948919734,220.09840393066406,0.25024128181800553,4.761904910578484,253.87057495117188,,,,cdip,2026-05-28 18:54:26+00:00
24,2026-05-30 06:00:00+00:00,0.8211671113967896,0.7843949890295094,15.384615948919734,218.83799743652344,0.2342029823241338,4.761904910578484,258.1219177246094,,,,cdip,2026-05-28 18:54:26+00:00
24,2026-05-30 09:00:00+00:00,0.8097922205924988,0.7716648462123692,15.384615948919734,216.77459716796875,0.11336010743928131,4.761904910578484,260.3232727050781,,,,cdip,2026-05-28 18:54:26+00:00
24,2026-05-30 12:00:00+00:00,0.8064632415771484,0.7607977110069413,15.384615948919734,213.93154907226562,0.1320971223666399,4.999999925494195,259.4488830566406,,,,cdip,2026-05-28 18:54:26+00:00
24,2026-05-30 15:00:00+00:00,0.7971798181533813,0.14114643543494296,15.384615948919734,210.71974182128906,0.6866983327763918,8.333333519597852,240.1472625732422,0.2382189906267005,6.25000013969839,253.80484008789062,cdip,2026-05-28 18:54:26+00:00
24,2026-05-30 18:00:00+00:00,0.8103336691856384,0.16022781607823275,15.384615948919734,207.4537811279297,0.6821804772057662,8.333333519597852,242.74855041503906,0.2754413802596733,6.25000013969839,253.5562744140625,cdip,2026-05-28 18:54:26+00:00
24,2026-05-30 21:00:00+00:00,0.8204260468482971,0.24471779548061545,15.384615948919734,204.57275390625,0.6687502922092953,8.333333519597852,242.79458618164062,0.274313026073025,6.25000013969839,253.23678588867188,cdip,2026-05-28 18:54:26+00:00
24,2026-05-31 00:00:00+00:00,0.8518840670585632,0.28265513704827644,15.384615948919734,202.376953125,0.6870815131158934,8.333333519597852,242.46881103515625,0.2733231525377331,4.999999925494195,257.5050354003906,cdip,2026-05-28 18:54:26+00:00
24,2026-05-31 03:00:00+00:00,0.8853199481964111,0.37234764175014656,15.384615948919734,200.9334259033203,0.6694190853379047,8.333333519597852,242.74703979492188,0.2847652310801692,4.999999925494195,257.71307373046875,cdip,2026-05-28 18:54:26+00:00
24,2026-05-31 06:00:00+00:00,0.922609806060791,0.406429693352396,15.384615948919734,200.04324340820312,0.670592649374878,8.333333519597852,243.43142700195312,0.3114392305626034,4.999999925494195,257.3450012207031,cdip,2026-05-28 18:54:26+00:00
24,2026-05-31 09:00:00+00:00,0.9787003993988037,0.4510213754385758,22.222221339190483,199.62806701660156,0.6835144004479266,15.384615948919734,199.42727661132812,0.3384458217268118,8.333333519597852,243.84884643554688,cdip,2026-05-28 18:54:26+00:00
24,2026-05-31 12:00:00+00:00,1.0165685415267944,0.4920429305315001,22.222221339190483,199.68585205078125,0.5500255133506854,15.384615948919734,198.84461975097656,0.4085142187817716,8.333333519597852,244.04013061523438,cdip,2026-05-28 18:54:26+00:00
24,2026-05-31 15:00:00+00:00,0.9877833127975464,0.5502816020399844,22.222221339190483,199.77113342285156,0.3662505572998254,15.384615948919734,198.38577270507812,0.2991738124306882,11.111110669595242,227.4700164794922,cdip,2026-05-28 18:54:26+00:00
24,2026-05-31 18:00:00+00:00,0.9778088331222534,0.5784741027534156,22.222221339190483,199.78961181640625,0.49122825861771585,11.111110669595242,228.2179718017578,0.3519252587819399,15.384615948919734,197.88755798339844,cdip,2026-05-28 18:54:26+00:00
24,2026-05-31 21:00:00+00:00,0.9860976934432983,0.6234674138230694,22.222221339190483,199.7967071533203,0.5642693728876139,11.111110669595242,228.0471954345703,0.3489041439813025,15.384615948919734,197.24288940429688,cdip,2026-05-28 18:54:26+00:00
24,2026-06-01 00:00:00+00:00,0.9683078527450562,0.7230148328094614,22.222221339190483,199.87164306640625,0.5297787881912321,11.111110669595242,227.2907257080078,0.1773989113107335,4.999999925494195,257.6510314941406,cdip,2026-05-28 18:54:26+00:00
24,2026-06-01 03:00:00+00:00,1.010704517364502,0.7655628958073416,19.99999970197678,199.93626403808594,0.5332904896779413,11.111110669595242,226.96725463867188,0.21984729697511712,4.999999925494195,257.71728515625,cdip,2026-05-28 18:54:26+00:00
24,2026-06-01 06:00:00+00:00,1.078201174736023,0.8208223357593329,19.99999970197678,200.22250366210938,0.4477081953440628,11.111110669595242,226.67796325683594,0.3276822477840992,8.333333519597852,244.3267059326172,cdip,2026-05-28 18:54:26+00:00
24,2026-06-01 09:00:00+00:00,1.126239538192749,0.8839505870162329,19.99999970197678,200.49981689453125,0.40699813151436365,11.111110669595242,226.18048095703125,0.33842676725154375,8.333333519597852,244.39517211914062,cdip,2026-05-28 18:54:26+00:00
24,2026-06-01 12:00:00+00:00,1.1610000133514404,0.9244750224105929,19.99999970197678,200.72088623046875,0.3995882478918466,11.111110669595242,225.84979248046875,0.3310424212143295,8.333333519597852,244.2567138671875,cdip,2026-05-28 18:54:26+00:00
24,2026-06-01 15:00:00+00:00,1.1757965087890625,0.9522833040311661,19.99999970197678,200.9074249267578,0.3850970268747039,11.111110669595242,224.67575073242188,0.3160441405188932,8.333333519597852,243.95428466796875,cdip,2026-05-28 18:54:26+00:00
24,2026-06-01 18:00:00+00:00,1.14328932762146,0.9535826653814304,19.99999970197678,201.04881286621094,0.3186619378450001,11.111110669595242,223.0841522216797,0.29836122007856986,8.333333519597852,243.68545532226562,cdip,2026-05-28 18:54:26+00:00
24,2026-06-01 21:00:00+00:00,1.1093146800994873,0.9301605101817847,19.99999970197678,201.20187377929688,0.3008432749107442,11.111110669595242,221.02630615234375,0.28790339089219646,8.333333519597852,243.55435180664062,cdip,2026-05-28 18:54:26+00:00
24,2026-06-02 00:00:00+00:00,1.0833237171173096,0.9533873976066566,18.181818280338256,201.7731475830078,0.28268592990207186,8.333333519597852,243.528076171875,0.42183296446497115,4.761904910578484,256.2998352050781,cdip,2026-05-28 18:54:26+00:00
24,2026-06-02 03:00:00+00:00,1.055048942565918,0.9252972428776113,18.181818280338256,201.9753875732422,0.27325374469137514,8.333333519597852,243.44644165039062,0.41977122372696474,4.761904910578484,255.46218872070312,cdip,2026-05-28 18:54:26+00:00
24,2026-06-02 06:00:00+00:00,1.0164211988449097,0.890575984598166,18.181818280338256,202.19383239746094,0.41392974711312114,4.761904910578484,254.77110290527344,0.2520554703086354,8.333333519597852,243.08450317382812,cdip,2026-05-28 18:54:26+00:00
24,2026-06-02 09:00:00+00:00,0.9812543392181396,0.8619755281275541,18.181818280338256,202.42959594726562,0.40307831243479186,4.761904910578484,254.31556701660156,0.2304753070791701,8.333333519597852,242.48135375976562,cdip,2026-05-28 18:54:26+00:00
24,2026-06-02 12:00:00+00:00,0.954346776008606,0.84829778399546,18.181818280338256,202.64886474609375,0.1895010396037876,4.761904910578484,253.77902221679688,,,,cdip,2026-05-28 18:54:26+00:00
24,2026-06-02 15:00:00+00:00,0.9404857754707336,0.8600744312672188,18.181818280338256,202.8122100830078,0.37573939584822486,4.761904910578484,253.4671173095703,,,,cdip,2026-05-28 18:54:26+00:00
24,2026-06-02 18:00:00+00:00,0.9213227033615112,0.8441937139642193,18.181818280338256,202.91525268554688,0.36435070477632914,4.761904910578484,253.841796875,,,,cdip,2026-05-28 18:54:26+00:00
24,2026-06-02 21:00:00+00:00,0.9070881009101868,0.8297899896903819,18.181818280338256,202.97999572753906,0.3619004376625531,4.761904910578484,254.19723510742188,,,,cdip,2026-05-28 18:54:26+00:00
24,2026-06-03 00:00:00+00:00,0.8813826441764832,0.8098500539501544,16.666667039195705,204.1563262939453,0.343297638630093,4.761904910578484,254.2352752685547,,,,cdip,2026-05-28 18:54:26+00:00
24,2026-06-03 03:00:00+00:00,0.8761541247367859,0.8098548826645999,16.666667039195705,204.2582550048828,0.32975678829760524,4.761904910578484,255.09202575683594,,,,cdip,2026-05-28 18:54:26+00:00
24,2026-06-03 06:00:00+00:00,0.8052674531936646,0.7546200838415003,16.666667039195705,204.7450408935547,0.2711316682766946,4.761904910578484,255.34750366210938,0.058329221084870805,6.666666401757145,250.06027221679688,cdip,2026-05-28 18:54:26+00:00
24,2026-06-03 09:00:00+00:00,0.818625271320343,0.762645259480319,16.666667039195705,204.86874389648438,0.17192961577999252,4.761904910578484,258.65338134765625,,,,cdip,2026-05-28 18:54:26+00:00
24,2026-06-03 12:00:00+00:00,0.7834879159927368,0.7229356533863431,16.666667039195705,204.94589233398438,0.06979788560250481,4.761904910578484,259.0295104980469,0.12114072741303897,8.333333519597852,240.9591827392578,cdip,2026-05-28 18:54:26+00:00
24,2026-06-03 15:00:00+00:00,0.8302212357521057,0.7515411188635398,16.666667039195705,205.0792999267578,0.17070891098650082,8.333333519597852,241.8075714111328,0.15381477506586955,4.761904910578484,259.654052734375,cdip,2026-05-28 18:54:26+00:00
24,2026-06-03 18:00:00+00:00,0.8064959049224854,0.6200366444268999,15.384615948919734,205.1979217529297,0.4081925217964769,19.99999970197678,203.19635009765625,0.07832197639218592,4.761904910578484,259.811767578125,cdip,2026-05-28 18:54:26+00:00
24,2026-06-03 21:00:00+00:00,0.8568165302276611,0.6368806376482585,15.384615948919734,205.28564453125,0.4281324712601024,19.99999970197678,203.05589294433594,0.1966650426509266,8.333333519597852,243.14114379882812,cdip,2026-05-28 18:54:26+00:00
25,2026-05-28 09:00:00+00:00,0.4303624927997589,0.3329356423423961,13.33333280351429,205.9454803466797,0.10621359131662643,19.99999970197678,194.63868713378906,0.12758773251303202,7.14285711244661,246.8846435546875,cdip,2026-05-28 18:54:26+00:00
25,2026-05-28 12:00:00+00:00,0.4123677909374237,0.31407839599323173,13.33333280351429,202.50521850585938,0.11439684988998194,19.99999970197678,196.29214477539062,0.11989728559100069,7.14285711244661,246.59957885742188,cdip,2026-05-28 18:54:26+00:00
25,2026-05-28 15:00:00+00:00,0.4034436345100403,0.2873761966677752,13.33333280351429,200.1755828857422,0.1564173218250155,18.181818280338256,201.5967254638672,0.1164031972176016,7.14285711244661,246.35836791992188,cdip,2026-05-28 18:54:26+00:00
25,2026-05-28 18:00:00+00:00,0.41127344965934753,0.20511525220421808,18.181818280338256,207.2745361328125,0.18847069041111464,13.33333280351429,199.28199768066406,0.18799490062712945,11.111110669595242,216.9050750732422,cdip,2026-05-28 18:54:26+00:00
25,2026-05-28 21:00:00+00:00,0.44032159447669983,0.28297440983369543,18.181818280338256,212.49887084960938,0.18726805944710495,11.111110669595242,214.2306365966797,0.13127173005999151,12.50000027939678,203.93411254882812,cdip,2026-05-28 18:54:26+00:00
25,2026-05-29 00:00:00+00:00,0.48397958278656006,0.3436869814402427,18.181818280338256,216.55252075195312,0.128786348938594,11.111110669595242,209.6807098388672,0.1859507456140401,6.25000013969839,248.99017333984375,cdip,2026-05-28 18:54:26+00:00
25,2026-05-29 03:00:00+00:00,0.5352796316146851,0.4316357819341732,16.666667039195705,220.11459350585938,0.18660215785483344,11.111110669595242,205.4092559814453,0.25187068969049403,5.882352879303138,247.7808837890625,cdip,2026-05-28 18:54:26+00:00
25,2026-05-29 06:00:00+00:00,0.5805382132530212,0.48397756854375656,16.666667039195705,222.1301727294922,0.20082401188418852,11.111110669595242,202.51646423339844,0.24584357799583428,5.555555334797621,247.08834838867188,cdip,2026-05-28 18:54:26+00:00
25,2026-05-29 09:00:00+00:00,0.6154739260673523,0.526353309754714,16.666667039195705,223.2716827392578,0.2045868692766269,11.111110669595242,199.99839782714844,0.24040182851628303,5.555555334797621,246.84512329101562,cdip,2026-05-28 18:54:26+00:00
25,2026-05-29 12:00:00+00:00,0.6439803838729858,0.6028663916990503,16.666667039195705,223.73379516601562,0.2216421093816888,5.555555334797621,246.7254638671875,,,,cdip,2026-05-28 18:54:26+00:00
25,2026-05-29 15:00:00+00:00,0.6630806922912598,0.6260056693909141,16.666667039195705,223.78103637695312,0.2139006130770231,5.555555334797621,247.20651245117188,,,,cdip,2026-05-28 18:54:26+00:00
25,2026-05-29 18:00:00+00:00,0.665865421295166,0.6345163175566896,16.666667039195705,223.49099731445312,0.12143379214680886,4.999999925494195,245.93760681152344,,,,cdip,2026-05-28 18:54:26+00:00
25,2026-05-29 21:00:00+00:00,0.6501062512397766,0.621458096503103,16.666667039195705,222.76205444335938,0.18611746310307403,4.761904910578484,248.151611328125,,,,cdip,2026-05-28 18:54:26+00:00
25,2026-05-30 00:00:00+00:00,0.6181842088699341,0.5933048219584027,15.384615948919734,222.4874267578125,0.16866750893909285,4.761904910578484,251.1295166015625,,,,cdip,2026-05-28 18:54:26+00:00
25,2026-05-30 03:00:00+00:00,0.5819804668426514,0.5606420913215608,15.384615948919734,221.7195281982422,0.1508912622906441,4.761904910578484,254.18045043945312,,,,cdip,2026-05-28 18:54:26+00:00
25,2026-05-30 06:00:00+00:00,0.5448407530784607,0.5255250528561155,15.384615948919734,220.5777130126953,0.1384674350382115,4.761904910578484,258.6105651855469,,,,cdip,2026-05-28 18:54:26+00:00
25,2026-05-30 09:00:00+00:00,0.5058162212371826,0.4849376440957114,14.28571422489322,221.10462951660156,0.06569738455993189,4.761904910578484,261.1408996582031,,,,cdip,2026-05-28 18:54:26+00:00
25,2026-05-30 12:00:00+00:00,0.4721789062023163,0.0688295916634883,14.28571422489322,220.00778198242188,0.44242390163349654,4.761904910578484,262.17962646484375,,,,cdip,2026-05-28 18:54:26+00:00
25,2026-05-30 15:00:00+00:00,0.4530663788318634,0.07554083398841045,14.28571422489322,218.5713348388672,0.41753338038732685,4.761904910578484,261.8914794921875,,,,cdip,2026-05-28 18:54:26+00:00
25,2026-05-30 18:00:00+00:00,0.43960127234458923,0.11219917146401381,14.28571422489322,216.73143005371094,0.395186948350098,4.761904910578484,260.415771484375,,,,cdip,2026-05-28 18:54:26+00:00
25,2026-05-30 21:00:00+00:00,0.42708298563957214,0.12288007205300691,14.28571422489322,214.3948211669922,0.3794954560887723,4.761904910578484,259.58746337890625,,,,cdip,2026-05-28 18:54:26+00:00
25,2026-05-31 00:00:00+00:00,0.4211878776550293,0.1354108499683087,14.28571422489322,211.67794799804688,0.3683888901328347,4.761904910578484,259.7430725097656,,,,cdip,2026-05-28 18:54:26+00:00
25,2026-05-31 03:00:00+00:00,0.42212969064712524,0.17192998536112042,14.28571422489322,209.1000213623047,0.35042878635279356,4.761904910578484,260.0973815917969,,,,cdip,2026-05-28 18:54:26+00:00
25,2026-05-31 06:00:00+00:00,0.4279351234436035,0.2587266419989778,14.28571422489322,207.19189453125,0.18394402429580065,22.222221339190483,197.78973388671875,0.22954740960549794,11.111110669595242,226.4306640625,cdip,2026-05-28 18:54:26+00:00
25,2026-05-31 09:00:00+00:00,0.43421804904937744,0.19652192531061938,22.222221339190483,197.75254821777344,0.2285291534025746,14.28571422489322,206.18869018554688,0.25285987270064375,11.111110669595242,227.2216796875,cdip,2026-05-28 18:54:26+00:00
25,2026-05-31 12:00:00+00:00,0.44685545563697815,0.21337876836712044,22.222221339190483,197.7935028076172,0.223721919746164,14.28571422489322,205.4861297607422,0.2553961755709178,11.111110669595242,227.67955017089844,cdip,2026-05-28 18:54:26+00:00
25,2026-05-31 15:00:00+00:00,0.46466514468193054,0.2546214403033482,22.222221339190483,197.8592071533203,0.263633394786961,11.111110669595242,228.4606475830078,0.20286625665858748,14.28571422489322,204.80908203125,cdip,2026-05-28 18:54:26+00:00
25,2026-05-31 18:00:00+00:00,0.4863378405570984,0.2836811432027674,22.222221339190483,197.86331176757812,0.275498105425757,11.111110669595242,229.1165771484375,0.20416675993844327,14.28571422489322,204.00010681152344,cdip,2026-05-28 18:54:26+00:00
25,2026-05-31 21:00:00+00:00,0.5129562616348267,0.3205638961040187,22.222221339190483,197.86109924316406,0.29889926338500133,11.111110669595242,228.9973602294922,0.18083518459787995,14.28571422489322,202.93826293945312,cdip,2026-05-28 18:54:26+00:00
25,2026-06-01 00:00:00+00:00,0.5363011360168457,0.3665944298119818,22.222221339190483,197.927001953125,0.27807758530915366,11.111110669595242,228.3790740966797,0.18345676402987235,14.28571422489322,201.7883758544922,cdip,2026-05-28 18:54:26+00:00
25,2026-06-01 03:00:00+00:00,0.5564438700675964,0.3904642925669589,19.99999970197678,197.98846435546875,0.2785572374822829,11.111110669595242,228.0831298828125,0.1812614449427627,14.28571422489322,200.93345642089844,cdip,2026-05-28 18:54:26+00:00
25,2026-06-01 06:00:00+00:00,0.5708646774291992,0.406868830634004,19.99999970197678,198.24948120117188,0.1776363922959602,11.111110669595242,227.82437133789062,0.27786116506557446,4.761904910578484,260.0004577636719,cdip,2026-05-28 18:54:26+00:00
25,2026-06-01 09:00:00+00:00,0.5787372589111328,0.4539778117294993,19.99999970197678,198.50894165039062,0.2380560064392401,11.111110669595242,227.415771484375,0.13031178673287164,4.761904910578484,259.5353698730469,cdip,2026-05-28 18:54:26+00:00
25,2026-06-01 12:00:00+00:00,0.5842159986495972,0.4652687746519616,19.99999970197678,198.70240783691406,0.2281885772535805,11.111110669595242,227.18365478515625,0.12582111568438845,4.761904910578484,258.95660400390625,cdip,2026-05-28 18:54:26+00:00
25,2026-06-01 15:00:00+00:00,0.5867483615875244,0.475051371643047,19.99999970197678,198.86952209472656,0.21662122562042238,11.111110669595242,226.1929473876953,0.23371772217206704,4.761904910578484,258.4063415527344,cdip,2026-05-28 18:54:26+00:00
25,2026-06-01 18:00:00+00:00,0.5886496901512146,0.4831697127761286,19.99999970197678,199.00904846191406,0.20716151277903136,11.111110669595242,224.76158142089844,0.23113920796438714,4.761904910578484,257.908447265625,cdip,2026-05-28 18:54:26+00:00
25,2026-06-01 21:00:00+00:00,0.5883638262748718,0.4856843989000279,19.99999970197678,199.16041564941406,0.2011683135053328,11.111110669595242,222.81570434570312,0.23018318780497532,4.761904910578484,257.3118896484375,cdip,2026-05-28 18:54:26+00:00
25,2026-06-02 00:00:00+00:00,0.5855407118797302,0.4907053188948095,18.181818280338256,199.82167053222656,0.17826206069723566,11.111110669595242,220.90762329101562,0.23112513002571017,4.761904910578484,256.5005187988281,cdip,2026-05-28 18:54:26+00:00
25,2026-06-02 03:00:00+00:00,0.5795260071754456,0.4855719962805504,18.181818280338256,200.01373291015625,0.16964822003413044,11.111110669595242,218.32894897460938,0.1594057563700309,4.761904910578484,255.641357421875,cdip,2026-05-28 18:54:26+00:00
25,2026-06-02 06:00:00+00:00,0.5679691433906555,0.4770771561060073,18.181818280338256,200.2200164794922,0.1584974248678548,11.111110669595242,214.57601928710938,0.1591430168082832,4.761904910578484,254.94024658203125,cdip,2026-05-28 18:54:26+00:00
25,2026-06-02 09:00:00+00:00,0.5552142858505249,0.46899810224930405,18.181818280338256,200.43975830078125,0.14779977160906432,11.111110669595242,210.3929901123047,0.15660148474329483,4.761904910578484,254.48001098632812,cdip,2026-05-28 18:54:26+00:00
25,2026-06-02 12:00:00+00:00,0.5432742238044739,0.4823563904254611,18.181818280338256,200.65101623535156,0.15368290168843907,4.761904910578484,253.94680786132812,0.10348479414527717,7.14285711244661,247.1768798828125,cdip,2026-05-28 18:54:26+00:00
25,2026-06-02 15:00:00+00:00,0.5308377146720886,0.4739888075203993,18.181818280338256,200.81736755371094,0.1467166098318474,4.761904910578484,253.6302490234375,0.09910021253718887,7.14285711244661,247.002197265625,cdip,2026-05-28 18:54:26+00:00
25,2026-06-02 18:00:00+00:00,0.5216402411460876,0.46799216030061963,18.181818280338256,200.92828369140625,0.14021754006361575,4.761904910578484,253.99832153320312,0.09322265717443018,7.14285711244661,246.71527099609375,cdip,2026-05-28 18:54:26+00:00
25,2026-06-02 21:00:00+00:00,0.5179771780967712,0.4444818533218206,16.666667039195705,202.06292724609375,0.09104446323616155,4.761904910578484,254.3663330078125,0.1346092130263433,7.14285711244661,246.59170532226562,cdip,2026-05-28 18:54:26+00:00
25,2026-06-03 00:00:00+00:00,0.5134678483009338,0.4429704942187776,16.666667039195705,202.22213745117188,0.13534887162712503,11.111110669595242,195.441650390625,0.20052974791559816,4.761904910578484,254.41378784179688,cdip,2026-05-28 18:54:26+00:00
25,2026-06-03 03:00:00+00:00,0.5099042057991028,0.4441519237358896,16.666667039195705,202.32769775390625,0.15879065157448935,4.761904910578484,255.2740020751953,,,,cdip,2026-05-28 18:54:26+00:00
25,2026-06-03 06:00:00+00:00,0.4896605908870697,0.4562413045593425,16.666667039195705,202.8468017578125,0.03342819152607436,4.761904910578484,255.5528564453125,0.05109454173720408,7.692307974459867,244.40408325195312,cdip,2026-05-28 18:54:26+00:00
25,2026-06-03 09:00:00+00:00,0.49493345618247986,0.4632038783421022,16.666667039195705,202.9419403076172,0.17176018188539152,4.761904910578484,259.114013671875,,,,cdip,2026-05-28 18:54:26+00:00
25,2026-06-03 12:00:00+00:00,0.48496904969215393,0.45441685569910784,16.666667039195705,203.09071350097656,0.03839017195349201,4.761904910578484,259.4093017578125,,,,cdip,2026-05-28 18:54:26+00:00
25,2026-06-03 15:00:00+00:00,0.4921553134918213,0.45679013878499347,16.666667039195705,203.20501708984375,0.08859585743986229,4.761904910578484,260.51397705078125,,,,cdip,2026-05-28 18:54:26+00:00
25,2026-06-03 18:00:00+00:00,0.4823698103427887,0.3828514233019352,15.384615948919734,203.3879852294922,0.2389767609547307,19.99999970197678,201.12428283691406,0.04112075442605504,4.761904910578484,260.6285705566406,cdip,2026-05-28 18:54:26+00:00
25,2026-06-03 21:00:00+00:00,0.4938443899154663,0.3872464657563061,15.384615948919734,203.55125427246094,0.2412208152321674,19.99999970197678,201.01315307617188,0.09347731338020225,4.761904910578484,259.88336181640625,cdip,2026-05-28 18:54:26+00:00
26,2026-05-28 09:00:00+00:00,0.4763911962509155,0.37901873960808935,12.50000027939678,213.29440307617188,0.11779627878504263,19.99999970197678,189.7509765625,0.1489435294241809,4.761904910578484,255.55471801757812,cdip,2026-05-28 18:54:26+00:00
26,2026-05-28 12:00:00+00:00,0.4537629187107086,0.35356156621423124,12.50000027939678,210.43080139160156,0.1292706283713154,19.99999970197678,191.03146362304688,0.1434562852486675,4.761904910578484,254.8465576171875,cdip,2026-05-28 18:54:26+00:00
26,2026-05-28 15:00:00+00:00,0.43893471360206604,0.32139878947660655,12.50000027939678,207.5154266357422,0.17016852012873387,19.99999970197678,192.33807373046875,0.1367786716151592,5.555555334797621,250.47119140625,cdip,2026-05-28 18:54:26+00:00
26,2026-05-28 18:00:00+00:00,0.43516868352890015,0.2084216340034435,19.99999970197678,193.7229461669922,0.2955152840157257,12.50000027939678,205.52413940429688,0.13672378482439135,6.25000013969839,247.165283203125,cdip,2026-05-28 18:54:26+00:00
26,2026-05-28 21:00:00+00:00,0.4418155550956726,0.24795149534628663,18.181818280338256,196.085693359375,0.2702492131194934,11.111110669595242,211.2469482421875,0.14186676575645307,6.25000013969839,246.85354614257812,cdip,2026-05-28 18:54:26+00:00
26,2026-05-29 00:00:00+00:00,0.4505402147769928,0.2877251670024469,18.181818280338256,198.90733337402344,0.24384396120348634,11.111110669595242,206.9366912841797,0.14521448151070218,6.25000013969839,245.65533447265625,cdip,2026-05-28 18:54:26+00:00
26,2026-05-29 03:00:00+00:00,0.4620351195335388,0.31521061240821263,18.181818280338256,201.1630096435547,0.23536638030895257,11.111110669595242,202.67333984375,0.23806689085934205,5.555555334797621,246.09378051757812,cdip,2026-05-28 18:54:26+00:00
26,2026-05-29 06:00:00+00:00,0.47519680857658386,0.34864244743571327,16.666667039195705,203.91622924804688,0.2156260295199126,11.111110669595242,199.93527221679688,0.23620065325747142,5.555555334797621,244.75924682617188,cdip,2026-05-28 18:54:26+00:00
26,2026-05-29 09:00:00+00:00,0.4857081174850464,0.379279516791586,16.666667039195705,205.54156494140625,0.19521799306376494,11.111110669595242,197.65318298339844,0.22801170665496462,5.555555334797621,244.48446655273438,cdip,2026-05-28 18:54:26+00:00
26,2026-05-29 12:00:00+00:00,0.4962921142578125,0.39907085557342326,15.384615948919734,207.2974853515625,0.2027029768829333,5.555555334797621,244.3436279296875,,,,cdip,2026-05-28 18:54:26+00:00
26,2026-05-29 15:00:00+00:00,0.5070430636405945,0.46279703861929467,15.384615948919734,208.97242736816406,0.13137346680049808,5.555555334797621,244.78634643554688,,,,cdip,2026-05-28 18:54:26+00:00
26,2026-05-29 18:00:00+00:00,0.5148847699165344,0.474596693007791,15.384615948919734,209.6873321533203,0.19522845308572512,4.999999925494195,244.48597717285156,,,,cdip,2026-05-28 18:54:26+00:00
26,2026-05-29 21:00:00+00:00,0.5182856917381287,0.4841547259564043,15.384615948919734,209.73019409179688,0.18036921515712342,4.761904910578484,247.48095703125,,,,cdip,2026-05-28 18:54:26+00:00
26,2026-05-30 00:00:00+00:00,0.514478325843811,0.4850203505905663,15.384615948919734,209.2637176513672,0.1667394498588909,4.761904910578484,250.42247009277344,,,,cdip,2026-05-28 18:54:26+00:00
26,2026-05-30 03:00:00+00:00,0.5074831247329712,0.4824176086431243,14.28571422489322,212.25765991210938,0.152267604846519,4.761904910578484,253.38958740234375,,,,cdip,2026-05-28 18:54:26+00:00
26,2026-05-30 06:00:00+00:00,0.4975586533546448,0.060356414309453654,14.28571422489322,212.07223510742188,0.4716037274226855,4.761904910578484,257.5352478027344,,,,cdip,2026-05-28 18:54:26+00:00
26,2026-05-30 09:00:00+00:00,0.4825986325740814,0.0672569757851912,14.28571422489322,211.31134033203125,0.4561597343190769,4.761904910578484,259.65380859375,,,,cdip,2026-05-28 18:54:26+00:00
26,2026-05-30 12:00:00+00:00,0.4681927263736725,0.07412795872318678,13.33333280351429,213.1965789794922,0.43593587305385106,4.999999925494195,257.7374572753906,,,,cdip,2026-05-28 18:54:26+00:00
26,2026-05-30 15:00:00+00:00,0.46306777000427246,0.10981230244964747,13.33333280351429,212.3874053955078,0.4184817148413669,4.999999925494195,257.7348937988281,,,,cdip,2026-05-28 18:54:26+00:00
26,2026-05-30 18:00:00+00:00,0.46005403995513916,0.12160537192783369,13.33333280351429,211.14224243164062,0.41194776572173175,4.999999925494195,256.77203369140625,,,,cdip,2026-05-28 18:54:26+00:00
26,2026-05-30 21:00:00+00:00,0.45444029569625854,0.1353375584955611,13.33333280351429,209.4374542236328,0.4022501441162176,4.999999925494195,256.07916259765625,,,,cdip,2026-05-28 18:54:26+00:00
26,2026-05-31 00:00:00+00:00,0.45420655608177185,0.17226735538436846,13.33333280351429,207.5322723388672,0.38716383611537525,4.999999925494195,256.1766357421875,,,,cdip,2026-05-28 18:54:26+00:00
26,2026-05-31 03:00:00+00:00,0.46002256870269775,0.18759250096940636,13.33333280351429,205.52951049804688,0.38293340479514,4.999999925494195,256.3280029296875,,,,cdip,2026-05-28 18:54:26+00:00
26,2026-05-31 06:00:00+00:00,0.4705096185207367,0.2014275755082289,22.222221339190483,193.04388427734375,0.2716606256358558,11.111110669595242,221.5539093017578,0.26892562418888266,4.999999925494195,255.86993408203125,cdip,2026-05-28 18:54:26+00:00
26,2026-05-31 09:00:00+00:00,0.47996076941490173,0.2162384550059181,22.222221339190483,192.98484802246094,0.36196481207404113,11.111110669595242,222.21121215820312,0.11266864696646167,4.999999925494195,255.6627655029297,cdip,2026-05-28 18:54:26+00:00
26,2026-05-31 12:00:00+00:00,0.4958425760269165,0.2523810828755623,22.222221339190483,192.96726989746094,0.3502819867355157,11.111110669595242,222.62010192871094,0.11405359783676201,7.692307974459867,241.050048828125,cdip,2026-05-28 18:54:26+00:00
26,2026-05-31 15:00:00+00:00,0.5176633596420288,0.2790497249223767,22.222221339190483,192.9289093017578,0.3581351005817053,11.111110669595242,223.2670440673828,0.11466286953002947,7.692307974459867,241.04576110839844,cdip,2026-05-28 18:54:26+00:00
26,2026-05-31 18:00:00+00:00,0.5430106520652771,0.3113414987949354,22.222221339190483,192.8241424560547,0.37167464353744745,11.111110669595242,223.7863311767578,0.11688660898812796,7.692307974459867,241.02386474609375,cdip,2026-05-28 18:54:26+00:00
26,2026-05-31 21:00:00+00:00,0.5711362957954407,0.35142614878208783,22.222221339190483,192.6999053955078,0.3782503193083502,11.111110669595242,223.7030792236328,0.11783781717699056,7.692307974459867,240.90931701660156,cdip,2026-05-28 18:54:26+00:00
26,2026-06-01 00:00:00+00:00,0.5948708057403564,0.3985993385170262,22.222221339190483,192.65855407714844,0.36130980573790616,11.111110669595242,223.2198486328125,0.10598438502024303,4.999999925494195,255.72335815429688,cdip,2026-05-28 18:54:26+00:00
26,2026-06-01 03:00:00+00:00,0.6158067584037781,0.42453306018686965,22.222221339190483,192.76620483398438,0.3573037943400545,11.111110669595242,222.97311401367188,0.11094147227881224,4.761904910578484,258.80517578125,cdip,2026-05-28 18:54:26+00:00
26,2026-06-01 06:00:00+00:00,0.6306814551353455,0.4436601231104539,19.99999970197678,192.70787048339844,0.348878239179838,11.111110669595242,222.7642364501953,0.11673623883339095,4.761904910578484,258.668701171875,cdip,2026-05-28 18:54:26+00:00
26,2026-06-01 09:00:00+00:00,0.6392795443534851,0.47013175603327734,19.99999970197678,192.9997100830078,0.32140706480230435,11.111110669595242,222.4410858154297,0.2515651132714512,4.761904910578484,258.44476318359375,cdip,2026-05-28 18:54:26+00:00
26,2026-06-01 12:00:00+00:00,0.6451709270477295,0.48478416379060413,19.99999970197678,193.1390838623047,0.30815205332926376,11.111110669595242,222.27992248535156,0.2583314851139868,4.761904910578484,258.1571350097656,cdip,2026-05-28 18:54:26+00:00
26,2026-06-01 15:00:00+00:00,0.6464795470237732,0.5059984605162502,19.99999970197678,193.28550720214844,0.27635283838525376,11.111110669595242,221.4738311767578,0.26005707842485026,4.761904910578484,257.7486267089844,cdip,2026-05-28 18:54:26+00:00
26,2026-06-01 18:00:00+00:00,0.6461381316184998,0.5145943804794721,19.99999970197678,193.44375610351562,0.26297378252472736,11.111110669595242,220.2722930908203,0.2574723886335982,4.761904910578484,257.3110046386719,cdip,2026-05-28 18:54:26+00:00
26,2026-06-01 21:00:00+00:00,0.6436474919319153,0.5166278502704634,19.99999970197678,193.57110595703125,0.25392391659383523,11.111110669595242,218.59498596191406,0.2564677710683441,4.761904910578484,256.7883605957031,cdip,2026-05-28 18:54:26+00:00
26,2026-06-02 00:00:00+00:00,0.6389196515083313,0.5144092103138378,19.99999970197678,193.685546875,0.24560297914966758,11.111110669595242,216.96673583984375,0.257555224425454,4.761904910578484,256.0400390625,cdip,2026-05-28 18:54:26+00:00
26,2026-06-02 03:00:00+00:00,0.6313270926475525,0.5098181987570639,18.181818280338256,194.43002319335938,0.23298856022768005,11.111110669595242,214.77813720703125,0.1172723474745841,4.761904910578484,255.217529296875,cdip,2026-05-28 18:54:26+00:00
26,2026-06-02 06:00:00+00:00,0.6189079284667969,0.5092709842769046,18.181818280338256,194.65025329589844,0.20114214534832364,11.111110669595242,211.44956970214844,0.2847082155396191,4.761904910578484,254.52853393554688,cdip,2026-05-28 18:54:26+00:00
26,2026-06-02 09:00:00+00:00,0.6061109304428101,0.5028979445817244,18.181818280338256,194.94903564453125,0.1864604134907163,11.111110669595242,207.57684326171875,0.2790516167901436,4.761904910578484,254.06158447265625,cdip,2026-05-28 18:54:26+00:00
26,2026-06-02 12:00:00+00:00,0.5943722128868103,0.49693440120730864,18.181818280338256,195.23036193847656,0.17665464666235617,11.111110669595242,203.90562438964844,0.2711305922972217,4.761904910578484,253.5464630126953,cdip,2026-05-28 18:54:26+00:00
26,2026-06-02 15:00:00+00:00,0.5817272067070007,0.49016419398171285,18.181818280338256,195.41091918945312,0.17084826058510108,11.111110669595242,200.7371826171875,0.25975371609626313,4.761904910578484,253.20416259765625,cdip,2026-05-28 18:54:26+00:00
26,2026-06-02 18:00:00+00:00,0.5719475746154785,0.48442460876647125,18.181818280338256,195.50379943847656,0.17566857575246517,11.111110669595242,197.9884490966797,0.24536675431932495,4.761904910578484,253.5227813720703,cdip,2026-05-28 18:54:26+00:00
26,2026-06-02 21:00:00+00:00,0.5676417350769043,0.48021081184896713,18.181818280338256,195.54315185546875,0.1741079174065576,11.111110669595242,195.5286407470703,0.24488086145328897,4.761904910578484,253.90771484375,cdip,2026-05-28 18:54:26+00:00
26,2026-06-03 00:00:00+00:00,0.5627149939537048,0.48369552321207016,16.666667039195705,197.04029846191406,0.15910685259061647,11.111110669595242,193.6689453125,0.07413395866868185,4.761904910578484,253.95571899414062,cdip,2026-05-28 18:54:26+00:00
26,2026-06-03 03:00:00+00:00,0.559665858745575,0.48587075127490237,16.666667039195705,197.12557983398438,0.17239754244427452,11.111110669595242,193.15447998046875,0.214898591284406,4.761904910578484,254.70883178710938,cdip,2026-05-28 18:54:26+00:00
26,2026-06-03 06:00:00+00:00,0.5392559170722961,0.48059316408596603,16.666667039195705,197.62802124023438,0.14215784346261812,11.111110669595242,190.0191192626953,0.1860286941604586,4.761904910578484,255.09141540527344,cdip,2026-05-28 18:54:26+00:00
26,2026-06-03 09:00:00+00:00,0.5439763069152832,0.48020605786399984,16.666667039195705,197.7758026123047,0.1686711860726003,11.111110669595242,190.6318359375,0.18897737767839393,4.761904910578484,258.25885009765625,cdip,2026-05-28 18:54:26+00:00
26,2026-06-03 12:00:00+00:00,0.5313730835914612,0.49716834095225826,16.666667039195705,197.84500122070312,0.041366282250226705,4.761904910578484,258.5151062011719,,,,cdip,2026-05-28 18:54:26+00:00
26,2026-06-03 15:00:00+00:00,0.5370216369628906,0.49908350528758044,16.666667039195705,198.0197296142578,0.09529888772227517,4.761904910578484,258.94427490234375,,,,cdip,2026-05-28 18:54:26+00:00
26,2026-06-03 18:00:00+00:00,0.5232375264167786,0.4147581601324993,16.666667039195705,198.0392608642578,0.25962562240645165,19.99999970197678,195.31333923339844,0.17732399173256963,4.761904910578484,259.122314453125,cdip,2026-05-28 18:54:26+00:00
26,2026-06-03 21:00:00+00:00,0.5352319478988647,0.41166859768783176,16.666667039195705,198.18963623046875,0.260356697633365,19.99999970197678,195.2315216064453,0.08463655075831357,4.761904910578484,258.13555908203125,cdip,2026-05-28 18:54:26+00:00
27,2026-05-28 09:00:00+00:00,1.4608983993530273,0.7362272223389933,13.33333280351429,193.75198364257812,0.8165130457730688,11.111110669595242,212.79501342773438,0.38121648325383467,19.99999970197678,189.07974243164062,cdip,2026-05-28 18:54:26+00:00
27,2026-05-28 12:00:00+00:00,1.4247311353683472,0.705114916843258,13.33333280351429,191.5863800048828,0.782933151004497,11.111110669595242,211.4158477783203,0.4358314600432648,19.99999970197678,189.82887268066406,cdip,2026-05-28 18:54:26+00:00
27,2026-05-28 15:00:00+00:00,1.399764060974121,0.577860172342408,19.99999970197678,190.5677032470703,0.6932119411534077,13.33333280351429,189.93316650390625,0.7140070535948769,11.111110669595242,209.52049255371094,cdip,2026-05-28 18:54:26+00:00
27,2026-05-28 18:00:00+00:00,1.4127894639968872,0.6655064161712024,19.99999970197678,191.39501953125,0.7384419190466502,11.111110669595242,207.89894104003906,0.5746189564875397,13.33333280351429,189.1132049560547,cdip,2026-05-28 18:54:26+00:00
27,2026-05-28 21:00:00+00:00,1.4544954299926758,0.8005511184508692,19.99999970197678,192.4421844482422,0.8728910825804889,11.111110669595242,205.87344360351562,0.41040568745718486,7.14285711244661,236.1233673095703,cdip,2026-05-28 18:54:26+00:00
27,2026-05-29 00:00:00+00:00,1.4892141819000244,0.9663501875221266,18.181818280338256,195.70108032226562,0.7480118019142948,11.111110669595242,202.340087890625,0.41082126989952783,6.25000013969839,241.69227600097656,cdip,2026-05-28 18:54:26+00:00
27,2026-05-29 03:00:00+00:00,1.5397120714187622,1.053210786771693,18.181818280338256,197.7520751953125,0.7355209388012074,11.111110669595242,198.93515014648438,0.5342937371688773,5.555555334797621,243.37710571289062,cdip,2026-05-28 18:54:26+00:00
27,2026-05-29 06:00:00+00:00,1.5942795276641846,1.2000032918694818,18.181818280338256,198.5034942626953,0.6128074935921667,11.111110669595242,196.5873565673828,0.839515865976672,5.555555334797621,242.11813354492188,cdip,2026-05-28 18:54:26+00:00
27,2026-05-29 09:00:00+00:00,1.6182301044464111,1.2462169272233263,16.666667039195705,201.9700469970703,0.6508021505608459,11.111110669595242,194.54788208007812,0.7876091644085904,5.555555334797621,241.80508422851562,cdip,2026-05-28 18:54:26+00:00
27,2026-05-29 12:00:00+00:00,1.6289103031158447,1.2806587879203106,16.666667039195705,202.49114990234375,0.6539990323501288,11.111110669595242,193.24240112304688,0.7507377411533352,5.555555334797621,241.63223266601562,cdip,2026-05-28 18:54:26+00:00
27,2026-05-29 15:00:00+00:00,1.6528193950653076,1.4977382734228515,16.666667039195705,202.4907684326172,0.6832851214445455,4.999999925494195,241.1341552734375,,,,cdip,2026-05-28 18:54:26+00:00
27,2026-05-29 18:00:00+00:00,1.6931827068328857,1.547242390331136,16.666667039195705,202.26051330566406,0.6715941514341788,4.761904910578484,243.38572692871094,,,,cdip,2026-05-28 18:54:26+00:00
27,2026-05-29 21:00:00+00:00,1.7390093803405762,1.418545299895414,16.666667039195705,201.70941162109375,0.7465845276674531,4.761904910578484,246.58197021484375,,,,cdip,2026-05-28 18:54:26+00:00
27,2026-05-30 00:00:00+00:00,1.7673503160476685,1.6468138968946808,15.384615948919734,202.79112243652344,0.6229242869779075,4.761904910578484,249.43629455566406,,,,cdip,2026-05-28 18:54:26+00:00
27,2026-05-30 03:00:00+00:00,1.7905324697494507,1.6926417410662271,15.384615948919734,202.23463439941406,0.5621616958127682,4.761904910578484,252.2647705078125,,,,cdip,2026-05-28 18:54:26+00:00
27,2026-05-30 06:00:00+00:00,1.7418670654296875,0.2075081980548762,15.384615948919734,201.17970275878906,1.6382428817705514,4.761904910578484,256.0585021972656,,,,cdip,2026-05-28 18:54:26+00:00
27,2026-05-30 09:00:00+00:00,1.6396868228912354,0.2252338727670483,15.384615948919734,199.38223266601562,1.5400912745102278,4.545454570084564,257.4947509765625,,,,cdip,2026-05-28 18:54:26+00:00
27,2026-05-30 12:00:00+00:00,1.5524884462356567,0.24260669194872325,15.384615948919734,197.21119689941406,1.1378733705119817,11.764705758606276,206.35716247558594,0.26129930297873794,4.761904910578484,258.3563537597656,cdip,2026-05-28 18:54:26+00:00
27,2026-05-30 15:00:00+00:00,1.5084749460220337,0.34926077745175954,15.384615948919734,195.2114715576172,1.0248996328769917,11.764705758606276,206.8868865966797,0.2732585991226701,4.347826008084592,257.7750549316406,cdip,2026-05-28 18:54:26+00:00
27,2026-05-30 18:00:00+00:00,1.4706772565841675,0.3778937790668534,15.384615948919734,193.46104431152344,0.9508491896325799,11.764705758606276,207.32656860351562,0.2646671127450814,4.347826008084592,255.92593383789062,cdip,2026-05-28 18:54:26+00:00
27,2026-05-30 21:00:00+00:00,1.4660518169403076,0.42148278292757807,14.28571422489322,196.69332885742188,0.9234909088750526,11.764705758606276,207.78782653808594,0.9096888351630856,4.761904910578484,255.10247802734375,cdip,2026-05-28 18:54:26+00:00
27,2026-05-31 00:00:00+00:00,1.4773083925247192,0.4679609633205694,14.28571422489322,195.19888305664062,0.9083429997491987,11.111110669595242,211.97267150878906,0.9165257618724252,4.761904910578484,255.22250366210938,cdip,2026-05-28 18:54:26+00:00
27,2026-05-31 03:00:00+00:00,1.4906299114227295,0.576471495076697,14.28571422489322,193.96066284179688,0.8374917862620082,11.111110669595242,213.4849853515625,0.9272083199738654,4.761904910578484,255.65576171875,cdip,2026-05-28 18:54:26+00:00
27,2026-05-31 06:00:00+00:00,1.508701205253601,0.7928465097729047,14.28571422489322,192.9894256591797,0.6119753100742769,22.222221339190483,193.15234375,0.947197319194063,11.111110669595242,214.50076293945312,cdip,2026-05-28 18:54:26+00:00
27,2026-05-31 09:00:00+00:00,1.5361374616622925,0.6561859375559567,22.222221339190483,193.1256103515625,0.961035516083192,11.111110669595242,215.08485412597656,0.7578832221275621,14.28571422489322,192.33438110351562,cdip,2026-05-28 18:54:26+00:00
27,2026-05-31 12:00:00+00:00,1.5767381191253662,0.7127989953012039,22.222221339190483,193.09011840820312,0.968419935527115,11.111110669595242,215.52658081054688,0.7362626793552177,14.28571422489322,191.83721923828125,cdip,2026-05-28 18:54:26+00:00
27,2026-05-31 15:00:00+00:00,1.6624188423156738,0.857127562426022,22.222221339190483,193.01068115234375,1.0119898226171942,11.111110669595242,216.16192626953125,0.6839847240723782,14.28571422489322,191.49440002441406,cdip,2026-05-28 18:54:26+00:00
27,2026-05-31 18:00:00+00:00,1.7823576927185059,0.9826627647341295,22.222221339190483,192.89947509765625,1.083573426171452,11.111110669595242,216.66941833496094,0.7098343636032944,14.28571422489322,191.2012176513672,cdip,2026-05-28 18:54:26+00:00
27,2026-05-31 21:00:00+00:00,1.9293575286865234,1.1439439152310018,22.222221339190483,192.7849578857422,1.135728895201631,11.111110669595242,216.65675354003906,0.7524507150215647,14.28571422489322,190.6954345703125,cdip,2026-05-28 18:54:26+00:00
27,2026-06-01 00:00:00+00:00,2.04665207862854,1.2754203341024333,22.222221339190483,192.72007751464844,1.1454418860207236,11.111110669595242,216.29664611816406,0.7830861293014733,14.28571422489322,190.0342559814453,cdip,2026-05-28 18:54:26+00:00
27,2026-06-01 03:00:00+00:00,2.159184455871582,1.4479283477940752,22.222221339190483,192.72824096679688,1.0477825168443655,11.111110669595242,216.0646514892578,0.688051052440835,14.28571422489322,189.4388427734375,cdip,2026-05-28 18:54:26+00:00
27,2026-06-01 06:00:00+00:00,2.233858585357666,1.5288699690243852,19.99999970197678,192.6072998046875,1.0350930154771785,11.111110669595242,215.8780517578125,0.6802094199145774,14.28571422489322,188.82321166992188,cdip,2026-05-28 18:54:26+00:00
27,2026-06-01 09:00:00+00:00,2.272538423538208,1.7228812996123248,19.99999970197678,192.78021240234375,1.0023336094200834,11.111110669595242,215.59141540527344,0.5968647539590836,7.692307974459867,236.36795043945312,cdip,2026-05-28 18:54:26+00:00
27,2026-06-01 12:00:00+00:00,2.310532808303833,1.7828175801512396,19.99999970197678,192.83978271484375,0.9643551735405492,11.111110669595242,215.4191436767578,0.913668258393629,4.761904910578484,256.8661804199219,cdip,2026-05-28 18:54:26+00:00
27,2026-06-01 15:00:00+00:00,2.3436264991760254,1.8452288264934933,19.99999970197678,192.91282653808594,0.9202698856148416,11.111110669595242,214.6990966796875,0.9313459988053118,4.761904910578484,256.61871337890625,cdip,2026-05-28 18:54:26+00:00
27,2026-06-01 18:00:00+00:00,2.382474899291992,1.9093544366333446,19.99999970197678,193.00973510742188,0.8877497151371696,11.111110669595242,213.66830444335938,0.9332341253999328,4.761904910578484,256.2618103027344,cdip,2026-05-28 18:54:26+00:00
27,2026-06-01 21:00:00+00:00,2.4093732833862305,1.9480254661055743,19.99999970197678,193.0792694091797,0.8682057083623109,11.111110669595242,212.1844482421875,0.9375415036798581,4.761904910578484,255.83096313476562,cdip,2026-05-28 18:54:26+00:00
27,2026-06-02 00:00:00+00:00,2.411632537841797,1.9562985604923389,18.181818280338256,193.35157775878906,0.8472900323677901,11.111110669595242,210.74713134765625,0.9451399114276285,4.761904910578484,255.18572998046875,cdip,2026-05-28 18:54:26+00:00
27,2026-06-02 03:00:00+00:00,2.3894941806793213,1.9694766807296924,18.181818280338256,193.4416046142578,0.7412045648678216,11.111110669595242,208.87498474121094,0.49334973935999826,4.761904910578484,254.44496154785156,cdip,2026-05-28 18:54:26+00:00
27,2026-06-02 06:00:00+00:00,2.3455326557159424,1.942313244744246,18.181818280338256,193.61656188964844,0.6878999379379421,11.111110669595242,206.05258178710938,0.4874135230921026,4.761904910578484,253.80120849609375,cdip,2026-05-28 18:54:26+00:00
27,2026-06-02 09:00:00+00:00,2.314856767654419,1.9336391535766781,18.181818280338256,193.86965942382812,0.6388806644973666,11.111110669595242,202.73150634765625,0.9907505875490565,4.761904910578484,253.34617614746094,cdip,2026-05-28 18:54:26+00:00
27,2026-06-02 12:00:00+00:00,2.290234088897705,1.9293392128758362,18.181818280338256,194.10592651367188,0.6073679208529851,11.111110669595242,199.63401794433594,0.969818933367364,4.761904910578484,252.86453247070312,cdip,2026-05-28 18:54:26+00:00
27,2026-06-02 15:00:00+00:00,2.2666091918945312,1.925887420976161,18.181818280338256,194.24900817871094,0.5924489243194545,11.111110669595242,196.9391632080078,0.9361933642521558,4.761904910578484,252.50897216796875,cdip,2026-05-28 18:54:26+00:00
27,2026-06-02 18:00:00+00:00,2.2550201416015625,1.92686517185155,16.666667039195705,194.88827514648438,0.5886416690163929,11.111110669595242,194.64210510253906,0.9160447193875512,4.761904910578484,252.76980590820312,cdip,2026-05-28 18:54:26+00:00
27,2026-06-02 21:00:00+00:00,2.2094218730926514,1.8860119683697496,16.666667039195705,194.90780639648438,0.5771220918131815,11.111110669595242,192.55416870117188,0.9030891005560401,4.761904910578484,253.15853881835938,cdip,2026-05-28 18:54:26+00:00
27,2026-06-03 00:00:00+00:00,2.127525568008423,1.824819709606571,16.666667039195705,194.96937561035156,0.5603543691990279,11.111110669595242,190.6224822998047,0.8491683370735418,4.761904910578484,253.20672607421875,cdip,2026-05-28 18:54:26+00:00
27,2026-06-03 03:00:00+00:00,2.103930950164795,1.822947355520871,16.666667039195705,195.0402374267578,0.5527688110943431,11.111110669595242,189.59629821777344,0.8066026763517861,4.761904910578484,253.80615234375,cdip,2026-05-28 18:54:26+00:00
27,2026-06-03 06:00:00+00:00,2.0000202655792236,1.7756928108813368,16.666667039195705,195.4722442626953,0.524814271265849,11.111110669595242,187.1640625,0.7100714970964271,4.761904910578484,254.21136474609375,cdip,2026-05-28 18:54:26+00:00
27,2026-06-03 09:00:00+00:00,1.9805595874786377,1.754532911038841,16.666667039195705,195.60011291503906,0.6278852297736605,11.111110669595242,187.4539337158203,0.6590441999329065,4.761904910578484,256.85174560546875,cdip,2026-05-28 18:54:26+00:00
27,2026-06-03 12:00:00+00:00,1.9530653953552246,1.8161942348335092,16.666667039195705,195.6053009033203,0.6700748010198756,4.761904910578484,257.0834045410156,0.23267008114103768,7.692307974459867,235.1034698486328,cdip,2026-05-28 18:54:26+00:00
27,2026-06-03 15:00:00+00:00,2.0074594020843506,1.881410647064235,16.666667039195705,195.73841857910156,0.3190267883173988,4.761904910578484,257.01593017578125,,,,cdip,2026-05-28 18:54:26+00:00
27,2026-06-03 18:00:00+00:00,1.946555495262146,1.8074327234451883,16.666667039195705,195.7251739501953,0.66053356891426,4.761904910578484,257.2491455078125,0.26876705051939415,7.692307974459867,235.23080444335938,cdip,2026-05-28 18:54:26+00:00
27,2026-06-03 21:00:00+00:00,1.9900838136672974,1.6068549829133771,16.666667039195705,195.83843994140625,0.9242644820311746,19.99999970197678,194.2801971435547,0.33875723036288624,4.761904910578484,256.0704345703125,cdip,2026-05-28 18:54:26+00:00
28,2026-05-28 09:00:00+00:00,1.174231767654419,0.5917601179501482,13.33333280351429,193.75198364257812,0.6562917556069768,11.111110669595242,212.79501342773438,0.30641180365232185,19.99999970197678,189.07974243164062,cdip,2026-05-28 18:54:26+00:00
28,2026-05-28 12:00:00+00:00,1.1432034969329834,0.5657838354974616,13.33333280351429,191.5863800048828,0.6282251453374187,11.111110669595242,211.4158477783203,0.3497109325068377,19.99999970197678,189.82887268066406,cdip,2026-05-28 18:54:26+00:00
28,2026-05-28 15:00:00+00:00,1.1193580627441406,0.4621010380654892,19.99999970197678,190.5677032470703,0.5543451044703083,13.33333280351429,189.93316650390625,0.5709744613732745,11.111110669595242,209.52049255371094,cdip,2026-05-28 18:54:26+00:00
28,2026-05-28 18:00:00+00:00,1.1247153282165527,0.5298066712852086,19.99999970197678,191.39501953125,0.5878702978078012,11.111110669595242,207.89894104003906,0.4574515725115514,13.33333280351429,189.1132049560547,cdip,2026-05-28 18:54:26+00:00
28,2026-05-28 21:00:00+00:00,1.1511988639831543,0.6336173749525298,19.99999970197678,192.4421844482422,0.6908727545523558,11.111110669595242,205.87344360351562,0.3248264456308655,7.14285711244661,236.1233673095703,cdip,2026-05-28 18:54:26+00:00
28,2026-05-29 00:00:00+00:00,1.1715404987335205,0.760211926230001,18.181818280338256,195.70108032226562,0.5884486805286823,11.111110669595242,202.340087890625,0.32318639035750607,6.25000013969839,241.69227600097656,cdip,2026-05-28 18:54:26+00:00
28,2026-05-29 03:00:00+00:00,1.2088881731033325,0.8269169731055628,18.181818280338256,197.7520751953125,0.5774862506237324,11.111110669595242,198.93515014648438,0.41949490589932664,5.555555334797621,243.37710571289062,cdip,2026-05-28 18:54:26+00:00
28,2026-05-29 06:00:00+00:00,1.251539707183838,0.9420253908699598,18.181818280338256,198.5034942626953,0.48106552922855556,11.111110669595242,196.5873565673828,0.659035910273339,5.555555334797621,242.11813354492188,cdip,2026-05-28 18:54:26+00:00
28,2026-05-29 09:00:00+00:00,1.269353985786438,0.977543576502166,16.666667039195705,201.9700469970703,0.5104949611557823,11.111110669595242,194.54788208007812,0.6178075924368208,5.555555334797621,241.80508422851562,cdip,2026-05-28 18:54:26+00:00
28,2026-05-29 12:00:00+00:00,1.2781038284301758,1.004852648795121,16.666667039195705,202.49114990234375,0.513152032504825,11.111110669595242,193.24240112304688,0.5890568314245906,5.555555334797621,241.63223266601562,cdip,2026-05-28 18:54:26+00:00
28,2026-05-29 15:00:00+00:00,1.2997316122055054,1.1777800638162068,16.666667039195705,202.4907684326172,0.5373165714063424,4.999999925494195,241.1341552734375,,,,cdip,2026-05-28 18:54:26+00:00
28,2026-05-29 18:00:00+00:00,1.3371376991271973,1.2218859624183602,16.666667039195705,202.26051330566406,0.5303703357714163,4.761904910578484,243.38572692871094,,,,cdip,2026-05-28 18:54:26+00:00
28,2026-05-29 21:00:00+00:00,1.3801727294921875,1.1258349131838412,16.666667039195705,201.70941162109375,0.5925301976277082,4.761904910578484,246.58197021484375,,,,cdip,2026-05-28 18:54:26+00:00
28,2026-05-30 00:00:00+00:00,1.4106605052947998,1.3144510007247692,15.384615948919734,202.79112243652344,0.49720460456269705,4.761904910578484,249.43629455566406,,,,cdip,2026-05-28 18:54:26+00:00
28,2026-05-30 03:00:00+00:00,1.4395873546600342,1.360883241095345,15.384615948919734,202.23463439941406,0.4519777647309019,4.761904910578484,252.2647705078125,,,,cdip,2026-05-28 18:54:26+00:00
28,2026-05-30 06:00:00+00:00,1.4020264148712158,0.16702306754620624,15.384615948919734,201.17970275878906,1.3186194765504808,4.761904910578484,256.0585021972656,,,,cdip,2026-05-28 18:54:26+00:00
28,2026-05-30 09:00:00+00:00,1.3177505731582642,0.1810114397776887,15.384615948919734,199.38223266601562,1.2377096551391207,4.545454570084564,257.4947509765625,,,,cdip,2026-05-28 18:54:26+00:00
28,2026-05-30 12:00:00+00:00,1.2470439672470093,0.1948750142677697,15.384615948919734,197.21119689941406,0.9140023613211159,11.764705758606276,206.35716247558594,0.20988994568584407,4.761904910578484,258.3563537597656,cdip,2026-05-28 18:54:26+00:00
28,2026-05-30 15:00:00+00:00,1.2093782424926758,0.28001020629984824,15.384615948919734,195.2114715576172,0.8216850450038401,11.764705758606276,206.8868865966797,0.2190775536600722,4.347826008084592,257.7750549316406,cdip,2026-05-28 18:54:26+00:00
28,2026-05-30 18:00:00+00:00,1.1747370958328247,0.30185129571767894,15.384615948919734,193.46104431152344,0.7595125292388666,11.764705758606276,207.32656860351562,0.2114089073210873,4.347826008084592,255.92593383789062,cdip,2026-05-28 18:54:26+00:00
28,2026-05-30 21:00:00+00:00,1.1739897727966309,0.3375163600453038,14.28571422489322,196.69332885742188,0.7395160673787101,11.764705758606276,207.78782653808594,0.72846359769541,4.761904910578484,255.10247802734375,cdip,2026-05-28 18:54:26+00:00
28,2026-05-31 00:00:00+00:00,1.1849195957183838,0.3753421482558296,14.28571422489322,195.19888305664062,0.7285637897224634,11.111110669595242,211.97267150878906,0.7351270198949218,4.761904910578484,255.22250366210938,cdip,2026-05-28 18:54:26+00:00
28,2026-05-31 03:00:00+00:00,1.194926381111145,0.4621140615231597,14.28571422489322,193.96066284179688,0.6713544973985776,11.111110669595242,213.4849853515625,0.7432735291866972,4.761904910578484,255.65576171875,cdip,2026-05-28 18:54:26+00:00
28,2026-05-31 06:00:00+00:00,1.2073454856872559,0.6344792996852974,14.28571422489322,192.9894256591797,0.48973623693170654,22.222221339190483,193.15234375,0.7579992903269237,11.111110669595242,214.50076293945312,cdip,2026-05-28 18:54:26+00:00
28,2026-05-31 09:00:00+00:00,1.2283306121826172,0.5247012609675922,22.222221339190483,193.1256103515625,0.7684659457983138,11.111110669595242,215.08485412597656,0.606020732168773,14.28571422489322,192.33438110351562,cdip,2026-05-28 18:54:26+00:00
28,2026-05-31 12:00:00+00:00,1.2529823780059814,0.5664381400089565,22.222221339190483,193.09011840820312,0.7695717735906384,11.111110669595242,215.52658081054688,0.5850839653270705,14.28571422489322,191.83721923828125,cdip,2026-05-28 18:54:26+00:00
28,2026-05-31 15:00:00+00:00,1.3121966123580933,0.6765562440256805,22.222221339190483,193.01068115234375,0.7987936258218236,11.111110669595242,216.16192626953125,0.5398894589033701,14.28571422489322,191.49440002441406,cdip,2026-05-28 18:54:26+00:00
28,2026-05-31 18:00:00+00:00,1.4005048274993896,0.7721367919137864,22.222221339190483,192.89947509765625,0.8514283222214334,11.111110669595242,216.66941833496094,0.5577592313178812,14.28571422489322,191.2012176513672,cdip,2026-05-28 18:54:26+00:00
28,2026-05-31 21:00:00+00:00,1.5106571912765503,0.8956904360710606,22.222221339190483,192.7849578857422,0.8892582021350516,11.111110669595242,216.65675354003906,0.5891573005338729,14.28571422489322,190.6954345703125,cdip,2026-05-28 18:54:26+00:00
28,2026-06-01 00:00:00+00:00,1.5939140319824219,0.9932858039604329,22.222221339190483,192.72007751464844,0.8920597658863046,11.111110669595242,216.29664611816406,0.6098603846243896,14.28571422489322,190.0342559814453,cdip,2026-05-28 18:54:26+00:00
28,2026-06-01 03:00:00+00:00,1.6777745485305786,1.125099459536047,22.222221339190483,192.72824096679688,0.8141698069582739,11.111110669595242,216.0646514892578,0.5346437677069972,14.28571422489322,189.4388427734375,cdip,2026-05-28 18:54:26+00:00
28,2026-06-01 06:00:00+00:00,1.7319600582122803,1.1853667762436575,19.99999970197678,192.6072998046875,0.8025305589928422,11.111110669595242,215.8780517578125,0.5273814409274008,14.28571422489322,188.82321166992188,cdip,2026-05-28 18:54:26+00:00
28,2026-06-01 09:00:00+00:00,1.7563010454177856,1.3315058647810636,19.99999970197678,192.78021240234375,0.7746401796283481,11.111110669595242,215.59141540527344,0.46127897525874406,7.692307974459867,236.36795043945312,cdip,2026-05-28 18:54:26+00:00
28,2026-06-01 12:00:00+00:00,1.7814245223999023,1.3745552288765859,19.99999970197678,192.83978271484375,0.7435193937070667,11.111110669595242,215.4191436767578,0.7044397004022066,4.761904910578484,256.8661804199219,cdip,2026-05-28 18:54:26+00:00
28,2026-06-01 15:00:00+00:00,1.804724097251892,1.4209298532101793,19.99999970197678,192.91282653808594,0.7086595086233097,11.111110669595242,214.6990966796875,0.7171887379871182,4.761904910578484,256.61871337890625,cdip,2026-05-28 18:54:26+00:00
28,2026-06-01 18:00:00+00:00,1.8351788520812988,1.4707423987057404,19.99999970197678,193.00973510742188,0.6838181117348534,11.111110669595242,213.66830444335938,0.7188539591239458,4.761904910578484,256.2618103027344,cdip,2026-05-28 18:54:26+00:00
28,2026-06-01 21:00:00+00:00,1.8571572303771973,1.5015480107859427,19.99999970197678,193.0792694091797,0.6692174086156305,11.111110669595242,212.1844482421875,0.7226617949169346,4.761904910578484,255.83096313476562,cdip,2026-05-28 18:54:26+00:00
28,2026-06-02 00:00:00+00:00,1.8595441579818726,1.5084485645565022,18.181818280338256,193.35157775878906,0.6533222785619028,11.111110669595242,210.74713134765625,0.728771656581531,4.761904910578484,255.18572998046875,cdip,2026-05-28 18:54:26+00:00
28,2026-06-02 03:00:00+00:00,1.8430522680282593,1.5190864657013057,18.181818280338256,193.4416046142578,0.5717020332475156,11.111110669595242,208.87498474121094,0.38052794392131195,4.761904910578484,254.44496154785156,cdip,2026-05-28 18:54:26+00:00
28,2026-06-02 06:00:00+00:00,1.8099043369293213,1.4987645945380732,18.181818280338256,193.61656188964844,0.5308104006169625,11.111110669595242,206.05258178710938,0.3761072696622114,4.761904910578484,253.80120849609375,cdip,2026-05-28 18:54:26+00:00
28,2026-06-02 09:00:00+00:00,1.7898763418197632,1.4951141251322795,18.181818280338256,193.86965942382812,0.49399056902476574,11.111110669595242,202.73150634765625,0.7660608212177263,4.761904910578484,253.34617614746094,cdip,2026-05-28 18:54:26+00:00
28,2026-06-02 12:00:00+00:00,1.7737685441970825,1.4942583065855535,18.181818280338256,194.10592651367188,0.4704017597482879,11.111110669595242,199.63401794433594,0.7511172671953498,4.761904910578484,252.86453247070312,cdip,2026-05-28 18:54:26+00:00
28,2026-06-02 15:00:00+00:00,1.759426474571228,1.4949455325480938,18.181818280338256,194.24900817871094,0.4598809167284422,11.111110669595242,196.9391632080078,0.7267081513936814,4.761904910578484,252.50897216796875,cdip,2026-05-28 18:54:26+00:00
28,2026-06-02 18:00:00+00:00,1.7548388242721558,1.4994712284879654,16.666667039195705,194.88827514648438,0.45807628861290073,11.111110669595242,194.64210510253906,0.7128587515078034,4.761904910578484,252.76980590820312,cdip,2026-05-28 18:54:26+00:00
28,2026-06-02 21:00:00+00:00,1.7107892036437988,1.4603679496621258,16.666667039195705,194.90780639648438,0.44687447378950107,11.111110669595242,192.55416870117188,0.6992757205465839,4.761904910578484,253.15853881835938,cdip,2026-05-28 18:54:26+00:00
28,2026-06-03 00:00:00+00:00,1.6301599740982056,1.3982196332509342,16.666667039195705,194.96937561035156,0.42935665176531046,11.111110669595242,190.6224822998047,0.6506526834298929,4.761904910578484,253.20672607421875,cdip,2026-05-28 18:54:26+00:00
28,2026-06-03 03:00:00+00:00,1.6003670692443848,1.386635291493367,16.666667039195705,195.0402374267578,0.4204667453390268,11.111110669595242,189.59629821777344,0.6135469210644375,4.761904910578484,253.80615234375,cdip,2026-05-28 18:54:26+00:00
28,2026-06-03 06:00:00+00:00,1.5110399723052979,1.3415578428954777,16.666667039195705,195.4722442626953,0.39650366176271284,11.111110669595242,187.1640625,0.5364677832273458,4.761904910578484,254.21136474609375,cdip,2026-05-28 18:54:26+00:00
28,2026-06-03 09:00:00+00:00,1.4860785007476807,1.316483333984369,16.666667039195705,195.60011291503906,0.4711227902602,11.111110669595242,187.4539337158203,0.49450238300575644,4.761904910578484,256.85174560546875,cdip,2026-05-28 18:54:26+00:00
28,2026-06-03 12:00:00+00:00,1.4686872959136963,1.3657614368746627,16.666667039195705,195.6053009033203,0.5038901156617217,4.761904910578484,257.0834045410156,0.17496577086429202,7.692307974459867,235.1034698486328,cdip,2026-05-28 18:54:26+00:00
28,2026-06-03 15:00:00+00:00,1.5217459201812744,1.4261952531029756,16.666667039195705,195.73841857910156,0.2418368854353717,4.761904910578484,257.01593017578125,,,,cdip,2026-05-28 18:54:26+00:00
28,2026-06-03 18:00:00+00:00,1.4785845279693604,1.372908248078791,16.666667039195705,195.7251739501953,0.5017348491769791,4.761904910578484,257.2491455078125,0.20415282720263048,7.692307974459867,235.23080444335938,cdip,2026-05-28 18:54:26+00:00
28,2026-06-03 21:00:00+00:00,1.513626217842102,1.2221483877447812,16.666667039195705,195.83843994140625,0.7029808903577078,19.99999970197678,194.2801971435547,0.2576533709185426,4.761904910578484,256.0704345703125,cdip,2026-05-28 18:54:26+00:00
29,2026-05-28 09:00:00+00:00,1.0561423301696777,0.7673663668489891,13.33333280351429,193.22781372070312,0.3505488361024588,19.99999970197678,187.01905822753906,0.4633759219828401,7.14285711244661,233.3096923828125,cdip,2026-05-28 18:54:26+00:00
29,2026-05-28 12:00:00+00:00,1.0513259172439575,0.4445643180369245,19.99999970197678,187.81492614746094,0.7215930311904923,13.33333280351429,191.51345825195312,0.41912389547009,7.14285711244661,232.97256469726562,cdip,2026-05-28 18:54:26+00:00
29,2026-05-28 15:00:00+00:00,1.0536235570907593,0.5232880506428464,19.99999970197678,188.55062866210938,0.4932157422558924,13.33333280351429,190.30799865722656,0.4717500918630369,11.111110669595242,204.9567108154297,cdip,2026-05-28 18:54:26+00:00
29,2026-05-28 18:00:00+00:00,1.074171543121338,0.5959427843170042,19.99999970197678,189.21282958984375,0.4632288836030551,11.111110669595242,203.42015075683594,0.46667961302372996,7.14285711244661,232.25230407714844,cdip,2026-05-28 18:54:26+00:00
29,2026-05-28 21:00:00+00:00,1.1132450103759766,0.6818778470663008,19.99999970197678,190.25985717773438,0.410461613478346,11.111110669595242,201.5675811767578,0.46329681472384837,7.14285711244661,231.7852020263672,cdip,2026-05-28 18:54:26+00:00
29,2026-05-29 00:00:00+00:00,1.1520239114761353,0.7621517487066094,18.181818280338256,193.9622039794922,0.3572520858725904,11.111110669595242,198.5236053466797,0.4565985037486226,6.25000013969839,237.55809020996094,cdip,2026-05-28 18:54:26+00:00
29,2026-05-29 03:00:00+00:00,1.1672340631484985,0.8292792110964243,18.181818280338256,195.96202087402344,0.52838220041869,11.111110669595242,195.7463836669922,0.6197489540146064,5.882352879303138,237.97225952148438,cdip,2026-05-28 18:54:26+00:00
29,2026-05-29 06:00:00+00:00,1.1864700317382812,0.8869311269454585,18.181818280338256,196.80931091308594,0.48345474008905703,11.111110669595242,193.9026336669922,0.6134391877099963,5.555555334797621,238.81814575195312,cdip,2026-05-28 18:54:26+00:00
29,2026-05-29 09:00:00+00:00,1.19130539894104,0.9337621035408353,16.666667039195705,201.77984619140625,0.45884905353935357,11.111110669595242,192.27296447753906,0.39356925646383495,5.555555334797621,238.45846557617188,cdip,2026-05-28 18:54:26+00:00
29,2026-05-29 12:00:00+00:00,1.1778764724731445,0.9423434720901233,16.666667039195705,202.17428588867188,0.452543981695793,11.111110669595242,191.2208709716797,0.3591332847076708,4.761904910578484,240.00901794433594,cdip,2026-05-28 18:54:26+00:00
29,2026-05-29 15:00:00+00:00,1.1849664449691772,0.9613766739582822,16.666667039195705,202.18630981445312,0.450091601242478,11.111110669595242,190.62664794921875,0.18474690990755038,4.761904910578484,240.19119262695312,cdip,2026-05-28 18:54:26+00:00
29,2026-05-29 18:00:00+00:00,1.2237144708633423,1.0045138804812686,16.666667039195705,201.94921875,0.4611740233903428,11.111110669595242,190.21109008789062,0.47793563057682636,4.761904910578484,241.7646942138672,cdip,2026-05-28 18:54:26+00:00
29,2026-05-29 21:00:00+00:00,1.2265270948410034,1.0171645457676224,16.666667039195705,201.37477111816406,0.4650387298864879,11.111110669595242,190.06503295898438,0.18977465352541922,4.761904910578484,244.65493774414062,cdip,2026-05-28 18:54:26+00:00
29,2026-05-30 00:00:00+00:00,1.2209659814834595,1.0217624684312314,15.384615948919734,202.12057495117188,0.47552382997323833,11.111110669595242,190.40989685058594,0.21658565267500182,4.761904910578484,247.25379943847656,cdip,2026-05-28 18:54:26+00:00
29,2026-05-30 03:00:00+00:00,1.2048243284225464,0.10649864268628809,15.384615948919734,201.5502471923828,1.1380223264322218,4.761904910578484,249.75823974609375,,,,cdip,2026-05-28 18:54:26+00:00
29,2026-05-30 06:00:00+00:00,1.1880788803100586,0.12994865470545447,15.384615948919734,200.55728149414062,1.1245710280253955,4.761904910578484,252.82455444335938,,,,cdip,2026-05-28 18:54:26+00:00
29,2026-05-30 09:00:00+00:00,1.0849153995513916,0.13856780052321493,15.384615948919734,198.9543914794922,0.30531682207589556,4.545454570084564,253.8303985595703,1.0270032789624526,5.882352879303138,242.6815643310547,cdip,2026-05-28 18:54:26+00:00
29,2026-05-30 12:00:00+00:00,1.0323529243469238,0.20072816739952518,15.384615948919734,197.060546875,0.2264547122372985,4.347826008084592,254.2451171875,0.9330554993826331,5.882352879303138,243.17372131347656,cdip,2026-05-28 18:54:26+00:00
29,2026-05-30 15:00:00+00:00,1.0139087438583374,0.2240495769410271,15.384615948919734,195.30523681640625,0.8733139630123329,7.692307974459867,230.07534790039062,0.29849382492019766,5.882352879303138,242.85037231445312,cdip,2026-05-28 18:54:26+00:00
29,2026-05-30 18:00:00+00:00,1.0028921365737915,0.2473653019254117,14.28571422489322,197.4696044921875,0.9053272261278964,5.882352879303138,241.82049560546875,0.1757461729174972,4.347826008084592,251.60304260253906,cdip,2026-05-28 18:54:26+00:00
29,2026-05-30 21:00:00+00:00,0.9670881032943726,0.2672804029934744,14.28571422489322,195.93740844726562,0.8639494021853352,5.882352879303138,241.2637939453125,,,,cdip,2026-05-28 18:54:26+00:00
29,2026-05-31 00:00:00+00:00,0.9721032977104187,0.33614623977741487,14.28571422489322,194.51771545410156,0.8433930917606499,5.882352879303138,241.42861938476562,,,,cdip,2026-05-28 18:54:26+00:00
29,2026-05-31 03:00:00+00:00,0.9661121964454651,0.36011776998181244,14.28571422489322,193.32656860351562,0.8210813394285265,5.882352879303138,241.43743896484375,,,,cdip,2026-05-28 18:54:26+00:00
29,2026-05-31 06:00:00+00:00,0.9731964468955994,0.5738478356184241,14.28571422489322,192.393310546875,0.381805734942779,22.222221339190483,193.88446044921875,0.5689174315082625,11.111110669595242,209.826904296875,cdip,2026-05-28 18:54:26+00:00
29,2026-05-31 09:00:00+00:00,0.9843739867210388,0.5448258916504201,14.28571422489322,191.79376220703125,0.40821585446626607,22.222221339190483,193.85220336914062,0.5794760373076773,11.111110669595242,210.43824768066406,cdip,2026-05-28 18:54:26+00:00
29,2026-05-31 12:00:00+00:00,0.9951287508010864,0.43876540782941786,22.222221339190483,193.76797485351562,0.4775216244925281,14.28571422489322,191.38357543945312,0.5324578960365619,11.111110669595242,210.8229217529297,cdip,2026-05-28 18:54:26+00:00
29,2026-05-31 15:00:00+00:00,1.0344451665878296,0.5193808547788279,22.222221339190483,193.62863159179688,0.443252538660993,14.28571422489322,191.1426544189453,0.5513365044184748,11.111110669595242,211.4761199951172,cdip,2026-05-28 18:54:26+00:00
29,2026-05-31 18:00:00+00:00,1.1014318466186523,0.594172531446846,22.222221339190483,193.4863739013672,0.45526159290710544,14.28571422489322,190.95191955566406,0.5891177940385602,11.111110669595242,212.06214904785156,cdip,2026-05-28 18:54:26+00:00
29,2026-05-31 21:00:00+00:00,1.1745516061782837,0.6845631109178115,22.222221339190483,193.36712646484375,0.6094408496305921,11.111110669595242,212.045654296875,0.4732571929408891,14.28571422489322,190.57508850097656,cdip,2026-05-28 18:54:26+00:00
29,2026-06-01 00:00:00+00:00,1.2310470342636108,0.7577373712021755,22.222221339190483,193.29965209960938,0.48396778253550315,14.28571422489322,190.0822296142578,0.6073777286781176,11.111110669595242,211.63043212890625,cdip,2026-05-28 18:54:26+00:00
29,2026-06-01 03:00:00+00:00,1.289267659187317,0.852007872323018,22.222221339190483,193.29183959960938,0.43233254526903375,14.28571422489322,189.67225646972656,0.6086633230775885,11.111110669595242,211.4141082763672,cdip,2026-05-28 18:54:26+00:00
29,2026-06-01 06:00:00+00:00,1.3391649723052979,0.9065993004870024,19.99999970197678,193.15550231933594,0.6040072471596771,11.111110669595242,211.20730590820312,0.4228748148852392,14.28571422489322,189.3408203125,cdip,2026-05-28 18:54:26+00:00
29,2026-06-01 09:00:00+00:00,1.3704301118850708,0.9508319491498395,19.99999970197678,193.30270385742188,0.5883380670485185,11.111110669595242,210.9001007080078,0.41220370933797057,14.28571422489322,189.07858276367188,cdip,2026-05-28 18:54:26+00:00
29,2026-06-01 12:00:00+00:00,1.4095933437347412,1.0857175935495125,19.99999970197678,193.34571838378906,0.5716060922564707,11.111110669595242,210.7477569580078,0.3904513475688066,7.692307974459867,231.67935180664062,cdip,2026-05-28 18:54:26+00:00
29,2026-06-01 15:00:00+00:00,1.4658178091049194,1.1528962905885132,19.99999970197678,193.4141845703125,0.5594373542065338,11.111110669595242,210.05567932128906,0.5811935174125767,4.761904910578484,253.7667999267578,cdip,2026-05-28 18:54:26+00:00
29,2026-06-01 18:00:00+00:00,1.5161093473434448,1.2343656436994932,19.99999970197678,193.5266571044922,0.5046211956503037,11.111110669595242,209.03305053710938,0.591932200945598,4.761904910578484,253.57904052734375,cdip,2026-05-28 18:54:26+00:00
29,2026-06-01 21:00:00+00:00,1.5508309602737427,1.274625906550114,18.181818280338256,193.54454040527344,0.4976972074959657,11.111110669595242,207.63189697265625,0.5997587084389143,4.761904910578484,253.31488037109375,cdip,2026-05-28 18:54:26+00:00
29,2026-06-02 00:00:00+00:00,1.5786597728729248,1.3021417783228408,18.181818280338256,193.53565979003906,0.4928485897295904,11.111110669595242,206.2781219482422,0.6145991417770127,4.761904910578484,252.8873291015625,cdip,2026-05-28 18:54:26+00:00
29,2026-06-02 03:00:00+00:00,1.5788687467575073,1.3053975292046167,18.181818280338256,193.58961486816406,0.4722677184148074,11.111110669595242,204.5021514892578,0.6282044056576876,4.761904910578484,252.35015869140625,cdip,2026-05-28 18:54:26+00:00
29,2026-06-02 06:00:00+00:00,1.5484428405761719,1.2862135633048815,18.181818280338256,193.7383270263672,0.43893747740029826,11.111110669595242,201.9558563232422,0.6308715161630556,4.761904910578484,251.8448486328125,cdip,2026-05-28 18:54:26+00:00
29,2026-06-02 09:00:00+00:00,1.538693904876709,1.2894467596663435,18.181818280338256,193.9812469482422,0.4121701001560689,11.111110669595242,199.13153076171875,0.6305645863976713,4.761904910578484,251.45587158203125,cdip,2026-05-28 18:54:26+00:00
29,2026-06-02 12:00:00+00:00,1.4780715703964233,1.2499095692883084,18.181818280338256,194.22511291503906,0.38159749580313257,11.111110669595242,196.58934020996094,0.6207981995700688,4.761904910578484,251.04641723632812,cdip,2026-05-28 18:54:26+00:00
29,2026-06-02 15:00:00+00:00,1.4818825721740723,1.2650549335519323,16.666667039195705,194.35960388183594,0.377302369934583,11.111110669595242,194.3717498779297,0.5819872113629523,4.761904910578484,250.7168731689453,cdip,2026-05-28 18:54:26+00:00
29,2026-06-02 18:00:00+00:00,1.441610336303711,1.2392674188524706,16.666667039195705,194.45773315429688,0.3663004904024512,11.111110669595242,192.37957763671875,0.554907942222348,4.761904910578484,250.9012451171875,cdip,2026-05-28 18:54:26+00:00
29,2026-06-02 21:00:00+00:00,1.4222373962402344,1.2230275133223054,16.666667039195705,194.45834350585938,0.3611298061430535,11.111110669595242,190.4686737060547,0.5485361813630112,4.761904910578484,251.24606323242188,cdip,2026-05-28 18:54:26+00:00
29,2026-06-03 00:00:00+00:00,1.3818244934082031,1.1941208922618078,16.666667039195705,194.49525451660156,0.35306983908197315,11.111110669595242,188.85781860351562,0.5212472912138505,4.761904910578484,251.2830047607422,cdip,2026-05-28 18:54:26+00:00
29,2026-06-03 03:00:00+00:00,1.4245411157608032,1.2438432825693444,16.666667039195705,194.54833984375,0.363373124106254,11.111110669595242,188.0194549560547,0.5152077403413582,4.761904910578484,251.63064575195312,cdip,2026-05-28 18:54:26+00:00
29,2026-06-03 06:00:00+00:00,1.3636324405670166,1.2189976430050526,16.666667039195705,194.98944091796875,0.35021771019568587,11.111110669595242,186.4969940185547,0.46342610559740455,4.761904910578484,251.99493408203125,cdip,2026-05-28 18:54:26+00:00
29,2026-06-03 09:00:00+00:00,1.4026397466659546,1.2556530047073609,16.666667039195705,195.07785034179688,0.37208084649564516,11.111110669595242,186.67697143554688,0.4316442406266407,4.761904910578484,253.59393310546875,cdip,2026-05-28 18:54:26+00:00
29,2026-06-03 12:00:00+00:00,1.3921760320663452,1.2524235712861669,16.666667039195705,195.17904663085938,0.1752809749290323,4.761904910578484,253.68081665039062,0.3718673452087224,7.692307974459867,229.81126403808594,cdip,2026-05-28 18:54:26+00:00
29,2026-06-03 15:00:00+00:00,1.403100609779358,1.3298704884249029,16.666667039195705,195.2742919921875,0.3852171060791073,4.761904910578484,253.10296630859375,0.20883534375771493,5.882352879303138,242.4522705078125,cdip,2026-05-28 18:54:26+00:00
29,2026-06-03 18:00:00+00:00,1.360068678855896,1.2904288791419876,16.666667039195705,195.33993530273438,0.0,4.761904910578484,253.29226684570312,0.4218151702897185,6.25000013969839,234.46832275390625,cdip,2026-05-28 18:54:26+00:00
29,2026-06-03 21:00:00+00:00,1.3799281120300293,1.2991875113579947,16.666667039195705,195.41944885253906,0.39665196193983154,4.761904910578484,251.98428344726562,0.22242948097395318,5.882352879303138,241.95291137695312,cdip,2026-05-28 18:54:26+00:00
30,2026-05-28 09:00:00+00:00,0.6878440380096436,0.5177823686602899,12.50000027939678,207.1453399658203,0.18146308209313985,19.99999970197678,199.5222625732422,0.20554773004483992,7.14285711244661,233.8891143798828,cdip,2026-05-28 18:54:26+00:00
30,2026-05-28 12:00:00+00:00,0.6747459173202515,0.4817317062608255,12.50000027939678,205.49722290039062,0.23928028831910925,19.99999970197678,200.26817321777344,0.3492774736540984,4.761904910578484,249.0485382080078,cdip,2026-05-28 18:54:26+00:00
30,2026-05-28 15:00:00+00:00,0.6663923859596252,0.3034879470769552,19.99999970197678,200.8905029296875,0.47901340689977123,12.50000027939678,203.9463348388672,0.21733813020111778,4.761904910578484,248.656494140625,cdip,2026-05-28 18:54:26+00:00
30,2026-05-28 18:00:00+00:00,0.6747236251831055,0.3586554667058094,19.99999970197678,201.41995239257812,0.44306831060047674,11.764705758606276,204.77737426757812,0.23934785748879622,4.761904910578484,248.0904541015625,cdip,2026-05-28 18:54:26+00:00
30,2026-05-28 21:00:00+00:00,0.6812098622322083,0.414554664394783,19.99999970197678,202.076416015625,0.37568563372789265,11.111110669595242,203.62396240234375,0.15135538194578366,4.761904910578484,247.28433227539062,cdip,2026-05-28 18:54:26+00:00
30,2026-05-29 00:00:00+00:00,0.7143802046775818,0.4803940664052287,18.181818280338256,205.2547149658203,0.35179830090264,11.111110669595242,201.4878692626953,0.2551635610725196,5.555555334797621,241.28501892089844,cdip,2026-05-28 18:54:26+00:00
30,2026-05-29 03:00:00+00:00,0.7388746738433838,0.527225074449155,18.181818280338256,206.2501983642578,0.3405535623481068,11.111110669595242,199.68209838867188,0.38365906016280354,5.555555334797621,239.7789764404297,cdip,2026-05-28 18:54:26+00:00
30,2026-05-29 06:00:00+00:00,0.7599831819534302,0.5598610496061924,16.666667039195705,208.6886444091797,0.3346323286483784,11.111110669595242,198.2124786376953,0.28886328387465326,5.555555334797621,238.63058471679688,cdip,2026-05-28 18:54:26+00:00
30,2026-05-29 09:00:00+00:00,0.7709565162658691,0.5932071723105905,16.666667039195705,208.8110809326172,0.31498571114145923,11.111110669595242,196.70277404785156,0.3720812722858675,4.761904910578484,239.1688232421875,cdip,2026-05-28 18:54:26+00:00
30,2026-05-29 12:00:00+00:00,0.7814724445343018,0.618623732974991,16.666667039195705,208.9244384765625,0.31381081087270174,11.111110669595242,195.59078979492188,0.35308032926214616,4.761904910578484,238.62648010253906,cdip,2026-05-28 18:54:26+00:00
30,2026-05-29 15:00:00+00:00,0.7988362312316895,0.6456467275155722,16.666667039195705,208.9631805419922,0.33389749520444695,11.111110669595242,194.5955810546875,0.3240639698940604,4.761904910578484,238.71202087402344,cdip,2026-05-28 18:54:26+00:00
30,2026-05-29 18:00:00+00:00,0.790700376033783,0.6489378378825071,16.666667039195705,208.8711395263672,0.3262399736237589,11.111110669595242,193.67359924316406,0.3052679407658872,4.761904910578484,240.03414916992188,cdip,2026-05-28 18:54:26+00:00
30,2026-05-29 21:00:00+00:00,0.7747676372528076,0.6528126457973772,16.666667039195705,208.5354461669922,0.3008937412167679,11.111110669595242,193.17652893066406,0.2816068501939217,4.761904910578484,242.47271728515625,cdip,2026-05-28 18:54:26+00:00
30,2026-05-30 00:00:00+00:00,0.7603368163108826,0.6468198253246024,15.384615948919734,209.50338745117188,0.3084979829164648,11.111110669595242,193.4608154296875,0.2456276066028892,4.761904910578484,244.66757202148438,cdip,2026-05-28 18:54:26+00:00
30,2026-05-30 03:00:00+00:00,0.7528994083404541,0.05496007513383442,15.384615948919734,208.93399047851562,0.6410754137124405,11.111110669595242,194.84852600097656,0.3161980226932333,4.761904910578484,246.64935302734375,cdip,2026-05-28 18:54:26+00:00
30,2026-05-30 06:00:00+00:00,0.7181150317192078,0.06955529424959413,15.384615948919734,208.16156005859375,0.6853701338194041,4.545454570084564,248.03921508789062,,,,cdip,2026-05-28 18:54:26+00:00
30,2026-05-30 09:00:00+00:00,0.6748346090316772,0.07912323576143396,15.384615948919734,207.2290802001953,0.17027413051777887,4.347826008084592,248.70416259765625,0.645094880491736,5.882352879303138,241.458251953125,cdip,2026-05-28 18:54:26+00:00
30,2026-05-30 12:00:00+00:00,0.6392131447792053,0.11383172243656578,14.28571422489322,209.00283813476562,0.6020524008951489,5.882352879303138,242.01573181152344,0.11136801223522774,4.347826008084592,249.11349487304688,cdip,2026-05-28 18:54:26+00:00
30,2026-05-30 15:00:00+00:00,0.6199371814727783,0.12969222699059924,14.28571422489322,208.22901916503906,0.5703418423524853,5.882352879303138,241.859375,0.13538612634216865,4.347826008084592,248.77398681640625,cdip,2026-05-28 18:54:26+00:00
30,2026-05-30 18:00:00+00:00,0.6271700263023376,0.14997770290450585,14.28571422489322,207.42967224121094,0.5692168201829045,5.882352879303138,240.9743194580078,0.1282045173589204,4.347826008084592,246.23768615722656,cdip,2026-05-28 18:54:26+00:00
30,2026-05-30 21:00:00+00:00,0.6250519156455994,0.19097385023221589,14.28571422489322,206.489013671875,0.5526907080790823,5.882352879303138,240.39297485351562,,,,cdip,2026-05-28 18:54:26+00:00
30,2026-05-31 00:00:00+00:00,0.6197773814201355,0.21193705154094716,13.33333280351429,206.21063232421875,0.5381580374638679,5.882352879303138,240.46505737304688,,,,cdip,2026-05-28 18:54:26+00:00
30,2026-05-31 03:00:00+00:00,0.6112517714500427,0.22874011059802932,13.33333280351429,205.16468811035156,0.518021217413317,5.882352879303138,240.44879150390625,,,,cdip,2026-05-28 18:54:26+00:00
30,2026-05-31 06:00:00+00:00,0.6127582788467407,0.5038930801650627,13.33333280351429,204.28860473632812,0.24554125404256408,22.222221339190483,203.06797790527344,0.12489439012442322,5.882352879303138,240.18386840820312,cdip,2026-05-28 18:54:26+00:00
30,2026-05-31 09:00:00+00:00,0.5913825035095215,0.46229941450376977,13.33333280351429,203.83827209472656,0.2675597466012101,22.222221339190483,203.0591583251953,0.12700854723852406,5.882352879303138,240.36227416992188,cdip,2026-05-28 18:54:26+00:00
30,2026-05-31 12:00:00+00:00,0.5841178894042969,0.2836287325833594,22.222221339190483,203.02783203125,0.42040068154284627,13.33333280351429,203.71046447753906,0.12150586612417312,5.882352879303138,240.73309326171875,cdip,2026-05-28 18:54:26+00:00
30,2026-05-31 15:00:00+00:00,0.619968831539154,0.3251567668917749,22.222221339190483,202.9803466796875,0.431394462165737,12.50000027939678,207.9228973388672,0.1254235300445961,7.14285711244661,234.3756866455078,cdip,2026-05-28 18:54:26+00:00
30,2026-05-31 18:00:00+00:00,0.6812320947647095,0.38607687537696556,22.222221339190483,202.93936157226562,0.464449011007335,12.50000027939678,208.574462890625,0.13494958028966894,7.14285711244661,234.20712280273438,cdip,2026-05-28 18:54:26+00:00
30,2026-05-31 21:00:00+00:00,0.744469404220581,0.4572760266484186,22.222221339190483,202.91383361816406,0.48830355277895277,12.50000027939678,208.56024169921875,0.1426301954132502,7.14285711244661,234.29287719726562,cdip,2026-05-28 18:54:26+00:00
30,2026-06-01 00:00:00+00:00,0.8192916512489319,0.5453525362418211,22.222221339190483,202.90431213378906,0.49767445566763924,12.50000027939678,208.0981903076172,0.17776239244776404,7.14285711244661,234.55967712402344,cdip,2026-05-28 18:54:26+00:00
30,2026-06-01 03:00:00+00:00,0.8869901895523071,0.6143985377279727,19.99999970197678,202.86431884765625,0.5093379087514885,12.50000027939678,207.6262664794922,0.19294340501395316,7.14285711244661,234.73941040039062,cdip,2026-05-28 18:54:26+00:00
30,2026-06-01 06:00:00+00:00,0.9309782385826111,0.663025071984967,19.99999970197678,202.8845977783203,0.505353207871278,12.50000027939678,207.07278442382812,0.2089154808601663,7.14285711244661,234.8644256591797,cdip,2026-05-28 18:54:26+00:00
30,2026-06-01 09:00:00+00:00,0.9548503160476685,0.697055829411461,19.99999970197678,202.92440795898438,0.48892621850751494,12.50000027939678,206.2500762939453,0.21105191989350722,7.14285711244661,235.015869140625,cdip,2026-05-28 18:54:26+00:00
30,2026-06-01 12:00:00+00:00,0.9572435617446899,0.7279482073041915,19.99999970197678,202.94325256347656,0.44298423638108664,12.50000027939678,205.4080810546875,0.3757338998696422,4.761904910578484,249.35145568847656,cdip,2026-05-28 18:54:26+00:00
30,2026-06-01 15:00:00+00:00,0.9437265396118164,0.7346853264642275,19.99999970197678,202.96986389160156,0.40867457050656436,12.50000027939678,204.56790161132812,0.3745817455637093,4.761904910578484,249.91207885742188,cdip,2026-05-28 18:54:26+00:00
30,2026-06-01 18:00:00+00:00,0.9282603859901428,0.7371915995544471,18.181818280338256,202.04551696777344,0.38237041323071447,11.764705758606276,207.47032165527344,0.3634062619714281,4.761904910578484,250.01589965820312,cdip,2026-05-28 18:54:26+00:00
30,2026-06-01 21:00:00+00:00,0.9323703646659851,0.7572331889862352,18.181818280338256,202.044677734375,0.3558247710982828,11.764705758606276,206.3163299560547,0.36086674864902263,4.761904910578484,250.00296020507812,cdip,2026-05-28 18:54:26+00:00
30,2026-06-02 00:00:00+00:00,0.9410038590431213,0.7697511827744293,18.181818280338256,202.047607421875,0.3466078930404791,11.764705758606276,205.154296875,0.1823552241729744,4.761904910578484,249.91432189941406,cdip,2026-05-28 18:54:26+00:00
30,2026-06-02 03:00:00+00:00,0.9692922234535217,0.7974513717915337,18.181818280338256,202.06607055664062,0.3402722593762263,11.764705758606276,203.85629272460938,0.3856141164024648,4.761904910578484,249.69378662109375,cdip,2026-05-28 18:54:26+00:00
30,2026-06-02 06:00:00+00:00,0.9947581887245178,0.8227185768098242,18.181818280338256,202.12013244628906,0.3315762250843429,11.111110669595242,204.23680114746094,0.18275730128830428,4.761904910578484,249.42776489257812,cdip,2026-05-28 18:54:26+00:00
30,2026-06-02 09:00:00+00:00,1.0119386911392212,0.8501839674825465,18.181818280338256,202.22178649902344,0.3026409775972225,11.111110669595242,202.05377197265625,0.4531690363805672,4.761904910578484,249.15298461914062,cdip,2026-05-28 18:54:26+00:00
30,2026-06-02 12:00:00+00:00,0.9891218543052673,0.8378613497996226,18.181818280338256,202.3519744873047,0.28562048174773363,11.111110669595242,200.20570373535156,0.43701470683596316,4.761904910578484,248.8724365234375,cdip,2026-05-28 18:54:26+00:00
30,2026-06-02 15:00:00+00:00,0.9617207646369934,0.8220298987716934,16.666667039195705,201.61160278320312,0.27317308717036115,11.111110669595242,198.46072387695312,0.41361598481205963,4.761904910578484,248.57919311523438,cdip,2026-05-28 18:54:26+00:00
30,2026-06-02 18:00:00+00:00,0.9298586249351501,0.8012019090996406,16.666667039195705,201.6796875,0.261731525417775,11.111110669595242,196.6931915283203,0.3885973653166293,4.761904910578484,248.6259765625,cdip,2026-05-28 18:54:26+00:00
30,2026-06-02 21:00:00+00:00,0.8924369812011719,0.7707255915107838,16.666667039195705,201.70130920410156,0.25062373859307846,11.111110669595242,194.88612365722656,0.36970565993753407,4.761904910578484,248.9127655029297,cdip,2026-05-28 18:54:26+00:00
30,2026-06-03 00:00:00+00:00,0.8631981611251831,0.7486050126719641,16.666667039195705,201.74029541015625,0.2454659983669165,11.111110669595242,193.2940216064453,0.13184267288301366,4.761904910578484,248.96022033691406,cdip,2026-05-28 18:54:26+00:00
30,2026-06-03 03:00:00+00:00,0.8533676862716675,0.7524226492454006,16.666667039195705,201.76890563964844,0.22748801969338092,11.111110669595242,192.37750244140625,0.12209635762114529,4.761904910578484,248.96778869628906,cdip,2026-05-28 18:54:26+00:00
30,2026-06-03 06:00:00+00:00,0.8068066239356995,0.7242117182744152,16.666667039195705,202.21783447265625,0.21072457838278938,11.111110669595242,191.48960876464844,0.27630594851201384,4.761904910578484,249.28599548339844,cdip,2026-05-28 18:54:26+00:00
30,2026-06-03 09:00:00+00:00,0.812319815158844,0.7382152047822153,16.666667039195705,202.23236083984375,0.22931983437275766,11.111110669595242,191.5416259765625,0.2268202658533272,4.761904910578484,249.081298828125,cdip,2026-05-28 18:54:26+00:00
30,2026-06-03 12:00:00+00:00,0.8364657759666443,0.7584006460262416,16.666667039195705,202.62684631347656,0.23921032230532768,11.111110669595242,191.56289672851562,0.1506691358844153,4.761904910578484,248.68869018554688,cdip,2026-05-28 18:54:26+00:00
30,2026-06-03 15:00:00+00:00,0.841431736946106,0.7586006547318824,16.666667039195705,202.6485595703125,0.26967272392080816,11.111110669595242,191.67103576660156,0.11986967835319813,4.761904910578484,247.86016845703125,cdip,2026-05-28 18:54:26+00:00
30,2026-06-03 18:00:00+00:00,0.822059690952301,0.7390428669284796,16.666667039195705,202.90867614746094,0.2567702030321136,11.111110669595242,191.42637634277344,0.14894141444573297,4.761904910578484,247.9617919921875,cdip,2026-05-28 18:54:26+00:00
30,2026-06-03 21:00:00+00:00,0.8638833165168762,0.7621271265986247,16.666667039195705,202.91748046875,0.3027246320185143,11.111110669595242,191.4687042236328,0.135064307049607,5.882352879303138,240.84906005859375,cdip,2026-05-28 18:54:26+00:00
31,2026-05-28 09:00:00+00:00,0.6702213883399963,0.5017446026713432,13.33333280351429,193.0724639892578,0.19457169873042246,19.99999970197678,189.14215087890625,0.27644905245273393,7.14285711244661,230.8035430908203,cdip,2026-05-28 18:54:26+00:00
31,2026-05-28 12:00:00+00:00,0.65248703956604,0.46516747019091853,13.33333280351429,191.6068572998047,0.2479869388925864,19.99999970197678,189.76319885253906,0.2610098907894345,7.14285711244661,230.5071563720703,cdip,2026-05-28 18:54:26+00:00
31,2026-05-28 15:00:00+00:00,0.6482110023498535,0.29356455263069536,19.99999970197678,190.26072692871094,0.4506175762775869,12.50000027939678,195.23886108398438,0.23240545383379696,7.14285711244661,230.18675231933594,cdip,2026-05-28 18:54:26+00:00
31,2026-05-28 18:00:00+00:00,0.6505905985832214,0.33665354879266535,19.99999970197678,190.80657958984375,0.42821989519091824,12.50000027939678,193.67530822753906,0.20790287094900703,7.14285711244661,229.87498474121094,cdip,2026-05-28 18:54:26+00:00
31,2026-05-28 21:00:00+00:00,0.6738179326057434,0.3957671913564454,19.99999970197678,191.82138061523438,0.4033043630608214,12.50000027939678,192.4244842529297,0.21598686059778643,7.14285711244661,229.46559143066406,cdip,2026-05-28 18:54:26+00:00
31,2026-05-29 00:00:00+00:00,0.6879228949546814,0.444467214406649,18.181818280338256,194.69105529785156,0.3602068825285131,11.764705758606276,194.830810546875,0.30477996736016455,6.666666401757145,232.04513549804688,cdip,2026-05-28 18:54:26+00:00
31,2026-05-29 03:00:00+00:00,0.706925630569458,0.49481813709774675,18.181818280338256,196.30288696289062,0.3339379353061127,11.764705758606276,193.4959259033203,0.3734782384169083,5.882352879303138,235.78277587890625,cdip,2026-05-28 18:54:26+00:00
31,2026-05-29 06:00:00+00:00,0.7200426459312439,0.5174395589359619,18.181818280338256,196.98171997070312,0.34385718890516287,11.111110669595242,193.40853881835938,0.27869209390994515,5.555555334797621,236.7845458984375,cdip,2026-05-28 18:54:26+00:00
31,2026-05-29 09:00:00+00:00,0.7277029752731323,0.5511108724330385,16.666667039195705,200.0359344482422,0.320323887904676,11.111110669595242,191.85011291503906,0.2344412521025853,4.761904910578484,239.3114013671875,cdip,2026-05-28 18:54:26+00:00
31,2026-05-29 12:00:00+00:00,0.7191486954689026,0.5564335022409844,16.666667039195705,200.36949157714844,0.3168561854441221,11.764705758606276,191.22134399414062,0.32137949276124766,4.761904910578484,238.78302001953125,cdip,2026-05-28 18:54:26+00:00
31,2026-05-29 15:00:00+00:00,0.7245774269104004,0.6510652812700879,16.666667039195705,200.3500518798828,0.31190033998300326,4.761904910578484,238.92532348632812,,,,cdip,2026-05-28 18:54:26+00:00
31,2026-05-29 18:00:00+00:00,0.7190268039703369,0.6514735832273294,16.666667039195705,200.15359497070312,0.27759566764920385,4.761904910578484,240.365234375,0.10854459654895818,7.14285711244661,227.26283264160156,cdip,2026-05-28 18:54:26+00:00
31,2026-05-29 21:00:00+00:00,0.6987224817276001,0.6397086993390514,16.666667039195705,199.70977783203125,0.2440321919936618,4.761904910578484,242.98223876953125,0.12595741816963432,7.14285711244661,227.52774047851562,cdip,2026-05-28 18:54:26+00:00
31,2026-05-30 00:00:00+00:00,0.695507287979126,0.6451357993806063,16.666667039195705,198.82061767578125,0.2224672340983448,4.761904910578484,245.34115600585938,0.11989361393499423,7.14285711244661,227.21353149414062,cdip,2026-05-28 18:54:26+00:00
31,2026-05-30 03:00:00+00:00,0.677821159362793,0.06000822571814742,15.384615948919734,200.10569763183594,0.6333292284581633,4.761904910578484,247.5717010498047,,,,cdip,2026-05-28 18:54:26+00:00
31,2026-05-30 06:00:00+00:00,0.6484715938568115,0.07247121549742283,15.384615948919734,199.23464965820312,0.607981464306507,4.761904910578484,250.03738403320312,,,,cdip,2026-05-28 18:54:26+00:00
31,2026-05-30 09:00:00+00:00,0.6216400861740112,0.08142264303202221,15.384615948919734,197.81460571289062,0.5816702295717063,7.14285711244661,228.36572265625,0.11363003068411241,4.545454570084564,250.68814086914062,cdip,2026-05-28 18:54:26+00:00
31,2026-05-30 12:00:00+00:00,0.6004822254180908,0.11854675953228941,15.384615948919734,196.1886444091797,0.5486095850776478,7.14285711244661,229.8955535888672,0.12835020010536777,4.347826008084592,251.0098419189453,cdip,2026-05-28 18:54:26+00:00
31,2026-05-30 15:00:00+00:00,0.5866078734397888,0.13278319163396443,15.384615948919734,194.73182678222656,0.5116417135775814,7.692307974459867,227.90805053710938,0.17071906205308748,5.882352879303138,239.52505493164062,cdip,2026-05-28 18:54:26+00:00
31,2026-05-30 18:00:00+00:00,0.5849248170852661,0.14887054726967475,14.28571422489322,196.37271118164062,0.5321274918567767,5.263157960780771,242.02215576171875,,,,cdip,2026-05-28 18:54:26+00:00
31,2026-05-30 21:00:00+00:00,0.5658600330352783,0.1618935915572067,14.28571422489322,195.13311767578125,0.5087132773038336,5.263157960780771,241.44888305664062,,,,cdip,2026-05-28 18:54:26+00:00
31,2026-05-31 00:00:00+00:00,0.5763912796974182,0.2056374966207347,14.28571422489322,194.02676391601562,0.5028502666115503,5.263157960780771,241.35409545898438,,,,cdip,2026-05-28 18:54:26+00:00
31,2026-05-31 03:00:00+00:00,0.5926812887191772,0.2290145893424343,14.28571422489322,193.0988006591797,0.506261177665733,5.263157960780771,241.34982299804688,,,,cdip,2026-05-28 18:54:26+00:00
31,2026-05-31 06:00:00+00:00,0.6112618446350098,0.5094442669501124,14.28571422489322,192.3417510986328,0.25037594668429153,22.222221339190483,194.7333984375,0.11002999639494339,5.263157960780771,240.92764282226562,cdip,2026-05-28 18:54:26+00:00
31,2026-05-31 09:00:00+00:00,0.6205857396125793,0.35990081656523837,14.28571422489322,191.8323516845703,0.27058635066308406,22.222221339190483,194.6985321044922,0.3505082889181454,11.111110669595242,209.7105255126953,cdip,2026-05-28 18:54:26+00:00
31,2026-05-31 12:00:00+00:00,0.6349607110023499,0.31287773853463846,22.222221339190483,194.5903778076172,0.3330490335984012,13.33333280351429,193.8391571044922,0.2915166108786799,11.111110669595242,210.08242797851562,cdip,2026-05-28 18:54:26+00:00
31,2026-05-31 15:00:00+00:00,0.6766906976699829,0.358372008671035,22.222221339190483,194.4208221435547,0.3366846403475452,13.33333280351429,193.71597290039062,0.30924678208556444,11.111110669595242,210.72955322265625,cdip,2026-05-28 18:54:26+00:00
31,2026-05-31 18:00:00+00:00,0.6983022689819336,0.39783628858845527,22.222221339190483,194.26341247558594,0.3340277156030455,13.33333280351429,193.77870178222656,0.31923446751106854,11.111110669595242,211.3261260986328,cdip,2026-05-28 18:54:26+00:00
31,2026-05-31 21:00:00+00:00,0.7207967638969421,0.443115810342275,22.222221339190483,194.14488220214844,0.3326586698325043,13.33333280351429,193.565185546875,0.3183546710445846,11.111110669595242,211.27748107910156,cdip,2026-05-28 18:54:26+00:00
31,2026-06-01 00:00:00+00:00,0.7495920062065125,0.48661078082238757,22.222221339190483,194.08261108398438,0.3337348763735309,13.33333280351429,193.06529235839844,0.31414793916648087,11.111110669595242,210.7891082763672,cdip,2026-05-28 18:54:26+00:00
31,2026-06-01 03:00:00+00:00,0.8143168091773987,0.5645128016915497,22.222221339190483,194.07566833496094,0.3177068194126372,13.33333280351429,192.500732421875,0.3261025498676493,11.111110669595242,210.5391387939453,cdip,2026-05-28 18:54:26+00:00
31,2026-06-01 06:00:00+00:00,0.808773934841156,0.5749767430843453,19.99999970197678,193.9392852783203,0.29431091887004995,13.33333280351429,191.85105895996094,0.30940805782061404,11.111110669595242,210.3299102783203,cdip,2026-05-28 18:54:26+00:00
31,2026-06-01 09:00:00+00:00,0.8068477511405945,0.5878096284737352,19.99999970197678,194.07223510742188,0.2767827255918355,13.33333280351429,191.15390014648438,0.2936377934090009,11.111110669595242,209.97206115722656,cdip,2026-05-28 18:54:26+00:00
31,2026-06-01 12:00:00+00:00,0.8195914030075073,0.6128304016290962,19.99999970197678,194.1112823486328,0.2692220233292155,13.33333280351429,190.6405487060547,0.2806629812205933,11.111110669595242,209.75836181640625,cdip,2026-05-28 18:54:26+00:00
31,2026-06-01 15:00:00+00:00,0.8076781630516052,0.6327948513587897,19.99999970197678,194.18019104003906,0.22199446397272535,13.33333280351429,190.31639099121094,0.25884360694076863,11.111110669595242,208.9588623046875,cdip,2026-05-28 18:54:26+00:00
31,2026-06-01 18:00:00+00:00,0.7923246622085571,0.6329356989030289,19.99999970197678,194.3025360107422,0.3208722774023517,12.50000027939678,194.98953247070312,0.19810695005016016,7.14285711244661,231.4955596923828,cdip,2026-05-28 18:54:26+00:00
31,2026-06-01 21:00:00+00:00,0.7865020036697388,0.6463741648567431,18.181818280338256,194.49420166015625,0.286466943365789,12.50000027939678,193.76614379882812,0.1926443191879479,7.14285711244661,231.48269653320312,cdip,2026-05-28 18:54:26+00:00
31,2026-06-02 00:00:00+00:00,0.806279182434082,0.6662790114520303,18.181818280338256,194.48117065429688,0.28580461385832023,12.50000027939678,192.6197052001953,0.19450948192498174,7.14285711244661,231.5215606689453,cdip,2026-05-28 18:54:26+00:00
31,2026-06-02 03:00:00+00:00,0.8107606172561646,0.6727719616527079,18.181818280338256,194.52285766601562,0.2767886148819121,12.50000027939678,191.55038452148438,0.1836119457892261,4.761904910578484,250.3804931640625,cdip,2026-05-28 18:54:26+00:00
31,2026-06-02 06:00:00+00:00,0.8182114362716675,0.6821199480630326,18.181818280338256,194.65451049804688,0.268757748866932,12.50000027939678,190.70091247558594,0.18715709368932457,4.761904910578484,249.9854736328125,cdip,2026-05-28 18:54:26+00:00
31,2026-06-02 09:00:00+00:00,0.7965349555015564,0.6775053561761383,18.181818280338256,194.8834991455078,0.22848437523376794,11.764705758606276,193.3974609375,0.18220078931382636,4.761904910578484,249.64968872070312,cdip,2026-05-28 18:54:26+00:00
31,2026-06-02 12:00:00+00:00,0.7685684561729431,0.6584971334009827,18.181818280338256,195.128173828125,0.21438083399572838,11.764705758606276,192.368896484375,0.17443223656374598,4.761904910578484,249.2952117919922,cdip,2026-05-28 18:54:26+00:00
31,2026-06-02 15:00:00+00:00,0.7645420432090759,0.6599647918636818,16.666667039195705,195.36630249023438,0.21120078742759255,11.764705758606276,191.58541870117188,0.1684033481115968,4.761904910578484,248.99049377441406,cdip,2026-05-28 18:54:26+00:00
31,2026-06-02 18:00:00+00:00,0.7425869703292847,0.6449651946638809,16.666667039195705,195.4604034423828,0.20419717282097344,11.111110669595242,191.92832946777344,0.1590126128495943,4.761904910578484,249.12290954589844,cdip,2026-05-28 18:54:26+00:00
31,2026-06-02 21:00:00+00:00,0.7577076554298401,0.658600997944779,16.666667039195705,195.45570373535156,0.20773920273050955,11.111110669595242,190.27159118652344,0.16232896924590315,4.761904910578484,249.4332275390625,cdip,2026-05-28 18:54:26+00:00
31,2026-06-03 00:00:00+00:00,0.7888391613960266,0.6880691433081266,16.666667039195705,195.48475646972656,0.21804118801168723,11.111110669595242,188.8817596435547,0.2747197783593083,4.761904910578484,249.465087890625,cdip,2026-05-28 18:54:26+00:00
31,2026-06-03 03:00:00+00:00,0.825009286403656,0.732947175658997,16.666667039195705,195.53184509277344,0.20488873674886524,11.111110669595242,188.06396484375,0.2746903862712789,4.761904910578484,249.64083862304688,cdip,2026-05-28 18:54:26+00:00
31,2026-06-03 06:00:00+00:00,0.823901355266571,0.7457325960626441,16.666667039195705,195.9891815185547,0.20940000944926032,11.111110669595242,186.7435302734375,0.12312583893201866,4.761904910578484,249.9536590576172,cdip,2026-05-28 18:54:26+00:00
31,2026-06-03 09:00:00+00:00,0.8699670433998108,0.7886419409283077,16.666667039195705,196.0721893310547,0.22746429937501417,11.111110669595242,186.8271942138672,0.1465438872963033,7.14285711244661,230.78936767578125,cdip,2026-05-28 18:54:26+00:00
31,2026-06-03 12:00:00+00:00,0.8742792010307312,0.8292284812830992,16.666667039195705,196.1910858154297,0.10941499966246152,4.761904910578484,250.63375854492188,,,,cdip,2026-05-28 18:54:26+00:00
31,2026-06-03 15:00:00+00:00,0.8769928216934204,0.8239788861349046,16.666667039195705,196.28334045410156,0.1593946015465833,7.14285711244661,230.52818298339844,0.12012581014854529,4.761904910578484,249.85215759277344,cdip,2026-05-28 18:54:26+00:00
31,2026-06-03 18:00:00+00:00,0.8580048084259033,0.8222679090154297,16.666667039195705,196.34173583984375,0.20505156950353756,4.761904910578484,249.9964599609375,0.12509312729629712,6.25000013969839,226.712890625,cdip,2026-05-28 18:54:26+00:00
31,2026-06-03 21:00:00+00:00,0.8701399564743042,0.8148705125059699,16.666667039195705,196.41502380371094,0.14295975165700234,7.14285711244661,230.5526885986328,0.1304458881964479,4.761904910578484,248.66867065429688,cdip,2026-05-28 18:54:26+00:00
32,2026-05-28 09:00:00+00:00,0.4637610912322998,0.34589611644723617,13.33333280351429,196.3942108154297,0.1323614792330821,19.99999970197678,192.85067749023438,0.19228842251972725,7.14285711244661,230.6234588623047,cdip,2026-05-28 18:54:26+00:00
32,2026-05-28 12:00:00+00:00,0.44012680649757385,0.31140336667145047,12.50000027939678,200.1169891357422,0.16646792224761825,19.99999970197678,193.45855712890625,0.177358178734159,7.14285711244661,230.32379150390625,cdip,2026-05-28 18:54:26+00:00
32,2026-05-28 15:00:00+00:00,0.4336373805999756,0.19712300915656605,19.99999970197678,194.08645629882812,0.2975421716300962,12.50000027939678,198.1558380126953,0.15726588029618174,6.666666401757145,232.9820098876953,cdip,2026-05-28 18:54:26+00:00
32,2026-05-28 18:00:00+00:00,0.4398030936717987,0.2411112341686924,19.99999970197678,194.95233154296875,0.1730028519845953,12.50000027939678,196.63821411132812,0.21355248196131105,6.666666401757145,232.83758544921875,cdip,2026-05-28 18:54:26+00:00
32,2026-05-28 21:00:00+00:00,0.4655904173851013,0.2780615679018946,19.99999970197678,196.2639617919922,0.27101240052096714,11.111110669595242,200.6666717529297,0.1924196397281504,6.666666401757145,232.55874633789062,cdip,2026-05-28 18:54:26+00:00
32,2026-05-29 00:00:00+00:00,0.4933013617992401,0.32499945042218564,18.181818280338256,198.69662475585938,0.24894831513844243,11.111110669595242,198.13601684570312,0.21704271708929887,6.25000013969839,234.67129516601562,cdip,2026-05-28 18:54:26+00:00
32,2026-05-29 03:00:00+00:00,0.5283229947090149,0.3768341332184211,18.181818280338256,200.5364227294922,0.24853858817722282,11.111110669595242,195.9008331298828,0.27016082599263835,5.882352879303138,235.3270263671875,cdip,2026-05-28 18:54:26+00:00
32,2026-05-29 06:00:00+00:00,0.5512661933898926,0.4046629192002607,18.181818280338256,201.16700744628906,0.2500437804035781,11.111110669595242,194.20765686035156,0.2102919345779014,5.555555334797621,236.2131805419922,cdip,2026-05-28 18:54:26+00:00
32,2026-05-29 09:00:00+00:00,0.5525013208389282,0.4235322941059321,16.666667039195705,203.30929565429688,0.2326610914122801,11.111110669595242,192.54574584960938,0.17563943271105245,4.761904910578484,238.59828186035156,cdip,2026-05-28 18:54:26+00:00
32,2026-05-29 12:00:00+00:00,0.5291991233825684,0.414060625018014,16.666667039195705,203.5169677734375,0.22244871261820262,11.111110669595242,191.39892578125,0.2383798786847476,4.761904910578484,238.05120849609375,cdip,2026-05-28 18:54:26+00:00
32,2026-05-29 15:00:00+00:00,0.5302324891090393,0.42125998665517855,16.666667039195705,203.49461364746094,0.22031237713192006,11.111110669595242,190.58018493652344,0.23007986746345602,4.761904910578484,238.16964721679688,cdip,2026-05-28 18:54:26+00:00
32,2026-05-29 18:00:00+00:00,0.5215402245521545,0.42927855504347545,16.666667039195705,203.3585968017578,0.19654420876554068,11.111110669595242,189.94168090820312,0.07629684656906555,4.761904910578484,239.52239990234375,cdip,2026-05-28 18:54:26+00:00
32,2026-05-29 21:00:00+00:00,0.526041567325592,0.43933766821912795,16.666667039195705,203.00228881835938,0.19843883811488028,11.111110669595242,189.6182403564453,0.1835979973327961,4.761904910578484,241.95835876464844,cdip,2026-05-28 18:54:26+00:00
32,2026-05-30 00:00:00+00:00,0.5076937675476074,0.4294181809170821,15.384615948919734,203.78616333007812,0.19562735622280258,11.111110669595242,189.88832092285156,0.08555776566461595,4.761904910578484,244.1522674560547,cdip,2026-05-28 18:54:26+00:00
32,2026-05-30 03:00:00+00:00,0.5125991106033325,0.04829770482257223,15.384615948919734,203.28421020507812,0.43367642842658094,11.111110669595242,191.34413146972656,0.22144570135397884,4.761904910578484,246.2053680419922,cdip,2026-05-28 18:54:26+00:00
32,2026-05-30 06:00:00+00:00,0.46632957458496094,0.058744093638411814,15.384615948919734,202.3998260498047,0.4455238831287933,4.761904910578484,248.33499145507812,,,,cdip,2026-05-28 18:54:26+00:00
32,2026-05-30 09:00:00+00:00,0.43474674224853516,0.0646069613508296,15.384615948919734,201.05111694335938,0.4065606358375098,7.14285711244661,228.06121826171875,0.0911569803619271,4.347826008084592,248.5384521484375,cdip,2026-05-28 18:54:26+00:00
32,2026-05-30 12:00:00+00:00,0.40372297167778015,0.09014514497343672,14.28571422489322,202.24826049804688,0.3670644663942525,7.14285711244661,229.66799926757812,0.09937849459232825,5.263157960780771,241.7877197265625,cdip,2026-05-28 18:54:26+00:00
32,2026-05-30 15:00:00+00:00,0.4133078157901764,0.10792241692205337,14.28571422489322,200.9949188232422,0.35648804696072134,7.692307974459867,227.98757934570312,0.13927664755324318,5.263157960780771,241.58132934570312,cdip,2026-05-28 18:54:26+00:00
32,2026-05-30 18:00:00+00:00,0.404300332069397,0.11895990561121979,14.28571422489322,199.7463836669922,0.33881883825851244,7.692307974459867,228.81639099121094,0.14696733417286673,5.263157960780771,240.72445678710938,cdip,2026-05-28 18:54:26+00:00
32,2026-05-30 21:00:00+00:00,0.41758158802986145,0.1524644170300338,14.28571422489322,198.46324157714844,0.33981259703617556,7.692307974459867,228.67630004882812,0.12956395468998272,5.263157960780771,240.1014404296875,cdip,2026-05-28 18:54:26+00:00
32,2026-05-31 00:00:00+00:00,0.42327287793159485,0.17153941190210825,14.28571422489322,197.25436401367188,0.3385443736827869,7.692307974459867,228.45928955078125,0.12444465444385244,5.263157960780771,240.01866149902344,cdip,2026-05-28 18:54:26+00:00
32,2026-05-31 03:00:00+00:00,0.4176662862300873,0.1830738137101665,13.33333280351429,198.8203125,0.3242547315161569,7.692307974459867,228.49363708496094,0.12308015308226791,5.263157960780771,240.02325439453125,cdip,2026-05-28 18:54:26+00:00
32,2026-05-31 06:00:00+00:00,0.4218120276927948,0.19569090702395034,22.222221339190483,198.3286590576172,0.31430558513110335,13.33333280351429,197.7913818359375,0.13013436075908713,7.692307974459867,228.87388610839844,cdip,2026-05-28 18:54:26+00:00
32,2026-05-31 09:00:00+00:00,0.42734482884407043,0.2103386262083795,22.222221339190483,198.2905731201172,0.3051190038605735,13.33333280351429,197.07302856445312,0.1334714996351993,7.692307974459867,229.1249237060547,cdip,2026-05-28 18:54:26+00:00
32,2026-05-31 12:00:00+00:00,0.45077815651893616,0.24545022185079662,22.222221339190483,198.19268798828125,0.30068707646393483,13.33333280351429,196.7393035888672,0.14686985843885803,7.692307974459867,229.22816467285156,cdip,2026-05-28 18:54:26+00:00
32,2026-05-31 15:00:00+00:00,0.45576873421669006,0.2638731779010812,22.222221339190483,198.03372192382812,0.2940672238819087,13.33333280351429,196.68972778320312,0.13477480566347544,7.692307974459867,229.2255096435547,cdip,2026-05-28 18:54:26+00:00
32,2026-05-31 18:00:00+00:00,0.4861944317817688,0.29933299808302966,22.222221339190483,197.8736114501953,0.21449573459936988,13.33333280351429,196.81024169921875,0.21904141059015658,11.111110669595242,212.091796875,cdip,2026-05-28 18:54:26+00:00
32,2026-05-31 21:00:00+00:00,0.5050827860832214,0.3329148773282209,22.222221339190483,197.7362823486328,0.2143589549605817,13.33333280351429,196.607421875,0.21900612034557032,11.111110669595242,212.0372772216797,cdip,2026-05-28 18:54:26+00:00
32,2026-06-01 00:00:00+00:00,0.5317233800888062,0.3680959724076777,22.222221339190483,197.6497802734375,0.21639923294289648,13.33333280351429,196.0811309814453,0.21894169681968867,11.111110669595242,211.46250915527344,cdip,2026-05-28 18:54:26+00:00
32,2026-06-01 03:00:00+00:00,0.5348338484764099,0.39083376409624765,22.222221339190483,197.6202392578125,0.28313417456089474,12.50000027939678,202.59507751464844,0.1433458400210678,7.14285711244661,231.01829528808594,cdip,2026-05-28 18:54:26+00:00
32,2026-06-01 06:00:00+00:00,0.571777880191803,0.42804651699923274,19.99999970197678,197.45480346679688,0.18771811997077012,12.50000027939678,202.0298309326172,0.2137036897144406,7.14285711244661,231.1414337158203,cdip,2026-05-28 18:54:26+00:00
32,2026-06-01 09:00:00+00:00,0.5882425308227539,0.45113602200045066,19.99999970197678,197.611328125,0.17991078473849884,12.50000027939678,201.14259338378906,0.20802500400931936,7.14285711244661,231.2763671875,cdip,2026-05-28 18:54:26+00:00
32,2026-06-01 12:00:00+00:00,0.591469407081604,0.4721162415402919,19.99999970197678,197.64610290527344,0.14993126174434723,12.50000027939678,200.13836669921875,0.19564103106636913,7.14285711244661,231.33917236328125,cdip,2026-05-28 18:54:26+00:00
32,2026-06-01 15:00:00+00:00,0.5879514813423157,0.4800948194491904,19.99999970197678,197.70858764648438,0.2294000182267383,12.50000027939678,199.12657165527344,0.13956632130069085,7.14285711244661,231.3611297607422,cdip,2026-05-28 18:54:26+00:00
32,2026-06-01 18:00:00+00:00,0.5870339274406433,0.48800488266917486,19.99999970197678,197.8216094970703,0.2177404864323861,11.764705758606276,203.42942810058594,0.1341806508292018,7.14285711244661,231.361572265625,cdip,2026-05-28 18:54:26+00:00
32,2026-06-01 21:00:00+00:00,0.5957616567611694,0.505663789557966,18.181818280338256,197.70089721679688,0.20042884343978545,11.764705758606276,202.20700073242188,0.13346270438944524,7.14285711244661,231.33721923828125,cdip,2026-05-28 18:54:26+00:00
32,2026-06-02 00:00:00+00:00,0.6120849251747131,0.5218730545987651,18.181818280338256,197.67176818847656,0.1995200814806958,11.764705758606276,200.95013427734375,0.13508027569913303,7.14285711244661,231.37310791015625,cdip,2026-05-28 18:54:26+00:00
32,2026-06-02 03:00:00+00:00,0.6468892693519592,0.553677851455487,18.181818280338256,197.7129669189453,0.2017278957961192,11.111110669595242,203.7138671875,0.13886558320439935,4.761904910578484,249.09475708007812,cdip,2026-05-28 18:54:26+00:00
32,2026-06-02 06:00:00+00:00,0.6778548955917358,0.5831274952522583,18.181818280338256,197.8687286376953,0.2013077599330098,11.111110669595242,201.3874969482422,0.14634470005148717,4.761904910578484,248.7683868408203,cdip,2026-05-28 18:54:26+00:00
32,2026-06-02 09:00:00+00:00,0.6927465200424194,0.6060512591759447,18.181818280338256,198.13748168945312,0.17977885596332718,11.111110669595242,198.92022705078125,0.1481954095081541,4.761904910578484,248.46728515625,cdip,2026-05-28 18:54:26+00:00
32,2026-06-02 12:00:00+00:00,0.6897545456886292,0.6088933245967916,18.181818280338256,198.41111755371094,0.17154475992781998,11.111110669595242,196.72189331054688,0.14471384181112373,4.761904910578484,248.14971923828125,cdip,2026-05-28 18:54:26+00:00
32,2026-06-02 15:00:00+00:00,0.681475043296814,0.6067500036012715,18.181818280338256,198.58819580078125,0.16561530205288233,11.111110669595242,194.6734619140625,0.13735470563856683,4.761904910578484,247.86349487304688,cdip,2026-05-28 18:54:26+00:00
32,2026-06-02 18:00:00+00:00,0.668745219707489,0.599210144623325,16.666667039195705,198.5400848388672,0.16072074266690511,11.111110669595242,192.73147583007812,0.13011291332373884,4.761904910578484,247.9630126953125,cdip,2026-05-28 18:54:26+00:00
32,2026-06-02 21:00:00+00:00,0.6535470485687256,0.5861891456766128,16.666667039195705,198.54173278808594,0.15671054828903186,11.111110669595242,190.87730407714844,0.12687275877749388,4.761904910578484,248.2518310546875,cdip,2026-05-28 18:54:26+00:00
32,2026-06-03 00:00:00+00:00,0.6318278908729553,0.5684763158887782,16.666667039195705,198.57904052734375,0.1528586546402853,11.111110669595242,189.25416564941406,0.11589220219312595,4.761904910578484,248.2840576171875,cdip,2026-05-28 18:54:26+00:00
32,2026-06-03 03:00:00+00:00,0.5856742262840271,0.5339815232660147,16.666667039195705,198.6279296875,0.1296599846773579,11.111110669595242,188.2975616455078,0.1750791566145621,4.761904910578484,248.3675537109375,cdip,2026-05-28 18:54:26+00:00
32,2026-06-03 06:00:00+00:00,0.5394200682640076,0.5010713673703202,16.666667039195705,199.19793701171875,0.11892369212458334,11.111110669595242,187.0038604736328,0.07205622434741607,4.761904910578484,248.62222290039062,cdip,2026-05-28 18:54:26+00:00
32,2026-06-03 09:00:00+00:00,0.49308788776397705,0.45966687701943176,16.666667039195705,199.2525634765625,0.11162506737106581,11.111110669595242,187.0999298095703,0.07110574353962454,7.14285711244661,230.53866577148438,cdip,2026-05-28 18:54:26+00:00
32,2026-06-03 12:00:00+00:00,0.4649573266506195,0.4344085654187686,16.666667039195705,199.52780151367188,0.1056365264105118,11.111110669595242,186.80311584472656,0.060740982170974754,4.761904910578484,248.758056640625,cdip,2026-05-28 18:54:26+00:00
32,2026-06-03 15:00:00+00:00,0.48872509598731995,0.45260820950256847,16.666667039195705,199.5897979736328,0.11419999478265415,11.111110669595242,186.95245361328125,0.08271725326803132,7.14285711244661,230.47669982910156,cdip,2026-05-28 18:54:26+00:00
32,2026-06-03 18:00:00+00:00,0.48731523752212524,0.4520310738824267,16.666667039195705,199.7628936767578,0.12015405346378542,11.111110669595242,186.53370666503906,0.06583951673688647,7.14285711244661,229.2876739501953,cdip,2026-05-28 18:54:26+00:00
32,2026-06-03 21:00:00+00:00,0.51397305727005,0.4679496135293801,16.666667039195705,199.80723571777344,0.13048782578848298,11.111110669595242,186.57684326171875,0.09901080806754951,7.14285711244661,230.51258850097656,cdip,2026-05-28 18:54:26+00:00
33,2026-05-28 09:00:00+00:00,0.38466089963912964,0.2764846031973151,12.50000027939678,209.63140869140625,0.12481299584213028,19.99999970197678,202.5747528076172,0.16080608263661125,4.761904910578484,250.94061279296875,cdip,2026-05-28 18:54:26+00:00
33,2026-05-28 12:00:00+00:00,0.37273699045181274,0.2569962094105987,12.50000027939678,208.03121948242188,0.1451769605615394,19.99999970197678,202.80154418945312,0.1516635291716049,4.761904910578484,250.73355102539062,cdip,2026-05-28 18:54:26+00:00
33,2026-05-28 15:00:00+00:00,0.3716357350349426,0.1743451594925977,19.99999970197678,203.123779296875,0.24146644917148496,12.50000027939678,206.44216918945312,0.14690345139642738,4.761904910578484,250.24195861816406,cdip,2026-05-28 18:54:26+00:00
33,2026-05-28 18:00:00+00:00,0.3846645951271057,0.2161884111753247,19.99999970197678,203.7865753173828,0.22683372382792527,11.764705758606276,207.10708618164062,0.14767273179888002,4.761904910578484,249.5707550048828,cdip,2026-05-28 18:54:26+00:00
33,2026-05-28 21:00:00+00:00,0.4054229259490967,0.25422705955553626,19.99999970197678,205.04373168945312,0.21497748857010177,11.111110669595242,206.17263793945312,0.15462712868345013,4.761904910578484,248.6666259765625,cdip,2026-05-28 18:54:26+00:00
33,2026-05-29 00:00:00+00:00,0.41799649596214294,0.27880946638878745,18.181818280338256,207.95481872558594,0.20792821296556355,11.111110669595242,204.0879364013672,0.16075470376595621,5.555555334797621,243.50181579589844,cdip,2026-05-28 18:54:26+00:00
33,2026-05-29 03:00:00+00:00,0.4531041085720062,0.3239683168828652,18.181818280338256,209.19647216796875,0.20548355941824775,11.111110669595242,202.2796630859375,0.23753753280236523,5.555555334797621,241.92111206054688,cdip,2026-05-28 18:54:26+00:00
33,2026-05-29 06:00:00+00:00,0.47918426990509033,0.3513181464384529,18.181818280338256,209.65042114257812,0.20956036668769606,11.111110669595242,200.70956420898438,0.24586432840270278,5.555555334797621,240.725830078125,cdip,2026-05-28 18:54:26+00:00
33,2026-05-29 09:00:00+00:00,0.4815128445625305,0.3664192351679993,16.666667039195705,212.4380340576172,0.19728954461186166,11.111110669595242,199.02023315429688,0.23825840450586755,4.761904910578484,240.1195831298828,cdip,2026-05-28 18:54:26+00:00
33,2026-05-29 12:00:00+00:00,0.4737219512462616,0.3689607026857181,16.666667039195705,212.59454345703125,0.19286905716952046,11.111110669595242,197.760986328125,0.221850839526891,4.761904910578484,239.60333251953125,cdip,2026-05-28 18:54:26+00:00
33,2026-05-29 15:00:00+00:00,0.4734041392803192,0.3758412573305436,16.666667039195705,212.7392120361328,0.18916890859927266,11.111110669595242,196.6478271484375,0.21282785372208843,4.761904910578484,239.68804931640625,cdip,2026-05-28 18:54:26+00:00
33,2026-05-29 18:00:00+00:00,0.5092090964317322,0.41134647402498636,16.666667039195705,212.6772918701172,0.206502065024926,11.111110669595242,195.63885498046875,0.21329200339725435,4.761904910578484,241.05624389648438,cdip,2026-05-28 18:54:26+00:00
33,2026-05-29 21:00:00+00:00,0.5163047313690186,0.4305464648693309,16.666667039195705,212.2995147705078,0.1944713130098586,11.111110669595242,195.09625244140625,0.20352372403898772,4.761904910578484,243.68063354492188,cdip,2026-05-28 18:54:26+00:00
33,2026-05-30 00:00:00+00:00,0.5137318968772888,0.43402800292441057,15.384615948919734,212.7896728515625,0.19703549035045279,11.111110669595242,195.38185119628906,0.1864147057305461,4.761904910578484,246.07077026367188,cdip,2026-05-28 18:54:26+00:00
33,2026-05-30 03:00:00+00:00,0.5082287788391113,0.03954732302763593,15.384615948919734,212.22605895996094,0.4300832926591249,11.111110669595242,196.7947235107422,0.21252862467744615,4.761904910578484,248.23858642578125,cdip,2026-05-28 18:54:26+00:00
33,2026-05-30 06:00:00+00:00,0.49798065423965454,0.052236679552149314,15.384615948919734,211.530517578125,0.4739656328979687,4.545454570084564,249.86083984375,,,,cdip,2026-05-28 18:54:26+00:00
33,2026-05-30 09:00:00+00:00,0.4153745770454407,0.054421202491500585,14.28571422489322,212.39427185058594,0.3945858509094267,4.347826008084592,250.68603515625,,,,cdip,2026-05-28 18:54:26+00:00
33,2026-05-30 12:00:00+00:00,0.36304596066474915,0.0714434679797697,14.28571422489322,211.60934448242188,0.33918848518303524,5.882352879303138,244.56602478027344,0.07221398888922038,4.347826008084592,251.13543701171875,cdip,2026-05-28 18:54:26+00:00
33,2026-05-30 15:00:00+00:00,0.3400818109512329,0.07859051733037814,14.28571422489322,210.9052734375,0.30253628649079395,7.14285711244661,235.95584106445312,0.0735867779933654,4.347826008084592,250.8363037109375,cdip,2026-05-28 18:54:26+00:00
33,2026-05-30 18:00:00+00:00,0.3440430462360382,0.0911343897308869,14.28571422489322,210.17576599121094,0.30070183834280023,7.14285711244661,236.15237426757812,0.07675997476035777,4.347826008084592,248.38766479492188,cdip,2026-05-28 18:54:26+00:00
33,2026-05-30 21:00:00+00:00,0.3422951102256775,0.11551223139478882,13.33333280351429,209.6994171142578,0.290278399425512,7.14285711244661,235.89785766601562,0.07336922545345301,4.761904910578484,247.01947021484375,cdip,2026-05-28 18:54:26+00:00
33,2026-05-31 00:00:00+00:00,0.33802685141563416,0.1273442951212786,13.33333280351429,208.7843017578125,0.280836557487441,7.14285711244661,235.75759887695312,0.07044826747179603,4.761904910578484,246.98875427246094,cdip,2026-05-28 18:54:26+00:00
33,2026-05-31 03:00:00+00:00,0.3449456989765167,0.1417347670266183,13.33333280351429,207.81661987304688,0.27794046227230607,7.14285711244661,235.81695556640625,,,,cdip,2026-05-28 18:54:26+00:00
33,2026-05-31 06:00:00+00:00,0.34055155515670776,0.26322657697900814,13.33333280351429,206.99380493164062,0.14970358712828158,22.222221339190483,205.67515563964844,0.07737576410407479,7.14285711244661,236.10838317871094,cdip,2026-05-28 18:54:26+00:00
33,2026-05-31 09:00:00+00:00,0.33220726251602173,0.16369195460867586,22.222221339190483,205.65750122070312,0.24017144083983583,12.50000027939678,210.0589141845703,0.07848689871614456,7.14285711244661,236.47128295898438,cdip,2026-05-28 18:54:26+00:00
33,2026-05-31 12:00:00+00:00,0.3361942768096924,0.17667463456387197,22.222221339190483,205.58372497558594,0.2303260637882355,12.50000027939678,209.98280334472656,0.07980312551840822,7.14285711244661,236.70388793945312,cdip,2026-05-28 18:54:26+00:00
33,2026-05-31 15:00:00+00:00,0.40771690011024475,0.23005271177530418,22.222221339190483,205.46929931640625,0.2685036622557334,12.50000027939678,210.34950256347656,0.17446563475310423,4.999999925494195,247.1897430419922,cdip,2026-05-28 18:54:26+00:00
33,2026-05-31 18:00:00+00:00,0.4361605942249298,0.2649174206072711,22.222221339190483,205.3703155517578,0.2806255928943071,12.50000027939678,211.06040954589844,0.09809793942815524,7.14285711244661,236.51541137695312,cdip,2026-05-28 18:54:26+00:00
33,2026-05-31 21:00:00+00:00,0.4866899847984314,0.31755674007328594,22.222221339190483,205.3046875,0.3006949925974407,12.50000027939678,211.09371948242188,0.10642348059581118,7.14285711244661,236.56845092773438,cdip,2026-05-28 18:54:26+00:00
33,2026-06-01 00:00:00+00:00,0.5332670211791992,0.3720327160046587,22.222221339190483,205.27540588378906,0.30397939682307396,12.50000027939678,210.61264038085938,0.11356727809539531,7.14285711244661,236.875732421875,cdip,2026-05-28 18:54:26+00:00
33,2026-06-01 03:00:00+00:00,0.57499098777771,0.4143318185520979,22.222221339190483,205.28216552734375,0.3090064417105207,12.50000027939678,210.12112426757812,0.12282736686305804,7.14285711244661,237.0869140625,cdip,2026-05-28 18:54:26+00:00
33,2026-06-01 06:00:00+00:00,0.5925735831260681,0.4368593434448881,19.99999970197678,205.19601440429688,0.30005989567077795,12.50000027939678,209.58509826660156,0.13040623737336485,7.14285711244661,237.23434448242188,cdip,2026-05-28 18:54:26+00:00
33,2026-06-01 09:00:00+00:00,0.651753306388855,0.48985993066370864,19.99999970197678,205.2774658203125,0.31065688100233635,12.50000027939678,208.76806640625,0.2558442051851574,4.999999925494195,247.94190979003906,cdip,2026-05-28 18:54:26+00:00
33,2026-06-01 12:00:00+00:00,0.6820995807647705,0.5300715491728341,19.99999970197678,205.3098907470703,0.29235809099010696,12.50000027939678,207.92733764648438,0.27618616529823437,4.761904910578484,251.31027221679688,cdip,2026-05-28 18:54:26+00:00
33,2026-06-01 15:00:00+00:00,0.6987645626068115,0.5524032962251904,19.99999970197678,205.36285400390625,0.2816070313135314,11.764705758606276,210.9483184814453,0.2869284906060222,4.761904910578484,251.8241424560547,cdip,2026-05-28 18:54:26+00:00
33,2026-06-01 18:00:00+00:00,0.7315226197242737,0.5867174032053752,19.99999970197678,205.4588623046875,0.2828042051684848,11.764705758606276,209.92996215820312,0.14052741660892415,4.761904910578484,251.88211059570312,cdip,2026-05-28 18:54:26+00:00
33,2026-06-01 21:00:00+00:00,0.7374261617660522,0.6017174180767141,19.99999970197678,205.5448760986328,0.2658661423855422,11.764705758606276,208.79171752929688,0.32936688833420824,4.761904910578484,251.81886291503906,cdip,2026-05-28 18:54:26+00:00
33,2026-06-02 00:00:00+00:00,0.7136114239692688,0.584515200896565,18.181818280338256,205.11065673828125,0.24990328004062082,11.764705758606276,207.61474609375,0.1848884101442382,4.761904910578484,251.66064453125,cdip,2026-05-28 18:54:26+00:00
33,2026-06-02 03:00:00+00:00,0.7178497314453125,0.5898435626977995,18.181818280338256,205.13743591308594,0.24110669889898426,11.764705758606276,206.28843688964844,0.18564063547822615,4.761904910578484,251.3546905517578,cdip,2026-05-28 18:54:26+00:00
33,2026-06-02 06:00:00+00:00,0.7155023813247681,0.5898573615417714,18.181818280338256,205.2246551513672,0.22984043809850885,11.111110669595242,206.80946350097656,0.18101410182465846,4.761904910578484,251.01687622070312,cdip,2026-05-28 18:54:26+00:00
33,2026-06-02 09:00:00+00:00,0.7160070538520813,0.5997278744747262,18.181818280338256,205.39051818847656,0.20592582262418463,11.111110669595242,204.6140899658203,0.32979758422993755,4.761904910578484,250.69363403320312,cdip,2026-05-28 18:54:26+00:00
33,2026-06-02 12:00:00+00:00,0.6873778700828552,0.5811261337755256,18.181818280338256,205.59994506835938,0.191229829727549,11.111110669595242,202.71014404296875,0.31082826766329236,4.761904910578484,250.38922119140625,cdip,2026-05-28 18:54:26+00:00
33,2026-06-02 15:00:00+00:00,0.6887189149856567,0.5885217981969206,18.181818280338256,205.7763671875,0.18832262402900574,11.111110669595242,200.84567260742188,0.3015578357023284,4.761904910578484,250.04493713378906,cdip,2026-05-28 18:54:26+00:00
33,2026-06-02 18:00:00+00:00,0.6997147798538208,0.603328373276363,16.666667039195705,205.44068908691406,0.1893970345398199,11.111110669595242,198.92709350585938,0.2968267874316176,4.761904910578484,250.08609008789062,cdip,2026-05-28 18:54:26+00:00
33,2026-06-02 21:00:00+00:00,0.698786735534668,0.6040536075788412,16.666667039195705,205.4754180908203,0.1884848343287233,11.111110669595242,196.96560668945312,0.29371708315558676,4.761904910578484,250.42593383789062,cdip,2026-05-28 18:54:26+00:00
33,2026-06-03 00:00:00+00:00,0.6664750576019287,0.5831405497058545,16.666667039195705,205.53173828125,0.16797621029191703,11.111110669595242,195.29598999023438,0.2727748552800891,4.761904910578484,250.48605346679688,cdip,2026-05-28 18:54:26+00:00
33,2026-06-03 03:00:00+00:00,0.6839548945426941,0.6047817845333777,16.666667039195705,205.57073974609375,0.17213674212721922,11.111110669595242,194.37557983398438,0.2660809939020379,4.761904910578484,250.53443908691406,cdip,2026-05-28 18:54:26+00:00
33,2026-06-03 06:00:00+00:00,0.7065934538841248,0.6396532614819013,16.666667039195705,206.14744567871094,0.17137249470074536,11.111110669595242,193.51132202148438,0.2396746516646638,4.761904910578484,250.9764862060547,cdip,2026-05-28 18:54:26+00:00
33,2026-06-03 09:00:00+00:00,0.7185813188552856,0.660123063881919,16.666667039195705,206.15565490722656,0.18729964231709728,11.111110669595242,193.59432983398438,0.18747036456519153,4.999999925494195,247.77020263671875,cdip,2026-05-28 18:54:26+00:00
33,2026-06-03 12:00:00+00:00,0.7512094378471375,0.689145981285875,16.666667039195705,206.6312713623047,0.18941757490541802,11.111110669595242,193.63473510742188,0.22220691317980518,4.761904910578484,250.75880432128906,cdip,2026-05-28 18:54:26+00:00
33,2026-06-03 15:00:00+00:00,0.786590576171875,0.7205940539545284,16.666667039195705,206.6452178955078,0.21303264582340614,11.111110669595242,193.77578735351562,0.10452618621213976,4.999999925494195,247.74749755859375,cdip,2026-05-28 18:54:26+00:00
33,2026-06-03 18:00:00+00:00,0.7730042934417725,0.7048088168591689,15.384615948919734,207.30162048339844,0.21290337775967544,11.111110669595242,193.59515380859375,0.22389697009139042,4.999999925494195,247.6966552734375,cdip,2026-05-28 18:54:26+00:00
33,2026-06-03 21:00:00+00:00,0.7792969942092896,0.7010611932595455,16.666667039195705,206.94068908691406,0.2289981662559957,11.111110669595242,193.6154327392578,0.22834426281064082,4.999999925494195,246.9225616455078,cdip,2026-05-28 18:54:26+00:00
34,2026-05-28 09:00:00+00:00,0.9312402009963989,0.08352957560566326,12.50000027939678,238.15682983398438,0.712752518866672,6.25000013969839,261.34552001953125,,,,cdip,2026-05-28 18:54:26+00:00
34,2026-05-28 12:00:00+00:00,0.8664026856422424,0.12650565086637786,11.111110669595242,239.78756713867188,0.6437173746605789,6.25000013969839,261.06988525390625,,,,cdip,2026-05-28 18:54:26+00:00
34,2026-05-28 15:00:00+00:00,0.8317620754241943,0.5950365679418117,11.111110669595242,238.06312561035156,0.5400127657562142,6.25000013969839,260.6263122558594,0.18612327315288954,18.181818280338256,226.796630859375,cdip,2026-05-28 18:54:26+00:00
34,2026-05-28 18:00:00+00:00,0.8211415410041809,0.5738328681435019,11.111110669595242,236.81166076660156,0.22833344164160335,18.181818280338256,228.67645263671875,0.5306918305459418,6.25000013969839,260.0982666015625,cdip,2026-05-28 18:54:26+00:00
34,2026-05-28 21:00:00+00:00,0.8297322392463684,0.39154733047280077,18.181818280338256,231.69674682617188,0.49049522943387874,11.111110669595242,235.1454620361328,0.5326867006902808,6.25000013969839,259.2693176269531,cdip,2026-05-28 18:54:26+00:00
34,2026-05-29 00:00:00+00:00,0.8936352729797363,0.5201896580683505,18.181818280338256,235.72889709472656,0.43879721495159685,11.111110669595242,231.47215270996094,0.5701319975623296,6.25000013969839,257.5354309082031,cdip,2026-05-28 18:54:26+00:00
34,2026-05-29 03:00:00+00:00,1.0150783061981201,0.7116311471239444,16.666667039195705,238.8050537109375,0.4261483025629717,11.111110669595242,227.27224731445312,0.5764354531877109,6.25000013969839,255.63552856445312,cdip,2026-05-28 18:54:26+00:00
34,2026-05-29 06:00:00+00:00,1.1098337173461914,0.8621752912009507,16.666667039195705,239.38427734375,0.4183725056626688,11.111110669595242,224.3658905029297,0.5510640244302352,6.25000013969839,254.9203643798828,cdip,2026-05-28 18:54:26+00:00
34,2026-05-29 09:00:00+00:00,1.15897798538208,0.9443083124705395,16.666667039195705,239.53106689453125,0.4055891631282197,11.111110669595242,221.89759826660156,0.5271675326971768,5.555555334797621,252.2606964111328,cdip,2026-05-28 18:54:26+00:00
34,2026-05-29 12:00:00+00:00,1.2767834663391113,1.0916098497411422,16.666667039195705,239.68289184570312,0.39564782723870096,11.111110669595242,220.5008544921875,0.5219167196835983,5.555555334797621,252.35836791992188,cdip,2026-05-28 18:54:26+00:00
34,2026-05-29 15:00:00+00:00,1.3551777601242065,1.1904747395419009,16.666667039195705,239.72239685058594,0.39266514741369213,11.111110669595242,220.93490600585938,0.5059734343436172,5.555555334797621,252.88400268554688,cdip,2026-05-28 18:54:26+00:00
34,2026-05-29 18:00:00+00:00,1.3647147417068481,1.2832376082521266,15.384615948919734,241.660888671875,0.45616691609104554,5.555555334797621,254.26101684570312,,,,cdip,2026-05-28 18:54:26+00:00
34,2026-05-29 21:00:00+00:00,1.3493740558624268,1.276006298074368,15.384615948919734,241.48130798339844,0.4313208656242295,5.555555334797621,256.38763427734375,,,,cdip,2026-05-28 18:54:26+00:00
34,2026-05-30 00:00:00+00:00,1.2617422342300415,1.1969494016695483,15.384615948919734,241.09161376953125,0.39204051491499753,5.555555334797621,258.5237121582031,,,,cdip,2026-05-28 18:54:26+00:00
34,2026-05-30 03:00:00+00:00,1.1454331874847412,1.0887658229530723,14.28571422489322,242.48886108398438,0.348893478191168,5.555555334797621,260.9332580566406,,,,cdip,2026-05-28 18:54:26+00:00
34,2026-05-30 06:00:00+00:00,1.0668628215789795,0.04662644437112882,14.28571422489322,242.18115234375,1.011349566030319,4.999999925494195,262.26580810546875,,,,cdip,2026-05-28 18:54:26+00:00
34,2026-05-30 09:00:00+00:00,0.9911747574806213,0.05153403822586984,14.28571422489322,241.89781188964844,0.9290225894048075,4.761904910578484,265.5270690917969,,,,cdip,2026-05-28 18:54:26+00:00
34,2026-05-30 12:00:00+00:00,0.9157865643501282,0.05590969573861342,14.28571422489322,241.50527954101562,0.8385890281837249,4.761904910578484,267.76080322265625,,,,cdip,2026-05-28 18:54:26+00:00
34,2026-05-30 15:00:00+00:00,0.8985704779624939,0.08322292095697525,14.28571422489322,240.88424682617188,0.7971718152918712,4.761904910578484,268.2710876464844,,,,cdip,2026-05-28 18:54:26+00:00
34,2026-05-30 18:00:00+00:00,0.867016613483429,0.09185314701516488,14.28571422489322,239.8614044189453,0.7578471782567088,4.761904910578484,268.61456298828125,,,,cdip,2026-05-28 18:54:26+00:00
34,2026-05-30 21:00:00+00:00,0.815396249294281,0.09974653143822393,13.33333280351429,239.35855102539062,0.7055346150371369,4.761904910578484,268.2054443359375,,,,cdip,2026-05-28 18:54:26+00:00
34,2026-05-31 00:00:00+00:00,0.8035305738449097,0.11128396293235675,13.33333280351429,237.92886352539062,0.6812275563810501,4.761904910578484,268.0997619628906,,,,cdip,2026-05-28 18:54:26+00:00
34,2026-05-31 03:00:00+00:00,0.813112199306488,0.12280352565134484,13.33333280351429,236.4076385498047,0.6756398858445251,4.761904910578484,268.0916748046875,,,,cdip,2026-05-28 18:54:26+00:00
34,2026-05-31 06:00:00+00:00,0.8359180688858032,0.5616464946520225,11.111110669595242,242.86831665039062,0.3748143702637809,13.33333280351429,235.303955078125,0.4538015872760138,4.761904910578484,267.5989685058594,cdip,2026-05-28 18:54:26+00:00
34,2026-05-31 09:00:00+00:00,0.8404349088668823,0.564113115776712,11.111110669595242,243.44119262695312,0.348564636827794,13.33333280351429,235.08152770996094,0.4746870729574644,4.761904910578484,266.928466796875,cdip,2026-05-28 18:54:26+00:00
34,2026-05-31 12:00:00+00:00,0.854152500629425,0.6564278182959536,11.111110669595242,243.85281372070312,0.501936171713112,4.761904910578484,266.228515625,0.18026869745656407,22.222221339190483,213.0911102294922,cdip,2026-05-28 18:54:26+00:00
34,2026-05-31 15:00:00+00:00,0.8590344190597534,0.6567527690714794,11.111110669595242,244.49517822265625,0.19856957436390607,22.222221339190483,213.11087036132812,0.5031562615722329,4.761904910578484,265.8504638671875,cdip,2026-05-28 18:54:26+00:00
34,2026-05-31 18:00:00+00:00,0.8620127439498901,0.666583924954967,11.111110669595242,245.00961303710938,0.21827492996738482,22.222221339190483,213.13067626953125,0.48657341220287187,4.761904910578484,266.35211181640625,cdip,2026-05-28 18:54:26+00:00
34,2026-05-31 21:00:00+00:00,0.8661395907402039,0.6610966668582772,11.111110669595242,244.9317626953125,0.2595055816461351,22.222221339190483,213.1477508544922,0.48096223738385396,4.761904910578484,266.6783752441406,cdip,2026-05-28 18:54:26+00:00
34,2026-06-01 00:00:00+00:00,0.8665502071380615,0.6413438933324326,11.111110669595242,244.40713500976562,0.2838603113319756,22.222221339190483,213.1593017578125,0.49492592855321466,5.263157960780771,265.0166015625,cdip,2026-05-28 18:54:26+00:00
34,2026-06-01 03:00:00+00:00,0.8540287017822266,0.6035198918426716,11.111110669595242,244.15933227539062,0.29792373801806155,19.99999970197678,213.18922424316406,0.512397165747703,5.555555334797621,265.26422119140625,cdip,2026-05-28 18:54:26+00:00
34,2026-06-01 06:00:00+00:00,0.8486359715461731,0.5775790164219754,11.111110669595242,243.95565795898438,0.30716250079753,19.99999970197678,213.18154907226562,0.5279379456083745,5.555555334797621,265.1142578125,cdip,2026-05-28 18:54:26+00:00
34,2026-06-01 09:00:00+00:00,0.8316664695739746,0.5461543974064629,11.111110669595242,243.66555786132812,0.3112976408487762,19.99999970197678,213.16668701171875,0.5328431388118975,5.555555334797621,264.8023681640625,cdip,2026-05-28 18:54:26+00:00
34,2026-06-01 12:00:00+00:00,0.8026893138885498,0.5033353400313008,11.111110669595242,243.62252807617188,0.3300213893043911,19.99999970197678,213.1640625,0.520596707057136,5.555555334797621,264.33648681640625,cdip,2026-05-28 18:54:26+00:00
34,2026-06-01 15:00:00+00:00,0.7706165909767151,0.3316877572774681,19.99999970197678,213.16061401367188,0.46664515731767414,11.111110669595242,242.96243286132812,0.5066383852334697,5.555555334797621,263.8419494628906,cdip,2026-05-28 18:54:26+00:00
34,2026-06-01 18:00:00+00:00,0.7510080337524414,0.3358236681228582,19.99999970197678,213.15321350097656,0.4158788797715636,11.111110669595242,241.99026489257812,0.496709364441562,5.555555334797621,263.3092956542969,cdip,2026-05-28 18:54:26+00:00
34,2026-06-01 21:00:00+00:00,0.7361409068107605,0.3372467460484937,19.99999970197678,213.14964294433594,0.3983584219425282,10.526315921561542,244.72738647460938,0.48731295115428114,5.555555334797621,262.7253112792969,cdip,2026-05-28 18:54:26+00:00
34,2026-06-02 00:00:00+00:00,0.7249794006347656,0.3370715917527927,18.181818280338256,213.8709259033203,0.38380297568576205,10.526315921561542,243.97738647460938,0.48159929710426375,5.555555334797621,262.0246887207031,cdip,2026-05-28 18:54:26+00:00
34,2026-06-02 03:00:00+00:00,0.7243735194206238,0.3771708318280112,18.181818280338256,213.87588500976562,0.36879593974273284,10.526315921561542,242.75656127929688,0.4887956179571663,5.555555334797621,261.32965087890625,cdip,2026-05-28 18:54:26+00:00
34,2026-06-02 06:00:00+00:00,0.7302138209342957,0.39893322077699367,18.181818280338256,213.88507080078125,0.3372830641053684,10.526315921561542,241.06277465820312,0.5033510985031048,5.555555334797621,260.78570556640625,cdip,2026-05-28 18:54:26+00:00
34,2026-06-02 09:00:00+00:00,0.7220985293388367,0.40085596662125417,18.181818280338256,213.8960723876953,0.3147184325594156,10.526315921561542,238.90570068359375,0.505593822022718,5.555555334797621,260.3248596191406,cdip,2026-05-28 18:54:26+00:00
34,2026-06-02 12:00:00+00:00,0.701816737651825,0.3951368525617372,18.181818280338256,213.9059600830078,0.2945976936190244,10.526315921561542,236.6078338623047,0.49425903901363377,5.555555334797621,259.91204833984375,cdip,2026-05-28 18:54:26+00:00
34,2026-06-02 15:00:00+00:00,0.6775792241096497,0.3885381701733259,18.181818280338256,213.9144744873047,0.47365827527458915,5.555555334797621,259.7197265625,0.28101347346637157,10.526315921561542,234.4747772216797,cdip,2026-05-28 18:54:26+00:00
34,2026-06-02 18:00:00+00:00,0.6489614844322205,0.3780894896573884,18.181818280338256,213.92449951171875,0.45004922486647975,5.555555334797621,259.9047546386719,0.267109730721426,11.111110669595242,222.35568237304688,cdip,2026-05-28 18:54:26+00:00
34,2026-06-02 21:00:00+00:00,0.6306143403053284,0.37763349083127645,18.181818280338256,213.9364776611328,0.4399133426535106,5.555555334797621,260.15997314453125,0.24024508011078835,11.111110669595242,220.38726806640625,cdip,2026-05-28 18:54:26+00:00
34,2026-06-03 00:00:00+00:00,0.5954291820526123,0.3623202707021529,16.666667039195705,215.07936096191406,0.41119693196803203,5.555555334797621,260.320556640625,0.22557104188270669,11.111110669595242,219.25732421875,cdip,2026-05-28 18:54:26+00:00
34,2026-06-03 03:00:00+00:00,0.5681127905845642,0.3555818983706508,16.666667039195705,215.1077423095703,0.38392524206332534,5.555555334797621,260.83294677734375,0.2144868221657499,11.111110669595242,218.5684814453125,cdip,2026-05-28 18:54:26+00:00
34,2026-06-03 06:00:00+00:00,0.5202980041503906,0.34530523700825316,15.384615948919734,215.97665405273438,0.1729833260243858,5.555555334797621,261.03900146484375,,,,cdip,2026-05-28 18:54:26+00:00
34,2026-06-03 09:00:00+00:00,0.5234496593475342,0.33425776136573776,15.384615948919734,216.05294799804688,0.19949102384130488,11.111110669595242,216.19322204589844,0.23014402834759806,5.555555334797621,264.225341796875,cdip,2026-05-28 18:54:26+00:00
34,2026-06-03 12:00:00+00:00,0.4958508610725403,0.3631655562778033,15.384615948919734,216.1863555908203,0.3358238035093011,5.555555334797621,264.26385498046875,,,,cdip,2026-05-28 18:54:26+00:00
34,2026-06-03 15:00:00+00:00,0.530997633934021,0.3561888797666549,15.384615948919734,216.28701782226562,0.246425209231439,4.761904910578484,266.3375244140625,0.16834775637612898,9.090909140169128,242.3690185546875,cdip,2026-05-28 18:54:26+00:00
34,2026-06-03 18:00:00+00:00,0.5294944643974304,0.3452075512786353,14.28571422489322,217.48617553710938,0.15471562753750395,19.99999970197678,212.94374084472656,0.3686225067717272,4.761904910578484,265.87835693359375,cdip,2026-05-28 18:54:26+00:00
34,2026-06-03 21:00:00+00:00,0.550382137298584,0.326952482643738,13.33333280351429,218.46331787109375,0.15433699408268772,19.99999970197678,212.9438018798828,0.2620451826271114,5.263157960780771,264.3286437988281,cdip,2026-05-28 18:54:26+00:00
35,2026-05-28 09:00:00+00:00,1.782516360282898,1.345234761550631,12.50000027939678,224.45181274414062,1.147518491825468,7.692307974459867,266.6400146484375,,,,cdip,2026-05-28 18:54:26+00:00
35,2026-05-28 12:00:00+00:00,1.6134921312332153,1.186953739064107,12.50000027939678,224.42007446289062,1.071505502696655,7.14285711244661,267.5149230957031,,,,cdip,2026-05-28 18:54:26+00:00
35,2026-05-28 15:00:00+00:00,1.4749494791030884,1.1090820737050708,12.50000027939678,223.9207305908203,0.9504748411847325,7.14285711244661,266.9244384765625,,,,cdip,2026-05-28 18:54:26+00:00
35,2026-05-28 18:00:00+00:00,1.3818812370300293,1.0148154695241411,12.50000027939678,223.00057983398438,0.9003399746728555,7.14285711244661,266.3022155761719,0.1773242792122759,18.181818280338256,237.34848022460938,cdip,2026-05-28 18:54:26+00:00
35,2026-05-28 21:00:00+00:00,1.3316113948822021,0.5992720062266464,12.50000027939678,222.42320251464844,1.1379660847732118,10.526315921561542,243.68838500976562,0.20682076047870726,18.181818280338256,237.3956298828125,cdip,2026-05-28 18:54:26+00:00
35,2026-05-29 00:00:00+00:00,1.2934975624084473,0.5177094628494198,12.50000027939678,222.62220764160156,0.5822743853563963,10.526315921561542,243.25950622558594,0.9572570283233003,7.14285711244661,263.09429931640625,cdip,2026-05-28 18:54:26+00:00
35,2026-05-29 03:00:00+00:00,1.2508045434951782,0.4259927207029855,12.50000027939678,223.25527954101562,0.3959769175545197,15.384615948919734,235.98631286621094,0.5356596646947815,10.526315921561542,242.48440551757812,cdip,2026-05-28 18:54:26+00:00
35,2026-05-29 06:00:00+00:00,1.2429898977279663,0.5889289543750433,15.384615948919734,233.94671630859375,0.40657663309976133,12.50000027939678,223.49859619140625,0.5643623218865482,9.871668200422233,245.87330627441406,cdip,2026-05-28 18:54:26+00:00
35,2026-05-29 09:00:00+00:00,1.2622671127319336,0.8256420850958633,15.384615948919734,234.58981323242188,0.5198768740914024,9.871668200422233,244.73367309570312,0.787348722354747,6.25000013969839,260.68902587890625,cdip,2026-05-28 18:54:26+00:00
35,2026-05-29 12:00:00+00:00,1.341317057609558,0.7888207739409145,13.33333280351429,223.70103454589844,0.5997712363507512,15.384615948919734,235.26930236816406,0.4947080270973455,9.871668200422233,244.5399169921875,cdip,2026-05-28 18:54:26+00:00
35,2026-05-29 15:00:00+00:00,1.4918410778045654,1.2036057130545508,13.33333280351429,223.37750244140625,0.5301794850976439,9.090909140169128,250.31515502929688,0.6917936164470654,6.25000013969839,262.4248352050781,cdip,2026-05-28 18:54:26+00:00
35,2026-05-29 18:00:00+00:00,1.631571888923645,1.4098986300276977,13.33333280351429,223.20323181152344,0.8122083327337211,9.090909140169128,250.0916748046875,,,,cdip,2026-05-28 18:54:26+00:00
35,2026-05-29 21:00:00+00:00,1.7090016603469849,1.521882252844054,13.33333280351429,223.3250732421875,0.7696507600551263,8.333333519597852,257.4244384765625,,,,cdip,2026-05-28 18:54:26+00:00
35,2026-05-30 00:00:00+00:00,1.7156063318252563,1.5506556269484597,13.33333280351429,223.93701171875,0.38915972712154917,8.333333519597852,256.2896728515625,,,,cdip,2026-05-28 18:54:26+00:00
35,2026-05-30 03:00:00+00:00,1.6909008026123047,1.5406897537488136,13.33333280351429,224.37953186035156,0.37068116024097675,8.333333519597852,255.30203247070312,,,,cdip,2026-05-28 18:54:26+00:00
35,2026-05-30 06:00:00+00:00,1.7009166479110718,1.5419872265989447,13.33333280351429,224.52366638183594,0.3242219321728595,5.882352879303138,271.73272705078125,,,,cdip,2026-05-28 18:54:26+00:00
35,2026-05-30 09:00:00+00:00,1.7499864101409912,1.5248651999809233,13.33333280351429,224.6036376953125,0.853411066819466,5.555555334797621,277.27801513671875,,,,cdip,2026-05-28 18:54:26+00:00
35,2026-05-30 12:00:00+00:00,1.7714743614196777,1.4587326572369979,13.33333280351429,224.55323791503906,1.0001335942630405,6.25000013969839,278.8042907714844,,,,cdip,2026-05-28 18:54:26+00:00
35,2026-05-30 15:00:00+00:00,1.8035728931427002,0.03836243748440743,12.50000027939678,220.77670288085938,1.3539395378101122,6.666666401757145,279.35333251953125,,,,cdip,2026-05-28 18:54:26+00:00
35,2026-05-30 18:00:00+00:00,1.7967469692230225,0.04222125728596648,12.50000027939678,220.99893188476562,1.2448195755926588,7.14285711244661,278.2021179199219,,,,cdip,2026-05-28 18:54:26+00:00
35,2026-05-30 21:00:00+00:00,1.7263678312301636,0.04618212893951095,12.50000027939678,221.3297882080078,1.2146246308136384,8.333333519597852,268.6767578125,,,,cdip,2026-05-28 18:54:26+00:00
35,2026-05-31 00:00:00+00:00,1.6917632818222046,0.05019675964602132,12.50000027939678,221.56227111816406,1.2790109354438337,6.666666401757145,281.00592041015625,,,,cdip,2026-05-28 18:54:26+00:00
35,2026-05-31 03:00:00+00:00,1.7355930805206299,0.07538795002279554,12.50000027939678,221.8430633544922,1.2719589984604467,6.666666401757145,281.1620788574219,,,,cdip,2026-05-28 18:54:26+00:00
35,2026-05-31 06:00:00+00:00,1.763391137123108,0.08210444961891433,12.50000027939678,222.1116485595703,,,,,,,cdip,2026-05-28 18:54:26+00:00
35,2026-05-31 09:00:00+00:00,1.7605774402618408,0.08978703408594602,12.50000027939678,222.1737823486328,,,,,,,cdip,2026-05-28 18:54:26+00:00
35,2026-05-31 12:00:00+00:00,1.7661832571029663,1.7465385115746468,12.50000027939678,222.03036499023438,0.09887524545333305,22.222221339190483,243.9979248046875,,,,cdip,2026-05-28 18:54:26+00:00
35,2026-05-31 15:00:00+00:00,1.7982410192489624,0.10280092559106689,12.50000027939678,222.1085205078125,0.10834468544297764,22.222221339190483,244.08319091796875,,,,cdip,2026-05-28 18:54:26+00:00
35,2026-05-31 18:00:00+00:00,1.8209657669067383,1.7963182062887513,12.50000027939678,222.4080352783203,0.11670702980707648,22.222221339190483,244.14205932617188,0.112543329325046,18.181818280338256,241.87657165527344,cdip,2026-05-28 18:54:26+00:00
35,2026-05-31 21:00:00+00:00,1.7727108001708984,1.7471171512470085,12.50000027939678,222.38760375976562,0.1233765031360399,22.222221339190483,244.1361083984375,0.12345558115653008,18.181818280338256,242.37713623046875,cdip,2026-05-28 18:54:26+00:00
35,2026-06-01 00:00:00+00:00,1.6780524253845215,0.13509651543086132,12.50000027939678,222.24432373046875,0.1267561474513843,22.222221339190483,244.13584899902344,,,,cdip,2026-05-28 18:54:26+00:00
35,2026-06-01 03:00:00+00:00,1.6839065551757812,1.1977843871469958,12.50000027939678,222.11801147460938,1.139223464889038,7.14285711244661,276.0484924316406,0.21977069264136265,22.222221339190483,244.054443359375,cdip,2026-05-28 18:54:26+00:00
35,2026-06-01 06:00:00+00:00,1.7001701593399048,1.6671774452737635,12.50000027939678,222.05813598632812,0.23285898395502652,18.181818280338256,242.99452209472656,,,,cdip,2026-05-28 18:54:26+00:00
35,2026-06-01 09:00:00+00:00,1.622759222984314,0.6736112466783413,12.50000027939678,222.07289123535156,1.437518564244103,10.526315921561542,247.38360595703125,0.2434660703413494,18.181818280338256,243.02767944335938,cdip,2026-05-28 18:54:26+00:00
35,2026-06-01 12:00:00+00:00,1.527662992477417,0.6135768838627886,11.764705758606276,227.88243103027344,1.3582317738275798,10.526315921561542,247.14486694335938,0.25362379068956364,18.181818280338256,243.02020263671875,cdip,2026-05-28 18:54:26+00:00
35,2026-06-01 15:00:00+00:00,1.4498049020767212,0.5571902867798648,11.764705758606276,228.15533447265625,0.6975787548074852,10.526315921561542,246.85772705078125,1.0919811092062914,7.692307974459867,272.9709167480469,cdip,2026-05-28 18:54:26+00:00
35,2026-06-01 18:00:00+00:00,1.381463646888733,1.2421034225407608,10.526315921561542,246.41558837890625,0.4878984987962807,11.764705758606276,228.43655395507812,0.2978220952412843,18.181818280338256,242.98574829101562,cdip,2026-05-28 18:54:26+00:00
35,2026-06-01 21:00:00+00:00,1.3260843753814697,1.196858725454449,10.526315921561542,245.76092529296875,0.43990184999607357,11.764705758606276,228.60702514648438,0.3087263957153022,18.181818280338256,242.94622802734375,cdip,2026-05-28 18:54:26+00:00
35,2026-06-02 00:00:00+00:00,1.2784403562545776,1.1554266493498424,10.526315921561542,245.05615234375,0.4049161458481339,11.764705758606276,228.42225646972656,0.317038537786282,18.181818280338256,242.90673828125,cdip,2026-05-28 18:54:26+00:00
35,2026-06-02 03:00:00+00:00,1.2314876317977905,1.1165498902284745,10.526315921561542,244.22702026367188,0.366568096561542,11.764705758606276,228.2357940673828,0.3234288837449498,16.666667039195705,242.80909729003906,cdip,2026-05-28 18:54:26+00:00
35,2026-06-02 06:00:00+00:00,1.1780084371566772,1.071646851515406,10.526315921561542,243.3560028076172,0.32578580159154474,11.764705758606276,228.5375518798828,0.32778677244140614,16.666667039195705,242.80941772460938,cdip,2026-05-28 18:54:26+00:00
35,2026-06-02 09:00:00+00:00,1.1273902654647827,0.4448514643527858,9.871668200422233,250.03981018066406,0.35122370475338194,16.666667039195705,242.80825805664062,0.9251250427119317,7.692307974459867,271.1183776855469,cdip,2026-05-28 18:54:26+00:00
35,2026-06-02 12:00:00+00:00,1.082693099975586,0.3553548254621726,16.666667039195705,242.8007049560547,0.8975471962138227,7.14285711244661,270.2408447265625,0.40139555440506586,9.871668200422233,248.38694763183594,cdip,2026-05-28 18:54:26+00:00
35,2026-06-02 15:00:00+00:00,1.0424613952636719,0.35667602885491023,16.666667039195705,242.79092407226562,0.866002792749147,7.14285711244661,270.2005920410156,0.370767754229615,9.871668200422233,247.1476593017578,cdip,2026-05-28 18:54:26+00:00
35,2026-06-02 18:00:00+00:00,1.0207502841949463,0.35569098699633744,16.666667039195705,242.784423828125,0.92096181073052,7.14285711244661,270.6667175292969,0.23135094646435372,11.764705758606276,228.10202026367188,cdip,2026-05-28 18:54:26+00:00
35,2026-06-02 21:00:00+00:00,1.017730474472046,0.3526677784408135,16.666667039195705,242.77789306640625,0.9216419055613948,7.14285711244661,271.23077392578125,0.2231707926895087,11.764705758606276,228.537109375,cdip,2026-05-28 18:54:26+00:00
35,2026-06-03 00:00:00+00:00,0.978215217590332,0.3481488505358446,16.666667039195705,242.7722930908203,0.8824778146575835,7.14285711244661,272.2498779296875,0.21479035554274178,11.764705758606276,230.06358337402344,cdip,2026-05-28 18:54:26+00:00
35,2026-06-03 03:00:00+00:00,0.9516935348510742,0.34481419719620454,16.666667039195705,242.76747131347656,0.5988651478175643,7.14285711244661,273.32049560546875,0.6130989898525048,5.555555334797621,267.4757995605469,cdip,2026-05-28 18:54:26+00:00
35,2026-06-03 06:00:00+00:00,0.6997711062431335,0.3389624733986041,16.666667039195705,242.73765563964844,0.5235172385886389,4.761904910578484,262.6225891113281,0.2489830530427542,11.764705758606276,232.52859497070312,cdip,2026-05-28 18:54:26+00:00
35,2026-06-03 09:00:00+00:00,0.9934478402137756,0.33530563120826595,16.666667039195705,242.74571228027344,0.9100135544884066,6.25000013969839,275.768798828125,0.19925466599330127,11.764705758606276,234.5091552734375,cdip,2026-05-28 18:54:26+00:00
35,2026-06-03 12:00:00+00:00,0.6786797046661377,0.3233841755966183,16.666667039195705,242.72390747070312,0.4939033365126824,4.545454570084564,272.5574951171875,0.2327772227647867,11.764705758606276,234.53268432617188,cdip,2026-05-28 18:54:26+00:00
35,2026-06-03 15:00:00+00:00,0.9940754175186157,0.9115493516750343,6.666666401757145,279.562744140625,0.32009905865678884,16.666667039195705,242.7355194091797,0.2191981515704393,11.764705758606276,235.5405731201172,cdip,2026-05-28 18:54:26+00:00
35,2026-06-03 18:00:00+00:00,0.7113083600997925,0.31029530320806653,16.666667039195705,242.72662353515625,0.5119170751038586,4.545454570084564,271.20758056640625,0.31307627621800943,7.692307974459867,279.7442321777344,cdip,2026-05-28 18:54:26+00:00
35,2026-06-03 21:00:00+00:00,1.052351713180542,0.9799972771262075,6.666666401757145,280.2204895019531,0.3085545618162194,16.666667039195705,242.73611450195312,0.20662410240538331,11.764705758606276,235.59535217285156,cdip,2026-05-28 18:54:26+00:00
36,2026-05-28 09:00:00+00:00,1.3380035161972046,1.1408117183125823,14.28571422489322,207.1681365966797,0.548413685270725,6.25000013969839,278.84564208984375,0.4107639306989111,4.761904910578484,263.02471923828125,cdip,2026-05-28 18:54:26+00:00
36,2026-05-28 12:00:00+00:00,1.3256860971450806,0.9836342935030992,14.28571422489322,204.21774291992188,0.5735321530043118,18.181818280338256,213.20643615722656,0.5337484386854542,6.25000013969839,278.5956726074219,cdip,2026-05-28 18:54:26+00:00
36,2026-05-28 15:00:00+00:00,1.3533614873886108,0.7593319483805843,19.99999970197678,222.6997833251953,0.9006970147004942,14.28571422489322,202.54049682617188,0.5263558105201752,6.25000013969839,278.0120849609375,cdip,2026-05-28 18:54:26+00:00
36,2026-05-28 18:00:00+00:00,1.3885033130645752,1.2235689321589427,18.181818280338256,220.81109619140625,0.5218474163829184,6.25000013969839,276.95849609375,0.37530217190450926,4.761904910578484,260.03021240234375,cdip,2026-05-28 18:54:26+00:00
36,2026-05-28 21:00:00+00:00,1.4152270555496216,1.2617526463186457,18.181818280338256,222.09140014648438,0.5111043513984886,6.25000013969839,275.30499267578125,0.3656416804633135,4.761904910578484,258.95648193359375,cdip,2026-05-28 18:54:26+00:00
36,2026-05-29 00:00:00+00:00,1.4438931941986084,1.311791954900291,18.181818280338256,222.4028778076172,0.5916553326474567,6.25000013969839,273.5294494628906,,,,cdip,2026-05-28 18:54:26+00:00
36,2026-05-29 03:00:00+00:00,1.470116138458252,1.3625968004649265,16.666667039195705,220.84288024902344,0.5401814645507614,6.25000013969839,273.3492736816406,,,,cdip,2026-05-28 18:54:26+00:00
36,2026-05-29 06:00:00+00:00,1.497292160987854,1.4076505036657032,16.666667039195705,221.4940948486328,0.3425068552247425,6.25000013969839,273.3766784667969,,,,cdip,2026-05-28 18:54:26+00:00
36,2026-05-29 09:00:00+00:00,1.5344852209091187,1.4578969538664077,16.666667039195705,221.70233154296875,0.4667661329545089,6.25000013969839,273.2769775390625,,,,cdip,2026-05-28 18:54:26+00:00
36,2026-05-29 12:00:00+00:00,1.5608229637145996,1.4916907851859529,16.666667039195705,221.80105590820312,0.4475262207568819,6.25000013969839,273.94476318359375,,,,cdip,2026-05-28 18:54:26+00:00
36,2026-05-29 15:00:00+00:00,1.5561625957489014,1.489490068804367,16.666667039195705,221.8773651123047,0.3423204771094102,6.25000013969839,274.9489440917969,0.27575028636731397,4.761904910578484,261.2552185058594,cdip,2026-05-28 18:54:26+00:00
36,2026-05-29 18:00:00+00:00,1.5156631469726562,1.4483449986877743,15.384615948919734,220.3729705810547,0.33224319117002915,6.25000013969839,276.0989074707031,0.2835727466471738,4.761904910578484,263.9549560546875,cdip,2026-05-28 18:54:26+00:00
36,2026-05-29 21:00:00+00:00,1.4554388523101807,1.3906665973924714,15.384615948919734,220.63592529296875,0.3176241412027317,5.882352879303138,277.3265075683594,0.27486939173455044,4.761904910578484,265.9952392578125,cdip,2026-05-28 18:54:26+00:00
36,2026-05-30 00:00:00+00:00,1.3972172737121582,1.3356151296429841,15.384615948919734,220.79501342773438,0.2927520506836477,5.882352879303138,279.8581848144531,0.2740844243375399,4.761904910578484,268.98785400390625,cdip,2026-05-28 18:54:26+00:00
36,2026-05-30 03:00:00+00:00,1.3471492528915405,1.2758992584392184,15.384615948919734,220.86036682128906,0.2958055970614446,5.555555334797621,281.9862365722656,,,,cdip,2026-05-28 18:54:26+00:00
36,2026-05-30 06:00:00+00:00,1.3078162670135498,1.217522269458734,14.28571422489322,218.7733154296875,0.3115424730350649,4.761904910578484,275.99517822265625,,,,cdip,2026-05-28 18:54:26+00:00
36,2026-05-30 09:00:00+00:00,1.2762444019317627,1.1625064492046755,14.28571422489322,218.73912048339844,0.518357056064205,4.761904910578484,277.3621826171875,,,,cdip,2026-05-28 18:54:26+00:00
36,2026-05-30 12:00:00+00:00,1.264359951019287,1.1195891656489745,14.28571422489322,218.53672790527344,0.1552750599374519,4.761904910578484,279.4154357910156,,,,cdip,2026-05-28 18:54:26+00:00
36,2026-05-30 15:00:00+00:00,1.2676339149475098,1.0948571204703834,14.28571422489322,218.1043701171875,0.627176998697463,4.761904910578484,279.2974853515625,,,,cdip,2026-05-28 18:54:26+00:00
36,2026-05-30 18:00:00+00:00,1.255267858505249,0.1910524114435363,14.28571422489322,217.65908813476562,1.0497816393783974,4.761904910578484,277.77264404296875,,,,cdip,2026-05-28 18:54:26+00:00
36,2026-05-30 21:00:00+00:00,1.2287158966064453,0.2135149436992854,14.28571422489322,217.10157775878906,1.0203944302958101,4.761904910578484,277.6561584472656,,,,cdip,2026-05-28 18:54:26+00:00
36,2026-05-31 00:00:00+00:00,1.2141185998916626,0.23697092579915877,14.28571422489322,216.47933959960938,0.9988741935680301,4.761904910578484,277.79400634765625,,,,cdip,2026-05-28 18:54:26+00:00
36,2026-05-31 03:00:00+00:00,1.2268816232681274,0.3570650435299842,14.28571422489322,215.73849487304688,0.9578212542779446,4.761904910578484,277.5057678222656,,,,cdip,2026-05-28 18:54:26+00:00
36,2026-05-31 06:00:00+00:00,1.247265338897705,0.4636054495173144,14.28571422489322,215.02273559570312,0.7168700287412902,11.111110669595242,227.9737548828125,0.564533292297905,4.761904910578484,276.8769226074219,cdip,2026-05-28 18:54:26+00:00
36,2026-05-31 09:00:00+00:00,1.256401538848877,0.5030834666577328,14.28571422489322,214.13682556152344,0.7047472782535777,11.111110669595242,228.0128631591797,0.5644679381066877,4.761904910578484,276.3133544921875,cdip,2026-05-28 18:54:26+00:00
36,2026-05-31 12:00:00+00:00,1.267569661140442,0.5471104183293295,22.222221339190483,206.3379669189453,0.6392899535176344,14.28571422489322,213.29566955566406,0.6367715984773639,11.111110669595242,228.07211303710938,cdip,2026-05-28 18:54:26+00:00
36,2026-05-31 15:00:00+00:00,1.2988020181655884,0.657646436185294,22.222221339190483,206.07354736328125,0.6487981299001492,11.111110669595242,228.101318359375,0.5703257075831467,14.28571422489322,212.68431091308594,cdip,2026-05-28 18:54:26+00:00
36,2026-05-31 18:00:00+00:00,1.320846438407898,0.7114677704808416,22.222221339190483,205.83486938476562,0.6491653575643507,11.111110669595242,228.1917266845703,0.5601322288629856,14.28571422489322,212.15419006347656,cdip,2026-05-28 18:54:26+00:00
36,2026-05-31 21:00:00+00:00,1.3269684314727783,0.9402836045427124,22.222221339190483,205.96017456054688,0.6334065383571899,11.111110669595242,228.27633666992188,0.46899416445444614,5.555555334797621,281.2866516113281,cdip,2026-05-28 18:54:26+00:00
36,2026-06-01 00:00:00+00:00,1.3389012813568115,0.9811021005427304,22.222221339190483,205.59561157226562,0.6150784749098269,11.111110669595242,228.3061981201172,0.46283478138469547,5.555555334797621,281.72967529296875,cdip,2026-05-28 18:54:26+00:00
36,2026-06-01 03:00:00+00:00,1.3638719320297241,1.0199761406565784,22.222221339190483,205.3654327392578,0.5967520133042163,11.111110669595242,228.30662536621094,0.476641297665834,5.555555334797621,281.68048095703125,cdip,2026-05-28 18:54:26+00:00
36,2026-06-01 06:00:00+00:00,1.3894422054290771,1.0578563398661338,22.222221339190483,205.1931610107422,0.5758037158705859,11.111110669595242,228.26571655273438,0.48885230812536645,5.555555334797621,281.4599609375,cdip,2026-05-28 18:54:26+00:00
36,2026-06-01 09:00:00+00:00,1.4002063274383545,1.094407114113824,19.99999970197678,206.62428283691406,0.5539544224472503,11.111110669595242,228.19163513183594,0.48585101455037794,5.555555334797621,280.6407470703125,cdip,2026-05-28 18:54:26+00:00
36,2026-06-01 12:00:00+00:00,1.4080750942230225,1.1294801649060309,19.99999970197678,206.45785522460938,0.5251316820414514,11.111110669595242,228.066162109375,0.47876376607994714,5.555555334797621,279.6949157714844,cdip,2026-05-28 18:54:26+00:00
36,2026-06-01 15:00:00+00:00,1.4213082790374756,1.1615702075563985,19.99999970197678,206.20872497558594,0.5022639266053768,11.111110669595242,227.77481079101562,0.4734905481519245,5.882352879303138,280.09783935546875,cdip,2026-05-28 18:54:26+00:00
36,2026-06-01 18:00:00+00:00,1.4272918701171875,1.2004294822702377,19.99999970197678,206.0015411376953,0.4469814157575692,10.526315921561542,229.46478271484375,0.46701188602327254,5.882352879303138,279.43359375,cdip,2026-05-28 18:54:26+00:00
36,2026-06-01 21:00:00+00:00,1.4273293018341064,1.2144171757007678,19.99999970197678,206.0123748779297,0.4343354372662699,10.526315921561542,229.52462768554688,0.45563984347491904,5.882352879303138,278.9976806640625,cdip,2026-05-28 18:54:26+00:00
36,2026-06-02 00:00:00+00:00,1.419496774673462,1.2193155596483185,19.99999970197678,206.40907287597656,0.415037768866823,10.526315921561542,229.51910400390625,0.4420556717750709,5.882352879303138,278.80474853515625,cdip,2026-05-28 18:54:26+00:00
36,2026-06-02 03:00:00+00:00,1.4086077213287354,1.2340272009054574,18.181818280338256,208.67477416992188,0.3511611873201192,10.526315921561542,229.2584686279297,0.42667539518701875,5.882352879303138,278.43017578125,cdip,2026-05-28 18:54:26+00:00
36,2026-06-02 06:00:00+00:00,1.3981844186782837,1.2364180985626263,18.181818280338256,209.10128784179688,0.3311030020665522,10.526315921561542,228.62425231933594,0.40821419420246574,5.882352879303138,277.81842041015625,cdip,2026-05-28 18:54:26+00:00
36,2026-06-02 09:00:00+00:00,1.3893766403198242,1.277948483170444,18.181818280338256,209.4055633544922,0.3957331615883809,5.882352879303138,277.51715087890625,0.36440167130290224,4.761904910578484,263.1904602050781,cdip,2026-05-28 18:54:26+00:00
36,2026-06-02 12:00:00+00:00,1.3828096389770508,1.2771223033769403,18.181818280338256,209.55502319335938,0.38673880072353095,5.882352879303138,277.6203308105469,0.35218718183904185,4.761904910578484,262.9884338378906,cdip,2026-05-28 18:54:26+00:00
36,2026-06-02 15:00:00+00:00,1.3745237588882446,1.271832508925639,18.181818280338256,209.54661560058594,0.3775306795948905,5.882352879303138,278.1658935546875,0.3490522690270886,4.761904910578484,263.47698974609375,cdip,2026-05-28 18:54:26+00:00
36,2026-06-02 18:00:00+00:00,1.3684213161468506,1.2619684001162499,18.181818280338256,209.7274169921875,0.37676124803549854,5.882352879303138,278.8769836425781,0.3619116414560944,4.761904910578484,264.8302001953125,cdip,2026-05-28 18:54:26+00:00
36,2026-06-02 21:00:00+00:00,1.350626826286316,1.2466753096595526,18.181818280338256,210.2178955078125,0.3686412594878331,5.882352879303138,279.3625183105469,0.3569805268352281,4.761904910578484,265.2908935546875,cdip,2026-05-28 18:54:26+00:00
36,2026-06-03 00:00:00+00:00,1.330232858657837,1.2332010103605722,16.666667039195705,212.6248016357422,0.3472998827191197,5.882352879303138,279.8988037109375,0.3491583090733998,4.761904910578484,266.3711242675781,cdip,2026-05-28 18:54:26+00:00
36,2026-06-03 03:00:00+00:00,1.3192509412765503,1.2155407737424595,16.666667039195705,213.5778350830078,0.34168301661395845,5.882352879303138,280.9614562988281,0.37517908906190883,4.761904910578484,270.1396789550781,cdip,2026-05-28 18:54:26+00:00
36,2026-06-03 06:00:00+00:00,1.2269843816757202,1.192441795036118,16.666667039195705,212.86505126953125,0.25768921415646756,4.347826008084592,263.11834716796875,0.1220146995463586,7.14285711244661,274.165771484375,cdip,2026-05-28 18:54:26+00:00
36,2026-06-03 09:00:00+00:00,1.3336646556854248,1.2013294035263538,16.666667039195705,214.9476776123047,0.37054899976641126,4.761904910578484,275.6039123535156,,,,cdip,2026-05-28 18:54:26+00:00
36,2026-06-03 12:00:00+00:00,1.192379117012024,1.1557387298131672,16.666667039195705,212.84649658203125,0.1442110646703526,7.14285711244661,274.6847839355469,,,,cdip,2026-05-28 18:54:26+00:00
36,2026-06-03 15:00:00+00:00,1.352570652961731,1.1831695993465128,16.666667039195705,214.32321166992188,0.4358511966001963,5.555555334797621,281.5758361816406,,,,cdip,2026-05-28 18:54:26+00:00
36,2026-06-03 18:00:00+00:00,1.1912596225738525,1.1440610517862828,16.666667039195705,212.20623779296875,0.22180406371625377,4.347826008084592,262.41766357421875,0.14152134522297868,7.14285711244661,272.6222229003906,cdip,2026-05-28 18:54:26+00:00
36,2026-06-03 21:00:00+00:00,1.3405261039733887,1.1652299388074687,16.666667039195705,213.97430419921875,0.42864367809010684,4.761904910578484,274.87060546875,,,,cdip,2026-05-28 18:54:26+00:00
37,2026-05-28 09:00:00+00:00,1.633374810218811,1.5278532039532182,11.111110669595242,272.48394775390625,0.5161557356047811,19.99999970197678,261.31573486328125,,,,cdip,2026-05-28 18:54:26+00:00
37,2026-05-28 12:00:00+00:00,1.6030737161636353,1.4467866101002003,10.526315921561542,274.36273193359375,0.6430904801018327,19.99999970197678,263.07269287109375,,,,cdip,2026-05-28 18:54:26+00:00
37,2026-05-28 15:00:00+00:00,1.5860259532928467,0.8191229096599483,19.99999970197678,264.13671875,1.336703768785,10.526315921561542,273.85125732421875,,,,cdip,2026-05-28 18:54:26+00:00
37,2026-05-28 18:00:00+00:00,1.5755069255828857,0.9793642156338271,18.181818280338256,266.0595703125,1.2142409426710863,9.871668200422233,275.2267761230469,,,,cdip,2026-05-28 18:54:26+00:00
37,2026-05-28 21:00:00+00:00,1.5685808658599854,1.0948208297004676,18.181818280338256,266.4041748046875,1.1058960314637556,9.871668200422233,274.15057373046875,,,,cdip,2026-05-28 18:54:26+00:00
37,2026-05-29 00:00:00+00:00,1.5486868619918823,1.1646084789162128,18.181818280338256,266.4060363769531,1.0057492871826001,9.871668200422233,272.83544921875,,,,cdip,2026-05-28 18:54:26+00:00
37,2026-05-29 03:00:00+00:00,1.5461386442184448,1.237985358814408,16.666667039195705,267.8177490234375,0.9121968979880661,9.090909140169128,276.9752502441406,,,,cdip,2026-05-28 18:54:26+00:00
37,2026-05-29 06:00:00+00:00,1.5675173997879028,1.2984189529104204,16.666667039195705,267.925048828125,0.8649030830478862,9.090909140169128,276.31005859375,,,,cdip,2026-05-28 18:54:26+00:00
37,2026-05-29 09:00:00+00:00,1.587375283241272,1.3601908211413307,16.666667039195705,267.9033508300781,0.805924909153307,9.090909140169128,275.5855712890625,,,,cdip,2026-05-28 18:54:26+00:00
37,2026-05-29 12:00:00+00:00,1.5846338272094727,1.3682932865848485,16.666667039195705,267.79571533203125,0.7888314350240452,8.333333519597852,280.17303466796875,,,,cdip,2026-05-28 18:54:26+00:00
37,2026-05-29 15:00:00+00:00,1.5557739734649658,1.3606902861734127,16.666667039195705,267.50897216796875,0.7450039235044139,8.333333519597852,279.6775207519531,,,,cdip,2026-05-28 18:54:26+00:00
37,2026-05-29 18:00:00+00:00,1.5267994403839111,1.32128106866915,15.384615948919734,268.1006164550781,0.5538192202470605,8.333333519597852,278.7748718261719,,,,cdip,2026-05-28 18:54:26+00:00
37,2026-05-29 21:00:00+00:00,1.5100246667861938,1.2806729761531654,15.384615948919734,267.82281494140625,0.5568731658811152,8.333333519597852,278.3923034667969,,,,cdip,2026-05-28 18:54:26+00:00
37,2026-05-30 00:00:00+00:00,1.5000027418136597,1.2477359798654672,15.384615948919734,267.4043884277344,0.8257276319132851,7.14285711244661,283.0927429199219,,,,cdip,2026-05-28 18:54:26+00:00
37,2026-05-30 03:00:00+00:00,1.5075780153274536,1.1938538555070122,15.384615948919734,266.8273620605469,0.9142192732624154,6.666666401757145,285.78289794921875,,,,cdip,2026-05-28 18:54:26+00:00
37,2026-05-30 06:00:00+00:00,1.5452706813812256,1.13322492010301,13.33333280351429,269.7555236816406,1.0440547901769197,7.14285711244661,287.6528015136719,,,,cdip,2026-05-28 18:54:26+00:00
37,2026-05-30 09:00:00+00:00,1.6106523275375366,1.056026025052951,13.33333280351429,269.5478515625,1.207550956974268,7.14285711244661,291.06378173828125,,,,cdip,2026-05-28 18:54:26+00:00
37,2026-05-30 12:00:00+00:00,1.6426420211791992,1.0016950489648906,13.33333280351429,269.2234191894531,1.2917133529234712,7.692307974459867,289.47369384765625,,,,cdip,2026-05-28 18:54:26+00:00
37,2026-05-30 15:00:00+00:00,1.6467558145523071,0.09537089349185465,13.33333280351429,268.62518310546875,0.9477905343007342,7.692307974459867,289.57318115234375,,,,cdip,2026-05-28 18:54:26+00:00
37,2026-05-30 18:00:00+00:00,1.6489416360855103,0.1067974408266584,12.50000027939678,270.80987548828125,0.9084662276813278,7.692307974459867,290.28369140625,,,,cdip,2026-05-28 18:54:26+00:00
37,2026-05-30 21:00:00+00:00,1.623738408088684,0.11848231876726549,12.50000027939678,270.13079833984375,0.8748507622553433,8.333333519597852,285.9742431640625,,,,cdip,2026-05-28 18:54:26+00:00
37,2026-05-31 00:00:00+00:00,1.5949379205703735,0.13021052756050147,12.50000027939678,269.4951171875,0.9005506051693576,8.333333519597852,286.06427001953125,,,,cdip,2026-05-28 18:54:26+00:00
37,2026-05-31 03:00:00+00:00,1.645719289779663,0.5642922396537465,8.333333519597852,286.71282958984375,0.237057812534517,11.111110669595242,271.64794921875,,,,cdip,2026-05-28 18:54:26+00:00
37,2026-05-31 06:00:00+00:00,1.70143461227417,0.8026954973278068,8.333333519597852,287.5179748535156,0.25688485307081105,10.526315921561542,273.8231201171875,,,,cdip,2026-05-28 18:54:26+00:00
37,2026-05-31 09:00:00+00:00,1.7574959993362427,1.714828092507937,9.090909140169128,282.4630432128906,0.28016731366418585,22.222221339190483,243.52943420410156,,,,cdip,2026-05-28 18:54:26+00:00
37,2026-05-31 12:00:00+00:00,1.752425193786621,1.699484982406547,10.526315921561542,275.2340087890625,0.334920221751328,22.222221339190483,243.4637451171875,,,,cdip,2026-05-28 18:54:26+00:00
37,2026-05-31 15:00:00+00:00,1.774892807006836,1.7151082547428014,10.526315921561542,275.5445251464844,0.3625933199211489,22.222221339190483,243.43045043945312,,,,cdip,2026-05-28 18:54:26+00:00
37,2026-05-31 18:00:00+00:00,1.7818894386291504,1.7140615494333378,10.526315921561542,275.6542053222656,0.3902095946232842,22.222221339190483,243.4111328125,,,,cdip,2026-05-28 18:54:26+00:00
37,2026-05-31 21:00:00+00:00,1.7371549606323242,1.6609398210021245,10.526315921561542,275.6573181152344,0.41867507319395353,22.222221339190483,243.40504455566406,,,,cdip,2026-05-28 18:54:26+00:00
37,2026-06-01 00:00:00+00:00,1.6738333702087402,1.5903958397708733,10.526315921561542,275.5416564941406,0.44526807663842277,22.222221339190483,243.33819580078125,,,,cdip,2026-05-28 18:54:26+00:00
37,2026-06-01 03:00:00+00:00,1.6424484252929688,1.5462064713275605,10.526315921561542,275.3663024902344,0.48932313007176165,22.222221339190483,243.28292846679688,,,,cdip,2026-05-28 18:54:26+00:00
37,2026-06-01 06:00:00+00:00,1.6460484266281128,1.5418538616774091,9.871668200422233,277.62109375,0.5125696300680024,19.99999970197678,243.4042510986328,,,,cdip,2026-05-28 18:54:26+00:00
37,2026-06-01 09:00:00+00:00,1.6133313179016113,1.499257509303048,9.871668200422233,278.05230712890625,0.533628533334108,19.99999970197678,243.38909912109375,,,,cdip,2026-05-28 18:54:26+00:00
37,2026-06-01 12:00:00+00:00,1.5387898683547974,1.4106461817757157,9.871668200422233,277.6518859863281,0.5637101626329725,19.99999970197678,243.38250732421875,,,,cdip,2026-05-28 18:54:26+00:00
37,2026-06-01 15:00:00+00:00,1.4559781551361084,0.576661214092683,19.99999970197678,243.37266540527344,1.3183060967311522,9.871668200422233,276.859130859375,,,,cdip,2026-05-28 18:54:26+00:00
37,2026-06-01 18:00:00+00:00,1.3980202674865723,0.5851304973937624,19.99999970197678,243.34927368164062,1.252916769717814,9.871668200422233,276.1974792480469,,,,cdip,2026-05-28 18:54:26+00:00
37,2026-06-01 21:00:00+00:00,1.3353642225265503,0.6032882172484296,19.99999970197678,243.31265258789062,1.1762184181050244,9.871668200422233,275.6897277832031,,,,cdip,2026-05-28 18:54:26+00:00
37,2026-06-02 00:00:00+00:00,1.2619435787200928,0.6079106403639983,19.99999970197678,243.28060913085938,1.0924050764505384,9.871668200422233,275.1996765136719,,,,cdip,2026-05-28 18:54:26+00:00
37,2026-06-02 03:00:00+00:00,1.1938533782958984,0.612511693376958,18.181818280338256,243.18206787109375,1.0124970470086645,9.871668200422233,274.473876953125,,,,cdip,2026-05-28 18:54:26+00:00
37,2026-06-02 06:00:00+00:00,1.1617515087127686,0.6164654253100712,18.181818280338256,243.2154541015625,0.9734039133226267,9.090909140169128,279.3636474609375,,,,cdip,2026-05-28 18:54:26+00:00
37,2026-06-02 09:00:00+00:00,1.163859248161316,0.6295315195372055,18.181818280338256,243.2644805908203,0.9683021954392746,9.090909140169128,279.02545166015625,,,,cdip,2026-05-28 18:54:26+00:00
37,2026-06-02 12:00:00+00:00,1.1687119007110596,0.6297622202977704,18.181818280338256,243.28369140625,0.9746465279333915,8.333333519597852,284.41387939453125,,,,cdip,2026-05-28 18:54:26+00:00
37,2026-06-02 15:00:00+00:00,1.1778305768966675,0.6262513656991545,18.181818280338256,243.3057861328125,0.9889473088886163,7.692307974459867,287.750244140625,,,,cdip,2026-05-28 18:54:26+00:00
37,2026-06-02 18:00:00+00:00,1.1759835481643677,0.6221515641379697,18.181818280338256,243.3336181640625,0.9904093587764167,7.692307974459867,287.92333984375,,,,cdip,2026-05-28 18:54:26+00:00
37,2026-06-02 21:00:00+00:00,1.1322143077850342,0.6200983776784131,16.666667039195705,243.3564910888672,0.940300311639964,7.692307974459867,287.7601318359375,,,,cdip,2026-05-28 18:54:26+00:00
37,2026-06-03 00:00:00+00:00,1.1134225130081177,0.6195275262844603,16.666667039195705,243.44178771972656,0.15348318584730591,7.14285711244661,287.3203125,,,,cdip,2026-05-28 18:54:26+00:00
37,2026-06-03 03:00:00+00:00,1.1332629919052124,0.6312352801072617,16.666667039195705,243.66238403320312,0.9360172208322355,7.14285711244661,287.5411682128906,,,,cdip,2026-05-28 18:54:26+00:00
37,2026-06-03 06:00:00+00:00,1.2656543254852295,0.6303710863629022,16.666667039195705,243.69503784179688,1.0926408175872349,6.666666401757145,290.0304870605469,,,,cdip,2026-05-28 18:54:26+00:00
37,2026-06-03 09:00:00+00:00,1.2425063848495483,0.6268567274086637,16.666667039195705,243.88308715820312,1.0690834931902438,6.666666401757145,290.1941223144531,,,,cdip,2026-05-28 18:54:26+00:00
37,2026-06-03 12:00:00+00:00,1.4416186809539795,1.2981625916913437,7.14285711244661,291.031494140625,0.614904946731638,15.384615948919734,243.2795867919922,,,,cdip,2026-05-28 18:54:26+00:00
37,2026-06-03 15:00:00+00:00,1.305262565612793,1.0144226164374348,6.25000013969839,289.60211181640625,0.6160269045296016,15.384615948919734,243.44137573242188,0.5369728469723418,4.545454570084564,279.8803405761719,cdip,2026-05-28 18:54:26+00:00
37,2026-06-03 18:00:00+00:00,1.4335551261901855,1.2898140659821395,6.666666401757145,293.097900390625,0.6178686014399177,15.384615948919734,243.79214477539062,,,,cdip,2026-05-28 18:54:26+00:00
37,2026-06-03 21:00:00+00:00,1.2404816150665283,0.9321221925384788,6.25000013969839,293.16119384765625,0.6172189357453673,15.384615948919734,243.80926513671875,0.5333015330123702,4.545454570084564,281.64617919921875,cdip,2026-05-28 18:54:26+00:00
38,2026-05-28 09:00:00+00:00,1.1247071027755737,0.4474159283856458,19.99999970197678,289.6070556640625,1.0189012457246918,10.526315921561542,291.1116638183594,,,,cdip,2026-05-28 18:54:26+00:00
38,2026-05-28 12:00:00+00:00,1.1183481216430664,0.5797365223137173,19.99999970197678,289.8236083984375,0.9435311722751768,10.526315921561542,291.1098937988281,,,,cdip,2026-05-28 18:54:26+00:00
38,2026-05-28 15:00:00+00:00,1.1603209972381592,0.7372150720361704,19.99999970197678,289.8604736328125,0.8826765476887187,10.526315921561542,290.9966735839844,,,,cdip,2026-05-28 18:54:26+00:00
38,2026-05-28 18:00:00+00:00,1.1981756687164307,0.8612776869107805,19.99999970197678,289.71343994140625,0.8198749709423399,9.871668200422233,291.2743225097656,,,,cdip,2026-05-28 18:54:26+00:00
38,2026-05-28 21:00:00+00:00,1.205147385597229,0.9305984703118018,18.181818280338256,289.7584533691406,0.7543105655842197,9.871668200422233,290.9722595214844,,,,cdip,2026-05-28 18:54:26+00:00
38,2026-05-29 00:00:00+00:00,1.1834901571273804,0.9597241208037925,18.181818280338256,289.66864013671875,0.36620545573900143,9.871668200422233,290.66314697265625,,,,cdip,2026-05-28 18:54:26+00:00
38,2026-05-29 03:00:00+00:00,1.1701250076293945,0.9870997648022293,18.181818280338256,289.6481018066406,0.3180256217455898,9.871668200422233,290.4193420410156,0.5330314709258752,7.692307974459867,290.8994140625,cdip,2026-05-28 18:54:26+00:00
38,2026-05-29 06:00:00+00:00,1.1762369871139526,1.0217420931452892,16.666667039195705,289.78082275390625,0.512967863753149,9.090909140169128,290.4503173828125,,,,cdip,2026-05-28 18:54:26+00:00
38,2026-05-29 09:00:00+00:00,1.1866036653518677,1.0485148195008955,16.666667039195705,289.77679443359375,0.48260149189209317,9.090909140169128,290.2407531738281,0.2623146340706239,4.761904910578484,284.39080810546875,cdip,2026-05-28 18:54:26+00:00
38,2026-05-29 12:00:00+00:00,1.1902070045471191,1.0520511233594703,16.666667039195705,289.7480163574219,0.45597026215044306,8.333333519597852,290.9639892578125,0.30963961610708146,4.761904910578484,285.80615234375,cdip,2026-05-28 18:54:26+00:00
38,2026-05-29 15:00:00+00:00,1.1692397594451904,1.0256383286740915,15.384615948919734,289.80914306640625,0.472759572471699,7.692307974459867,291.080810546875,0.294180175824913,4.761904910578484,283.73858642578125,cdip,2026-05-28 18:54:26+00:00
38,2026-05-29 18:00:00+00:00,1.1366682052612305,0.989055854967273,15.384615948919734,289.7496032714844,0.44436655882236925,7.692307974459867,291.24481201171875,0.3345740422198504,4.761904910578484,284.173583984375,cdip,2026-05-28 18:54:26+00:00
38,2026-05-29 21:00:00+00:00,1.1139354705810547,0.9540462405258415,15.384615948919734,289.696044921875,0.46352282239796583,6.666666401757145,291.56280517578125,0.3345840380025041,4.761904910578484,285.6948547363281,cdip,2026-05-28 18:54:26+00:00
38,2026-05-30 00:00:00+00:00,1.1126364469528198,0.906275383387234,15.384615948919734,289.62890625,0.520085074543203,6.666666401757145,292.7405700683594,,,,cdip,2026-05-28 18:54:26+00:00
38,2026-05-30 03:00:00+00:00,1.1519215106964111,0.8531500876655054,14.28571422489322,289.748046875,0.7715048207821084,6.25000013969839,293.6435241699219,,,,cdip,2026-05-28 18:54:26+00:00
38,2026-05-30 06:00:00+00:00,1.1464805603027344,0.8006396499179341,14.28571422489322,289.69866943359375,0.8176112169202024,6.25000013969839,294.3362121582031,,,,cdip,2026-05-28 18:54:26+00:00
38,2026-05-30 09:00:00+00:00,1.1409977674484253,0.0435997195583148,14.28571422489322,289.64715576171875,0.7392775180683463,6.25000013969839,294.9624938964844,,,,cdip,2026-05-28 18:54:26+00:00
38,2026-05-30 12:00:00+00:00,1.170746088027954,0.049283939948987866,13.33333280351429,289.7345886230469,0.4463990303466494,6.25000013969839,295.8105773925781,0.652604216697145,9.090909140169128,291.7576904296875,cdip,2026-05-28 18:54:26+00:00
38,2026-05-30 15:00:00+00:00,1.192514181137085,0.055761116729399325,13.33333280351429,289.67413330078125,0.49002793323381316,6.25000013969839,296.2663269042969,0.5965263648498697,9.090909140169128,292.16961669921875,cdip,2026-05-28 18:54:26+00:00
38,2026-05-30 18:00:00+00:00,1.1747177839279175,0.08332679270865403,13.33333280351429,289.5679626464844,0.5407616948087682,9.871668200422233,291.27459716796875,0.5084069953634904,6.25000013969839,296.7060852050781,cdip,2026-05-28 18:54:26+00:00
38,2026-05-30 21:00:00+00:00,1.137478232383728,0.0938248186775593,13.33333280351429,289.426025390625,0.45557427936141326,9.871668200422233,291.4505920410156,0.5521679628183354,5.555555334797621,294.4298095703125,cdip,2026-05-28 18:54:26+00:00
38,2026-05-31 00:00:00+00:00,1.141381859779358,0.41464277169026287,10.526315921561542,290.7908630371094,0.10450385153368373,12.50000027939678,289.5016784667969,0.568289863950124,5.882352879303138,294.8211364746094,cdip,2026-05-28 18:54:26+00:00
38,2026-05-31 03:00:00+00:00,1.1848381757736206,0.3856175308768742,10.526315921561542,290.76171875,0.6085426900449761,6.25000013969839,295.96453857421875,0.11424749075084731,12.50000027939678,289.4119567871094,cdip,2026-05-28 18:54:26+00:00
38,2026-05-31 06:00:00+00:00,1.2024459838867188,0.36060271065837024,10.526315921561542,290.8687744140625,0.6352503085199468,6.25000013969839,295.48321533203125,0.14034906441907052,12.50000027939678,289.389892578125,cdip,2026-05-28 18:54:26+00:00
38,2026-05-31 09:00:00+00:00,1.2161777019500732,0.7442543391577787,10.526315921561542,291.0808410644531,0.738508328327406,6.25000013969839,295.2923583984375,0.15062207983132403,22.222221339190483,279.7369384765625,cdip,2026-05-28 18:54:26+00:00
38,2026-05-31 12:00:00+00:00,1.2221407890319824,0.7378737811220343,10.526315921561542,291.2788391113281,0.7458050154170799,6.25000013969839,295.427001953125,0.16214198336051103,22.222221339190483,279.72216796875,cdip,2026-05-28 18:54:26+00:00
38,2026-05-31 15:00:00+00:00,1.241168737411499,0.7507392005304236,10.526315921561542,291.38201904296875,0.7513110181232014,6.25000013969839,295.5710754394531,0.17626589879654722,22.222221339190483,279.70819091796875,cdip,2026-05-28 18:54:26+00:00
38,2026-05-31 18:00:00+00:00,1.2099097967147827,0.7418772579194307,10.526315921561542,291.3907775878906,0.7260973913192974,6.25000013969839,295.01611328125,0.19167558540882,22.222221339190483,279.7006530761719,cdip,2026-05-28 18:54:26+00:00
38,2026-05-31 21:00:00+00:00,1.1732418537139893,0.7178718606459292,10.526315921561542,291.32818603515625,0.8831164735536343,6.25000013969839,294.2931823730469,0.22402550127663556,22.222221339190483,279.706298828125,cdip,2026-05-28 18:54:26+00:00
38,2026-06-01 00:00:00+00:00,1.160330057144165,0.6973691230382874,10.526315921561542,291.2268981933594,0.8793577581550842,6.25000013969839,293.5106201171875,0.23675141376709696,22.222221339190483,279.6986083984375,cdip,2026-05-28 18:54:26+00:00
38,2026-06-01 03:00:00+00:00,1.160904049873352,0.6799905265224242,10.526315921561542,291.1760559082031,0.8909609876117067,6.666666401757145,294.1708984375,0.24760181192712838,22.222221339190483,279.69183349609375,cdip,2026-05-28 18:54:26+00:00
38,2026-06-01 06:00:00+00:00,1.1478105783462524,0.6534669266824394,10.526315921561542,291.18609619140625,0.8921637418359497,6.666666401757145,293.90350341796875,0.2585723491381835,19.99999970197678,279.7037353515625,cdip,2026-05-28 18:54:26+00:00
38,2026-06-01 09:00:00+00:00,1.0990256071090698,0.5636724866102394,10.526315921561542,291.2992248535156,0.8912378626444383,6.666666401757145,293.53875732421875,0.2689622508707899,19.99999970197678,279.71588134765625,cdip,2026-05-28 18:54:26+00:00
38,2026-06-01 12:00:00+00:00,1.0372971296310425,0.507693888493556,10.526315921561542,291.1707763671875,0.8447880121713341,6.666666401757145,293.14215087890625,0.290809091623086,19.99999970197678,279.7394104003906,cdip,2026-05-28 18:54:26+00:00
38,2026-06-01 15:00:00+00:00,0.9848306179046631,0.4728779268025144,9.871668200422233,291.639404296875,0.7990689136261161,6.666666401757145,292.551025390625,0.29903306743107605,19.99999970197678,279.7635192871094,cdip,2026-05-28 18:54:26+00:00
38,2026-06-01 18:00:00+00:00,0.9339281320571899,0.43737089644922167,9.871668200422233,291.4632263183594,0.3024506569957412,19.99999970197678,279.78302001953125,0.7482157851420014,7.14285711244661,292.8714904785156,cdip,2026-05-28 18:54:26+00:00
38,2026-06-01 21:00:00+00:00,0.8883807063102722,0.4101092953144661,9.871668200422233,291.35760498046875,0.7079901614126429,7.14285711244661,292.3695983886719,0.3022370737668043,19.99999970197678,279.80078125,cdip,2026-05-28 18:54:26+00:00
38,2026-06-02 00:00:00+00:00,0.8405947685241699,0.32153750259606717,19.99999970197678,279.8221435546875,0.6709935052916437,7.14285711244661,292.0962219238281,0.3733865136739785,9.871668200422233,291.21258544921875,cdip,2026-05-28 18:54:26+00:00
38,2026-06-02 03:00:00+00:00,0.7912017703056335,0.3300295729169666,19.99999970197678,279.83984375,0.631838566363377,7.14285711244661,291.9776916503906,0.3268373227047349,9.871668200422233,291.0174255371094,cdip,2026-05-28 18:54:26+00:00
38,2026-06-02 06:00:00+00:00,0.7621236443519592,0.33085033135287634,18.181818280338256,279.46856689453125,0.6119349487373453,7.14285711244661,292.08624267578125,0.2960940153742283,9.871668200422233,290.7398376464844,cdip,2026-05-28 18:54:26+00:00
38,2026-06-02 09:00:00+00:00,0.7589467763900757,0.33218861034576475,18.181818280338256,279.490966796875,0.6166388806072284,7.14285711244661,292.3965148925781,0.2776996350726686,9.090909140169128,291.70367431640625,cdip,2026-05-28 18:54:26+00:00
38,2026-06-02 12:00:00+00:00,0.7539957165718079,0.3368218689705305,18.181818280338256,279.50592041015625,0.6163266779060217,7.14285711244661,292.742919921875,0.2595353360574999,9.090909140169128,291.55023193359375,cdip,2026-05-28 18:54:26+00:00
38,2026-06-02 15:00:00+00:00,0.750028133392334,0.3327759823022873,18.181818280338256,279.5176696777344,0.522652049183179,7.14285711244661,293.2673034667969,0.24860510282140555,9.090909140169128,291.40234375,cdip,2026-05-28 18:54:26+00:00
38,2026-06-02 18:00:00+00:00,0.7637003064155579,0.329531943568978,18.181818280338256,279.5265808105469,0.5446156475360946,6.666666401757145,292.4753112792969,0.2364616479891656,9.090909140169128,291.3169250488281,cdip,2026-05-28 18:54:26+00:00
38,2026-06-02 21:00:00+00:00,0.7351193428039551,0.52236817329642,6.666666401757145,292.74224853515625,0.3335981802707608,18.181818280338256,279.53070068359375,0.211798882715889,9.090909140169128,291.1241760253906,cdip,2026-05-28 18:54:26+00:00
38,2026-06-03 00:00:00+00:00,0.7306239604949951,0.5512949381870428,6.666666401757145,293.19757080078125,0.3341025549815777,18.181818280338256,279.5340881347656,0.3370808741278331,4.761904910578484,283.25225830078125,cdip,2026-05-28 18:54:26+00:00
38,2026-06-03 03:00:00+00:00,0.7646610140800476,0.5594279699462743,6.666666401757145,293.2696533203125,0.33859142975458895,18.181818280338256,279.54681396484375,0.3924914900235309,4.761904910578484,284.4078369140625,cdip,2026-05-28 18:54:26+00:00
38,2026-06-03 06:00:00+00:00,0.6765861511230469,0.5437884558309904,6.666666401757145,297.9266662597656,0.3344625032930527,16.666667039195705,279.04364013671875,0.21548847540254817,4.761904910578484,304.0510559082031,cdip,2026-05-28 18:54:26+00:00
38,2026-06-03 09:00:00+00:00,0.8922554850578308,0.6688704943061388,6.25000013969839,294.7716064453125,0.3425866878987851,16.666667039195705,279.06292724609375,,,,cdip,2026-05-28 18:54:26+00:00
38,2026-06-03 12:00:00+00:00,0.760643720626831,0.6407818064446534,6.666666401757145,298.5854187011719,0.31858524401658084,16.666667039195705,279.0758056640625,0.22444512954821838,4.761904910578484,304.1094055175781,cdip,2026-05-28 18:54:26+00:00
38,2026-06-03 15:00:00+00:00,1.0039143562316895,0.776061419037875,6.25000013969839,294.98419189453125,0.32543974502218426,16.666667039195705,279.113037109375,0.09562447293765852,11.764705758606276,285.7828369140625,cdip,2026-05-28 18:54:26+00:00
38,2026-06-03 18:00:00+00:00,0.7545440793037415,0.6175622432380969,6.25000013969839,299.41510009765625,0.3033869274573167,16.666667039195705,279.16070556640625,0.18604676017716038,19.99999970197678,279.8857421875,cdip,2026-05-28 18:54:26+00:00
38,2026-06-03 21:00:00+00:00,0.9817743897438049,0.7351733659237542,6.25000013969839,296.72137451171875,0.3061815358957069,16.666667039195705,279.20367431640625,0.1878120574830915,19.99999970197678,279.87060546875,cdip,2026-05-28 18:54:26+00:00
39,2026-05-28 09:00:00+00:00,2.2557520866394043,2.148428632111021,11.111110669595242,299.29327392578125,0.5464719121273992,19.99999970197678,285.9339904785156,,,,cdip,2026-05-28 18:54:26+00:00
39,2026-05-28 12:00:00+00:00,2.184168577194214,2.0185510956465125,10.526315921561542,300.4572448730469,0.7255010028893961,19.99999970197678,286.53778076171875,,,,cdip,2026-05-28 18:54:26+00:00
39,2026-05-28 15:00:00+00:00,2.161672592163086,1.90984909975744,10.526315921561542,300.2576904296875,0.9270100215212121,19.99999970197678,286.89324951171875,,,,cdip,2026-05-28 18:54:26+00:00
39,2026-05-28 18:00:00+00:00,2.1060729026794434,1.0884826306102575,19.99999970197678,287.0968017578125,1.7617210263408833,10.526315921561542,300.0855407714844,,,,cdip,2026-05-28 18:54:26+00:00
39,2026-05-28 21:00:00+00:00,2.0562350749969482,1.254259072485237,18.181818280338256,288.7888488769531,1.5917153182521198,10.526315921561542,300.3839111328125,,,,cdip,2026-05-28 18:54:26+00:00
39,2026-05-29 00:00:00+00:00,2.0333213806152344,1.3863313466231082,18.181818280338256,289.1506042480469,1.4536356589478814,9.871668200422233,301.3609313964844,,,,cdip,2026-05-28 18:54:26+00:00
39,2026-05-29 03:00:00+00:00,2.0279812812805176,1.4854473231118375,16.666667039195705,290.4061279296875,1.3497681569187567,9.871668200422233,301.94775390625,,,,cdip,2026-05-28 18:54:26+00:00
39,2026-05-29 06:00:00+00:00,2.0536563396453857,1.587588586357214,16.666667039195705,290.47857666015625,1.2722120026897257,9.871668200422233,302.2392578125,,,,cdip,2026-05-28 18:54:26+00:00
39,2026-05-29 09:00:00+00:00,2.1001229286193848,1.6728114859166867,16.666667039195705,290.5752868652344,1.2413300911730976,9.090909140169128,302.93878173828125,,,,cdip,2026-05-28 18:54:26+00:00
39,2026-05-29 12:00:00+00:00,2.1366770267486572,1.7466141599409406,16.666667039195705,290.5831298828125,1.2058696952442458,9.090909140169128,302.6274108886719,,,,cdip,2026-05-28 18:54:26+00:00
39,2026-05-29 15:00:00+00:00,2.1290769577026367,1.778185012959601,15.384615948919734,291.33221435546875,1.1487944487779096,9.090909140169128,302.41180419921875,,,,cdip,2026-05-28 18:54:26+00:00
39,2026-05-29 18:00:00+00:00,2.0831615924835205,1.7672411007548348,15.384615948919734,291.253662109375,1.0825883028780166,9.090909140169128,302.4454040527344,,,,cdip,2026-05-28 18:54:26+00:00
39,2026-05-29 21:00:00+00:00,2.0399491786956787,1.7425346091537917,15.384615948919734,291.0074462890625,1.0418781398649792,9.090909140169128,302.38165283203125,,,,cdip,2026-05-28 18:54:26+00:00
39,2026-05-30 00:00:00+00:00,2.0191190242767334,1.681946953274308,14.28571422489322,291.7431640625,1.1004147434536788,9.090909140169128,302.2779541015625,,,,cdip,2026-05-28 18:54:26+00:00
39,2026-05-30 03:00:00+00:00,2.0314290523529053,1.6338639337664278,14.28571422489322,291.2740478515625,1.1916311888113889,8.333333519597852,301.75921630859375,,,,cdip,2026-05-28 18:54:26+00:00
39,2026-05-30 06:00:00+00:00,2.0150492191314697,0.07255486007674834,13.33333280351429,291.754638671875,1.5535751543588585,7.692307974459867,297.5645751953125,,,,cdip,2026-05-28 18:54:26+00:00
39,2026-05-30 09:00:00+00:00,2.042341947555542,0.08303228746752368,13.33333280351429,291.69207763671875,1.4860258728718059,7.692307974459867,298.44061279296875,,,,cdip,2026-05-28 18:54:26+00:00
39,2026-05-30 12:00:00+00:00,2.151285171508789,0.09372574770675733,13.33333280351429,291.5530700683594,1.3063118175944026,8.333333519597852,299.3860168457031,,,,cdip,2026-05-28 18:54:26+00:00
39,2026-05-30 15:00:00+00:00,2.2255563735961914,0.10596972270846501,13.33333280351429,291.0379638671875,1.238014769009355,8.333333519597852,299.24737548828125,,,,cdip,2026-05-28 18:54:26+00:00
39,2026-05-30 18:00:00+00:00,2.2460079193115234,0.15868419043934892,12.50000027939678,292.8910827636719,1.0696463604633748,8.333333519597852,299.72509765625,,,,cdip,2026-05-28 18:54:26+00:00
39,2026-05-30 21:00:00+00:00,2.2133138179779053,0.8543388626959365,10.526315921561542,297.0884704589844,0.17880839416059421,12.50000027939678,292.2436828613281,,,,cdip,2026-05-28 18:54:26+00:00
39,2026-05-31 00:00:00+00:00,2.195376396179199,0.19984133059041495,10.526315921561542,296.80047607421875,,,,,,,cdip,2026-05-28 18:54:26+00:00
39,2026-05-31 03:00:00+00:00,2.2397029399871826,0.24882897282550284,10.526315921561542,295.94952392578125,,,,,,,cdip,2026-05-28 18:54:26+00:00
39,2026-05-31 06:00:00+00:00,2.2668094635009766,0.2688171318121237,10.526315921561542,295.66387939453125,,,,,,,cdip,2026-05-28 18:54:26+00:00
39,2026-05-31 09:00:00+00:00,2.3289268016815186,2.2719965131496225,10.526315921561542,295.8050537109375,0.2873101602807165,22.222221339190483,263.0273132324219,,,,cdip,2026-05-28 18:54:26+00:00
39,2026-05-31 12:00:00+00:00,2.384958505630493,2.3237393568012843,10.526315921561542,296.30340576171875,0.3079409031347977,22.222221339190483,262.9364929199219,,,,cdip,2026-05-28 18:54:26+00:00
39,2026-05-31 15:00:00+00:00,2.446892023086548,2.3801164709993743,10.526315921561542,296.4757080078125,0.3337349685443276,22.222221339190483,262.87774658203125,,,,cdip,2026-05-28 18:54:26+00:00
39,2026-05-31 18:00:00+00:00,2.3800535202026367,2.303606431182647,10.526315921561542,296.8099365234375,0.3867425814905301,22.222221339190483,262.85614013671875,,,,cdip,2026-05-28 18:54:26+00:00
39,2026-05-31 21:00:00+00:00,2.2915902137756348,2.207216880806811,10.526315921561542,297.0556945800781,0.42759031979222706,22.222221339190483,262.84783935546875,,,,cdip,2026-05-28 18:54:26+00:00
39,2026-06-01 00:00:00+00:00,2.2217495441436768,2.1324352048148763,10.526315921561542,296.86767578125,0.4522520239137876,22.222221339190483,262.8111572265625,,,,cdip,2026-05-28 18:54:26+00:00
39,2026-06-01 03:00:00+00:00,2.195080280303955,2.102113350215038,10.526315921561542,297.0274658203125,0.47233671232325364,22.222221339190483,262.79827880859375,,,,cdip,2026-05-28 18:54:26+00:00
39,2026-06-01 06:00:00+00:00,2.168074131011963,2.066625765965279,10.526315921561542,297.7425537109375,0.5105846045226204,19.99999970197678,262.8419494628906,,,,cdip,2026-05-28 18:54:26+00:00
39,2026-06-01 09:00:00+00:00,2.0910191535949707,1.9825640218725953,10.526315921561542,298.4369812011719,0.5312768669907971,19.99999970197678,262.8887634277344,,,,cdip,2026-05-28 18:54:26+00:00
39,2026-06-01 12:00:00+00:00,1.962975263595581,1.8465008449848839,10.526315921561542,298.5445861816406,0.5524183825853299,19.99999970197678,262.9927673339844,,,,cdip,2026-05-28 18:54:26+00:00
39,2026-06-01 15:00:00+00:00,1.8463066816329956,1.7223230410553099,10.526315921561542,298.55810546875,0.5691658652605635,19.99999970197678,263.09613037109375,,,,cdip,2026-05-28 18:54:26+00:00
39,2026-06-01 18:00:00+00:00,1.7546823024749756,1.6182459423181754,10.526315921561542,298.65838623046875,0.5946063482372658,19.99999970197678,263.1906433105469,,,,cdip,2026-05-28 18:54:26+00:00
39,2026-06-01 21:00:00+00:00,1.6785023212432861,1.537846478789537,9.871668200422233,299.1138000488281,0.5958954492817251,19.99999970197678,263.27813720703125,,,,cdip,2026-05-28 18:54:26+00:00
39,2026-06-02 00:00:00+00:00,1.591219425201416,1.4410062444231109,9.871668200422233,299.6461181640625,0.608783375888195,19.99999970197678,263.36285400390625,,,,cdip,2026-05-28 18:54:26+00:00
39,2026-06-02 03:00:00+00:00,1.5009888410568237,1.344897389209805,9.871668200422233,300.1546630859375,0.609944435138249,19.99999970197678,263.42547607421875,,,,cdip,2026-05-28 18:54:26+00:00
39,2026-06-02 06:00:00+00:00,1.433275580406189,1.2714586918224873,9.871668200422233,300.2959899902344,0.6131640803729634,18.181818280338256,262.3018798828125,,,,cdip,2026-05-28 18:54:26+00:00
39,2026-06-02 09:00:00+00:00,1.4041084051132202,1.2383182438128901,9.871668200422233,300.3346252441406,0.6178823216218366,18.181818280338256,262.41461181640625,,,,cdip,2026-05-28 18:54:26+00:00
39,2026-06-02 12:00:00+00:00,1.3773106336593628,0.6163285826269002,18.181818280338256,262.4934997558594,1.2105956964166227,9.090909140169128,299.7618713378906,,,,cdip,2026-05-28 18:54:26+00:00
39,2026-06-02 15:00:00+00:00,1.3583202362060547,0.6233759126323306,18.181818280338256,262.559814453125,1.1870449611507896,9.090909140169128,299.5958251953125,,,,cdip,2026-05-28 18:54:26+00:00
39,2026-06-02 18:00:00+00:00,1.3571350574493408,0.6196109507599253,18.181818280338256,262.62689208984375,1.1894844408094014,9.090909140169128,299.6960144042969,,,,cdip,2026-05-28 18:54:26+00:00
39,2026-06-02 21:00:00+00:00,1.3125988245010376,0.6172698039997441,18.181818280338256,262.6716613769531,1.1418555314132668,9.090909140169128,299.8490295410156,,,,cdip,2026-05-28 18:54:26+00:00
39,2026-06-03 00:00:00+00:00,1.2857757806777954,0.6207773689366655,18.181818280338256,262.7459716796875,1.1117518213148931,9.090909140169128,299.859619140625,,,,cdip,2026-05-28 18:54:26+00:00
39,2026-06-03 03:00:00+00:00,1.3155583143234253,0.6233587448610801,18.181818280338256,262.74053955078125,1.1459014091173585,9.090909140169128,299.7508544921875,,,,cdip,2026-05-28 18:54:26+00:00
39,2026-06-03 06:00:00+00:00,1.451191782951355,1.2909139158117608,7.14285711244661,298.2576904296875,0.6447007057646754,16.666667039195705,261.3752136230469,,,,cdip,2026-05-28 18:54:26+00:00
39,2026-06-03 09:00:00+00:00,1.5020312070846558,1.3494906607887638,7.14285711244661,298.1661376953125,0.6400913888811091,16.666667039195705,261.3369140625,,,,cdip,2026-05-28 18:54:26+00:00
39,2026-06-03 12:00:00+00:00,1.6684998273849487,1.5309813647591144,7.14285711244661,299.07122802734375,0.642495171720364,16.666667039195705,261.53350830078125,,,,cdip,2026-05-28 18:54:26+00:00
39,2026-06-03 15:00:00+00:00,1.7262080907821655,1.5898729252540027,7.692307974459867,299.2357177734375,0.651302187134222,16.666667039195705,261.55560302734375,,,,cdip,2026-05-28 18:54:26+00:00
39,2026-06-03 18:00:00+00:00,1.6442140340805054,1.4971860593902506,7.14285711244661,300.1379699707031,0.560391421145314,15.384615948919734,260.7245788574219,0.36125973750226653,19.99999970197678,264.1121520996094,cdip,2026-05-28 18:54:26+00:00
39,2026-06-03 21:00:00+00:00,1.6920664310455322,0.5637949832237197,7.14285711244661,300.381103515625,0.36034441116390786,16.666667039195705,261.8506774902344,,,,cdip,2026-05-28 18:54:26+00:00
40,2026-05-28 09:00:00+00:00,1.162258267402649,0.6456954599630557,11.111110669595242,226.81060791015625,0.26208074199406084,19.99999970197678,208.2249755859375,0.8516438624683809,4.761904910578484,254.79391479492188,cdip,2026-05-28 18:54:26+00:00
40,2026-05-28 12:00:00+00:00,1.1236423254013062,0.4795305465924277,9.871668200422233,234.0873260498047,0.35503796396495807,19.99999970197678,210.0559539794922,0.3452323979254018,14.28571422489322,199.13002014160156,cdip,2026-05-28 18:54:26+00:00
40,2026-05-28 15:00:00+00:00,1.116594910621643,0.41585610022035707,19.99999970197678,211.52207946777344,0.9642459232546972,9.871668200422233,233.9923095703125,0.341783392504035,14.28571422489322,198.95558166503906,cdip,2026-05-28 18:54:26+00:00
40,2026-05-28 18:00:00+00:00,1.1097975969314575,0.4610148371053148,19.99999970197678,212.65052795410156,0.9090433776568014,9.871668200422233,233.7587890625,0.40769502054781326,14.28571422489322,198.9038848876953,cdip,2026-05-28 18:54:26+00:00
40,2026-05-28 21:00:00+00:00,1.0790996551513672,0.5274204763473886,18.181818280338256,212.16485595703125,0.8578333356199499,9.871668200422233,232.87680053710938,0.3574768816202052,14.28571422489322,199.0996856689453,cdip,2026-05-28 18:54:26+00:00
40,2026-05-29 00:00:00+00:00,1.031696081161499,0.7039330164353711,18.181818280338256,213.0893096923828,0.7425912862912702,9.871668200422233,231.34938049316406,,,,cdip,2026-05-28 18:54:26+00:00
40,2026-05-29 03:00:00+00:00,0.9799565076828003,0.7278033000701176,18.181818280338256,213.2599334716797,0.6460882079406839,9.871668200422233,229.0388946533203,,,,cdip,2026-05-28 18:54:26+00:00
40,2026-05-29 06:00:00+00:00,0.9432060718536377,0.7283847679489158,16.666667039195705,212.67813110351562,0.5900326325344958,9.871668200422233,226.6478729248047,,,,cdip,2026-05-28 18:54:26+00:00
40,2026-05-29 09:00:00+00:00,0.9293175339698792,0.9239845367774844,16.666667039195705,213.2016143798828,,,,,,,cdip,2026-05-28 18:54:26+00:00
40,2026-05-29 12:00:00+00:00,0.9286154508590698,0.7792552365326865,16.666667039195705,213.50064086914062,,,,,,,cdip,2026-05-28 18:54:26+00:00
40,2026-05-29 15:00:00+00:00,0.923475444316864,0.782446595920073,16.666667039195705,213.44900512695312,0.42647170377314847,8.333333519597852,235.42515563964844,0.22500289051695993,4.761904910578484,253.22833251953125,cdip,2026-05-28 18:54:26+00:00
40,2026-05-29 18:00:00+00:00,0.903146505355835,0.772204756906716,15.384615948919734,213.79225158691406,0.3800240562986334,8.333333519597852,235.01661682128906,0.2604735889411537,4.761904910578484,255.6775665283203,cdip,2026-05-28 18:54:26+00:00
40,2026-05-29 21:00:00+00:00,0.8766146302223206,0.7571804895890224,15.384615948919734,213.59754943847656,0.351340952578188,8.333333519597852,234.30368041992188,0.2555504847134284,4.761904910578484,258.15673828125,cdip,2026-05-28 18:54:26+00:00
40,2026-05-30 00:00:00+00:00,0.860000729560852,0.7430291976127964,15.384615948919734,213.1897735595703,0.33243318100338143,7.692307974459867,238.21273803710938,0.26638168046170774,4.761904910578484,260.45660400390625,cdip,2026-05-28 18:54:26+00:00
40,2026-05-30 03:00:00+00:00,0.8615469336509705,0.7317854026351496,13.33333280351429,215.880615234375,0.3311371616155769,7.692307974459867,238.63009643554688,0.3015735466384103,4.761904910578484,261.92926025390625,cdip,2026-05-28 18:54:26+00:00
40,2026-05-30 06:00:00+00:00,0.884085476398468,0.7235636645907655,13.33333280351429,216.39239501953125,0.3646547753437607,7.692307974459867,239.13235473632812,0.34366159155636633,4.761904910578484,262.5084533691406,cdip,2026-05-28 18:54:26+00:00
40,2026-05-30 09:00:00+00:00,0.8944570422172546,0.7133787466515082,13.33333280351429,216.24072265625,0.39848882914878836,8.333333519597852,237.0935516357422,0.3509576057341491,4.761904910578484,262.18475341796875,cdip,2026-05-28 18:54:26+00:00
40,2026-05-30 12:00:00+00:00,0.9183105230331421,0.08662252876529498,13.33333280351429,215.6924285888672,0.7006428799779763,8.333333519597852,238.6724090576172,0.44200860442665363,4.761904910578484,261.7463073730469,cdip,2026-05-28 18:54:26+00:00
40,2026-05-30 15:00:00+00:00,0.9568358063697815,0.09817741090009904,13.33333280351429,214.97201538085938,0.6269541247232138,8.333333519597852,239.0030517578125,0.5763806482085677,4.761904910578484,261.3848571777344,cdip,2026-05-28 18:54:26+00:00
40,2026-05-30 18:00:00+00:00,0.9742107391357422,0.1114206055451304,13.33333280351429,213.84121704101562,0.575646087000596,8.333333519597852,238.97412109375,0.6303228467684026,4.761904910578484,261.183837890625,cdip,2026-05-28 18:54:26+00:00
40,2026-05-30 21:00:00+00:00,0.9673280119895935,0.12528718056394944,13.33333280351429,212.10386657714844,0.5607226981573227,9.090909140169128,238.74063110351562,0.6308003152891102,4.761904910578484,261.2181091308594,cdip,2026-05-28 18:54:26+00:00
40,2026-05-31 00:00:00+00:00,0.9549551606178284,0.48284257467975045,9.871668200422233,234.20982360839844,0.1857132015615824,12.50000027939678,216.41651916503906,0.6654280611572008,4.761904910578484,261.2669372558594,cdip,2026-05-28 18:54:26+00:00
40,2026-05-31 03:00:00+00:00,0.985145092010498,0.46650825939259594,9.871668200422233,234.71231079101562,0.20532747731528658,12.50000027939678,216.10646057128906,0.7006463968060039,4.761904910578484,261.2490234375,cdip,2026-05-28 18:54:26+00:00
40,2026-05-31 06:00:00+00:00,1.0253359079360962,0.26162050666472664,9.871668200422233,235.201904296875,0.8559733539946452,4.761904910578484,261.0262451171875,,,,cdip,2026-05-28 18:54:26+00:00
40,2026-05-31 09:00:00+00:00,1.0559865236282349,0.8703735361406741,9.871668200422233,235.77438354492188,0.31284599521678363,22.222221339190483,202.14341735839844,0.4658673070798144,4.761904910578484,260.7393798828125,cdip,2026-05-28 18:54:26+00:00
40,2026-05-31 12:00:00+00:00,1.0666933059692383,0.8763571038079422,9.871668200422233,236.29237365722656,0.33386476505356283,22.222221339190483,202.1293182373047,0.46184505709343077,4.761904910578484,260.72381591796875,cdip,2026-05-28 18:54:26+00:00
40,2026-05-31 15:00:00+00:00,1.0867661237716675,0.8876427618110568,9.871668200422233,236.64657592773438,0.3589294330323763,22.222221339190483,202.12156677246094,0.46521048744750426,4.761904910578484,260.7817077636719,cdip,2026-05-28 18:54:26+00:00
40,2026-05-31 18:00:00+00:00,1.1107769012451172,0.9020995876947175,9.871668200422233,236.67938232421875,0.3863152629111333,22.222221339190483,202.1083221435547,0.4694160031585436,4.761904910578484,260.77911376953125,cdip,2026-05-28 18:54:26+00:00
40,2026-05-31 21:00:00+00:00,1.1098607778549194,0.8948859153026707,9.871668200422233,236.53311157226562,0.4169344046801901,22.222221339190483,202.1606903076172,0.4568109857791413,4.761904910578484,260.75146484375,cdip,2026-05-28 18:54:26+00:00
40,2026-06-01 00:00:00+00:00,1.1128369569778442,0.8940248445874894,9.871668200422233,236.2169647216797,0.4431487940330585,22.222221339190483,202.11636352539062,0.44293417581224825,4.761904910578484,260.892822265625,cdip,2026-05-28 18:54:26+00:00
40,2026-06-01 03:00:00+00:00,1.119002103805542,0.8778906613036146,9.871668200422233,235.93411254882812,0.49002015232045454,22.222221339190483,202.18414306640625,0.4433193388267807,4.761904910578484,260.6997375488281,cdip,2026-05-28 18:54:26+00:00
40,2026-06-01 06:00:00+00:00,1.12008798122406,0.8457847571234204,9.871668200422233,235.93162536621094,0.5568883595565963,19.99999970197678,202.46292114257812,0.4310972679706007,4.761904910578484,260.3424987792969,cdip,2026-05-28 18:54:26+00:00
40,2026-06-01 09:00:00+00:00,1.0991175174713135,0.5746238246374202,19.99999970197678,202.62217712402344,0.8065843031388666,9.871668200422233,236.23866271972656,0.4346697136426779,4.761904910578484,260.1330261230469,cdip,2026-05-28 18:54:26+00:00
40,2026-06-01 12:00:00+00:00,1.0656880140304565,0.5915616578339448,19.99999970197678,202.7870330810547,0.7551867618302643,9.871668200422233,236.3065185546875,0.4278071877154608,4.761904910578484,259.76763916015625,cdip,2026-05-28 18:54:26+00:00
40,2026-06-01 15:00:00+00:00,1.0401241779327393,0.6273989184351122,19.99999970197678,202.88893127441406,0.699774685615014,9.871668200422233,235.73770141601562,0.41385801569779196,4.761904910578484,259.2937927246094,cdip,2026-05-28 18:54:26+00:00
40,2026-06-01 18:00:00+00:00,1.034366488456726,0.6395543043744655,19.99999970197678,202.93429565429688,0.7005605782374353,9.871668200422233,235.11764526367188,0.3814592283711679,4.761904910578484,258.61749267578125,cdip,2026-05-28 18:54:26+00:00
40,2026-06-01 21:00:00+00:00,1.0298093557357788,0.6499558805774155,18.181818280338256,201.34063720703125,0.6970928255840227,9.871668200422233,234.70809936523438,0.3597937352384791,4.761904910578484,257.1257019042969,cdip,2026-05-28 18:54:26+00:00
40,2026-06-02 00:00:00+00:00,1.0105751752853394,0.6604855374992937,18.181818280338256,201.2925567626953,0.668940246173023,9.871668200422233,234.35867309570312,0.3439256682518418,4.761904910578484,255.60769653320312,cdip,2026-05-28 18:54:26+00:00
40,2026-06-02 03:00:00+00:00,0.9837319850921631,0.6864226353386408,18.181818280338256,201.288330078125,0.6065847356367308,9.871668200422233,233.69497680664062,0.33679700282905645,4.761904910578484,254.62042236328125,cdip,2026-05-28 18:54:26+00:00
40,2026-06-02 06:00:00+00:00,0.961495578289032,0.7010072190045278,18.181818280338256,201.2489013671875,0.5590649231537813,9.871668200422233,232.65139770507812,0.3291218550450677,4.761904910578484,253.94203186035156,cdip,2026-05-28 18:54:26+00:00
40,2026-06-02 09:00:00+00:00,0.949791431427002,0.7252969766492987,18.181818280338256,201.22499084472656,0.5112562756004578,9.090909140169128,237.06036376953125,0.3229524936400395,4.761904910578484,254.29067993164062,cdip,2026-05-28 18:54:26+00:00
40,2026-06-02 12:00:00+00:00,0.9477418065071106,0.7360656698045631,18.181818280338256,201.13629150390625,0.49609172343793834,8.333333519597852,239.10604858398438,0.3171895348314495,4.761904910578484,255.22467041015625,cdip,2026-05-28 18:54:26+00:00
40,2026-06-02 15:00:00+00:00,0.9437945485115051,0.742136170783184,16.666667039195705,199.89015197753906,0.4835130546012723,8.333333519597852,239.14288330078125,0.3113237311868039,4.761904910578484,255.62225341796875,cdip,2026-05-28 18:54:26+00:00
40,2026-06-02 18:00:00+00:00,0.938400149345398,0.748294381636599,16.666667039195705,199.82278442382812,0.46473643923528896,8.333333519597852,239.17135620117188,0.31023891191808334,4.761904910578484,255.81158447265625,cdip,2026-05-28 18:54:26+00:00
40,2026-06-02 21:00:00+00:00,0.9324101805686951,0.7525665870967293,16.666667039195705,199.73643493652344,0.44754592886744393,8.333333519597852,239.19032287597656,0.30813947420431004,4.761904910578484,256.9979248046875,cdip,2026-05-28 18:54:26+00:00
40,2026-06-03 00:00:00+00:00,0.9163249731063843,0.7572176435263623,16.666667039195705,199.72915649414062,0.3952037230959067,8.333333519597852,239.02159118652344,0.32151267928282024,4.761904910578484,256.9034423828125,cdip,2026-05-28 18:54:26+00:00
40,2026-06-03 03:00:00+00:00,0.9021993279457092,0.7662465196652195,16.666667039195705,199.7625732421875,0.35350874240772073,8.333333519597852,238.72622680664062,0.0,4.761904910578484,258.048095703125,cdip,2026-05-28 18:54:26+00:00
40,2026-06-03 06:00:00+00:00,0.9083346128463745,0.7637326815121697,16.666667039195705,199.82525634765625,0.3401350090045217,8.333333519597852,239.425048828125,0.3467863637373639,4.761904910578484,260.0363464355469,cdip,2026-05-28 18:54:26+00:00
40,2026-06-03 09:00:00+00:00,0.93049556016922,0.7710095024513237,16.666667039195705,199.68502807617188,0.34545760339791165,8.333333519597852,239.21340942382812,0.38269317844991624,4.761904910578484,260.9385986328125,cdip,2026-05-28 18:54:26+00:00
40,2026-06-03 12:00:00+00:00,0.9524748921394348,0.751449483177833,16.666667039195705,199.6105194091797,0.42929330430355145,8.333333519597852,239.73562622070312,0.38714676648983,4.761904910578484,260.61907958984375,cdip,2026-05-28 18:54:26+00:00
40,2026-06-03 15:00:00+00:00,0.9790300130844116,0.7585091209496205,16.666667039195705,199.5529022216797,0.43933775976967665,8.333333519597852,239.49786376953125,0.42612197677392266,4.761904910578484,259.7472229003906,cdip,2026-05-28 18:54:26+00:00
40,2026-06-03 18:00:00+00:00,0.9702257513999939,0.7543570728322972,15.384615948919734,199.3650665283203,0.4030499475775718,8.333333519597852,239.64024353027344,0.19063555764447615,4.761904910578484,260.2468566894531,cdip,2026-05-28 18:54:26+00:00
40,2026-06-03 21:00:00+00:00,0.9624661207199097,0.7650675343709811,15.384615948919734,199.37399291992188,0.36807208214986353,8.333333519597852,239.4199676513672,0.20142645259750108,4.761904910578484,259.8379821777344,cdip,2026-05-28 18:54:26+00:00
41,2026-05-28 09:00:00+00:00,1.0586905479431152,0.8788221435570528,11.111110669595242,231.12539672851562,0.20332071155871714,19.99999970197678,219.94679260253906,0.5382442751990079,7.14285711244661,242.7392578125,cdip,2026-05-28 18:54:26+00:00
41,2026-05-28 12:00:00+00:00,1.0037134885787964,0.9550200373492636,11.111110669595242,230.6260223388672,0.28287987100887674,19.99999970197678,220.9377899169922,,,,cdip,2026-05-28 18:54:26+00:00
41,2026-05-28 15:00:00+00:00,0.9877595901489258,0.9195233507351848,11.111110669595242,230.18978881835938,0.33966694746313036,19.99999970197678,221.5073699951172,,,,cdip,2026-05-28 18:54:26+00:00
41,2026-05-28 18:00:00+00:00,0.9773054718971252,0.888698692755528,11.111110669595242,229.4475555419922,0.3882804042127673,19.99999970197678,221.65635681152344,,,,cdip,2026-05-28 18:54:26+00:00
41,2026-05-28 21:00:00+00:00,0.9576179385185242,0.47091404875332177,18.181818280338256,221.3726806640625,0.6468823279896369,11.111110669595242,228.1129913330078,0.36891530744395423,13.33333280351429,205.73748779296875,cdip,2026-05-28 18:54:26+00:00
41,2026-05-29 00:00:00+00:00,0.9378482103347778,0.5540681198688867,18.181818280338256,221.64430236816406,0.5913367717527529,11.111110669595242,226.1073760986328,0.3152940712506416,13.33333280351429,205.597412109375,cdip,2026-05-28 18:54:26+00:00
41,2026-05-29 03:00:00+00:00,0.9222080111503601,0.8623349286654165,18.181818280338256,221.67428588867188,0.3143042047384589,5.555555334797621,244.367919921875,,,,cdip,2026-05-28 18:54:26+00:00
41,2026-05-29 06:00:00+00:00,0.9176960587501526,0.864536815735943,16.666667039195705,221.36117553710938,0.2965818513801238,5.555555334797621,244.13839721679688,,,,cdip,2026-05-28 18:54:26+00:00
41,2026-05-29 09:00:00+00:00,0.93131422996521,0.8852712469222604,15.384615948919734,223.38748168945312,0.27841040341078055,5.555555334797621,244.35012817382812,,,,cdip,2026-05-28 18:54:26+00:00
41,2026-05-29 12:00:00+00:00,0.9435325860977173,0.9017799628011658,14.28571422489322,224.17491149902344,0.26709253041312647,4.761904910578484,246.30345153808594,,,,cdip,2026-05-28 18:54:26+00:00
41,2026-05-29 15:00:00+00:00,0.9349185228347778,0.9093806367256819,14.28571422489322,224.45751953125,0.2045605747799994,4.761904910578484,249.35543823242188,,,,cdip,2026-05-28 18:54:26+00:00
41,2026-05-29 18:00:00+00:00,0.9068414568901062,0.8827179944805851,14.28571422489322,224.34164428710938,0.19605954235660886,4.761904910578484,250.4927978515625,,,,cdip,2026-05-28 18:54:26+00:00
41,2026-05-29 21:00:00+00:00,0.8838381767272949,0.8619992469479811,14.28571422489322,224.4325714111328,0.18375802173223893,4.761904910578484,251.47207641601562,,,,cdip,2026-05-28 18:54:26+00:00
41,2026-05-30 00:00:00+00:00,0.8670887351036072,0.8037454227184894,14.28571422489322,224.6449737548828,0.2641281445227927,7.14285711244661,241.9072265625,0.17851757052674025,4.761904910578484,253.1374969482422,cdip,2026-05-28 18:54:26+00:00
41,2026-05-30 03:00:00+00:00,0.8537281155586243,0.7859594925560609,14.28571422489322,224.7618865966797,0.25784469172317653,7.14285711244661,242.4188232421875,0.20097206664918765,4.761904910578484,255.27505493164062,cdip,2026-05-28 18:54:26+00:00
41,2026-05-30 06:00:00+00:00,0.8466106057167053,0.7621255790790524,14.28571422489322,224.63461303710938,0.28314704915345656,7.14285711244661,242.96517944335938,0.2263336310228812,4.761904910578484,256.45654296875,cdip,2026-05-28 18:54:26+00:00
41,2026-05-30 09:00:00+00:00,0.8467352390289307,0.7269077166673343,13.33333280351429,225.75564575195312,0.32316828297755174,7.14285711244661,243.1863555908203,0.2806956686196912,4.761904910578484,256.77734375,cdip,2026-05-28 18:54:26+00:00
41,2026-05-30 12:00:00+00:00,0.871087372303009,0.7270871275661156,13.33333280351429,225.4785919189453,0.33955905077005855,7.692307974459867,242.36415100097656,0.32557231797930314,4.761904910578484,256.8601989746094,cdip,2026-05-28 18:54:26+00:00
41,2026-05-30 15:00:00+00:00,0.8979793787002563,0.06579502791640975,13.33333280351429,225.0823211669922,0.8148592849825097,4.761904910578484,256.115478515625,,,,cdip,2026-05-28 18:54:26+00:00
41,2026-05-30 18:00:00+00:00,0.8963570594787598,0.07525893405699123,13.33333280351429,224.38790893554688,0.5148955264126913,11.111110669595242,229.3111114501953,0.6206155831678036,4.761904910578484,255.3092803955078,cdip,2026-05-28 18:54:26+00:00
41,2026-05-30 21:00:00+00:00,0.8836103081703186,0.4182912098491801,11.111110669595242,230.08126831054688,0.08564867990465212,13.33333280351429,223.1837921142578,0.6736949865140822,4.761904910578484,255.21627807617188,cdip,2026-05-28 18:54:26+00:00
41,2026-05-31 00:00:00+00:00,0.8774065375328064,0.096060353771686,11.111110669595242,230.46629333496094,0.7835891636141834,4.761904910578484,255.49911499023438,,,,cdip,2026-05-28 18:54:26+00:00
41,2026-05-31 03:00:00+00:00,0.9027895927429199,0.14046778434043844,11.111110669595242,230.7176971435547,0.7124744232401445,7.692307974459867,242.59957885742188,0.3524896951701147,4.761904910578484,255.59274291992188,cdip,2026-05-28 18:54:26+00:00
41,2026-05-31 06:00:00+00:00,0.9210947155952454,0.1525681383699888,11.111110669595242,230.90817260742188,0.7184980244910927,7.692307974459867,242.57192993164062,0.35892313039406587,4.761904910578484,255.20254516601562,cdip,2026-05-28 18:54:26+00:00
41,2026-05-31 09:00:00+00:00,0.9304323792457581,0.7292209699397507,11.111110669595242,231.13807678222656,0.3560756935581643,7.14285711244661,243.1190643310547,0.16184211151533304,22.222221339190483,213.40660095214844,cdip,2026-05-28 18:54:26+00:00
41,2026-05-31 12:00:00+00:00,0.9474890828132629,0.7404337956589518,11.111110669595242,231.34739685058594,0.41364660271415576,7.14285711244661,243.19467163085938,0.2008239668183632,22.222221339190483,213.50006103515625,cdip,2026-05-28 18:54:26+00:00
41,2026-05-31 15:00:00+00:00,0.9749941229820251,0.7552037512980049,11.111110669595242,231.48414611816406,0.42515087600775847,7.14285711244661,243.23748779296875,0.24054650057335777,22.222221339190483,213.58383178710938,cdip,2026-05-28 18:54:26+00:00
41,2026-05-31 18:00:00+00:00,0.975074827671051,0.7755248202266692,11.111110669595242,231.49954223632812,0.2585542207077707,22.222221339190483,213.61886596679688,0.3836646569982302,7.14285711244661,243.28529357910156,cdip,2026-05-28 18:54:26+00:00
41,2026-05-31 21:00:00+00:00,0.955130934715271,0.7530326630596541,11.111110669595242,231.4396209716797,0.27922695291687777,22.222221339190483,213.66058349609375,0.37680903334263893,7.14285711244661,243.3780517578125,cdip,2026-05-28 18:54:26+00:00
41,2026-06-01 00:00:00+00:00,0.9420584440231323,0.7337531116005738,11.111110669595242,231.3603057861328,0.2969956231385771,22.222221339190483,213.68124389648438,0.3773973582376289,7.14285711244661,243.588623046875,cdip,2026-05-28 18:54:26+00:00
41,2026-06-01 03:00:00+00:00,0.9391441345214844,0.7157914707519587,11.111110669595242,231.30975341796875,0.31062730761223495,22.222221339190483,213.82383728027344,0.40625014786534186,7.14285711244661,243.69398498535156,cdip,2026-05-28 18:54:26+00:00
41,2026-06-01 06:00:00+00:00,0.9298434853553772,0.6953859906523774,11.111110669595242,231.3024139404297,0.32231865070940124,19.99999970197678,213.95155334472656,0.41111394585204086,7.14285711244661,243.700439453125,cdip,2026-05-28 18:54:26+00:00
41,2026-06-01 09:00:00+00:00,0.9071951508522034,0.6523921842925775,11.111110669595242,231.26217651367188,0.3597431474056879,19.99999970197678,214.14328002929688,0.408323525737548,7.14285711244661,243.7195587158203,cdip,2026-05-28 18:54:26+00:00
41,2026-06-01 12:00:00+00:00,0.8834875226020813,0.5992676711845839,11.111110669595242,231.0289764404297,0.3997118662773105,19.99999970197678,214.30726623535156,0.4076717719438006,7.14285711244661,243.76766967773438,cdip,2026-05-28 18:54:26+00:00
41,2026-06-01 15:00:00+00:00,0.8713478446006775,0.5713788165802883,11.111110669595242,230.6616668701172,0.418247497605404,19.99999970197678,214.40704345703125,0.4070436583767449,7.14285711244661,243.810791015625,cdip,2026-05-28 18:54:26+00:00
41,2026-06-01 18:00:00+00:00,0.8666256666183472,0.5119712494189165,11.111110669595242,230.34207153320312,0.4845602307199158,18.181818280338256,210.94998168945312,0.40740756716525894,7.14285711244661,243.85797119140625,cdip,2026-05-28 18:54:26+00:00
41,2026-06-01 21:00:00+00:00,0.8599017262458801,0.5031419917015477,18.181818280338256,210.6873779296875,0.48853490344560185,11.111110669595242,230.0612335205078,0.4033450657081321,7.14285711244661,243.90753173828125,cdip,2026-05-28 18:54:26+00:00
41,2026-06-02 00:00:00+00:00,0.8462049961090088,0.5253169019551254,18.181818280338256,210.31585693359375,0.4523928313401281,11.111110669595242,229.42567443847656,0.39173741493218694,7.14285711244661,243.89564514160156,cdip,2026-05-28 18:54:26+00:00
41,2026-06-02 03:00:00+00:00,0.8328706622123718,0.5519430402406782,18.181818280338256,209.8996124267578,0.3872001907109991,11.111110669595242,228.1543731689453,0.39993352849934516,7.14285711244661,243.8585662841797,cdip,2026-05-28 18:54:26+00:00
41,2026-06-02 06:00:00+00:00,0.8274809122085571,0.5825884755048824,18.181818280338256,209.46498107910156,0.3548114484415604,11.111110669595242,225.85301208496094,0.3789215072529222,6.666666401757145,244.54025268554688,cdip,2026-05-28 18:54:26+00:00
41,2026-06-02 09:00:00+00:00,0.8318901062011719,0.6283388977278439,16.666667039195705,207.16061401367188,0.30168064606032813,11.111110669595242,223.16622924804688,0.44804198961662545,6.666666401757145,244.53411865234375,cdip,2026-05-28 18:54:26+00:00
41,2026-06-02 12:00:00+00:00,0.8458345532417297,0.6555638231271751,16.666667039195705,207.03648376464844,0.29267611193327986,7.14285711244661,243.76638793945312,,,,cdip,2026-05-28 18:54:26+00:00
41,2026-06-02 15:00:00+00:00,0.8607812523841858,0.7377483888092625,16.666667039195705,206.87416076660156,0.3622999743646024,7.14285711244661,243.78955078125,0.24569310962356966,4.761904910578484,251.02444458007812,cdip,2026-05-28 18:54:26+00:00
41,2026-06-02 18:00:00+00:00,0.8820642232894897,0.7417730945375657,16.666667039195705,206.6680145263672,0.3252677264078107,7.14285711244661,243.79452514648438,0.16645992794564135,9.090909140169128,232.66290283203125,cdip,2026-05-28 18:54:26+00:00
41,2026-06-02 21:00:00+00:00,0.894195556640625,0.7816388088047463,16.666667039195705,206.50511169433594,0.3561919435347592,7.14285711244661,243.68600463867188,0.24006439219672315,4.761904910578484,252.00262451171875,cdip,2026-05-28 18:54:26+00:00
41,2026-06-03 00:00:00+00:00,0.8986948132514954,0.8004309473904639,15.384615948919734,205.7340087890625,0.3330838125095559,7.14285711244661,243.61952209472656,0.2290439458871581,4.761904910578484,252.5523223876953,cdip,2026-05-28 18:54:26+00:00
41,2026-06-03 03:00:00+00:00,0.8897729516029358,0.7926968792011793,15.384615948919734,205.67367553710938,0.28581514072574676,7.14285711244661,243.59071350097656,0.15862383651043668,9.090909140169128,228.57119750976562,cdip,2026-05-28 18:54:26+00:00
41,2026-06-03 06:00:00+00:00,0.8648874163627625,0.7972976765037729,15.384615948919734,205.88804626464844,0.28838029467761633,7.14285711244661,244.08135986328125,0.16192445275890394,5.555555334797621,255.91094970703125,cdip,2026-05-28 18:54:26+00:00
41,2026-06-03 09:00:00+00:00,0.9029802083969116,0.8040709847850622,15.384615948919734,205.6935577392578,0.3232011423241483,4.761904910578484,255.1453094482422,0.18103408809457452,7.14285711244661,242.8818359375,cdip,2026-05-28 18:54:26+00:00
41,2026-06-03 12:00:00+00:00,0.8866973519325256,0.7909553054487239,15.384615948919734,205.68844604492188,0.36030477708557224,7.14285711244661,244.10171508789062,0.1625055232507796,5.555555334797621,255.87149047851562,cdip,2026-05-28 18:54:26+00:00
41,2026-06-03 15:00:00+00:00,0.938284695148468,0.8046400778995612,15.384615948919734,205.534423828125,0.20555229659598565,9.090909140169128,231.4411163330078,0.2211988818355893,7.14285711244661,243.05471801757812,cdip,2026-05-28 18:54:26+00:00
41,2026-06-03 18:00:00+00:00,0.8860878348350525,0.7935982669428385,14.28571422489322,205.18304443359375,0.3401040362970746,7.14285711244661,243.9635772705078,0.0,4.347826008084592,243.78610229492188,cdip,2026-05-28 18:54:26+00:00
41,2026-06-03 21:00:00+00:00,0.9293931126594543,0.8007641319445655,14.28571422489322,205.12966918945312,0.37845400607883484,4.761904910578484,253.880859375,0.1979749797832144,9.090909140169128,231.29449462890625,cdip,2026-05-28 18:54:26+00:00
43,2026-05-28 09:00:00+00:00,1.0562466382980347,0.8777472619869321,12.50000027939678,216.87538146972656,0.39481516889048895,6.666666401757145,245.87570190429688,,,,cdip,2026-05-28 18:54:26+00:00
43,2026-05-28 12:00:00+00:00,1.014345407485962,0.8399183588509878,12.50000027939678,213.98570251464844,0.3754842137480651,6.666666401757145,245.66558837890625,,,,cdip,2026-05-28 18:54:26+00:00
43,2026-05-28 15:00:00+00:00,0.9833704829216003,0.7225458262246536,12.50000027939678,211.21925354003906,0.3709254618896287,18.181818280338256,198.0529327392578,0.4285411113588806,6.666666401757145,245.45510864257812,cdip,2026-05-28 18:54:26+00:00
43,2026-05-28 18:00:00+00:00,0.9721987843513489,0.5141238119525402,19.99999970197678,207.84754943847656,0.6154491364440473,12.50000027939678,209.3799591064453,0.4258534308012753,6.25000013969839,246.81863403320312,cdip,2026-05-28 18:54:26+00:00
43,2026-05-28 21:00:00+00:00,0.9785710573196411,0.5894390779008105,18.181818280338256,206.14849853515625,0.547648942036131,12.50000027939678,206.8228759765625,0.5472903464305559,6.25000013969839,246.56732177734375,cdip,2026-05-28 18:54:26+00:00
43,2026-05-29 00:00:00+00:00,0.9852138161659241,0.6308001727361014,18.181818280338256,209.52308654785156,0.5043930435382642,12.50000027939678,204.07821655273438,0.5552388007435314,6.25000013969839,245.48802185058594,cdip,2026-05-28 18:54:26+00:00
43,2026-05-29 03:00:00+00:00,0.9930046200752258,0.8414861156500145,18.181818280338256,211.7083740234375,0.5182835370990431,6.25000013969839,244.03298950195312,,,,cdip,2026-05-28 18:54:26+00:00
43,2026-05-29 06:00:00+00:00,0.9983322024345398,0.7507686845133952,16.666667039195705,211.03695678710938,0.4084063292241481,5.555555334797621,243.93394470214844,,,,cdip,2026-05-28 18:54:26+00:00
43,2026-05-29 09:00:00+00:00,0.9913332462310791,0.8601581923493529,16.666667039195705,212.83079528808594,0.3427180762850366,5.555555334797621,243.647705078125,,,,cdip,2026-05-28 18:54:26+00:00
43,2026-05-29 12:00:00+00:00,0.9830572009086609,0.86622007576199,16.666667039195705,213.38844299316406,0.3168574133087371,5.555555334797621,243.46340942382812,,,,cdip,2026-05-28 18:54:26+00:00
43,2026-05-29 15:00:00+00:00,0.9828636050224304,0.8756360588271734,16.666667039195705,213.3167266845703,0.30020924915255803,5.555555334797621,243.86288452148438,,,,cdip,2026-05-28 18:54:26+00:00
43,2026-05-29 18:00:00+00:00,0.9889712333679199,0.8908465522754853,16.666667039195705,212.991943359375,0.28727209387995234,4.761904910578484,242.46823120117188,,,,cdip,2026-05-28 18:54:26+00:00
43,2026-05-29 21:00:00+00:00,0.9993686676025391,0.911048314528035,15.384615948919734,213.82339477539062,0.18826657646783473,4.761904910578484,245.4443359375,,,,cdip,2026-05-28 18:54:26+00:00
43,2026-05-30 00:00:00+00:00,1.0038158893585205,0.9283980425127544,15.384615948919734,213.6461639404297,0.21047077674192763,4.761904910578484,248.0255126953125,0.17953511656970944,6.666666401757145,242.88548278808594,cdip,2026-05-28 18:54:26+00:00
43,2026-05-30 03:00:00+00:00,1.0023850202560425,0.9392505357507244,15.384615948919734,213.0890655517578,0.2628483164368181,4.761904910578484,250.51290893554688,0.21468382313615206,7.14285711244661,238.80914306640625,cdip,2026-05-28 18:54:26+00:00
43,2026-05-30 06:00:00+00:00,0.9919692277908325,0.6197849188554313,15.384615948919734,211.9732208251953,0.7029828965488578,13.33333280351429,217.02333068847656,0.20420590104920514,7.14285711244661,239.22647094726562,cdip,2026-05-28 18:54:26+00:00
43,2026-05-30 09:00:00+00:00,0.9756810069084167,0.9235010298542071,13.33333280351429,217.05137634277344,0.21221219257174284,7.14285711244661,241.38723754882812,0.21623976333117295,4.347826008084592,253.45065307617188,cdip,2026-05-28 18:54:26+00:00
43,2026-05-30 12:00:00+00:00,0.9650740027427673,0.9045214292224041,13.33333280351429,216.5214080810547,0.2399594081713337,7.14285711244661,243.7464141845703,0.21937179087155675,4.761904910578484,254.15786743164062,cdip,2026-05-28 18:54:26+00:00
43,2026-05-30 15:00:00+00:00,0.9751994013786316,0.19588101514932124,13.33333280351429,215.6572723388672,0.877168731245987,7.14285711244661,245.01113891601562,0.2782944473703653,4.347826008084592,253.57958984375,cdip,2026-05-28 18:54:26+00:00
43,2026-05-30 18:00:00+00:00,0.9872390627861023,0.2209958592249891,13.33333280351429,214.37184143066406,0.8674369414226765,7.14285711244661,245.2142791748047,0.32016809950063724,4.761904910578484,251.57257080078125,cdip,2026-05-28 18:54:26+00:00
43,2026-05-30 21:00:00+00:00,0.9885450601577759,0.2496307718625323,13.33333280351429,212.66664123535156,0.8660113595949522,7.14285711244661,245.05484008789062,0.3051329322325148,4.761904910578484,250.5943603515625,cdip,2026-05-28 18:54:26+00:00
43,2026-05-31 00:00:00+00:00,0.9981237649917603,0.44141697587460377,13.33333280351429,210.90834045410156,0.8002931973759952,7.14285711244661,244.92349243164062,0.2726128515180804,4.761904910578484,250.71844482421875,cdip,2026-05-28 18:54:26+00:00
43,2026-05-31 03:00:00+00:00,1.0177370309829712,0.5396626354146239,12.50000027939678,218.060791015625,0.7550606269789161,7.14285711244661,244.95172119140625,0.2790374538506412,4.761904910578484,251.2001495361328,cdip,2026-05-28 18:54:26+00:00
43,2026-05-31 06:00:00+00:00,1.045642614364624,0.5729833947533349,12.50000027939678,217.5935821533203,0.7499924260816226,7.14285711244661,245.13296508789062,0.2969010342428008,4.761904910578484,250.9751434326172,cdip,2026-05-28 18:54:26+00:00
43,2026-05-31 09:00:00+00:00,1.0681217908859253,0.6043007452851884,22.222221339190483,197.2991180419922,0.7402004043492674,12.50000027939678,217.344970703125,0.3418430842103771,7.14285711244661,245.3190155029297,cdip,2026-05-28 18:54:26+00:00
43,2026-05-31 12:00:00+00:00,1.0972293615341187,0.6844522759034857,22.222221339190483,197.34153747558594,0.6958103195542249,12.50000027939678,217.63136291503906,0.3505370643608328,7.14285711244661,245.427734375,cdip,2026-05-28 18:54:26+00:00
43,2026-05-31 15:00:00+00:00,1.133427381515503,0.7679703594446269,22.222221339190483,197.44137573242188,0.6633997028332764,12.50000027939678,218.11459350585938,0.35161772713198836,7.14285711244661,245.39691162109375,cdip,2026-05-28 18:54:26+00:00
43,2026-05-31 18:00:00+00:00,1.1774128675460815,0.8271812827139445,22.222221339190483,197.4817657470703,0.6781404290722474,12.50000027939678,218.7083282470703,0.3520402808750855,7.14285711244661,245.3297119140625,cdip,2026-05-28 18:54:26+00:00
43,2026-05-31 21:00:00+00:00,1.2298312187194824,0.9031016237261265,22.222221339190483,197.5331573486328,0.6780379486389351,12.50000027939678,218.66770935058594,0.3524457522511036,7.14285711244661,245.34014892578125,cdip,2026-05-28 18:54:26+00:00
43,2026-06-01 00:00:00+00:00,1.2670214176177979,0.9576233646773532,22.222221339190483,197.69015502929688,0.6640168680798239,12.50000027939678,218.2578125,0.35246644226854384,7.14285711244661,245.47494506835938,cdip,2026-05-28 18:54:26+00:00
43,2026-06-01 03:00:00+00:00,1.2922722101211548,0.9903316442071818,19.99999970197678,198.1051483154297,0.6508476497232655,12.50000027939678,217.7484588623047,0.36248636010034263,7.14285711244661,245.60531616210938,cdip,2026-05-28 18:54:26+00:00
43,2026-06-01 06:00:00+00:00,1.3028144836425781,1.0259532175413737,19.99999970197678,198.43179321289062,0.5929122897118054,12.50000027939678,216.9134521484375,0.38114613100915423,7.14285711244661,245.7187042236328,cdip,2026-05-28 18:54:26+00:00
43,2026-06-01 09:00:00+00:00,1.2999279499053955,1.0277885702016554,19.99999970197678,198.82781982421875,0.5678980489182613,12.50000027939678,215.62767028808594,0.38201600768006394,7.14285711244661,245.81997680664062,cdip,2026-05-28 18:54:26+00:00
43,2026-06-01 12:00:00+00:00,1.2943992614746094,1.0315694267007212,19.99999970197678,199.24220275878906,0.5394034290908607,12.50000027939678,214.18617248535156,0.374633887302213,7.14285711244661,245.8404083251953,cdip,2026-05-28 18:54:26+00:00
43,2026-06-01 15:00:00+00:00,1.283185362815857,1.0329153040164862,19.99999970197678,199.65029907226562,0.5099467345078236,12.50000027939678,212.36984252929688,0.3674153019784969,6.666666401757145,246.24237060546875,cdip,2026-05-28 18:54:26+00:00
43,2026-06-01 18:00:00+00:00,1.2710920572280884,1.1413993826482325,19.99999970197678,200.00205993652344,0.3640130605116713,6.666666401757145,246.2815399169922,0.4113920149535712,4.761904910578484,253.95516967773438,cdip,2026-05-28 18:54:26+00:00
43,2026-06-01 21:00:00+00:00,1.256800651550293,1.1251067729782938,19.99999970197678,200.40769958496094,0.36440550695050594,6.666666401757145,246.31292724609375,,,,cdip,2026-05-28 18:54:26+00:00
43,2026-06-02 00:00:00+00:00,1.2420933246612549,1.1055223764698432,18.181818280338256,200.16331481933594,0.36542479316999243,6.666666401757145,246.38674926757812,,,,cdip,2026-05-28 18:54:26+00:00
43,2026-06-02 03:00:00+00:00,1.225098967552185,1.0818244999371083,18.181818280338256,200.49159240722656,0.2811819667827777,5.263157960780771,249.36349487304688,,,,cdip,2026-05-28 18:54:26+00:00
43,2026-06-02 06:00:00+00:00,1.2017732858657837,1.055505614020071,18.181818280338256,200.8145751953125,0.27174720961237797,5.263157960780771,249.171875,,,,cdip,2026-05-28 18:54:26+00:00
43,2026-06-02 09:00:00+00:00,1.179112195968628,1.0349022460471378,18.181818280338256,201.13186645507812,0.34813929334363924,5.263157960780771,248.96786499023438,,,,cdip,2026-05-28 18:54:26+00:00
43,2026-06-02 12:00:00+00:00,1.159088373184204,1.0195994991997857,18.181818280338256,201.4489288330078,0.3417184972784322,5.263157960780771,248.7464599609375,,,,cdip,2026-05-28 18:54:26+00:00
43,2026-06-02 15:00:00+00:00,1.1385221481323242,1.00689714065855,18.181818280338256,201.72093200683594,0.33033594757258916,5.263157960780771,248.66732788085938,,,,cdip,2026-05-28 18:54:26+00:00
43,2026-06-02 18:00:00+00:00,1.1230989694595337,0.9973750427195829,18.181818280338256,201.92440795898438,0.31698956995491184,5.263157960780771,248.83734130859375,,,,cdip,2026-05-28 18:54:26+00:00
43,2026-06-02 21:00:00+00:00,1.116743564605713,0.9944976015344008,18.181818280338256,202.10557556152344,0.21739455815585942,5.263157960780771,248.9307403564453,,,,cdip,2026-05-28 18:54:26+00:00
43,2026-06-03 00:00:00+00:00,1.1092169284820557,0.9935105743044982,16.666667039195705,202.20523071289062,0.2852060464709837,4.761904910578484,251.93032836914062,0.21400525382267266,6.666666401757145,246.09384155273438,cdip,2026-05-28 18:54:26+00:00
43,2026-06-03 03:00:00+00:00,1.1050186157226562,1.0007651353159779,16.666667039195705,202.36666870117188,0.20522219221887952,4.761904910578484,252.39596557617188,,,,cdip,2026-05-28 18:54:26+00:00
43,2026-06-03 06:00:00+00:00,1.0729620456695557,0.9978199001145983,16.666667039195705,203.35801696777344,0.34729666261415576,4.761904910578484,252.58279418945312,0.17499896573833545,7.14285711244661,245.8375701904297,cdip,2026-05-28 18:54:26+00:00
43,2026-06-03 09:00:00+00:00,1.0935965776443481,1.018572665277368,16.666667039195705,203.26800537109375,0.20296992932233043,7.14285711244661,245.27200317382812,0.21068720800600846,4.761904910578484,253.41456604003906,cdip,2026-05-28 18:54:26+00:00
43,2026-06-03 12:00:00+00:00,1.0886138677597046,1.0276227125821726,16.666667039195705,203.7690887451172,0.3083004954610927,4.761904910578484,254.15216064453125,0.17156589315829654,7.14285711244661,245.27120971679688,cdip,2026-05-28 18:54:26+00:00
43,2026-06-03 15:00:00+00:00,1.12130606174469,1.0440576951887497,16.666667039195705,203.68240356445312,0.23895510003363962,7.14285711244661,245.54425048828125,0.1953860241713557,4.761904910578484,253.32669067382812,cdip,2026-05-28 18:54:26+00:00
43,2026-06-03 18:00:00+00:00,1.1132726669311523,0.8979695613882179,15.384615948919734,204.75393676757812,0.5554018068884687,19.99999970197678,202.47015380859375,0.2917078375353616,4.761904910578484,253.3842010498047,cdip,2026-05-28 18:54:26+00:00
43,2026-06-03 21:00:00+00:00,1.1544722318649292,0.9008371169681384,15.384615948919734,204.71603393554688,0.5730488259911566,19.99999970197678,201.9757537841797,0.26149559856945126,7.14285711244661,245.64683532714844,cdip,2026-05-28 18:54:26+00:00
44,2026-05-28 09:00:00+00:00,0.8237550854682922,0.6351948139999636,12.50000027939678,218.39016723632812,0.2151940465474442,19.99999970197678,196.18087768554688,0.25197415822394276,7.692307974459867,244.24423217773438,cdip,2026-05-28 18:54:26+00:00
44,2026-05-28 12:00:00+00:00,0.7928186655044556,0.6041697463010316,13.33333280351429,202.443603515625,0.2287264225748316,19.99999970197678,197.62200927734375,0.23665545866713805,7.692307974459867,243.74005126953125,cdip,2026-05-28 18:54:26+00:00
44,2026-05-28 15:00:00+00:00,0.7727570533752441,0.5501959386516597,13.33333280351429,200.02407836914062,0.3079878346357783,18.181818280338256,201.3497772216797,0.22900462597111795,7.692307974459867,243.2611083984375,cdip,2026-05-28 18:54:26+00:00
44,2026-05-28 18:00:00+00:00,0.7754372954368591,0.39083137944903945,18.181818280338256,205.97305297851562,0.562841185531001,12.50000027939678,209.03517150878906,0.353960806939067,5.882352879303138,250.87710571289062,cdip,2026-05-28 18:54:26+00:00
44,2026-05-28 21:00:00+00:00,0.8016591668128967,0.5116592717287299,18.181818280338256,210.85641479492188,0.4936915344873734,12.50000027939678,206.21063232421875,0.3615352228452771,5.882352879303138,250.4175567626953,cdip,2026-05-28 18:54:26+00:00
44,2026-05-29 00:00:00+00:00,0.8385769128799438,0.5772844976324032,18.181818280338256,214.7542266845703,0.40283859293611635,12.50000027939678,203.4027862548828,0.44887645847127544,5.882352879303138,249.1474609375,cdip,2026-05-28 18:54:26+00:00
44,2026-05-29 03:00:00+00:00,0.8764629364013672,0.7655981403520936,16.666667039195705,218.0543670654297,0.4197005752603472,5.882352879303138,247.30755615234375,,,,cdip,2026-05-28 18:54:26+00:00
44,2026-05-29 06:00:00+00:00,0.9049855470657349,0.802597283857411,16.666667039195705,220.5617218017578,0.41123109199577085,5.555555334797621,246.70693969726562,,,,cdip,2026-05-28 18:54:26+00:00
44,2026-05-29 09:00:00+00:00,0.9191465973854065,0.8347395253034937,16.666667039195705,222.02320861816406,0.37722945858076434,5.555555334797621,246.41925048828125,,,,cdip,2026-05-28 18:54:26+00:00
44,2026-05-29 12:00:00+00:00,0.9292839169502258,0.8556690190659336,16.666667039195705,222.5908966064453,0.3545747378611826,5.555555334797621,246.2677001953125,,,,cdip,2026-05-28 18:54:26+00:00
44,2026-05-29 15:00:00+00:00,0.9382303357124329,0.8716247124797754,16.666667039195705,222.664794921875,0.22114412091084587,4.999999925494195,244.19606018066406,,,,cdip,2026-05-28 18:54:26+00:00
44,2026-05-29 18:00:00+00:00,0.9398742914199829,0.8836110880722854,16.666667039195705,222.36416625976562,0.31237820824030504,4.999999925494195,245.8539276123047,,,,cdip,2026-05-28 18:54:26+00:00
44,2026-05-29 21:00:00+00:00,0.9303629398345947,0.8794582813092995,16.666667039195705,221.58905029296875,0.29553622147981107,4.761904910578484,247.89642333984375,,,,cdip,2026-05-28 18:54:26+00:00
44,2026-05-30 00:00:00+00:00,0.9057082533836365,0.8615576839949276,15.384615948919734,220.89990234375,0.2708773551258886,4.761904910578484,250.84864807128906,,,,cdip,2026-05-28 18:54:26+00:00
44,2026-05-30 03:00:00+00:00,0.8771872520446777,0.8387446898331762,15.384615948919734,220.09840393066406,0.2477336441540363,4.761904910578484,253.87057495117188,,,,cdip,2026-05-28 18:54:26+00:00
44,2026-05-30 06:00:00+00:00,0.8473372459411621,0.8093931966966129,15.384615948919734,218.83799743652344,0.24166689383590587,4.761904910578484,258.1219177246094,,,,cdip,2026-05-28 18:54:26+00:00
44,2026-05-30 09:00:00+00:00,0.812907874584198,0.7746337633551809,15.384615948919734,216.77459716796875,0.113796251145891,4.761904910578484,260.3232727050781,,,,cdip,2026-05-28 18:54:26+00:00
44,2026-05-30 12:00:00+00:00,0.7857766151428223,0.7412824779738882,15.384615948919734,213.93154907226562,0.1287086971799122,4.999999925494195,259.4488830566406,,,,cdip,2026-05-28 18:54:26+00:00
44,2026-05-30 15:00:00+00:00,0.7821543216705322,0.13848606584675538,15.384615948919734,210.71974182128906,0.6737552403408803,8.333333519597852,240.1472625732422,0.2337289689266192,6.25000013969839,253.80484008789062,cdip,2026-05-28 18:54:26+00:00
44,2026-05-30 18:00:00+00:00,0.7832184433937073,0.15486630393926198,15.384615948919734,207.4537811279297,0.6593534862435868,8.333333519597852,242.74855041503906,0.26622461415761245,6.25000013969839,253.5562744140625,cdip,2026-05-28 18:54:26+00:00
44,2026-05-30 21:00:00+00:00,0.7749649882316589,0.23115761831837686,15.384615948919734,204.57275390625,0.6316938434870152,8.333333519597852,242.79458618164062,0.25911293314903233,6.25000013969839,253.23678588867188,cdip,2026-05-28 18:54:26+00:00
44,2026-05-31 00:00:00+00:00,0.77271968126297,0.2563883936560477,15.384615948919734,202.376953125,0.6232319967652423,8.333333519597852,242.46881103515625,0.24792361730962423,4.999999925494195,257.5050354003906,cdip,2026-05-28 18:54:26+00:00
44,2026-05-31 03:00:00+00:00,0.7817203998565674,0.3287757680563734,15.384615948919734,200.9334259033203,0.591084108654699,8.333333519597852,242.74703979492188,0.2514421929035795,4.999999925494195,257.71307373046875,cdip,2026-05-28 18:54:26+00:00
44,2026-05-31 06:00:00+00:00,0.7984760999679565,0.3517461018611651,15.384615948919734,200.04324340820312,0.5803669225266114,8.333333519597852,243.43142700195312,0.26953624971011386,4.999999925494195,257.3450012207031,cdip,2026-05-28 18:54:26+00:00
44,2026-05-31 09:00:00+00:00,0.8118200898170471,0.37411674546806684,22.222221339190483,199.62806701660156,0.5669668820629118,15.384615948919734,199.42727661132812,0.2807366928420545,8.333333519597852,243.84884643554688,cdip,2026-05-28 18:54:26+00:00
44,2026-05-31 12:00:00+00:00,0.8304996490478516,0.40198124324175,22.222221339190483,199.68585205078125,0.4493509121908533,15.384615948919734,198.84461975097656,0.33374131271522434,8.333333519597852,244.04013061523438,cdip,2026-05-28 18:54:26+00:00
44,2026-05-31 15:00:00+00:00,0.8524099588394165,0.4748668198091559,22.222221339190483,199.77113342285156,0.3160567912020831,15.384615948919734,198.38577270507812,0.2581727543724403,11.111110669595242,227.4700164794922,cdip,2026-05-28 18:54:26+00:00
44,2026-05-31 18:00:00+00:00,0.8783596754074097,0.5196397251989437,22.222221339190483,199.78961181640625,0.44126732053012097,11.111110669595242,228.2179718017578,0.31613229337937665,15.384615948919734,197.88755798339844,cdip,2026-05-28 18:54:26+00:00
44,2026-05-31 21:00:00+00:00,0.9115039706230164,0.576304972951626,22.222221339190483,199.7967071533203,0.5215849914037555,11.111110669595242,228.0471954345703,0.3225111510269193,15.384615948919734,197.24288940429688,cdip,2026-05-28 18:54:26+00:00
44,2026-06-01 00:00:00+00:00,0.9391132593154907,0.701215881944074,22.222221339190483,199.87164306640625,0.5138059184114656,11.111110669595242,227.2907257080078,0.17205032096963463,4.999999925494195,257.6510314941406,cdip,2026-05-28 18:54:26+00:00
44,2026-06-01 03:00:00+00:00,0.9644678831100464,0.7305407427477976,19.99999970197678,199.93626403808594,0.5088940863817708,11.111110669595242,226.96725463867188,0.20978995782433466,4.999999925494195,257.71728515625,cdip,2026-05-28 18:54:26+00:00
44,2026-06-01 06:00:00+00:00,0.9831830859184265,0.7484861879917492,19.99999970197678,200.22250366210938,0.4082532673233639,11.111110669595242,226.67796325683594,0.29880477885582374,8.333333519597852,244.3267059326172,cdip,2026-05-28 18:54:26+00:00
44,2026-06-01 09:00:00+00:00,0.9909608960151672,0.7777745392874429,19.99999970197678,200.49981689453125,0.35811140224246624,11.111110669595242,226.18048095703125,0.29777651245201825,8.333333519597852,244.39517211914062,cdip,2026-05-28 18:54:26+00:00
44,2026-06-01 12:00:00+00:00,0.9945047497749329,0.7918990243148265,19.99999970197678,200.72088623046875,0.3422845787743573,11.111110669595242,225.84979248046875,0.28356868926850687,8.333333519597852,244.2567138671875,cdip,2026-05-28 18:54:26+00:00
44,2026-06-01 15:00:00+00:00,0.9934694766998291,0.8046157647984764,19.99999970197678,200.9074249267578,0.3253812573304009,11.111110669595242,224.67575073242188,0.26703618215001684,8.333333519597852,243.95428466796875,cdip,2026-05-28 18:54:26+00:00
44,2026-06-01 18:00:00+00:00,0.9930518269538879,0.8282741698064648,19.99999970197678,201.04881286621094,0.2767871749345524,11.111110669595242,223.0841522216797,0.2591541361169481,8.333333519597852,243.68545532226562,cdip,2026-05-28 18:54:26+00:00
44,2026-06-01 21:00:00+00:00,0.9908316135406494,0.8308125008522235,19.99999970197678,201.20187377929688,0.2687109921967347,11.111110669595242,221.02630615234375,0.2571531833191182,8.333333519597852,243.55435180664062,cdip,2026-05-28 18:54:26+00:00
44,2026-06-02 00:00:00+00:00,0.9865031838417053,0.8681796842974904,18.181818280338256,201.7731475830078,0.257421256032774,8.333333519597852,243.528076171875,0.3841322119789221,4.761904910578484,256.2998352050781,cdip,2026-05-28 18:54:26+00:00
44,2026-06-02 03:00:00+00:00,0.9789808392524719,0.8585841133636463,18.181818280338256,201.9753875732422,0.2535523864520717,8.333333519597852,243.44644165039062,0.38950608219510274,4.761904910578484,255.46218872070312,cdip,2026-05-28 18:54:26+00:00
44,2026-06-02 06:00:00+00:00,0.9633660316467285,0.8440896743209553,18.181818280338256,202.19383239746094,0.3923234305381799,4.761904910578484,254.77110290527344,0.23889867178445068,8.333333519597852,243.08450317382812,cdip,2026-05-28 18:54:26+00:00
44,2026-06-02 09:00:00+00:00,0.9458898901939392,0.8309099099212758,18.181818280338256,202.42959594726562,0.388551360621518,4.761904910578484,254.31556701660156,0.22216897161829058,8.333333519597852,242.48135375976562,cdip,2026-05-28 18:54:26+00:00
44,2026-06-02 12:00:00+00:00,0.9291819930076599,0.8259293871413876,18.181818280338256,202.64886474609375,0.1845041687665776,4.761904910578484,253.77902221679688,,,,cdip,2026-05-28 18:54:26+00:00
44,2026-06-02 15:00:00+00:00,0.9116978645324707,0.8337478979325568,18.181818280338256,202.8122100830078,0.3642381636637388,4.761904910578484,253.4671173095703,,,,cdip,2026-05-28 18:54:26+00:00
44,2026-06-02 18:00:00+00:00,0.8988001346588135,0.8235566429017233,18.181818280338256,202.91525268554688,0.355443825630273,4.761904910578484,253.841796875,,,,cdip,2026-05-28 18:54:26+00:00
44,2026-06-02 21:00:00+00:00,0.8930541276931763,0.8169519400687755,18.181818280338256,202.97999572753906,0.3563013151923886,4.761904910578484,254.19723510742188,,,,cdip,2026-05-28 18:54:26+00:00
44,2026-06-03 00:00:00+00:00,0.8861589431762695,0.8142386974526238,16.666667039195705,204.1563262939453,0.3451579965368911,4.761904910578484,254.2352752685547,,,,cdip,2026-05-28 18:54:26+00:00
44,2026-06-03 03:00:00+00:00,0.8803139925003052,0.8136999299612343,16.666667039195705,204.2582550048828,0.3313224150222584,4.761904910578484,255.09202575683594,,,,cdip,2026-05-28 18:54:26+00:00
44,2026-06-03 06:00:00+00:00,0.8461773991584778,0.792956968251746,16.666667039195705,204.7450408935547,0.284905941781008,4.761904910578484,255.34750366210938,0.06129251434243541,6.666666401757145,250.06027221679688,cdip,2026-05-28 18:54:26+00:00
44,2026-06-03 09:00:00+00:00,0.8572985529899597,0.7986739269384981,16.666667039195705,204.86874389648438,0.18005186511695273,4.761904910578484,258.65338134765625,,,,cdip,2026-05-28 18:54:26+00:00
44,2026-06-03 12:00:00+00:00,0.8420697450637817,0.776989951591341,16.666667039195705,204.94589233398438,0.07501671207034241,4.761904910578484,259.0295104980469,0.1301984865285039,8.333333519597852,240.9591827392578,cdip,2026-05-28 18:54:26+00:00
44,2026-06-03 15:00:00+00:00,0.8581328988075256,0.7768075783700255,16.666667039195705,205.0792999267578,0.17644806441214306,8.333333519597852,241.8075714111328,0.15898595557503165,4.761904910578484,259.654052734375,cdip,2026-05-28 18:54:26+00:00
44,2026-06-03 18:00:00+00:00,0.8444033861160278,0.6491800268332382,15.384615948919734,205.1979217529297,0.4273786632367427,19.99999970197678,203.19635009765625,0.08200331898594092,4.761904910578484,259.811767578125,cdip,2026-05-28 18:54:26+00:00
44,2026-06-03 21:00:00+00:00,0.8695838451385498,0.6463707112082451,15.384615948919734,205.28564453125,0.43451201619442525,19.99999970197678,203.05589294433594,0.19959552225904742,8.333333519597852,243.14114379882812,cdip,2026-05-28 18:54:26+00:00
45,2026-05-28 09:00:00+00:00,1.3798397779464722,1.1782622661367723,11.111110669595242,293.6647033691406,0.611828724445751,13.33333280351429,284.9263000488281,0.2919908792718181,22.222221339190483,284.675537109375,cdip,2026-05-28 18:54:26+00:00
45,2026-05-28 12:00:00+00:00,1.3087292909622192,1.1190653248870528,10.526315921561542,296.42626953125,0.5167127052190398,12.50000027939678,284.9956359863281,0.3736467118232545,19.99999970197678,283.68402099609375,cdip,2026-05-28 18:54:26+00:00
45,2026-05-28 15:00:00+00:00,1.266538143157959,1.0619103925045017,9.871668200422233,298.5685119628906,0.4927439514895313,19.99999970197678,285.6036376953125,0.4276001510080705,12.50000027939678,284.13067626953125,cdip,2026-05-28 18:54:26+00:00
45,2026-05-28 18:00:00+00:00,1.2794455289840698,0.609385678973057,19.99999970197678,286.19970703125,1.0298414242700016,9.871668200422233,298.4236755371094,0.3954677412710953,12.50000027939678,283.9586486816406,cdip,2026-05-28 18:54:26+00:00
45,2026-05-28 21:00:00+00:00,1.3202645778656006,0.7359755820841595,18.181818280338256,288.18878173828125,1.0204787242495064,9.871668200422233,298.3516540527344,0.3356463956879402,12.50000027939678,283.40899658203125,cdip,2026-05-28 18:54:26+00:00
45,2026-05-29 00:00:00+00:00,1.3631787300109863,0.8622290078536535,18.181818280338256,287.76824951171875,1.0000840603462706,9.090909140169128,301.4623718261719,0.260506346709487,12.50000027939678,281.73126220703125,cdip,2026-05-28 18:54:26+00:00
45,2026-05-29 03:00:00+00:00,1.443793773651123,0.9896743843273136,18.181818280338256,286.9264221191406,0.9976380990934329,9.090909140169128,303.3438415527344,0.2404573845306717,12.50000027939678,279.1737060546875,cdip,2026-05-28 18:54:26+00:00
45,2026-05-29 06:00:00+00:00,1.5364012718200684,1.1341004172373375,16.666667039195705,288.21905517578125,1.0087002148245061,9.090909140169128,304.9332275390625,,,,cdip,2026-05-28 18:54:26+00:00
45,2026-05-29 09:00:00+00:00,1.5813524723052979,1.2329773964834285,16.666667039195705,288.38623046875,0.9645034491339837,9.090909140169128,305.01531982421875,,,,cdip,2026-05-28 18:54:26+00:00
45,2026-05-29 12:00:00+00:00,1.623310923576355,1.3435934596554044,15.384615948919734,288.59136962890625,0.8892804029520266,9.090909140169128,303.94500732421875,,,,cdip,2026-05-28 18:54:26+00:00
45,2026-05-29 15:00:00+00:00,1.6745632886886597,1.4442327845933824,15.384615948919734,288.7650451660156,0.8303289960533297,9.090909140169128,302.6263122558594,,,,cdip,2026-05-28 18:54:26+00:00
45,2026-05-29 18:00:00+00:00,1.702020525932312,1.5066159996391797,15.384615948919734,288.60040283203125,0.7779598158676002,9.090909140169128,301.8818054199219,,,,cdip,2026-05-28 18:54:26+00:00
45,2026-05-29 21:00:00+00:00,1.706693410873413,1.5263156467527283,14.28571422489322,288.1662292480469,0.686089871509879,8.333333519597852,303.8630065917969,0.30832366523805177,4.166666759798926,314.3934020996094,cdip,2026-05-28 18:54:26+00:00
45,2026-05-30 00:00:00+00:00,1.670644760131836,1.4602053240602981,14.28571422489322,287.9285888671875,0.5748511910482501,8.333333519597852,304.4873046875,0.5601768134560711,4.761904910578484,323.9157409667969,cdip,2026-05-28 18:54:26+00:00
45,2026-05-30 03:00:00+00:00,1.5860346555709839,1.352692935027961,14.28571422489322,287.80059814453125,0.5593000093180456,8.333333519597852,304.6409606933594,0.6005669323472613,5.263157960780771,324.12774658203125,cdip,2026-05-28 18:54:26+00:00
45,2026-05-30 06:00:00+00:00,1.4982470273971558,1.2528106692278207,14.28571422489322,287.7950134277344,0.532069641317031,8.333333519597852,304.35931396484375,0.6178737339060221,5.555555334797621,321.3660888671875,cdip,2026-05-28 18:54:26+00:00
45,2026-05-30 09:00:00+00:00,1.4620165824890137,1.1605926882302424,14.28571422489322,287.85821533203125,0.43155504299097786,6.25000013969839,315.8663330078125,,,,cdip,2026-05-28 18:54:26+00:00
45,2026-05-30 12:00:00+00:00,1.4561365842819214,1.0722877244112385,13.33333280351429,288.20440673828125,0.9793256635359626,7.14285711244661,311.0653076171875,,,,cdip,2026-05-28 18:54:26+00:00
45,2026-05-30 15:00:00+00:00,1.4663797616958618,0.961401926211596,13.33333280351429,288.0821533203125,1.0973180536774754,7.692307974459867,307.3863525390625,,,,cdip,2026-05-28 18:54:26+00:00
45,2026-05-30 18:00:00+00:00,1.4821995496749878,0.03411711824996421,13.33333280351429,287.82147216796875,0.8657770822276962,8.333333519597852,305.1351013183594,,,,cdip,2026-05-28 18:54:26+00:00
45,2026-05-30 21:00:00+00:00,1.4667668342590332,0.03798979631449941,13.33333280351429,287.4957275390625,0.7563713108873608,9.090909140169128,303.6316833496094,,,,cdip,2026-05-28 18:54:26+00:00
45,2026-05-31 00:00:00+00:00,1.4630045890808105,0.04194614169439572,12.50000027939678,287.6470642089844,0.6961139165162888,9.090909140169128,304.4574279785156,,,,cdip,2026-05-28 18:54:26+00:00
45,2026-05-31 03:00:00+00:00,1.4789072275161743,0.649225896001909,9.090909140169128,304.1025390625,0.04562659893940615,12.50000027939678,287.47113037109375,,,,cdip,2026-05-28 18:54:26+00:00
45,2026-05-31 06:00:00+00:00,1.476865291595459,0.6115103693490507,9.090909140169128,302.957275390625,0.06840260627213404,12.50000027939678,287.2758483886719,,,,cdip,2026-05-28 18:54:26+00:00
45,2026-05-31 09:00:00+00:00,1.4773938655853271,1.3265369454986193,9.090909140169128,302.2532958984375,0.590346843019749,12.50000027939678,287.1822509765625,0.07458186947517656,22.222221339190483,252.6385955810547,cdip,2026-05-28 18:54:26+00:00
45,2026-05-31 12:00:00+00:00,1.4897205829620361,1.374692626111313,9.090909140169128,302.3165588378906,0.5002036819020598,12.50000027939678,287.303466796875,0.08129292854859087,22.222221339190483,252.62881469726562,cdip,2026-05-28 18:54:26+00:00
45,2026-05-31 15:00:00+00:00,1.505010724067688,1.3893858728757846,9.090909140169128,302.44317626953125,0.4983707655534174,12.50000027939678,287.3841552734375,0.08796472870651137,22.222221339190483,252.61260986328125,cdip,2026-05-28 18:54:26+00:00
45,2026-05-31 18:00:00+00:00,1.5005908012390137,1.3854028472664026,9.090909140169128,302.0940246582031,0.4917254501772722,12.50000027939678,287.32763671875,0.0938351959284772,22.222221339190483,252.59445190429688,cdip,2026-05-28 18:54:26+00:00
45,2026-05-31 21:00:00+00:00,1.452549695968628,1.4210635714639859,9.090909140169128,302.31011962890625,0.12068146689275354,22.222221339190483,252.591552734375,,,,cdip,2026-05-28 18:54:26+00:00
45,2026-06-01 00:00:00+00:00,1.3886523246765137,1.3575976561119554,9.090909140169128,302.370849609375,0.12691671205873048,22.222221339190483,252.60116577148438,,,,cdip,2026-05-28 18:54:26+00:00
45,2026-06-01 03:00:00+00:00,1.3689162731170654,1.3373757530900487,9.090909140169128,301.94927978515625,0.1310108671001931,22.222221339190483,252.63961791992188,,,,cdip,2026-05-28 18:54:26+00:00
45,2026-06-01 06:00:00+00:00,1.3586299419403076,1.3270899910236316,9.090909140169128,301.4458923339844,0.1329923435769416,19.99999970197678,252.6680908203125,,,,cdip,2026-05-28 18:54:26+00:00
45,2026-06-01 09:00:00+00:00,1.3045330047607422,1.2696701836934658,9.090909140169128,301.6219177246094,0.15860757214057783,19.99999970197678,252.72146606445312,,,,cdip,2026-05-28 18:54:26+00:00
45,2026-06-01 12:00:00+00:00,1.2540093660354614,1.2173241760385383,9.090909140169128,302.5449523925781,0.1629109409810293,19.99999970197678,252.74880981445312,,,,cdip,2026-05-28 18:54:26+00:00
45,2026-06-01 15:00:00+00:00,1.2019792795181274,1.1641505362411353,9.090909140169128,303.2348327636719,0.16673290476176744,19.99999970197678,252.77670288085938,,,,cdip,2026-05-28 18:54:26+00:00
45,2026-06-01 18:00:00+00:00,1.1436272859573364,1.101983762664771,9.090909140169128,303.2713623046875,0.1934386345726393,18.181818280338256,251.32142639160156,,,,cdip,2026-05-28 18:54:26+00:00
45,2026-06-01 21:00:00+00:00,1.0867266654968262,1.0413354836378468,9.090909140169128,302.7217102050781,0.21539015098116696,18.181818280338256,251.34881591796875,,,,cdip,2026-05-28 18:54:26+00:00
45,2026-06-02 00:00:00+00:00,1.0420681238174438,0.9966386602955017,9.090909140169128,302.48602294921875,0.2171102159050315,18.181818280338256,251.38735961914062,,,,cdip,2026-05-28 18:54:26+00:00
45,2026-06-02 03:00:00+00:00,1.0058916807174683,0.9569332512918111,9.090909140169128,302.74395751953125,0.23571597995380558,18.181818280338256,251.4300537109375,,,,cdip,2026-05-28 18:54:26+00:00
45,2026-06-02 06:00:00+00:00,0.9653125405311584,0.9169126586240333,9.090909140169128,303.2668151855469,0.2362907110081954,18.181818280338256,251.497802734375,,,,cdip,2026-05-28 18:54:26+00:00
45,2026-06-02 09:00:00+00:00,0.9281706213951111,0.8690717026717427,9.090909140169128,303.9102478027344,0.23671876693208843,18.181818280338256,251.57720947265625,0.13872887501206735,12.50000027939678,277.38299560546875,cdip,2026-05-28 18:54:26+00:00
45,2026-06-02 12:00:00+00:00,0.8863304853439331,0.8277061953977456,9.090909140169128,304.2783508300781,0.23638624412017178,16.666667039195705,250.75965881347656,0.13266867730066853,12.50000027939678,275.598876953125,cdip,2026-05-28 18:54:26+00:00
45,2026-06-02 15:00:00+00:00,0.8508628606796265,0.7925972511558538,9.090909140169128,304.21392822265625,0.2356648280458861,16.666667039195705,250.82623291015625,0.12942390928253453,12.50000027939678,273.86016845703125,cdip,2026-05-28 18:54:26+00:00
45,2026-06-02 18:00:00+00:00,0.8304538726806641,0.7678728256654809,9.090909140169128,303.9182434082031,0.23472801469622415,16.666667039195705,250.87109375,0.1582026267625436,11.764705758606276,278.7010192871094,cdip,2026-05-28 18:54:26+00:00
45,2026-06-02 21:00:00+00:00,0.8097090125083923,0.7488443490385661,9.090909140169128,303.39324951171875,0.24916610126463354,16.666667039195705,250.94192504882812,0.12820009218175352,11.764705758606276,278.7491760253906,cdip,2026-05-28 18:54:26+00:00
45,2026-06-03 00:00:00+00:00,0.8481850624084473,0.6145097389296359,8.333333519597852,305.7478942871094,0.5023422662760523,4.999999925494195,314.505615234375,0.24587540198262456,15.384615948919734,248.717529296875,cdip,2026-05-28 18:54:26+00:00
45,2026-06-03 03:00:00+00:00,0.8786647319793701,0.8293665490140902,8.333333519597852,305.44854736328125,0.24135079338735865,15.384615948919734,248.70156860351562,0.12199723021227117,11.764705758606276,274.4536437988281,cdip,2026-05-28 18:54:26+00:00
45,2026-06-03 06:00:00+00:00,0.8942033052444458,0.1162765898144465,7.14285711244661,299.59954833984375,0.36710988128065114,5.263157960780771,315.72003173828125,0.23612052195605276,15.384615948919734,248.8537139892578,cdip,2026-05-28 18:54:26+00:00
45,2026-06-03 09:00:00+00:00,0.8700786828994751,0.8293967283129238,7.692307974459867,307.539306640625,0.24583929837182908,15.384615948919734,248.6824951171875,,,,cdip,2026-05-28 18:54:26+00:00
45,2026-06-03 12:00:00+00:00,0.9033451080322266,0.8620038474964671,7.14285711244661,306.28485107421875,0.2553943178359132,15.384615948919734,248.80123901367188,,,,cdip,2026-05-28 18:54:26+00:00
45,2026-06-03 15:00:00+00:00,0.8671848773956299,0.8239913378419365,7.692307974459867,308.36419677734375,0.254745839519029,14.28571422489322,247.14183044433594,,,,cdip,2026-05-28 18:54:26+00:00
45,2026-06-03 18:00:00+00:00,0.966556966304779,0.8864210768567701,7.692307974459867,309.19244384765625,0.27133810417766596,4.166666759798926,324.17266845703125,0.25372715307010196,14.28571422489322,247.56375122070312,cdip,2026-05-28 18:54:26+00:00
45,2026-06-03 21:00:00+00:00,0.9632850885391235,0.9236219259645982,7.692307974459867,309.80316162109375,0.2538049679293717,14.28571422489322,247.67034912109375,,,,cdip,2026-05-28 18:54:26+00:00
46,2026-05-28 09:00:00+00:00,1.3798397779464722,1.1782622661367723,11.111110669595242,293.6647033691406,0.611828724445751,13.33333280351429,284.9263000488281,0.2919908792718181,22.222221339190483,284.675537109375,cdip,2026-05-28 18:54:26+00:00
46,2026-05-28 12:00:00+00:00,1.3087292909622192,1.1190653248870528,10.526315921561542,296.42626953125,0.5167127052190398,12.50000027939678,284.9956359863281,0.3736467118232545,19.99999970197678,283.68402099609375,cdip,2026-05-28 18:54:26+00:00
46,2026-05-28 15:00:00+00:00,1.266538143157959,1.0619103925045017,9.871668200422233,298.5685119628906,0.4927439514895313,19.99999970197678,285.6036376953125,0.4276001510080705,12.50000027939678,284.13067626953125,cdip,2026-05-28 18:54:26+00:00
46,2026-05-28 18:00:00+00:00,1.2794455289840698,0.609385678973057,19.99999970197678,286.19970703125,1.0298414242700016,9.871668200422233,298.4236755371094,0.3954677412710953,12.50000027939678,283.9586486816406,cdip,2026-05-28 18:54:26+00:00
46,2026-05-28 21:00:00+00:00,1.3202645778656006,0.7359755820841595,18.181818280338256,288.18878173828125,1.0204787242495064,9.871668200422233,298.3516540527344,0.3356463956879402,12.50000027939678,283.40899658203125,cdip,2026-05-28 18:54:26+00:00
46,2026-05-29 00:00:00+00:00,1.3631787300109863,0.8622290078536535,18.181818280338256,287.76824951171875,1.0000840603462706,9.090909140169128,301.4623718261719,0.260506346709487,12.50000027939678,281.73126220703125,cdip,2026-05-28 18:54:26+00:00
46,2026-05-29 03:00:00+00:00,1.443793773651123,0.9896743843273136,18.181818280338256,286.9264221191406,0.9976380990934329,9.090909140169128,303.3438415527344,0.2404573845306717,12.50000027939678,279.1737060546875,cdip,2026-05-28 18:54:26+00:00
46,2026-05-29 06:00:00+00:00,1.5364012718200684,1.1341004172373375,16.666667039195705,288.21905517578125,1.0087002148245061,9.090909140169128,304.9332275390625,,,,cdip,2026-05-28 18:54:26+00:00
46,2026-05-29 09:00:00+00:00,1.5813524723052979,1.2329773964834285,16.666667039195705,288.38623046875,0.9645034491339837,9.090909140169128,305.01531982421875,,,,cdip,2026-05-28 18:54:26+00:00
46,2026-05-29 12:00:00+00:00,1.623310923576355,1.3435934596554044,15.384615948919734,288.59136962890625,0.8892804029520266,9.090909140169128,303.94500732421875,,,,cdip,2026-05-28 18:54:26+00:00
46,2026-05-29 15:00:00+00:00,1.6745632886886597,1.4442327845933824,15.384615948919734,288.7650451660156,0.8303289960533297,9.090909140169128,302.6263122558594,,,,cdip,2026-05-28 18:54:26+00:00
46,2026-05-29 18:00:00+00:00,1.702020525932312,1.5066159996391797,15.384615948919734,288.60040283203125,0.7779598158676002,9.090909140169128,301.8818054199219,,,,cdip,2026-05-28 18:54:26+00:00
46,2026-05-29 21:00:00+00:00,1.706693410873413,1.5263156467527283,14.28571422489322,288.1662292480469,0.686089871509879,8.333333519597852,303.8630065917969,0.30832366523805177,4.166666759798926,314.3934020996094,cdip,2026-05-28 18:54:26+00:00
46,2026-05-30 00:00:00+00:00,1.670644760131836,1.4602053240602981,14.28571422489322,287.9285888671875,0.5748511910482501,8.333333519597852,304.4873046875,0.5601768134560711,4.761904910578484,323.9157409667969,cdip,2026-05-28 18:54:26+00:00
46,2026-05-30 03:00:00+00:00,1.5860346555709839,1.352692935027961,14.28571422489322,287.80059814453125,0.5593000093180456,8.333333519597852,304.6409606933594,0.6005669323472613,5.263157960780771,324.12774658203125,cdip,2026-05-28 18:54:26+00:00
46,2026-05-30 06:00:00+00:00,1.4982470273971558,1.2528106692278207,14.28571422489322,287.7950134277344,0.532069641317031,8.333333519597852,304.35931396484375,0.6178737339060221,5.555555334797621,321.3660888671875,cdip,2026-05-28 18:54:26+00:00
46,2026-05-30 09:00:00+00:00,1.4620165824890137,1.1605926882302424,14.28571422489322,287.85821533203125,0.43155504299097786,6.25000013969839,315.8663330078125,,,,cdip,2026-05-28 18:54:26+00:00
46,2026-05-30 12:00:00+00:00,1.4561365842819214,1.0722877244112385,13.33333280351429,288.20440673828125,0.9793256635359626,7.14285711244661,311.0653076171875,,,,cdip,2026-05-28 18:54:26+00:00
46,2026-05-30 15:00:00+00:00,1.4663797616958618,0.961401926211596,13.33333280351429,288.0821533203125,1.0973180536774754,7.692307974459867,307.3863525390625,,,,cdip,2026-05-28 18:54:26+00:00
46,2026-05-30 18:00:00+00:00,1.4821995496749878,0.03411711824996421,13.33333280351429,287.82147216796875,0.8657770822276962,8.333333519597852,305.1351013183594,,,,cdip,2026-05-28 18:54:26+00:00
46,2026-05-30 21:00:00+00:00,1.4667668342590332,0.03798979631449941,13.33333280351429,287.4957275390625,0.7563713108873608,9.090909140169128,303.6316833496094,,,,cdip,2026-05-28 18:54:26+00:00
46,2026-05-31 00:00:00+00:00,1.4630045890808105,0.04194614169439572,12.50000027939678,287.6470642089844,0.6961139165162888,9.090909140169128,304.4574279785156,,,,cdip,2026-05-28 18:54:26+00:00
46,2026-05-31 03:00:00+00:00,1.4789072275161743,0.649225896001909,9.090909140169128,304.1025390625,0.04562659893940615,12.50000027939678,287.47113037109375,,,,cdip,2026-05-28 18:54:26+00:00
46,2026-05-31 06:00:00+00:00,1.476865291595459,0.6115103693490507,9.090909140169128,302.957275390625,0.06840260627213404,12.50000027939678,287.2758483886719,,,,cdip,2026-05-28 18:54:26+00:00
46,2026-05-31 09:00:00+00:00,1.4773938655853271,1.3265369454986193,9.090909140169128,302.2532958984375,0.590346843019749,12.50000027939678,287.1822509765625,0.07458186947517656,22.222221339190483,252.6385955810547,cdip,2026-05-28 18:54:26+00:00
46,2026-05-31 12:00:00+00:00,1.4897205829620361,1.374692626111313,9.090909140169128,302.3165588378906,0.5002036819020598,12.50000027939678,287.303466796875,0.08129292854859087,22.222221339190483,252.62881469726562,cdip,2026-05-28 18:54:26+00:00
46,2026-05-31 15:00:00+00:00,1.505010724067688,1.3893858728757846,9.090909140169128,302.44317626953125,0.4983707655534174,12.50000027939678,287.3841552734375,0.08796472870651137,22.222221339190483,252.61260986328125,cdip,2026-05-28 18:54:26+00:00
46,2026-05-31 18:00:00+00:00,1.5005908012390137,1.3854028472664026,9.090909140169128,302.0940246582031,0.4917254501772722,12.50000027939678,287.32763671875,0.0938351959284772,22.222221339190483,252.59445190429688,cdip,2026-05-28 18:54:26+00:00
46,2026-05-31 21:00:00+00:00,1.452549695968628,1.4210635714639859,9.090909140169128,302.31011962890625,0.12068146689275354,22.222221339190483,252.591552734375,,,,cdip,2026-05-28 18:54:26+00:00
46,2026-06-01 00:00:00+00:00,1.3886523246765137,1.3575976561119554,9.090909140169128,302.370849609375,0.12691671205873048,22.222221339190483,252.60116577148438,,,,cdip,2026-05-28 18:54:26+00:00
46,2026-06-01 03:00:00+00:00,1.3689162731170654,1.3373757530900487,9.090909140169128,301.94927978515625,0.1310108671001931,22.222221339190483,252.63961791992188,,,,cdip,2026-05-28 18:54:26+00:00
46,2026-06-01 06:00:00+00:00,1.3586299419403076,1.3270899910236316,9.090909140169128,301.4458923339844,0.1329923435769416,19.99999970197678,252.6680908203125,,,,cdip,2026-05-28 18:54:26+00:00
46,2026-06-01 09:00:00+00:00,1.3045330047607422,1.2696701836934658,9.090909140169128,301.6219177246094,0.15860757214057783,19.99999970197678,252.72146606445312,,,,cdip,2026-05-28 18:54:26+00:00
46,2026-06-01 12:00:00+00:00,1.2540093660354614,1.2173241760385383,9.090909140169128,302.5449523925781,0.1629109409810293,19.99999970197678,252.74880981445312,,,,cdip,2026-05-28 18:54:26+00:00
46,2026-06-01 15:00:00+00:00,1.2019792795181274,1.1641505362411353,9.090909140169128,303.2348327636719,0.16673290476176744,19.99999970197678,252.77670288085938,,,,cdip,2026-05-28 18:54:26+00:00
46,2026-06-01 18:00:00+00:00,1.1436272859573364,1.101983762664771,9.090909140169128,303.2713623046875,0.1934386345726393,18.181818280338256,251.32142639160156,,,,cdip,2026-05-28 18:54:26+00:00
46,2026-06-01 21:00:00+00:00,1.0867266654968262,1.0413354836378468,9.090909140169128,302.7217102050781,0.21539015098116696,18.181818280338256,251.34881591796875,,,,cdip,2026-05-28 18:54:26+00:00
46,2026-06-02 00:00:00+00:00,1.0420681238174438,0.9966386602955017,9.090909140169128,302.48602294921875,0.2171102159050315,18.181818280338256,251.38735961914062,,,,cdip,2026-05-28 18:54:26+00:00
46,2026-06-02 03:00:00+00:00,1.0058916807174683,0.9569332512918111,9.090909140169128,302.74395751953125,0.23571597995380558,18.181818280338256,251.4300537109375,,,,cdip,2026-05-28 18:54:26+00:00
46,2026-06-02 06:00:00+00:00,0.9653125405311584,0.9169126586240333,9.090909140169128,303.2668151855469,0.2362907110081954,18.181818280338256,251.497802734375,,,,cdip,2026-05-28 18:54:26+00:00
46,2026-06-02 09:00:00+00:00,0.9281706213951111,0.8690717026717427,9.090909140169128,303.9102478027344,0.23671876693208843,18.181818280338256,251.57720947265625,0.13872887501206735,12.50000027939678,277.38299560546875,cdip,2026-05-28 18:54:26+00:00
46,2026-06-02 12:00:00+00:00,0.8863304853439331,0.8277061953977456,9.090909140169128,304.2783508300781,0.23638624412017178,16.666667039195705,250.75965881347656,0.13266867730066853,12.50000027939678,275.598876953125,cdip,2026-05-28 18:54:26+00:00
46,2026-06-02 15:00:00+00:00,0.8508628606796265,0.7925972511558538,9.090909140169128,304.21392822265625,0.2356648280458861,16.666667039195705,250.82623291015625,0.12942390928253453,12.50000027939678,273.86016845703125,cdip,2026-05-28 18:54:26+00:00
46,2026-06-02 18:00:00+00:00,0.8304538726806641,0.7678728256654809,9.090909140169128,303.9182434082031,0.23472801469622415,16.666667039195705,250.87109375,0.1582026267625436,11.764705758606276,278.7010192871094,cdip,2026-05-28 18:54:26+00:00
46,2026-06-02 21:00:00+00:00,0.8097090125083923,0.7488443490385661,9.090909140169128,303.39324951171875,0.24916610126463354,16.666667039195705,250.94192504882812,0.12820009218175352,11.764705758606276,278.7491760253906,cdip,2026-05-28 18:54:26+00:00
46,2026-06-03 00:00:00+00:00,0.8481850624084473,0.6145097389296359,8.333333519597852,305.7478942871094,0.5023422662760523,4.999999925494195,314.505615234375,0.24587540198262456,15.384615948919734,248.717529296875,cdip,2026-05-28 18:54:26+00:00
46,2026-06-03 03:00:00+00:00,0.8786647319793701,0.8293665490140902,8.333333519597852,305.44854736328125,0.24135079338735865,15.384615948919734,248.70156860351562,0.12199723021227117,11.764705758606276,274.4536437988281,cdip,2026-05-28 18:54:26+00:00
46,2026-06-03 06:00:00+00:00,0.8942033052444458,0.1162765898144465,7.14285711244661,299.59954833984375,0.36710988128065114,5.263157960780771,315.72003173828125,0.23612052195605276,15.384615948919734,248.8537139892578,cdip,2026-05-28 18:54:26+00:00
46,2026-06-03 09:00:00+00:00,0.8700786828994751,0.8293967283129238,7.692307974459867,307.539306640625,0.24583929837182908,15.384615948919734,248.6824951171875,,,,cdip,2026-05-28 18:54:26+00:00
46,2026-06-03 12:00:00+00:00,0.9033451080322266,0.8620038474964671,7.14285711244661,306.28485107421875,0.2553943178359132,15.384615948919734,248.80123901367188,,,,cdip,2026-05-28 18:54:26+00:00
46,2026-06-03 15:00:00+00:00,0.8671848773956299,0.8239913378419365,7.692307974459867,308.36419677734375,0.254745839519029,14.28571422489322,247.14183044433594,,,,cdip,2026-05-28 18:54:26+00:00
46,2026-06-03 18:00:00+00:00,0.966556966304779,0.8864210768567701,7.692307974459867,309.19244384765625,0.27133810417766596,4.166666759798926,324.17266845703125,0.25372715307010196,14.28571422489322,247.56375122070312,cdip,2026-05-28 18:54:26+00:00
46,2026-06-03 21:00:00+00:00,0.9632850885391235,0.9236219259645982,7.692307974459867,309.80316162109375,0.2538049679293717,14.28571422489322,247.67034912109375,,,,cdip,2026-05-28 18:54:26+00:00
47,2026-05-28 09:00:00+00:00,2.120112657546997,1.005300321852017,12.50000027939678,285.16497802734375,0.4275279046997671,22.222221339190483,283.6075744628906,,,,cdip,2026-05-28 18:54:26+00:00
47,2026-05-28 12:00:00+00:00,1.9974615573883057,0.8494793793298435,12.50000027939678,284.5391845703125,0.5498032758866734,19.99999970197678,282.1263732910156,,,,cdip,2026-05-28 18:54:26+00:00
47,2026-05-28 15:00:00+00:00,1.9192098379135132,0.7085908066342668,12.50000027939678,284.0460205078125,1.597433871052024,10.526315921561542,294.7488708496094,0.7218149190104275,19.99999970197678,284.64068603515625,cdip,2026-05-28 18:54:26+00:00
47,2026-05-28 18:00:00+00:00,1.9216067790985107,0.8836060785358044,19.99999970197678,285.2872619628906,1.545265294361419,9.871668200422233,296.806640625,0.6484278969340908,12.50000027939678,284.07525634765625,cdip,2026-05-28 18:54:26+00:00
47,2026-05-28 21:00:00+00:00,1.9566646814346313,1.0484370690330485,18.181818280338256,287.4408264160156,1.472621085823744,9.871668200422233,296.7558898925781,0.6782464251305458,12.50000027939678,283.91021728515625,cdip,2026-05-28 18:54:26+00:00
47,2026-05-29 00:00:00+00:00,1.986060380935669,1.209682374321489,18.181818280338256,287.3299255371094,1.4832237923514353,9.090909140169128,300.5292663574219,0.427969613604978,12.50000027939678,283.09906005859375,cdip,2026-05-28 18:54:26+00:00
47,2026-05-29 03:00:00+00:00,2.0759999752044678,1.3831985121281367,18.181818280338256,286.78204345703125,1.4639031231753104,9.090909140169128,302.52728271484375,0.38460146787461863,12.50000027939678,281.7537536621094,cdip,2026-05-28 18:54:26+00:00
47,2026-05-29 06:00:00+00:00,2.205695390701294,1.6056626997877037,16.666667039195705,288.8859558105469,1.4741363436059869,9.090909140169128,304.316650390625,,,,cdip,2026-05-28 18:54:26+00:00
47,2026-05-29 09:00:00+00:00,2.2612414360046387,1.7397497852991874,16.666667039195705,289.0338134765625,1.4095109846505274,9.090909140169128,304.37213134765625,,,,cdip,2026-05-28 18:54:26+00:00
47,2026-05-29 12:00:00+00:00,2.3095993995666504,1.890852559210368,15.384615948919734,288.9923400878906,1.2963258519756042,9.090909140169128,303.1964111328125,,,,cdip,2026-05-28 18:54:26+00:00
47,2026-05-29 15:00:00+00:00,2.3775248527526855,2.030371632101012,15.384615948919734,289.17578125,1.2128517802138352,9.090909140169128,301.8369140625,,,,cdip,2026-05-28 18:54:26+00:00
47,2026-05-29 18:00:00+00:00,2.4330317974090576,2.15133589489776,15.384615948919734,289.0029602050781,1.1162847199786188,9.090909140169128,301.1083068847656,,,,cdip,2026-05-28 18:54:26+00:00
47,2026-05-29 21:00:00+00:00,2.4888758659362793,2.2239786355232996,14.28571422489322,288.4281311035156,1.003939950636428,8.333333519597852,303.178466796875,0.4516402051195254,4.166666759798926,314.34246826171875,cdip,2026-05-28 18:54:26+00:00
47,2026-05-30 00:00:00+00:00,2.475651502609253,2.1698028293831384,14.28571422489322,288.0340270996094,0.8443930266525508,8.333333519597852,303.924072265625,0.8227040231276729,4.761904910578484,323.867431640625,cdip,2026-05-28 18:54:26+00:00
47,2026-05-30 03:00:00+00:00,2.3681440353393555,2.0407650626914435,14.28571422489322,287.8675842285156,0.799135929566072,8.333333519597852,304.1329650878906,0.8823850887885363,5.263157960780771,323.8322448730469,cdip,2026-05-28 18:54:26+00:00
47,2026-05-30 06:00:00+00:00,2.249622344970703,1.8967904251767005,14.28571422489322,287.9222106933594,0.7840499516912587,8.333333519597852,303.8110046386719,0.9087256763201573,5.555555334797621,321.0572814941406,cdip,2026-05-28 18:54:26+00:00
47,2026-05-30 09:00:00+00:00,2.1984894275665283,1.7650372417530373,13.33333280351429,287.7433166503906,0.6387719623916999,6.25000013969839,315.53021240234375,,,,cdip,2026-05-28 18:54:26+00:00
47,2026-05-30 12:00:00+00:00,2.1862387657165527,1.6317134817305903,13.33333280351429,287.81768798828125,1.4462009151806925,7.14285711244661,310.4790954589844,,,,cdip,2026-05-28 18:54:26+00:00
47,2026-05-30 15:00:00+00:00,2.2092738151550293,1.4988926069168342,13.33333280351429,287.661376953125,1.6079895678437879,7.692307974459867,306.491455078125,,,,cdip,2026-05-28 18:54:26+00:00
47,2026-05-30 18:00:00+00:00,2.2482967376708984,0.05258426525425729,13.33333280351429,287.37518310546875,1.3490622429181598,8.333333519597852,304.4216613769531,,,,cdip,2026-05-28 18:54:26+00:00
47,2026-05-30 21:00:00+00:00,2.229048013687134,0.05882524603862109,12.50000027939678,286.63677978515625,1.244292769919731,8.333333519597852,304.91094970703125,,,,cdip,2026-05-28 18:54:26+00:00
47,2026-05-31 00:00:00+00:00,2.222158908843994,0.06528227881536161,12.50000027939678,286.56182861328125,1.1684866939252772,9.090909140169128,303.9084777832031,,,,cdip,2026-05-28 18:54:26+00:00
47,2026-05-31 03:00:00+00:00,2.2474963665008545,0.07097265642682431,12.50000027939678,286.4842529296875,1.116825968264849,9.090909140169128,303.5152587890625,,,,cdip,2026-05-28 18:54:26+00:00
47,2026-05-31 06:00:00+00:00,2.2475481033325195,1.0811988260987526,9.090909140169128,302.2980041503906,0.10562563033282503,12.50000027939678,286.352783203125,,,,cdip,2026-05-28 18:54:26+00:00
47,2026-05-31 09:00:00+00:00,2.250852108001709,1.9387368022887321,9.090909140169128,301.5191650390625,1.0665875163170273,12.50000027939678,286.251220703125,0.11445698424139865,22.222221339190483,251.6685791015625,cdip,2026-05-28 18:54:26+00:00
47,2026-05-31 12:00:00+00:00,2.276068687438965,1.9573878006910173,9.090909140169128,301.54248046875,1.0805987074345649,12.50000027939678,286.309814453125,0.12378046329876974,22.222221339190483,251.649658203125,cdip,2026-05-28 18:54:26+00:00
47,2026-05-31 15:00:00+00:00,2.308542490005493,1.9762399038569378,9.090909140169128,301.61956787109375,1.107364693711542,12.50000027939678,286.3503723144531,0.1331237480800867,22.222221339190483,251.62432861328125,cdip,2026-05-28 18:54:26+00:00
47,2026-05-31 18:00:00+00:00,2.307539701461792,0.8026737715076708,9.090909140169128,301.1858825683594,0.7906195961173975,11.111110669595242,289.4300842285156,0.14176390801671102,22.222221339190483,251.6029510498047,cdip,2026-05-28 18:54:26+00:00
47,2026-05-31 21:00:00+00:00,2.231060266494751,1.9781557765152706,9.090909140169128,301.41583251953125,0.9270492012190396,11.764705758606276,286.685302734375,0.18317641956466194,22.222221339190483,251.599853515625,cdip,2026-05-28 18:54:26+00:00
47,2026-06-01 00:00:00+00:00,2.1296818256378174,1.8948643984896367,9.090909140169128,301.516845703125,0.8670940480792004,11.764705758606276,286.6661376953125,0.19259639161290426,22.222221339190483,251.60641479492188,cdip,2026-05-28 18:54:26+00:00
47,2026-06-01 03:00:00+00:00,2.0953707695007324,1.8793704888997382,9.090909140169128,301.0831604003906,0.8154188968387459,11.764705758606276,286.6566162109375,0.1986656851292028,22.222221339190483,251.64364624023438,cdip,2026-05-28 18:54:26+00:00
47,2026-06-01 06:00:00+00:00,2.073824405670166,1.8770292538404045,9.090909140169128,300.5444030761719,0.7562995987787406,11.764705758606276,286.6166687011719,0.23281922500019364,19.99999970197678,251.685791015625,cdip,2026-05-28 18:54:26+00:00
47,2026-06-01 09:00:00+00:00,1.9875653982162476,1.8040564763659475,9.090909140169128,300.7423400878906,0.7028045897266453,11.764705758606276,286.55517578125,0.2381415611802826,19.99999970197678,251.73745727539062,cdip,2026-05-28 18:54:26+00:00
47,2026-06-01 12:00:00+00:00,1.9047757387161255,1.8509170468409166,9.090909140169128,301.7684020996094,0.2439345306260802,19.99999970197678,251.77008056640625,,,,cdip,2026-05-28 18:54:26+00:00
47,2026-06-01 15:00:00+00:00,1.8183801174163818,1.7632325468159051,9.090909140169128,302.5019836425781,0.24886378930702385,19.99999970197678,251.80413818359375,,,,cdip,2026-05-28 18:54:26+00:00
47,2026-06-01 18:00:00+00:00,1.7256660461425781,1.6709102715924977,9.090909140169128,302.526611328125,0.2519065897280133,18.181818280338256,250.7084503173828,,,,cdip,2026-05-28 18:54:26+00:00
47,2026-06-01 21:00:00+00:00,1.6350486278533936,1.5752555131010366,9.090909140169128,301.88763427734375,0.28811862884803907,18.181818280338256,250.7408447265625,,,,cdip,2026-05-28 18:54:26+00:00
47,2026-06-02 00:00:00+00:00,1.5632463693618774,1.490875232260185,9.090909140169128,301.6091613769531,0.28885389353239865,18.181818280338256,250.78021240234375,0.19910612904096153,14.28571422489322,255.4332733154297,cdip,2026-05-28 18:54:26+00:00
47,2026-06-02 03:00:00+00:00,1.5043954849243164,1.4329404983648852,9.090909140169128,301.88214111328125,0.2872006085237667,18.181818280338256,250.81967163085938,0.20204428637295296,14.28571422489322,253.39859008789062,cdip,2026-05-28 18:54:26+00:00
47,2026-06-02 06:00:00+00:00,1.4389989376068115,1.3686130466930486,9.090909140169128,302.4737854003906,0.35037319109145215,18.181818280338256,250.88082885742188,,,,cdip,2026-05-28 18:54:26+00:00
47,2026-06-02 09:00:00+00:00,1.3795347213745117,1.3098236727629942,9.090909140169128,303.2298583984375,0.3495109238448426,18.181818280338256,250.95416259765625,,,,cdip,2026-05-28 18:54:26+00:00
47,2026-06-02 12:00:00+00:00,1.31431245803833,1.2448927589575864,9.090909140169128,303.65478515625,0.3477082400804902,16.666667039195705,250.33575439453125,,,,cdip,2026-05-28 18:54:26+00:00
47,2026-06-02 15:00:00+00:00,1.2593239545822144,1.1905538135374212,9.090909140169128,303.55450439453125,0.34575416949455945,16.666667039195705,250.41018676757812,,,,cdip,2026-05-28 18:54:26+00:00
47,2026-06-02 18:00:00+00:00,1.2282794713974,1.1377381584635955,9.090909140169128,303.1512145996094,0.3655727170113325,16.666667039195705,250.45962524414062,0.19826833390472953,11.764705758606276,281.2249755859375,cdip,2026-05-28 18:54:26+00:00
47,2026-06-02 21:00:00+00:00,1.1982736587524414,1.1112643785829912,8.333333519597852,304.5928649902344,0.36378548684410295,15.384615948919734,248.0556640625,0.18609426654709757,11.764705758606276,280.96221923828125,cdip,2026-05-28 18:54:26+00:00
47,2026-06-03 00:00:00+00:00,1.2566907405853271,0.9347872807704513,8.333333519597852,305.4683532714844,0.7394718641900716,4.999999925494195,314.2756042480469,0.3598258518366578,15.384615948919734,248.01467895507812,cdip,2026-05-28 18:54:26+00:00
47,2026-06-03 03:00:00+00:00,1.2987381219863892,1.220055240604167,8.333333519597852,305.102783203125,0.35321389308733037,15.384615948919734,248.00698852539062,0.2229056629765368,11.111110669595242,284.959716796875,cdip,2026-05-28 18:54:26+00:00
47,2026-06-03 06:00:00+00:00,1.3181906938552856,0.9338491804484859,8.333333519597852,305.2538146972656,0.7527329240924782,5.263157960780771,315.3318786621094,0.34890369278735767,15.384615948919734,247.88015747070312,cdip,2026-05-28 18:54:26+00:00
47,2026-06-03 09:00:00+00:00,1.281572937965393,1.227725065441471,7.692307974459867,306.8100891113281,0.34111261672556037,15.384615948919734,247.96463012695312,,,,cdip,2026-05-28 18:54:26+00:00
47,2026-06-03 12:00:00+00:00,1.3327707052230835,1.2772534439423358,7.692307974459867,307.0704040527344,0.35784402305702684,14.28571422489322,246.33709716796875,,,,cdip,2026-05-28 18:54:26+00:00
47,2026-06-03 15:00:00+00:00,1.2805838584899902,1.2237833866024093,7.692307974459867,307.115478515625,0.35296188513545623,14.28571422489322,246.4566650390625,,,,cdip,2026-05-28 18:54:26+00:00
47,2026-06-03 18:00:00+00:00,1.4300158023834229,1.3139150930866026,7.692307974459867,307.7408752441406,0.3988505732974193,4.166666759798926,324.0018615722656,0.36928465014870343,14.28571422489322,246.51686096191406,cdip,2026-05-28 18:54:26+00:00
47,2026-06-03 21:00:00+00:00,1.424414038658142,1.368163414526899,7.692307974459867,308.305908203125,0.366428240670005,14.28571422489322,246.84103393554688,,,,cdip,2026-05-28 18:54:26+00:00
48,2026-05-28 09:00:00+00:00,2.0952348709106445,2.012103048209847,11.111110669595242,300.55828857421875,0.45229925355151746,19.99999970197678,289.4493103027344,,,,cdip,2026-05-28 18:54:26+00:00
48,2026-05-28 12:00:00+00:00,1.9958921670913696,1.883911185214224,11.111110669595242,300.3678283691406,0.5518764722719135,19.99999970197678,289.5570068359375,,,,cdip,2026-05-28 18:54:26+00:00
48,2026-05-28 15:00:00+00:00,1.9220848083496094,1.7521674159094476,10.526315921561542,301.2476806640625,0.7098530565386911,19.99999970197678,289.6854248046875,,,,cdip,2026-05-28 18:54:26+00:00
48,2026-05-28 18:00:00+00:00,1.9073585271835327,1.6521409746744005,9.871668200422233,301.68963623046875,0.8926217456651331,19.99999970197678,290.4925231933594,,,,cdip,2026-05-28 18:54:26+00:00
48,2026-05-28 21:00:00+00:00,1.942737340927124,1.0678545135550486,18.181818280338256,289.7584533691406,1.589982401638737,9.871668200422233,301.6068115234375,,,,cdip,2026-05-28 18:54:26+00:00
48,2026-05-29 00:00:00+00:00,1.9750757217407227,1.2131946665622342,18.181818280338256,290.22528076171875,1.5258903148987564,9.871668200422233,302.02374267578125,,,,cdip,2026-05-28 18:54:26+00:00
48,2026-05-29 03:00:00+00:00,2.0265235900878906,1.3227532806761126,18.181818280338256,290.4591064453125,1.5000023593486669,9.871668200422233,303.34814453125,,,,cdip,2026-05-28 18:54:26+00:00
48,2026-05-29 06:00:00+00:00,2.071061611175537,1.3827913491132067,16.666667039195705,289.515625,1.503770109925685,9.090909140169128,306.6441345214844,,,,cdip,2026-05-28 18:54:26+00:00
48,2026-05-29 09:00:00+00:00,2.036137819290161,1.4354718490380074,16.666667039195705,289.58221435546875,1.4103557998267096,9.090909140169128,306.46221923828125,,,,cdip,2026-05-28 18:54:26+00:00
48,2026-05-29 12:00:00+00:00,1.994484543800354,1.4963892296784511,16.666667039195705,289.6634216308594,1.2909776837866571,9.090909140169128,305.2359313964844,,,,cdip,2026-05-28 18:54:26+00:00
48,2026-05-29 15:00:00+00:00,1.9625236988067627,1.5510962092712834,16.666667039195705,289.686279296875,1.1798491363284982,9.090909140169128,304.09130859375,,,,cdip,2026-05-28 18:54:26+00:00
48,2026-05-29 18:00:00+00:00,1.9162886142730713,1.561608143728251,16.666667039195705,289.618896484375,1.0919321169200042,8.333333519597852,305.10845947265625,,,,cdip,2026-05-28 18:54:26+00:00
48,2026-05-29 21:00:00+00:00,1.8711657524108887,1.5082143457479935,16.666667039195705,289.4339599609375,0.99586908200307,8.333333519597852,305.455322265625,0.4480564463955822,4.166666759798926,315.1628723144531,cdip,2026-05-28 18:54:26+00:00
48,2026-05-30 00:00:00+00:00,1.8662890195846558,1.4166821916923948,15.384615948919734,290.7428894042969,0.8966210059638459,8.333333519597852,306.0904846191406,0.8013578967105089,4.761904910578484,324.034912109375,cdip,2026-05-28 18:54:26+00:00
48,2026-05-30 03:00:00+00:00,1.847987413406372,1.3420686340751782,15.384615948919734,290.45916748046875,0.8470263491940722,8.333333519597852,306.36505126953125,0.9325982056927912,5.263157960780771,325.1781921386719,cdip,2026-05-28 18:54:26+00:00
48,2026-05-30 06:00:00+00:00,1.8276067972183228,1.279729729506982,15.384615948919734,290.2303466796875,0.8362159933565607,8.333333519597852,306.2467041015625,0.989347768235298,5.555555334797621,322.48236083984375,cdip,2026-05-28 18:54:26+00:00
48,2026-05-30 09:00:00+00:00,1.886476755142212,0.07551039597580779,15.384615948919734,290.0000305175781,1.2036602452151393,6.25000013969839,317.5380554199219,,,,cdip,2026-05-28 18:54:26+00:00
48,2026-05-30 12:00:00+00:00,1.9919991493225098,0.08544456196766032,14.28571422489322,292.47198486328125,1.1268464710254236,7.14285711244661,313.54998779296875,,,,cdip,2026-05-28 18:54:26+00:00
48,2026-05-30 15:00:00+00:00,2.1223700046539307,0.09607791014123238,13.33333280351429,292.8855285644531,1.0167829462127607,8.333333519597852,309.13037109375,,,,cdip,2026-05-28 18:54:26+00:00
48,2026-05-30 18:00:00+00:00,2.2476489543914795,0.8895199828993907,8.333333519597852,308.7403564453125,0.1434964464078666,13.33333280351429,292.5592956542969,,,,cdip,2026-05-28 18:54:26+00:00
48,2026-05-30 21:00:00+00:00,2.303642749786377,0.7576812693191338,8.333333519597852,309.1079406738281,0.1609238338686442,13.33333280351429,292.07958984375,,,,cdip,2026-05-28 18:54:26+00:00
48,2026-05-31 00:00:00+00:00,2.3564531803131104,0.6908345242851166,9.090909140169128,307.5622253417969,0.17839414889595717,13.33333280351429,291.4024353027344,,,,cdip,2026-05-28 18:54:26+00:00
48,2026-05-31 03:00:00+00:00,2.405844211578369,0.6205310589341525,9.090909140169128,307.6178283691406,0.22431139045657747,12.50000027939678,291.56878662109375,,,,cdip,2026-05-28 18:54:26+00:00
48,2026-05-31 06:00:00+00:00,2.398621082305908,2.3460485311663777,9.090909140169128,307.1147766113281,0.24430784602183686,22.222221339190483,268.82318115234375,,,,cdip,2026-05-28 18:54:26+00:00
48,2026-05-31 09:00:00+00:00,2.3876724243164062,2.3306727639846807,9.090909140169128,306.79534912109375,0.2666099009065729,22.222221339190483,268.82373046875,,,,cdip,2026-05-28 18:54:26+00:00
48,2026-05-31 12:00:00+00:00,2.401672840118408,2.3400705630397676,9.090909140169128,306.9140625,0.2924530067351894,22.222221339190483,268.812255859375,,,,cdip,2026-05-28 18:54:26+00:00
48,2026-05-31 15:00:00+00:00,2.42651104927063,2.3583310569788987,9.090909140169128,307.0672302246094,0.321608500545395,22.222221339190483,268.7950439453125,,,,cdip,2026-05-28 18:54:26+00:00
48,2026-05-31 18:00:00+00:00,2.4140126705169678,2.337493799666415,9.090909140169128,306.69097900390625,0.37105726765443264,22.222221339190483,268.786865234375,,,,cdip,2026-05-28 18:54:26+00:00
48,2026-05-31 21:00:00+00:00,2.3662056922912598,2.28480998802617,9.090909140169128,306.4944152832031,0.41124245004042786,22.222221339190483,268.7713928222656,,,,cdip,2026-05-28 18:54:26+00:00
48,2026-06-01 00:00:00+00:00,2.296027421951294,2.209507403021466,9.090909140169128,306.3446044921875,0.44477270479194353,22.222221339190483,268.7674255371094,,,,cdip,2026-05-28 18:54:26+00:00
48,2026-06-01 03:00:00+00:00,2.281691789627075,2.1895795806042906,9.090909140169128,306.0955505371094,0.47328319623779336,19.99999970197678,268.7100830078125,,,,cdip,2026-05-28 18:54:26+00:00
48,2026-06-01 06:00:00+00:00,2.272688388824463,2.1770473414317633,9.090909140169128,305.6606750488281,0.49399347526774706,19.99999970197678,268.7041320800781,,,,cdip,2026-05-28 18:54:26+00:00
48,2026-06-01 09:00:00+00:00,2.1985442638397217,2.092592408890046,9.090909140169128,305.70458984375,0.527359672588574,19.99999970197678,268.7133483886719,,,,cdip,2026-05-28 18:54:26+00:00
48,2026-06-01 12:00:00+00:00,2.1438307762145996,2.0288413461733783,9.090909140169128,306.40838623046875,0.5466567131767345,19.99999970197678,268.7203369140625,,,,cdip,2026-05-28 18:54:26+00:00
48,2026-06-01 15:00:00+00:00,2.070281982421875,1.9483929821923007,9.090909140169128,306.76910400390625,0.5616907218869565,19.99999970197678,268.7382507324219,,,,cdip,2026-05-28 18:54:26+00:00
48,2026-06-01 18:00:00+00:00,1.9732697010040283,1.846938813546472,9.090909140169128,306.606689453125,0.5725935112190654,19.99999970197678,268.7589416503906,,,,cdip,2026-05-28 18:54:26+00:00
48,2026-06-01 21:00:00+00:00,1.8723052740097046,1.7332864381309656,9.090909140169128,305.8772888183594,0.606813893901559,18.181818280338256,268.5333251953125,,,,cdip,2026-05-28 18:54:26+00:00
48,2026-06-02 00:00:00+00:00,1.799666404724121,1.6568279624341409,9.090909140169128,305.4844055175781,0.6125769967892307,18.181818280338256,268.5362243652344,,,,cdip,2026-05-28 18:54:26+00:00
48,2026-06-02 03:00:00+00:00,1.7516030073165894,1.6074845367283204,9.090909140169128,305.49407958984375,0.6147740454678214,18.181818280338256,268.53363037109375,,,,cdip,2026-05-28 18:54:26+00:00
48,2026-06-02 06:00:00+00:00,1.7012351751327515,1.5574487027014472,9.090909140169128,305.8006591796875,0.6115019645563837,18.181818280338256,268.52947998046875,,,,cdip,2026-05-28 18:54:26+00:00
48,2026-06-02 09:00:00+00:00,1.6580450534820557,1.5099971746044654,9.090909140169128,306.3733215332031,0.6190258474038876,18.181818280338256,268.527587890625,,,,cdip,2026-05-28 18:54:26+00:00
48,2026-06-02 12:00:00+00:00,1.5977239608764648,1.4486739720075967,9.090909140169128,306.6501770019531,0.6148326727973211,18.181818280338256,268.5367431640625,,,,cdip,2026-05-28 18:54:26+00:00
48,2026-06-02 15:00:00+00:00,1.536562442779541,1.386941050455057,9.090909140169128,306.4063720703125,0.6104964870056762,16.666667039195705,268.35418701171875,,,,cdip,2026-05-28 18:54:26+00:00
48,2026-06-02 18:00:00+00:00,1.4968059062957764,1.3493929305045915,8.333333519597852,308.3004455566406,0.6057111343395228,16.666667039195705,268.3580322265625,,,,cdip,2026-05-28 18:54:26+00:00
48,2026-06-02 21:00:00+00:00,1.4609860181808472,1.3162642347156148,8.333333519597852,308.00762939453125,0.5999113135774917,16.666667039195705,268.3707275390625,,,,cdip,2026-05-28 18:54:26+00:00
48,2026-06-03 00:00:00+00:00,1.5480784177780151,1.1016759425113378,8.333333519597852,308.8509216308594,0.5909527125851491,16.666667039195705,268.37762451171875,0.8922127512182728,4.999999925494195,315.75390625,cdip,2026-05-28 18:54:26+00:00
48,2026-06-03 03:00:00+00:00,1.6109974384307861,1.4923331897325212,8.333333519597852,308.541015625,0.5816337064647964,16.666667039195705,268.35382080078125,,,,cdip,2026-05-28 18:54:26+00:00
48,2026-06-03 06:00:00+00:00,1.6182029247283936,1.0931390243690366,8.333333519597852,308.4830017089844,0.5822367489386586,16.666667039195705,268.36376953125,0.911576125390007,5.263157960780771,316.95001220703125,cdip,2026-05-28 18:54:26+00:00
48,2026-06-03 09:00:00+00:00,1.573224425315857,1.4614315886785183,8.333333519597852,309.0315246582031,0.5614754523630812,16.666667039195705,268.3509521484375,,,,cdip,2026-05-28 18:54:26+00:00
48,2026-06-03 12:00:00+00:00,1.6173816919326782,0.14401382862749143,7.692307974459867,311.3899230957031,1.1276765989422226,5.555555334797621,308.6917724609375,0.5497753303170432,16.666667039195705,268.3944091796875,cdip,2026-05-28 18:54:26+00:00
48,2026-06-03 15:00:00+00:00,1.5575679540634155,1.447800335453209,7.692307974459867,311.5849304199219,0.5538464208891067,16.666667039195705,268.3682861328125,,,,cdip,2026-05-28 18:54:26+00:00
48,2026-06-03 18:00:00+00:00,1.7211607694625854,1.5485056151108936,7.692307974459867,311.83551025390625,0.5477757392948648,16.666667039195705,268.4459228515625,0.48235165320453477,4.166666759798926,323.85406494140625,cdip,2026-05-28 18:54:26+00:00
48,2026-06-03 21:00:00+00:00,1.7110865116119385,1.6134454499867477,7.692307974459867,312.1684875488281,0.541347147315167,15.384615948919734,267.91168212890625,,,,cdip,2026-05-28 18:54:26+00:00
49,2026-05-28 09:00:00+00:00,1.5004045963287354,1.4793377234617695,11.111110669595242,262.30419921875,,,,,,,cdip,2026-05-28 18:54:26+00:00
49,2026-05-28 12:00:00+00:00,1.402544379234314,1.34373128193194,11.111110669595242,261.97515869140625,0.2568838234416286,16.666667039195705,242.9375,0.19017368127831527,19.99999970197678,247.4324493408203,cdip,2026-05-28 18:54:26+00:00
49,2026-05-28 15:00:00+00:00,1.3169794082641602,1.2499966438814647,11.111110669595242,261.667236328125,0.21550566188713421,19.99999970197678,248.57699584960938,0.2626288624213472,16.666667039195705,244.010498046875,cdip,2026-05-28 18:54:26+00:00
49,2026-05-28 18:00:00+00:00,1.2639110088348389,1.1860462469318174,10.526315921561542,264.3753662109375,0.3681281607296667,19.99999970197678,249.44088745117188,,,,cdip,2026-05-28 18:54:26+00:00
49,2026-05-28 21:00:00+00:00,1.2398357391357422,1.1528147837937313,10.526315921561542,264.3582763671875,0.3928003648825359,18.181818280338256,247.71942138671875,,,,cdip,2026-05-28 18:54:26+00:00
49,2026-05-29 00:00:00+00:00,1.1983866691589355,0.8673418896725082,9.871668200422233,266.5203857421875,0.40860672868817544,18.181818280338256,247.96347045898438,0.6840118505622681,6.666666401757145,265.41375732421875,cdip,2026-05-28 18:54:26+00:00
49,2026-05-29 03:00:00+00:00,1.1253728866577148,0.7906899794443262,9.090909140169128,269.2262878417969,0.4166416357513834,18.181818280338256,247.85418701171875,0.6522699988242858,6.25000013969839,262.6437683105469,cdip,2026-05-28 18:54:26+00:00
49,2026-05-29 06:00:00+00:00,1.0570807456970215,0.7192969320951231,9.090909140169128,269.11456298828125,0.43905876637887287,16.666667039195705,245.80508422851562,0.6088300516454659,6.25000013969839,262.5294189453125,cdip,2026-05-28 18:54:26+00:00
49,2026-05-29 09:00:00+00:00,1.0015791654586792,0.6550362153315289,9.090909140169128,268.9291687011719,0.47361535575983726,16.666667039195705,246.3520050048828,0.5638582855555205,6.25000013969839,263.16162109375,cdip,2026-05-28 18:54:26+00:00
49,2026-05-29 12:00:00+00:00,0.9719626903533936,0.6279403202111825,9.090909140169128,268.8111877441406,0.41612441765463043,16.666667039195705,246.5799560546875,0.2761696153086976,13.33333280351429,259.24700927734375,cdip,2026-05-28 18:54:26+00:00
49,2026-05-29 15:00:00+00:00,0.9645721912384033,0.41480437431320033,13.33333280351429,260.6837463378906,0.584792029970206,9.090909140169128,268.81243896484375,0.4134823753169527,16.666667039195705,246.5126953125,cdip,2026-05-28 18:54:26+00:00
49,2026-05-29 18:00:00+00:00,0.9512919187545776,0.45731310426678107,13.33333280351429,260.88775634765625,0.4120685795336579,15.384615948919734,247.27206420898438,0.7102521590294361,9.090909140169128,268.84381103515625,cdip,2026-05-28 18:54:26+00:00
49,2026-05-29 21:00:00+00:00,0.9356689453125,0.49185741421600654,13.33333280351429,260.2096862792969,0.4096643539503387,15.384615948919734,247.48870849609375,0.6688316666347013,9.090909140169128,268.84228515625,cdip,2026-05-28 18:54:26+00:00
49,2026-05-30 00:00:00+00:00,0.9292461276054382,0.5807460397926261,13.33333280351429,259.5953369140625,0.40221898623593594,15.384615948919734,247.3376007080078,0.5901800560303279,9.090909140169128,268.7235412597656,cdip,2026-05-28 18:54:26+00:00
49,2026-05-30 03:00:00+00:00,0.9315516948699951,0.7316426143476628,13.33333280351429,259.0431823730469,0.563887895148373,9.090909140169128,268.474853515625,,,,cdip,2026-05-28 18:54:26+00:00
49,2026-05-30 06:00:00+00:00,0.972276508808136,0.7548464083745671,13.33333280351429,258.6144104003906,0.4351005255703052,9.090909140169128,268.2603759765625,,,,cdip,2026-05-28 18:54:26+00:00
49,2026-05-30 09:00:00+00:00,1.0535240173339844,0.7756614728489504,13.33333280351429,258.4373779296875,0.3960623750355364,9.090909140169128,268.1803894042969,0.5805738350767508,5.882352879303138,278.0317687988281,cdip,2026-05-28 18:54:26+00:00
49,2026-05-30 12:00:00+00:00,1.1472558975219727,0.8705601073304154,12.50000027939678,262.02581787109375,0.7360053531281016,6.25000013969839,280.16485595703125,,,,cdip,2026-05-28 18:54:26+00:00
49,2026-05-30 15:00:00+00:00,1.2657479047775269,0.7635579261988219,12.50000027939678,261.9350891113281,0.3900566400837462,9.090909140169128,268.7779541015625,0.9175270773198124,7.14285711244661,277.9442443847656,cdip,2026-05-28 18:54:26+00:00
49,2026-05-30 18:00:00+00:00,1.3486870527267456,0.08938421506158892,12.50000027939678,261.55572509765625,0.706546399860184,9.090909140169128,269.5245666503906,,,,cdip,2026-05-28 18:54:26+00:00
49,2026-05-30 21:00:00+00:00,1.3621381521224976,0.6407610527805099,9.090909140169128,269.9295654296875,0.10002333975902389,12.50000027939678,261.2346496582031,,,,cdip,2026-05-28 18:54:26+00:00
49,2026-05-31 00:00:00+00:00,1.3777676820755005,0.6966404269080091,9.090909140169128,270.09149169921875,0.15173172585385683,12.50000027939678,260.82562255859375,,,,cdip,2026-05-28 18:54:26+00:00
49,2026-05-31 03:00:00+00:00,1.4458646774291992,0.7696028049236184,9.090909140169128,270.22369384765625,0.16589230276593991,11.111110669595242,262.30108642578125,,,,cdip,2026-05-28 18:54:26+00:00
49,2026-05-31 06:00:00+00:00,1.4942781925201416,0.18040914851790266,9.090909140169128,270.37359619140625,,,,,,,cdip,2026-05-28 18:54:26+00:00
49,2026-05-31 09:00:00+00:00,1.518404245376587,1.4635531481165795,9.090909140169128,270.5245361328125,0.19603355821332707,22.222221339190483,242.20228576660156,0.22459374041668093,16.666667039195705,242.4724884033203,cdip,2026-05-28 18:54:26+00:00
49,2026-05-31 12:00:00+00:00,1.5376216173171997,1.4783569002556636,9.871668200422233,267.447509765625,0.2523930132466036,22.222221339190483,242.1561279296875,0.19071913997692158,16.666667039195705,242.5102996826172,cdip,2026-05-28 18:54:26+00:00
49,2026-05-31 15:00:00+00:00,1.5729566812515259,1.5085655071473383,9.871668200422233,267.6358642578125,0.2757975162863671,22.222221339190483,242.10330200195312,0.19700339327621305,16.666667039195705,242.51805114746094,cdip,2026-05-28 18:54:26+00:00
49,2026-05-31 18:00:00+00:00,1.599245309829712,1.5286094873359697,9.871668200422233,267.75140380859375,0.3641035377105906,22.222221339190483,242.07159423828125,,,,cdip,2026-05-28 18:54:26+00:00
49,2026-05-31 21:00:00+00:00,1.5671088695526123,1.4828894107838353,9.871668200422233,267.7599792480469,0.4151406096601614,22.222221339190483,242.0531463623047,,,,cdip,2026-05-28 18:54:26+00:00
49,2026-06-01 00:00:00+00:00,1.5122016668319702,1.4185257614345246,9.871668200422233,267.73675537109375,0.442875441516198,22.222221339190483,242.0291748046875,,,,cdip,2026-05-28 18:54:26+00:00
49,2026-06-01 03:00:00+00:00,1.526918649673462,1.4253618433464812,9.871668200422233,267.7010192871094,0.4712542388213758,22.222221339190483,242.02255249023438,,,,cdip,2026-05-28 18:54:26+00:00
49,2026-06-01 06:00:00+00:00,1.551538348197937,1.4417617496437858,9.871668200422233,267.6658630371094,0.5002734639708469,19.99999970197678,242.06861877441406,,,,cdip,2026-05-28 18:54:26+00:00
49,2026-06-01 09:00:00+00:00,1.51276433467865,1.390204381753189,9.871668200422233,267.6764831542969,0.5300718401998027,19.99999970197678,242.0875244140625,,,,cdip,2026-05-28 18:54:26+00:00
49,2026-06-01 12:00:00+00:00,1.4645051956176758,1.32705545590918,9.871668200422233,267.720458984375,0.5605974324118885,19.99999970197678,242.11187744140625,,,,cdip,2026-05-28 18:54:26+00:00
49,2026-06-01 15:00:00+00:00,1.4169069528579712,1.263769565355592,9.090909140169128,270.7538757324219,0.5893418074243648,18.181818280338256,241.84765625,,,,cdip,2026-05-28 18:54:26+00:00
49,2026-06-01 18:00:00+00:00,1.3721824884414673,1.2034811937847953,9.090909140169128,270.68853759765625,0.6140372474649215,18.181818280338256,241.84661865234375,,,,cdip,2026-05-28 18:54:26+00:00
49,2026-06-01 21:00:00+00:00,1.3348243236541748,0.6381943985623424,18.181818280338256,241.84942626953125,1.1495298041325133,9.090909140169128,270.58062744140625,,,,cdip,2026-05-28 18:54:26+00:00
49,2026-06-02 00:00:00+00:00,1.3015491962432861,0.6517047879372687,18.181818280338256,241.86874389648438,1.1048784097172781,9.090909140169128,270.4724426269531,,,,cdip,2026-05-28 18:54:26+00:00
49,2026-06-02 03:00:00+00:00,1.267747163772583,0.6597029417637231,18.181818280338256,241.91131591796875,1.0625271031134498,9.090909140169128,270.3774108886719,,,,cdip,2026-05-28 18:54:26+00:00
49,2026-06-02 06:00:00+00:00,1.224739670753479,0.66337340553538,18.181818280338256,241.97557067871094,1.011615312012737,9.090909140169128,270.25848388671875,,,,cdip,2026-05-28 18:54:26+00:00
49,2026-06-02 09:00:00+00:00,1.1810418367385864,0.6680752452510407,18.181818280338256,242.049560546875,0.9581979170221127,9.090909140169128,270.0697326660156,,,,cdip,2026-05-28 18:54:26+00:00
49,2026-06-02 12:00:00+00:00,1.136117935180664,0.6711775155546986,16.666667039195705,241.79501342773438,0.902623724542112,9.090909140169128,269.8716735839844,,,,cdip,2026-05-28 18:54:26+00:00
49,2026-06-02 15:00:00+00:00,1.1040654182434082,0.6798166318154386,16.666667039195705,241.8683319091797,0.8570609277961023,9.090909140169128,269.668701171875,,,,cdip,2026-05-28 18:54:26+00:00
49,2026-06-02 18:00:00+00:00,1.0909299850463867,0.6821129567651162,16.666667039195705,241.89988708496094,0.8396330402770041,9.090909140169128,269.4637756347656,,,,cdip,2026-05-28 18:54:26+00:00
49,2026-06-02 21:00:00+00:00,1.0814547538757324,0.6812419777690941,16.666667039195705,241.93356323242188,0.8291377415194002,9.090909140169128,269.22308349609375,,,,cdip,2026-05-28 18:54:26+00:00
49,2026-06-03 00:00:00+00:00,1.0494710206985474,0.6752561692273943,16.666667039195705,241.98756408691406,0.7929680420844202,9.090909140169128,268.9993896484375,,,,cdip,2026-05-28 18:54:26+00:00
49,2026-06-03 03:00:00+00:00,1.0440466403961182,0.6658837119265771,16.666667039195705,242.0000762939453,0.605642901647247,9.090909140169128,268.961669921875,,,,cdip,2026-05-28 18:54:26+00:00
49,2026-06-03 06:00:00+00:00,1.145599365234375,0.6533469118454001,16.666667039195705,242.3065185546875,0.8726571171004069,6.666666401757145,277.738525390625,0.3344031811697148,9.090909140169128,268.51129150390625,cdip,2026-05-28 18:54:26+00:00
49,2026-06-03 09:00:00+00:00,1.052236557006836,0.6298546795883293,16.666667039195705,242.1771697998047,0.3943739934094546,9.090909140169128,268.4628601074219,0.7367933571801993,6.25000013969839,277.3319091796875,cdip,2026-05-28 18:54:26+00:00
49,2026-06-03 12:00:00+00:00,1.0935285091400146,0.6362453423823282,15.384615948919734,241.8193359375,0.8353323528657811,6.25000013969839,280.220458984375,0.28883954500095443,9.090909140169128,267.86358642578125,cdip,2026-05-28 18:54:26+00:00
49,2026-06-03 15:00:00+00:00,1.0405128002166748,0.61441687963862,15.384615948919734,241.81031799316406,0.7816886874210711,6.666666401757145,280.4104919433594,0.2901388929331184,9.090909140169128,267.87115478515625,cdip,2026-05-28 18:54:26+00:00
49,2026-06-03 18:00:00+00:00,1.0801570415496826,0.6069965053738395,15.384615948919734,242.07772827148438,0.4795217781686719,7.692307974459867,276.60540771484375,0.6599530691742961,4.347826008084592,277.061767578125,cdip,2026-05-28 18:54:26+00:00
49,2026-06-03 21:00:00+00:00,1.0729162693023682,0.5967720626712244,15.384615948919734,242.05172729492188,0.4835163516911162,7.692307974459867,276.7653503417969,,,,cdip,2026-05-28 18:54:26+00:00
50,2026-05-28 09:00:00+00:00,1.290738582611084,1.2531809610609352,11.111110669595242,264.81805419921875,0.236574438693338,22.222221339190483,259.72796630859375,,,,cdip,2026-05-28 18:54:26+00:00
50,2026-05-28 12:00:00+00:00,1.2292490005493164,1.1630212047541149,11.111110669595242,264.30474853515625,0.34838052377882944,19.99999970197678,260.08599853515625,,,,cdip,2026-05-28 18:54:26+00:00
50,2026-05-28 15:00:00+00:00,1.1854970455169678,1.0843572988906773,10.526315921561542,267.38580322265625,0.44136594592553746,19.99999970197678,260.46905517578125,,,,cdip,2026-05-28 18:54:26+00:00
50,2026-05-28 18:00:00+00:00,1.1701308488845825,0.5175051750199917,19.99999970197678,260.4570617675781,1.0335814530606329,9.871668200422233,270.1534118652344,,,,cdip,2026-05-28 18:54:26+00:00
50,2026-05-28 21:00:00+00:00,1.1820913553237915,0.5706339862453818,19.99999970197678,259.9767761230469,1.0197559064410635,9.871668200422233,270.1720886230469,,,,cdip,2026-05-28 18:54:26+00:00
50,2026-05-29 00:00:00+00:00,1.177098274230957,0.6121702529556202,18.181818280338256,260.2046203613281,0.9909435404820788,9.871668200422233,269.6904602050781,,,,cdip,2026-05-28 18:54:26+00:00
50,2026-05-29 03:00:00+00:00,1.1342707872390747,0.6271685389157705,18.181818280338256,258.64154052734375,0.6403595356912283,9.871668200422233,268.747802734375,0.6766279998837357,6.25000013969839,265.7931213378906,cdip,2026-05-28 18:54:26+00:00
50,2026-05-29 06:00:00+00:00,1.081458330154419,0.6269800482670355,18.181818280338256,257.669189453125,0.5955696276870126,9.871668200422233,267.7288513183594,0.6320760026183745,6.25000013969839,265.68768310546875,cdip,2026-05-28 18:54:26+00:00
50,2026-05-29 09:00:00+00:00,1.0286327600479126,0.6345651398928146,16.666667039195705,258.48834228515625,0.5421324995064535,9.871668200422233,266.97735595703125,0.5852365815519921,6.25000013969839,266.3103942871094,cdip,2026-05-28 18:54:26+00:00
50,2026-05-29 12:00:00+00:00,0.9882050156593323,0.6338158855379228,16.666667039195705,258.7548828125,0.5447482478495251,9.871668200422233,266.7702331542969,0.5113820841275132,6.25000013969839,267.2176513671875,cdip,2026-05-28 18:54:26+00:00
50,2026-05-29 15:00:00+00:00,0.9634450674057007,0.6433102185177915,16.666667039195705,259.1542053222656,0.5098652997987979,9.090909140169128,269.168212890625,0.4902963257207292,6.25000013969839,268.8017883300781,cdip,2026-05-28 18:54:26+00:00
50,2026-05-29 18:00:00+00:00,0.9373960494995117,0.6556878760655693,16.666667039195705,259.1357421875,0.6612019185809894,8.333333519597852,274.0969543457031,,,,cdip,2026-05-28 18:54:26+00:00
50,2026-05-29 21:00:00+00:00,0.9122464060783386,0.6584260844853888,16.666667039195705,258.5506591796875,0.6236504565394347,8.333333519597852,274.05133056640625,,,,cdip,2026-05-28 18:54:26+00:00
50,2026-05-30 00:00:00+00:00,0.8892777562141418,0.6577097248991172,15.384615948919734,257.5037841796875,0.5913391656634915,8.333333519597852,273.7139587402344,,,,cdip,2026-05-28 18:54:26+00:00
50,2026-05-30 03:00:00+00:00,0.8702439069747925,0.053427204731885544,15.384615948919734,256.95574951171875,0.18921438394040688,8.333333519597852,273.1443786621094,0.6609745109047315,9.871668200422233,266.2513122558594,cdip,2026-05-28 18:54:26+00:00
50,2026-05-30 06:00:00+00:00,0.8894093632698059,0.055435086162811044,15.384615948919734,256.73785400390625,0.6746656666947677,8.333333519597852,272.6115417480469,0.3344134090324962,6.25000013969839,278.65716552734375,cdip,2026-05-28 18:54:26+00:00
50,2026-05-30 09:00:00+00:00,0.9499924778938293,0.5422054111919177,13.33333280351429,258.4605712890625,0.36973086384590137,15.384615948919734,256.7550354003906,0.6092191613052361,5.882352879303138,280.3817138671875,cdip,2026-05-28 18:54:26+00:00
50,2026-05-30 12:00:00+00:00,1.0278868675231934,0.622559056375369,13.33333280351429,258.54583740234375,0.806177981065453,6.25000013969839,282.896728515625,0.09947644741983722,22.222221339190483,251.98773193359375,cdip,2026-05-28 18:54:26+00:00
50,2026-05-30 15:00:00+00:00,1.1468027830123901,0.07845991884292186,13.33333280351429,258.416748046875,0.5787498803800311,7.14285711244661,281.8625183105469,,,,cdip,2026-05-28 18:54:26+00:00
50,2026-05-30 18:00:00+00:00,1.2371516227722168,0.5015949639467947,8.333333519597852,277.595703125,0.08871064178907996,13.33333280351429,258.00189208984375,,,,cdip,2026-05-28 18:54:26+00:00
50,2026-05-30 21:00:00+00:00,1.2468619346618652,0.4693762757932262,8.333333519597852,278.0956115722656,0.13022425951515576,13.33333280351429,257.4772644042969,0.09821740097517659,19.99999970197678,251.21743774414062,cdip,2026-05-28 18:54:26+00:00
50,2026-05-31 00:00:00+00:00,1.2563326358795166,0.17576775763970473,8.333333519597852,278.14068603515625,,,,,,,cdip,2026-05-28 18:54:26+00:00
50,2026-05-31 03:00:00+00:00,1.3241183757781982,0.18794050972082307,9.090909140169128,274.6711730957031,,,,,,,cdip,2026-05-28 18:54:26+00:00
50,2026-05-31 06:00:00+00:00,1.3563928604125977,1.3253886852002867,9.090909140169128,275.21258544921875,0.2008742311051388,22.222221339190483,253.66647338867188,,,,cdip,2026-05-28 18:54:26+00:00
50,2026-05-31 09:00:00+00:00,1.3569917678833008,1.0874603180661053,9.090909140169128,275.61077880859375,0.2378038858183187,22.222221339190483,253.6863250732422,,,,cdip,2026-05-28 18:54:26+00:00
50,2026-05-31 12:00:00+00:00,1.3620835542678833,1.318944872366449,9.090909140169128,275.8892517089844,0.256054683571822,22.222221339190483,253.72674560546875,,,,cdip,2026-05-28 18:54:26+00:00
50,2026-05-31 15:00:00+00:00,1.3878445625305176,1.3403514881493659,9.090909140169128,276.1490173339844,0.2771157969985451,22.222221339190483,253.78353881835938,,,,cdip,2026-05-28 18:54:26+00:00
50,2026-05-31 18:00:00+00:00,1.4087225198745728,1.352515696244552,9.090909140169128,276.29693603515625,0.3157134610201937,22.222221339190483,253.82803344726562,,,,cdip,2026-05-28 18:54:26+00:00
50,2026-05-31 21:00:00+00:00,1.3759136199951172,1.006645688324356,9.871668200422233,272.598876953125,0.3430216548039381,22.222221339190483,253.8667449951172,,,,cdip,2026-05-28 18:54:26+00:00
50,2026-06-01 00:00:00+00:00,1.3215587139129639,0.9554330150849337,9.871668200422233,272.4447021484375,0.8082296777330203,6.25000013969839,281.8736877441406,0.3638040091029674,22.222221339190483,253.89950561523438,cdip,2026-05-28 18:54:26+00:00
50,2026-06-01 03:00:00+00:00,1.3477262258529663,0.9437141758233063,9.871668200422233,272.38427734375,0.8482909957313963,6.25000013969839,281.69281005859375,0.39774649435433973,22.222221339190483,253.95420837402344,cdip,2026-05-28 18:54:26+00:00
50,2026-06-01 06:00:00+00:00,1.3840446472167969,0.9611243714665595,9.090909140169128,275.9181823730469,0.8741354183301409,6.25000013969839,281.2784423828125,0.42273952946986343,19.99999970197678,254.06663513183594,cdip,2026-05-28 18:54:26+00:00
50,2026-06-01 09:00:00+00:00,1.3495359420776367,0.9402536017413711,9.090909140169128,275.89813232421875,0.4465701388792867,19.99999970197678,254.06747436523438,0.8312526359552164,6.25000013969839,279.7452697753906,cdip,2026-05-28 18:54:26+00:00
50,2026-06-01 12:00:00+00:00,1.302229881286621,1.1976619359352374,9.090909140169128,275.8878173828125,0.46744858167028985,19.99999970197678,254.1287841796875,,,,cdip,2026-05-28 18:54:26+00:00
50,2026-06-01 15:00:00+00:00,1.2570013999938965,1.1425144848258142,9.871668200422233,272.3106384277344,0.4858972611356716,19.99999970197678,254.15673828125,,,,cdip,2026-05-28 18:54:26+00:00
50,2026-06-01 18:00:00+00:00,1.2166732549667358,0.5088009530872739,19.99999970197678,254.12513732910156,1.089210716506457,9.871668200422233,272.0370178222656,,,,cdip,2026-05-28 18:54:26+00:00
50,2026-06-01 21:00:00+00:00,1.184232473373413,0.5182985321463599,19.99999970197678,254.0810546875,1.0493547872781497,9.871668200422233,271.6320495605469,,,,cdip,2026-05-28 18:54:26+00:00
50,2026-06-02 00:00:00+00:00,1.1556094884872437,0.5243260320375623,18.181818280338256,254.0679168701172,1.015035212957053,9.090909140169128,275.20379638671875,,,,cdip,2026-05-28 18:54:26+00:00
50,2026-06-02 03:00:00+00:00,1.1288468837738037,0.5273768180616404,18.181818280338256,254.02035522460938,0.9845579803695632,9.090909140169128,274.95367431640625,,,,cdip,2026-05-28 18:54:26+00:00
50,2026-06-02 06:00:00+00:00,1.0954424142837524,0.5371766629118996,18.181818280338256,253.93328857421875,0.6567191287796794,9.090909140169128,274.56646728515625,0.6764101109556427,6.25000013969839,273.6548767089844,cdip,2026-05-28 18:54:26+00:00
50,2026-06-02 09:00:00+00:00,1.0631136894226074,0.5448681700640615,18.181818280338256,253.82577514648438,0.5616489639126144,9.090909140169128,274.02178955078125,0.7064858197956019,6.25000013969839,273.2159423828125,cdip,2026-05-28 18:54:26+00:00
50,2026-06-02 12:00:00+00:00,1.027969479560852,0.5542893021424468,18.181818280338256,253.69210815429688,0.5194712277925709,8.333333519597852,277.1881408691406,0.6810806209307826,6.25000013969839,272.6451721191406,cdip,2026-05-28 18:54:26+00:00
50,2026-06-02 15:00:00+00:00,1.0030012130737305,0.5612077397764991,18.181818280338256,253.57406616210938,0.49085594663435156,8.333333519597852,276.9127197265625,0.6605573922351512,6.25000013969839,272.51800537109375,cdip,2026-05-28 18:54:26+00:00
50,2026-06-02 18:00:00+00:00,0.993952751159668,0.5626165899174107,16.666667039195705,253.5386505126953,0.4691424346352137,8.333333519597852,276.8810729980469,0.6625982016081171,6.25000013969839,272.900390625,cdip,2026-05-28 18:54:26+00:00
50,2026-06-02 21:00:00+00:00,0.9863256812095642,0.5654622004357086,16.666667039195705,253.48452758789062,0.44803073774176644,8.333333519597852,276.8218994140625,0.6643791621787464,6.25000013969839,273.4070739746094,cdip,2026-05-28 18:54:26+00:00
50,2026-06-03 00:00:00+00:00,0.9535393714904785,0.5611071814277496,16.666667039195705,253.4317626953125,0.7645645826406935,8.333333519597852,276.8350524902344,,,,cdip,2026-05-28 18:54:26+00:00
50,2026-06-03 03:00:00+00:00,0.9466329216957092,0.5489696115831035,16.666667039195705,253.64791870117188,0.7652455509931392,8.333333519597852,276.7184143066406,,,,cdip,2026-05-28 18:54:26+00:00
50,2026-06-03 06:00:00+00:00,1.0851212739944458,0.5790423126530942,16.666667039195705,253.17227172851562,0.9139531729395581,6.25000013969839,279.8193359375,,,,cdip,2026-05-28 18:54:26+00:00
50,2026-06-03 09:00:00+00:00,0.9893290400505066,0.5507838988071354,16.666667039195705,253.46011352539062,0.8176488144424591,6.25000013969839,279.7641296386719,,,,cdip,2026-05-28 18:54:26+00:00
50,2026-06-03 12:00:00+00:00,1.0603399276733398,0.5915570906393289,16.666667039195705,252.81971740722656,0.8765265799007531,6.25000013969839,282.7486877441406,,,,cdip,2026-05-28 18:54:26+00:00
50,2026-06-03 15:00:00+00:00,0.9995531439781189,0.5616204260946679,15.384615948919734,251.23574829101562,0.8231098610585397,6.666666401757145,283.8954162597656,,,,cdip,2026-05-28 18:54:26+00:00
50,2026-06-03 18:00:00+00:00,1.070154070854187,0.5991542110601416,15.384615948919734,250.88832092285156,0.437637315003103,7.692307974459867,281.8952331542969,0.6803890969993717,4.347826008084592,277.47357177734375,cdip,2026-05-28 18:54:26+00:00
50,2026-06-03 21:00:00+00:00,1.0616196393966675,0.5804045325589997,15.384615948919734,250.84970092773438,0.8846014422592712,7.14285711244661,283.90411376953125,,,,cdip,2026-05-28 18:54:26+00:00
51,2026-05-28 09:00:00+00:00,1.9472541809082031,1.8589174434927345,11.111110669595242,253.6246337890625,0.48374283592454076,22.222221339190483,235.3976593017578,,,,cdip,2026-05-28 18:54:26+00:00
51,2026-05-28 12:00:00+00:00,1.8782498836517334,1.7276576100156305,10.526315921561542,257.35272216796875,0.6675417689852795,19.99999970197678,234.65841674804688,,,,cdip,2026-05-28 18:54:26+00:00
51,2026-05-28 15:00:00+00:00,1.842108964920044,0.8626487062978045,19.99999970197678,236.12045288085938,1.5987306115186097,9.871668200422233,260.0128479003906,,,,cdip,2026-05-28 18:54:26+00:00
51,2026-05-28 18:00:00+00:00,1.8547561168670654,1.0162398018037881,19.99999970197678,236.81512451171875,1.522416932043231,9.871668200422233,259.9151611328125,,,,cdip,2026-05-28 18:54:26+00:00
51,2026-05-28 21:00:00+00:00,1.8965768814086914,1.1981560661375672,19.99999970197678,237.12705993652344,1.440049951251673,9.871668200422233,259.84710693359375,,,,cdip,2026-05-28 18:54:26+00:00
51,2026-05-29 00:00:00+00:00,1.9300333261489868,1.2927580723740553,18.181818280338256,238.00775146484375,1.4043331022192305,9.871668200422233,259.6256103515625,,,,cdip,2026-05-28 18:54:26+00:00
51,2026-05-29 03:00:00+00:00,1.9512220621109009,1.3954488155849154,18.181818280338256,239.52145385742188,1.3366003365018693,9.871668200422233,259.3550109863281,,,,cdip,2026-05-28 18:54:26+00:00
51,2026-05-29 06:00:00+00:00,1.9724706411361694,1.49524225002204,18.181818280338256,240.60719299316406,1.2592469078962352,9.871668200422233,259.2845764160156,,,,cdip,2026-05-28 18:54:26+00:00
51,2026-05-29 09:00:00+00:00,1.9498010873794556,1.516408024884639,16.666667039195705,242.30538940429688,1.2003242269798235,9.871668200422233,258.665283203125,,,,cdip,2026-05-28 18:54:26+00:00
51,2026-05-29 12:00:00+00:00,1.9124743938446045,1.5458371410218281,16.666667039195705,242.158935546875,1.102620964370196,9.871668200422233,257.68902587890625,,,,cdip,2026-05-28 18:54:26+00:00
51,2026-05-29 15:00:00+00:00,1.8920634984970093,1.5826227345134605,16.666667039195705,241.9482421875,1.015814062090866,9.871668200422233,256.6495361328125,,,,cdip,2026-05-28 18:54:26+00:00
51,2026-05-29 18:00:00+00:00,1.8703908920288086,1.5935911983024844,16.666667039195705,241.83677673339844,0.8376465688742648,9.871668200422233,255.46353149414062,,,,cdip,2026-05-28 18:54:26+00:00
51,2026-05-29 21:00:00+00:00,1.8449385166168213,1.5933761315938775,15.384615948919734,245.04879760742188,0.4095127598279014,9.871668200422233,254.35862731933594,0.6786046582995887,8.333333519597852,276.38580322265625,cdip,2026-05-28 18:54:26+00:00
51,2026-05-30 00:00:00+00:00,1.7971078157424927,1.5578519648713096,15.384615948919734,244.93576049804688,0.6523938188354763,8.333333519597852,276.5341796875,0.3989765923963974,9.871668200422233,253.19802856445312,cdip,2026-05-28 18:54:26+00:00
51,2026-05-30 03:00:00+00:00,1.7336523532867432,1.5052240137762378,15.384615948919734,244.49473571777344,0.7786394970082129,8.333333519597852,276.36505126953125,0.3311833831990531,9.871668200422233,252.0865478515625,cdip,2026-05-28 18:54:26+00:00
51,2026-05-30 06:00:00+00:00,1.663277268409729,1.4226919276426417,14.28571422489322,247.2632293701172,0.32938864324098494,9.871668200422233,251.63113403320312,0.7820658232880777,8.333333519597852,275.8831481933594,cdip,2026-05-28 18:54:26+00:00
51,2026-05-30 09:00:00+00:00,1.6231456995010376,1.380203141384136,14.28571422489322,246.56600952148438,0.7492053918771389,7.692307974459867,278.80682373046875,0.38245850612633914,4.761904910578484,282.7686462402344,cdip,2026-05-28 18:54:26+00:00
51,2026-05-30 12:00:00+00:00,1.6292850971221924,0.1313967347186995,14.28571422489322,245.68186950683594,1.2964508091086142,7.692307974459867,278.4307556152344,,,,cdip,2026-05-28 18:54:26+00:00
51,2026-05-30 15:00:00+00:00,1.676364541053772,0.1482550038764527,13.33333280351429,248.07200622558594,0.3876987524384446,7.692307974459867,277.8313903808594,1.1636232829184736,9.871668200422233,255.5999755859375,cdip,2026-05-28 18:54:26+00:00
51,2026-05-30 18:00:00+00:00,1.78023099899292,0.23088545224354204,13.33333280351429,247.37631225585938,1.0430147807361148,8.333333519597852,276.8096923828125,1.3148864624125998,4.761904910578484,284.7783508300781,cdip,2026-05-28 18:54:26+00:00
51,2026-05-30 21:00:00+00:00,1.8202086687088013,0.2555225718086986,13.33333280351429,246.17388916015625,0.9793103078690057,8.333333519597852,277.2234191894531,1.3738719501506629,4.761904910578484,285.63482666015625,cdip,2026-05-28 18:54:26+00:00
51,2026-05-31 00:00:00+00:00,1.827209711074829,0.9262273454083579,8.333333519597852,277.76190185546875,0.2798222022970083,13.33333280351429,244.4281005859375,1.4036017728294068,4.761904910578484,285.17498779296875,cdip,2026-05-28 18:54:26+00:00
51,2026-05-31 03:00:00+00:00,1.8743711709976196,0.858225960269264,8.333333519597852,277.4425048828125,0.3594782307842095,12.50000027939678,249.13975524902344,1.4950837493486107,4.761904910578484,284.0067138671875,cdip,2026-05-28 18:54:26+00:00
51,2026-05-31 06:00:00+00:00,1.906540870666504,0.7208951627025982,9.090909140169128,272.82391357421875,0.3915633185302752,12.50000027939678,248.49679565429688,1.587811401192627,4.761904910578484,283.0397033691406,cdip,2026-05-28 18:54:26+00:00
51,2026-05-31 09:00:00+00:00,1.9100099802017212,1.7382585641902224,9.090909140169128,272.3454895019531,0.4308166320156573,22.222221339190483,206.4134521484375,,,,cdip,2026-05-28 18:54:26+00:00
51,2026-05-31 12:00:00+00:00,1.919787049293518,1.8270450279377288,9.090909140169128,272.3568420410156,0.4773123813567564,22.222221339190483,206.1149139404297,,,,cdip,2026-05-28 18:54:26+00:00
51,2026-05-31 15:00:00+00:00,1.9621614217758179,1.8428089151570755,9.090909140169128,272.62158203125,0.570933836349442,22.222221339190483,205.85462951660156,,,,cdip,2026-05-28 18:54:26+00:00
51,2026-05-31 18:00:00+00:00,2.018918752670288,1.8859463689330058,9.871668200422233,261.8729553222656,0.6179476746438844,22.222221339190483,205.73487854003906,,,,cdip,2026-05-28 18:54:26+00:00
51,2026-05-31 21:00:00+00:00,2.020388126373291,1.8682285752351788,9.871668200422233,261.8293151855469,0.6740996214646433,22.222221339190483,205.68832397460938,,,,cdip,2026-05-28 18:54:26+00:00
51,2026-06-01 00:00:00+00:00,1.9571632146835327,1.770564471315049,9.871668200422233,261.63006591796875,0.7547617860922889,22.222221339190483,205.60122680664062,,,,cdip,2026-05-28 18:54:26+00:00
51,2026-06-01 03:00:00+00:00,1.951709508895874,1.7488669166199204,9.871668200422233,261.39404296875,0.7938325949746609,22.222221339190483,205.4725799560547,,,,cdip,2026-05-28 18:54:26+00:00
51,2026-06-01 06:00:00+00:00,1.971917986869812,1.7555510597133293,9.871668200422233,261.35205078125,0.8281981440396955,19.99999970197678,205.90151977539062,,,,cdip,2026-05-28 18:54:26+00:00
51,2026-06-01 09:00:00+00:00,1.9474570751190186,0.8871001293081869,19.99999970197678,205.74888610839844,1.6999352818855422,9.871668200422233,261.3035583496094,,,,cdip,2026-05-28 18:54:26+00:00
51,2026-06-01 12:00:00+00:00,1.9050195217132568,0.9141478783926349,19.99999970197678,205.6173858642578,1.6384094310017232,9.871668200422233,261.4803466796875,,,,cdip,2026-05-28 18:54:26+00:00
51,2026-06-01 15:00:00+00:00,1.8706218004226685,0.9571691764001781,19.99999970197678,205.52935791015625,1.5741840221464904,9.871668200422233,261.83453369140625,,,,cdip,2026-05-28 18:54:26+00:00
51,2026-06-01 18:00:00+00:00,1.8243358135223389,0.9643166720155248,19.99999970197678,205.51217651367188,1.5162831099233385,9.871668200422233,261.7940368652344,,,,cdip,2026-05-28 18:54:26+00:00
51,2026-06-01 21:00:00+00:00,1.770713210105896,0.9596529298665476,19.99999970197678,205.5458221435547,1.4572124253504888,9.871668200422233,261.285888671875,,,,cdip,2026-05-28 18:54:26+00:00
51,2026-06-02 00:00:00+00:00,1.7132456302642822,0.9489083528267676,19.99999970197678,205.5970001220703,1.3972770688583043,9.871668200422233,260.8011474609375,,,,cdip,2026-05-28 18:54:26+00:00
51,2026-06-02 03:00:00+00:00,1.66231107711792,0.9362889693455624,18.181818280338256,205.92108154296875,1.346344347274827,9.871668200422233,260.569091796875,,,,cdip,2026-05-28 18:54:26+00:00
51,2026-06-02 06:00:00+00:00,1.6177972555160522,0.94400986857782,18.181818280338256,205.85540771484375,1.288822429872398,9.871668200422233,260.46368408203125,,,,cdip,2026-05-28 18:54:26+00:00
51,2026-06-02 09:00:00+00:00,1.5698471069335938,0.9359668120704249,18.181818280338256,205.7881622314453,1.2378944001782752,9.871668200422233,260.380859375,,,,cdip,2026-05-28 18:54:26+00:00
51,2026-06-02 12:00:00+00:00,1.5203266143798828,0.9257251223518764,18.181818280338256,205.68699645996094,1.1858395540428233,9.871668200422233,260.2267761230469,,,,cdip,2026-05-28 18:54:26+00:00
51,2026-06-02 15:00:00+00:00,1.4747776985168457,0.9155372924264146,18.181818280338256,205.59530639648438,1.1378602788292014,8.333333519597852,277.66485595703125,,,,cdip,2026-05-28 18:54:26+00:00
51,2026-06-02 18:00:00+00:00,1.443482756614685,0.9188564903190579,18.181818280338256,205.51089477539062,1.0965671218278399,8.333333519597852,277.62261962890625,,,,cdip,2026-05-28 18:54:26+00:00
51,2026-06-02 21:00:00+00:00,1.415205717086792,0.9184788798157495,18.181818280338256,205.4688720703125,1.0615863939301997,8.333333519597852,277.4156799316406,,,,cdip,2026-05-28 18:54:26+00:00
51,2026-06-03 00:00:00+00:00,1.37631094455719,0.900624060832162,16.666667039195705,205.6888427734375,1.0272222390856158,8.333333519597852,277.3363037109375,,,,cdip,2026-05-28 18:54:26+00:00
51,2026-06-03 03:00:00+00:00,1.3638631105422974,0.8830618147610124,16.666667039195705,205.33363342285156,0.8160906927897629,8.333333519597852,278.1632080078125,,,,cdip,2026-05-28 18:54:26+00:00
51,2026-06-03 06:00:00+00:00,1.4088048934936523,0.8583052631278084,16.666667039195705,205.6700439453125,1.1082601040797009,7.692307974459867,277.7451171875,,,,cdip,2026-05-28 18:54:26+00:00
51,2026-06-03 09:00:00+00:00,1.3145657777786255,0.8436955372575684,16.666667039195705,205.05810546875,0.9992352211767543,7.692307974459867,279.124267578125,,,,cdip,2026-05-28 18:54:26+00:00
51,2026-06-03 12:00:00+00:00,1.3285067081451416,0.841228019633028,16.666667039195705,205.51031494140625,0.8940695806070917,7.692307974459867,278.04913330078125,0.4934791634716879,4.999999925494195,277.6421203613281,cdip,2026-05-28 18:54:26+00:00
51,2026-06-03 15:00:00+00:00,1.3055411577224731,0.8323760817993783,16.666667039195705,205.05162048339844,0.9981748191919116,7.692307974459867,278.4690856933594,,,,cdip,2026-05-28 18:54:26+00:00
51,2026-06-03 18:00:00+00:00,1.3339436054229736,0.8330332124958647,15.384615948919734,205.84304809570312,0.9168217493493456,7.692307974459867,278.396240234375,0.4793282226564639,4.761904910578484,279.15069580078125,cdip,2026-05-28 18:54:26+00:00
51,2026-06-03 21:00:00+00:00,1.3848435878753662,0.8266694845179118,15.384615948919734,205.39564514160156,1.024455198311175,7.692307974459867,278.4929504394531,,,,cdip,2026-05-28 18:54:26+00:00
53,2026-05-28 09:00:00+00:00,1.8631393909454346,1.7697668423987571,10.526315921561542,283.9171142578125,0.4918289638440268,19.99999970197678,273.2491455078125,,,,cdip,2026-05-28 18:54:26+00:00
53,2026-05-28 12:00:00+00:00,1.804411768913269,1.659737022985708,10.526315921561542,283.7673645019531,0.6419943401252999,19.99999970197678,275.4782409667969,,,,cdip,2026-05-28 18:54:26+00:00
53,2026-05-28 15:00:00+00:00,1.7516041994094849,0.7859163661602862,19.99999970197678,275.802490234375,1.5387516524732487,9.871668200422233,286.34033203125,,,,cdip,2026-05-28 18:54:26+00:00
53,2026-05-28 18:00:00+00:00,1.742828607559204,0.9332775813595349,19.99999970197678,276.0869140625,1.4445848005538993,9.871668200422233,286.7909240722656,,,,cdip,2026-05-28 18:54:26+00:00
53,2026-05-28 21:00:00+00:00,1.7782188653945923,1.0195674031157915,19.99999970197678,275.727783203125,1.4291483026472516,9.871668200422233,287.47393798828125,,,,cdip,2026-05-28 18:54:26+00:00
53,2026-05-29 00:00:00+00:00,1.8115142583847046,1.1079126015876155,18.181818280338256,276.89776611328125,1.4061717700391274,9.871668200422233,287.6683654785156,,,,cdip,2026-05-28 18:54:26+00:00
53,2026-05-29 03:00:00+00:00,1.7901256084442139,1.154813199176588,18.181818280338256,276.44537353515625,1.3431053410327733,9.871668200422233,287.1424560546875,,,,cdip,2026-05-28 18:54:26+00:00
53,2026-05-29 06:00:00+00:00,1.7397733926773071,1.210341562636394,18.181818280338256,275.20367431640625,1.2271556118784723,9.871668200422233,286.06817626953125,,,,cdip,2026-05-28 18:54:26+00:00
53,2026-05-29 09:00:00+00:00,1.7087936401367188,1.2620203468569773,16.666667039195705,277.21875,1.131651082383948,9.871668200422233,284.798095703125,,,,cdip,2026-05-28 18:54:26+00:00
53,2026-05-29 12:00:00+00:00,1.7218204736709595,1.3546290853602743,16.666667039195705,277.55078125,1.0431588670243739,9.871668200422233,284.4008483886719,,,,cdip,2026-05-28 18:54:26+00:00
53,2026-05-29 15:00:00+00:00,1.7449870109558105,1.4310039023872358,16.666667039195705,277.83441162109375,0.9792751355111022,9.090909140169128,289.0072326660156,,,,cdip,2026-05-28 18:54:26+00:00
53,2026-05-29 18:00:00+00:00,1.755505919456482,1.4689373091269302,15.384615948919734,279.9818420410156,0.9438168855674731,9.090909140169128,289.93304443359375,,,,cdip,2026-05-28 18:54:26+00:00
53,2026-05-29 21:00:00+00:00,1.747482180595398,1.4875600258126989,15.384615948919734,279.90228271484375,0.9018114953920153,9.090909140169128,290.3089599609375,,,,cdip,2026-05-28 18:54:26+00:00
53,2026-05-30 00:00:00+00:00,1.7246710062026978,1.5013213293757277,15.384615948919734,279.3374938964844,0.8348514273142518,9.090909140169128,290.0208435058594,,,,cdip,2026-05-28 18:54:26+00:00
53,2026-05-30 03:00:00+00:00,1.6779670715332031,1.4683864021706137,15.384615948919734,278.4192810058594,0.7990442021072222,9.090909140169128,289.12115478515625,,,,cdip,2026-05-28 18:54:26+00:00
53,2026-05-30 06:00:00+00:00,1.6669197082519531,1.4390179019487974,14.28571422489322,279.8339538574219,0.6175567331294805,9.090909140169128,288.1446533203125,,,,cdip,2026-05-28 18:54:26+00:00
53,2026-05-30 09:00:00+00:00,1.729171633720398,0.11462212216686458,14.28571422489322,279.3941650390625,1.4259478700293344,9.090909140169128,287.55010986328125,0.5678700638136048,5.882352879303138,288.55926513671875,cdip,2026-05-28 18:54:26+00:00
53,2026-05-30 12:00:00+00:00,1.7524545192718506,0.12894932431807218,13.33333280351429,280.4964599609375,1.3987208747255087,6.25000013969839,289.2954406738281,,,,cdip,2026-05-28 18:54:26+00:00
53,2026-05-30 15:00:00+00:00,1.7949528694152832,0.1461503671392403,13.33333280351429,280.18646240234375,1.311229257404782,7.14285711244661,289.8619689941406,,,,cdip,2026-05-28 18:54:26+00:00
53,2026-05-30 18:00:00+00:00,1.8675129413604736,0.22644068879886414,13.33333280351429,279.8846130371094,1.198256082151106,7.692307974459867,290.4298400878906,,,,cdip,2026-05-28 18:54:26+00:00
53,2026-05-30 21:00:00+00:00,1.8922852277755737,0.2527374361728373,13.33333280351429,279.1434326171875,1.1263831736933556,8.333333519597852,290.31634521484375,,,,cdip,2026-05-28 18:54:26+00:00
53,2026-05-31 00:00:00+00:00,1.9022798538208008,0.2783077839491,13.33333280351429,277.9096984863281,1.016592270316715,8.333333519597852,290.9758605957031,,,,cdip,2026-05-28 18:54:26+00:00
53,2026-05-31 03:00:00+00:00,1.9536713361740112,0.3523647744023598,12.50000027939678,279.63775634765625,0.9487378556478827,8.333333519597852,290.93426513671875,,,,cdip,2026-05-28 18:54:26+00:00
53,2026-05-31 06:00:00+00:00,1.9934804439544678,0.9006769010677134,12.50000027939678,279.0752868652344,1.7090354170670068,9.090909140169128,288.0876770019531,0.3806244100916884,22.222221339190483,239.5766143798828,cdip,2026-05-28 18:54:26+00:00
53,2026-05-31 09:00:00+00:00,2.007680654525757,1.734357583542745,9.871668200422233,285.16192626953125,0.8617443832690147,11.764705758606276,279.36187744140625,0.4146702462856505,22.222221339190483,239.22952270507812,cdip,2026-05-28 18:54:26+00:00
53,2026-05-31 12:00:00+00:00,2.003981113433838,1.9224176396752581,9.871668200422233,285.5176086425781,0.4548852823009408,22.222221339190483,238.8872528076172,,,,cdip,2026-05-28 18:54:26+00:00
53,2026-05-31 15:00:00+00:00,2.0164661407470703,1.9235872059734707,9.871668200422233,285.8861083984375,0.4991895320861003,22.222221339190483,238.63970947265625,,,,cdip,2026-05-28 18:54:26+00:00
53,2026-05-31 18:00:00+00:00,2.0541415214538574,1.9390776483004002,9.871668200422233,286.21221923828125,0.5785111542399539,22.222221339190483,238.54754638671875,,,,cdip,2026-05-28 18:54:26+00:00
53,2026-05-31 21:00:00+00:00,2.0525760650634766,1.9186586306605793,9.871668200422233,286.5229187011719,0.6368862148351307,22.222221339190483,238.50408935546875,,,,cdip,2026-05-28 18:54:26+00:00
53,2026-06-01 00:00:00+00:00,1.97162663936615,1.8090226847068869,9.871668200422233,286.6673889160156,0.705304476684313,22.222221339190483,238.52886962890625,,,,cdip,2026-05-28 18:54:26+00:00
53,2026-06-01 03:00:00+00:00,1.9472531080245972,1.7713994212951427,9.871668200422233,286.65423583984375,0.7365292519820642,19.99999970197678,238.7376708984375,,,,cdip,2026-05-28 18:54:26+00:00
53,2026-06-01 06:00:00+00:00,1.965511441230774,1.7795185648202845,9.871668200422233,286.5472717285156,0.7629835900319089,19.99999970197678,238.72354125976562,,,,cdip,2026-05-28 18:54:26+00:00
53,2026-06-01 09:00:00+00:00,1.9564528465270996,1.7600185146953042,9.871668200422233,286.50616455078125,0.7846144116110967,19.99999970197678,238.69500732421875,,,,cdip,2026-05-28 18:54:26+00:00
53,2026-06-01 12:00:00+00:00,1.923995018005371,0.8263800248348301,19.99999970197678,238.76348876953125,1.7069268958539054,9.871668200422233,286.6348876953125,,,,cdip,2026-05-28 18:54:26+00:00
53,2026-06-01 15:00:00+00:00,1.8453283309936523,0.8420097055473275,19.99999970197678,238.88470458984375,1.613397616006679,9.871668200422233,286.7431640625,,,,cdip,2026-05-28 18:54:26+00:00
53,2026-06-01 18:00:00+00:00,1.7646946907043457,0.8699428146010725,19.99999970197678,239.09341430664062,1.5075653706262284,9.871668200422233,286.7483825683594,,,,cdip,2026-05-28 18:54:26+00:00
53,2026-06-01 21:00:00+00:00,1.7081751823425293,0.8735526623152506,19.99999970197678,239.27810668945312,1.440002467923028,9.871668200422233,286.65869140625,,,,cdip,2026-05-28 18:54:26+00:00
53,2026-06-02 00:00:00+00:00,1.6670925617218018,0.8704055036593575,18.181818280338256,238.7362823486328,1.3939538315903806,9.871668200422233,286.5425720214844,,,,cdip,2026-05-28 18:54:26+00:00
53,2026-06-02 03:00:00+00:00,1.630052089691162,0.8639476704564217,18.181818280338256,238.89096069335938,1.3556979463819427,9.871668200422233,286.56561279296875,,,,cdip,2026-05-28 18:54:26+00:00
53,2026-06-02 06:00:00+00:00,1.5866349935531616,0.8566361533299188,18.181818280338256,238.99783325195312,1.3118001251187257,9.090909140169128,289.7483215332031,,,,cdip,2026-05-28 18:54:26+00:00
53,2026-06-02 09:00:00+00:00,1.5357221364974976,0.8502164683173432,18.181818280338256,239.14837646484375,1.258947938758137,9.090909140169128,289.89312744140625,,,,cdip,2026-05-28 18:54:26+00:00
53,2026-06-02 12:00:00+00:00,1.4707406759262085,0.8609572837334047,18.181818280338256,239.33316040039062,1.175249736039869,9.090909140169128,289.65618896484375,,,,cdip,2026-05-28 18:54:26+00:00
53,2026-06-02 15:00:00+00:00,1.4111522436141968,0.8579471256669036,18.181818280338256,239.5192108154297,1.1052861248177306,9.090909140169128,289.20733642578125,,,,cdip,2026-05-28 18:54:26+00:00
53,2026-06-02 18:00:00+00:00,1.371166706085205,0.8501828132935725,18.181818280338256,239.66912841796875,1.061981515564534,9.090909140169128,288.9256286621094,,,,cdip,2026-05-28 18:54:26+00:00
53,2026-06-02 21:00:00+00:00,1.3569103479385376,0.8395825090633035,16.666667039195705,238.72283935546875,1.0295279522167218,9.090909140169128,288.8414306640625,0.22151329080520046,11.764705758606276,260.63433837890625,cdip,2026-05-28 18:54:26+00:00
53,2026-06-03 00:00:00+00:00,1.3334157466888428,0.8234801463243722,16.666667039195705,238.88433837890625,1.0117957802025,8.333333519597852,290.8655090332031,0.22483057656841446,11.764705758606276,258.8851318359375,cdip,2026-05-28 18:54:26+00:00
53,2026-06-03 03:00:00+00:00,1.3406860828399658,0.8083793729131764,16.666667039195705,238.30560302734375,1.0341855815326857,8.333333519597852,291.32623291015625,0.22322410400118736,11.764705758606276,256.2572021484375,cdip,2026-05-28 18:54:26+00:00
53,2026-06-03 06:00:00+00:00,1.4690666198730469,0.7991016800941836,16.666667039195705,239.21060180664062,0.21748984050727915,6.666666401757145,286.4990234375,,,,cdip,2026-05-28 18:54:26+00:00
53,2026-06-03 09:00:00+00:00,1.4234577417373657,0.8090323753520767,16.666667039195705,238.53109741210938,1.1629602683051576,7.14285711244661,287.83447265625,,,,cdip,2026-05-28 18:54:26+00:00
53,2026-06-03 12:00:00+00:00,1.4818851947784424,0.8269583248286682,16.666667039195705,239.56155395507812,1.2241491383770147,7.14285711244661,288.3350524902344,,,,cdip,2026-05-28 18:54:26+00:00
53,2026-06-03 15:00:00+00:00,1.358352780342102,0.8023952268896709,16.666667039195705,238.97616577148438,1.0899149040867129,6.666666401757145,289.0338439941406,,,,cdip,2026-05-28 18:54:26+00:00
53,2026-06-03 18:00:00+00:00,1.5657095909118652,0.7114757711406142,7.14285711244661,290.5523681640625,0.4294426827482322,15.384615948919734,239.0017547607422,,,,cdip,2026-05-28 18:54:26+00:00
53,2026-06-03 21:00:00+00:00,1.3617446422576904,0.707349047184906,15.384615948919734,238.6290283203125,0.42503297306225074,19.99999970197678,241.48980712890625,1.0765631599590344,7.14285711244661,291.6394958496094,cdip,2026-05-28 18:54:26+00:00
54,2026-05-28 09:00:00+00:00,2.328895092010498,1.3271645874096234,13.33333280351429,272.3187255859375,1.8452512793515847,11.111110669595242,282.2195739746094,0.3574242122761334,22.222221339190483,248.88360595703125,cdip,2026-05-28 18:54:26+00:00
54,2026-05-28 12:00:00+00:00,2.1946914196014404,1.17838168503678,13.33333280351429,271.81304931640625,1.7544540593712612,11.111110669595242,281.8759765625,0.4803651333551761,19.99999970197678,248.11788940429688,cdip,2026-05-28 18:54:26+00:00
54,2026-05-28 15:00:00+00:00,2.0449345111846924,1.0014864929924348,11.111110669595242,281.4325256347656,0.5744559096703751,19.99999970197678,250.309814453125,,,,cdip,2026-05-28 18:54:26+00:00
54,2026-05-28 18:00:00+00:00,1.9526920318603516,1.5846757738030857,10.526315921561542,284.8328552246094,0.8258624884092303,12.50000027939678,274.94219970703125,0.7152461615569944,19.99999970197678,251.81011962890625,cdip,2026-05-28 18:54:26+00:00
54,2026-05-28 21:00:00+00:00,1.940940260887146,1.571913645422838,10.526315921561542,285.3171691894531,0.8046812189190358,19.99999970197678,252.36285400390625,0.7339956440042759,12.50000027939678,274.7893981933594,cdip,2026-05-28 18:54:26+00:00
54,2026-05-29 00:00:00+00:00,1.9480977058410645,0.941488291105749,18.181818280338256,256.5920715332031,1.6739394513680237,9.871668200422233,288.00091552734375,,,,cdip,2026-05-28 18:54:26+00:00
54,2026-05-29 03:00:00+00:00,1.9654091596603394,1.1737610068626532,18.181818280338256,260.65289306640625,1.5464761369085425,9.871668200422233,287.550537109375,,,,cdip,2026-05-28 18:54:26+00:00
54,2026-05-29 06:00:00+00:00,2.1185693740844727,0.908349232303693,18.181818280338256,263.8343505859375,1.2868561850214957,15.384615948919734,269.5674133300781,1.3893102286586791,9.871668200422233,286.3173522949219,cdip,2026-05-28 18:54:26+00:00
54,2026-05-29 09:00:00+00:00,2.3022077083587646,1.9210897819699901,15.384615948919734,270.6561279296875,1.2438458111355402,9.871668200422233,284.5934753417969,,,,cdip,2026-05-28 18:54:26+00:00
54,2026-05-29 12:00:00+00:00,2.421464204788208,2.1069682351598553,15.384615948919734,270.8139343261719,1.1698401291998692,9.871668200422233,284.23834228515625,,,,cdip,2026-05-28 18:54:26+00:00
54,2026-05-29 15:00:00+00:00,2.483494520187378,2.2190672226248394,15.384615948919734,270.7008056640625,1.0913739255256616,9.871668200422233,284.812255859375,,,,cdip,2026-05-28 18:54:26+00:00
54,2026-05-29 18:00:00+00:00,2.5586507320404053,2.321960877987354,14.28571422489322,271.64739990234375,1.0529536282565435,9.090909140169128,289.5966491699219,,,,cdip,2026-05-28 18:54:26+00:00
54,2026-05-29 21:00:00+00:00,2.6956892013549805,2.4931983494334093,14.28571422489322,272.27130126953125,1.0058635896761101,9.090909140169128,289.79339599609375,,,,cdip,2026-05-28 18:54:26+00:00
54,2026-05-30 00:00:00+00:00,2.8012454509735107,2.6379651401580713,14.28571422489322,272.6947021484375,0.924611250134538,9.090909140169128,289.3910827636719,,,,cdip,2026-05-28 18:54:26+00:00
54,2026-05-30 03:00:00+00:00,2.7815213203430176,2.62746037102593,14.28571422489322,272.7718505859375,,,,,,,cdip,2026-05-28 18:54:26+00:00
54,2026-05-30 06:00:00+00:00,2.7031936645507812,2.6506287682830743,14.28571422489322,272.57196044921875,,,,,,,cdip,2026-05-28 18:54:26+00:00
54,2026-05-30 09:00:00+00:00,2.638392686843872,0.13317068969179371,14.28571422489322,272.1104431152344,2.5043500720425214,5.882352879303138,288.74859619140625,,,,cdip,2026-05-28 18:54:26+00:00
54,2026-05-30 12:00:00+00:00,2.5428240299224854,0.1521029341871603,14.28571422489322,271.39581298828125,2.28107743353567,6.25000013969839,289.09027099609375,,,,cdip,2026-05-28 18:54:26+00:00
54,2026-05-30 15:00:00+00:00,2.480985164642334,0.17092781904238427,13.33333280351429,273.1769104003906,2.1266226853347305,7.14285711244661,288.3280334472656,,,,cdip,2026-05-28 18:54:26+00:00
54,2026-05-30 18:00:00+00:00,2.459301233291626,0.25372468618916105,13.33333280351429,273.101806640625,1.9402682640882378,7.692307974459867,288.47576904296875,,,,cdip,2026-05-28 18:54:26+00:00
54,2026-05-30 21:00:00+00:00,2.4069700241088867,0.2837177074012797,13.33333280351429,272.8362121582031,1.748642133344719,8.333333519597852,288.5047912597656,,,,cdip,2026-05-28 18:54:26+00:00
54,2026-05-31 00:00:00+00:00,2.352956771850586,0.36729389536288354,13.33333280351429,272.0571594238281,1.603879076020961,8.333333519597852,289.249755859375,,,,cdip,2026-05-28 18:54:26+00:00
54,2026-05-31 03:00:00+00:00,2.363267660140991,0.40208908002416477,13.33333280351429,271.0269775390625,1.5080981107607758,9.871668200422233,283.89324951171875,,,,cdip,2026-05-28 18:54:26+00:00
54,2026-05-31 06:00:00+00:00,2.389883279800415,2.3219959489053825,12.50000027939678,275.27362060546875,0.4381626126677815,22.222221339190483,229.61134338378906,,,,cdip,2026-05-28 18:54:26+00:00
54,2026-05-31 09:00:00+00:00,2.402986764907837,2.3169739921618775,12.50000027939678,274.7791748046875,0.5119798445543502,22.222221339190483,229.48866271972656,,,,cdip,2026-05-28 18:54:26+00:00
54,2026-05-31 12:00:00+00:00,2.401151180267334,1.3780352080972775,12.50000027939678,274.85614013671875,0.5524599519623858,22.222221339190483,229.3773956298828,,,,cdip,2026-05-28 18:54:26+00:00
54,2026-05-31 15:00:00+00:00,2.418252468109131,2.309182832566205,12.50000027939678,275.47467041015625,0.5990674772886602,22.222221339190483,229.28958129882812,,,,cdip,2026-05-28 18:54:26+00:00
54,2026-05-31 18:00:00+00:00,2.4666502475738525,2.3442809997492966,12.50000027939678,276.00238037109375,0.6484645671250916,22.222221339190483,229.26406860351562,,,,cdip,2026-05-28 18:54:26+00:00
54,2026-05-31 21:00:00+00:00,2.4724884033203125,2.329760569783181,12.50000027939678,276.3205871582031,0.716933198485441,22.222221339190483,229.2259063720703,,,,cdip,2026-05-28 18:54:26+00:00
54,2026-06-01 00:00:00+00:00,2.36356258392334,2.2006971783300187,12.50000027939678,276.3857727050781,0.764270518563119,22.222221339190483,229.15664672851562,,,,cdip,2026-05-28 18:54:26+00:00
54,2026-06-01 03:00:00+00:00,2.3067541122436523,1.9384569556256017,10.526315921561542,283.1796875,0.8795414409531594,12.50000027939678,276.2723693847656,0.8000786792912261,19.99999970197678,229.07907104492188,cdip,2026-05-28 18:54:26+00:00
54,2026-06-01 06:00:00+00:00,2.303551435470581,2.1036015061793187,10.526315921561542,283.0439147949219,0.8529104492240108,19.99999970197678,229.03768920898438,,,,cdip,2026-05-28 18:54:26+00:00
54,2026-06-01 09:00:00+00:00,2.2776622772216797,2.0664214077773977,9.871668200422233,284.7250061035156,0.8732767997098656,19.99999970197678,228.98806762695312,,,,cdip,2026-05-28 18:54:26+00:00
54,2026-06-01 12:00:00+00:00,2.222963333129883,0.8893034378066972,19.99999970197678,228.96536254882812,0.8446314454963967,9.871668200422233,284.9931640625,,,,cdip,2026-05-28 18:54:26+00:00
54,2026-06-01 15:00:00+00:00,2.1191565990448,0.9019747429557989,19.99999970197678,228.98580932617188,1.884410388853043,9.871668200422233,285.313720703125,,,,cdip,2026-05-28 18:54:26+00:00
54,2026-06-01 18:00:00+00:00,2.017595052719116,0.9322918169547161,19.99999970197678,229.0075225830078,1.7572245011757988,9.871668200422233,285.49139404296875,,,,cdip,2026-05-28 18:54:26+00:00
54,2026-06-01 21:00:00+00:00,1.9468340873718262,0.940573285232136,19.99999970197678,229.02349853515625,1.6723296653543294,9.871668200422233,285.5588073730469,,,,cdip,2026-05-28 18:54:26+00:00
54,2026-06-02 00:00:00+00:00,1.8921278715133667,0.9378952564060009,18.181818280338256,228.57798767089844,1.6109385990607124,9.871668200422233,285.62188720703125,,,,cdip,2026-05-28 18:54:26+00:00
54,2026-06-02 03:00:00+00:00,1.8415708541870117,0.9254333782102323,18.181818280338256,228.63414001464844,1.5610557181322933,9.871668200422233,285.90936279296875,,,,cdip,2026-05-28 18:54:26+00:00
54,2026-06-02 06:00:00+00:00,1.7818052768707275,0.9267828674667915,18.181818280338256,228.716552734375,1.4934959597868576,9.871668200422233,286.4061279296875,,,,cdip,2026-05-28 18:54:26+00:00
54,2026-06-02 09:00:00+00:00,1.7115081548690796,0.91259217247864,18.181818280338256,228.816650390625,1.4237915729022388,9.871668200422233,286.8091125488281,,,,cdip,2026-05-28 18:54:26+00:00
54,2026-06-02 12:00:00+00:00,1.6269569396972656,0.8998430835918801,18.181818280338256,228.94039916992188,1.334874003104459,9.871668200422233,286.65289306640625,,,,cdip,2026-05-28 18:54:26+00:00
54,2026-06-02 15:00:00+00:00,1.5516084432601929,0.8929586903480203,18.181818280338256,229.0714874267578,1.2508806099523802,9.871668200422233,285.96466064453125,,,,cdip,2026-05-28 18:54:26+00:00
54,2026-06-02 18:00:00+00:00,1.5058776140213013,0.8879472356187227,16.666667039195705,228.57720947265625,1.1998435483461138,9.090909140169128,288.48248291015625,,,,cdip,2026-05-28 18:54:26+00:00
54,2026-06-02 21:00:00+00:00,1.4909043312072754,0.9045964088930629,16.666667039195705,228.639404296875,1.1354912548727352,9.090909140169128,288.44268798828125,0.2798353752616858,11.764705758606276,261.4867858886719,cdip,2026-05-28 18:54:26+00:00
54,2026-06-03 00:00:00+00:00,1.4666965007781982,0.8902803808345486,16.666667039195705,228.7284698486328,1.1180227456892013,8.333333519597852,290.27667236328125,0.2716619884833165,11.764705758606276,258.69573974609375,cdip,2026-05-28 18:54:26+00:00
54,2026-06-03 03:00:00+00:00,1.5056482553482056,0.9231963315937993,16.666667039195705,228.58116149902344,1.1462312610669048,8.333333519597852,290.870361328125,0.2600484613270375,11.764705758606276,254.32669067382812,cdip,2026-05-28 18:54:26+00:00
54,2026-06-03 06:00:00+00:00,1.6057724952697754,0.8415249110824602,16.666667039195705,229.04852294921875,1.3360843180407274,6.666666401757145,288.590576171875,0.24438883942858503,11.764705758606276,249.55636596679688,cdip,2026-05-28 18:54:26+00:00
54,2026-06-03 09:00:00+00:00,1.5613142251968384,0.8762003231149701,15.384615948919734,227.27255249023438,1.2823412779243526,7.14285711244661,286.36663818359375,,,,cdip,2026-05-28 18:54:26+00:00
54,2026-06-03 12:00:00+00:00,1.5967991352081299,0.8484485709362026,15.384615948919734,227.723388671875,1.346103408671446,7.14285711244661,286.800537109375,,,,cdip,2026-05-28 18:54:26+00:00
54,2026-06-03 15:00:00+00:00,1.4659487009048462,0.8759398309157432,15.384615948919734,227.3970184326172,1.1679002213866914,7.14285711244661,288.3692321777344,,,,cdip,2026-05-28 18:54:26+00:00
54,2026-06-03 18:00:00+00:00,1.6824127435684204,1.4509833862939108,7.14285711244661,289.0781555175781,0.7252193631356033,15.384615948919734,227.9513702392578,0.4250197907355823,19.99999970197678,230.2174835205078,cdip,2026-05-28 18:54:26+00:00
54,2026-06-03 21:00:00+00:00,1.4602289199829102,0.7519477559182843,15.384615948919734,227.7073211669922,0.44318617155725687,19.99999970197678,229.76182556152344,1.1624983729522866,7.14285711244661,290.2562255859375,cdip,2026-05-28 18:54:26+00:00
