Date,Time,Region,Spot,Wave_Height_ft,Surfline_Wave_Height_ft,Wind_Direction,Wind_Strength_mph,Observation_Type,Entered_By,Notes
1/28/2024,8:00:00 AM,Northern California,Moss Landing,8-10,,,,Surfing,Garrett,Dunes (North of Jetty)
5/5/2024,7:00:00 AM,Northern California,Blacks,3-4,2-3,,,Surfing,Garrett,
5/8/2024,7:00:00 AM,Northern California,Blacks,3-4,2-3,,,Surfing,Garrett,
5/9/2024,6:00:00 PM,Northern California,Pleasure Point Jacks,1-2,1-2,,,Surfing,Garrett,
6/3/2024,7:00:00 AM,Northern California,Waddell Creek Reef,4-5,2-3,,,Surfing,Garrett,
6/5/2024,7:00:00 AM,Northern California,Natural Bridges,2-4,4-6,,,Surfing,Garrett,
6/5/2024,1:00:00 PM,Northern California,Blacks,3-5,3-4,,,Surfing,Garrett,
6/6/2024,6:00:00 AM,Northern California,Natural Bridges,5-6,6-8,,,Surfing,Garrett,
6/9/2024,7:00:00 AM,Northern California,Swift Street,3-5,3-4,,,Surfing,Garrett,
6/10/2024,7:00:00 AM,Northern California,26th Ave,5-6,4-6,,,Surfing,Garrett,
6/12/2024,6:00:00 AM,Northern California,Blacks,3-4,3-4,,,Surfing,Garrett,
6/14/2024,7:00:00 PM,Northern California,Blacks,3-4,2-3,,,Surfing,Garrett,
7/4/2024,7:00:00 PM,Northern California,Laguna Creek,2-4,,,,Surfing,Garrett,
7/6/2024,6:00:00 AM,Northern California,Swift Street,3-4,4-6,,,Surfing,Garrett,
7/22/2024,5:00:00 PM,Northern California,Laguna Creek,3-5,,,,Surfing,Garrett,
10/3/2024,4:30:00 PM,Northern California,Pleasure Point Jacks,2-3,1-2,,,Surfing,Garrett,
10/14/2024,6:00:00 PM,Northern California,Santa Maria,4-5,,,,Surfing,Garrett,
10/15/2024,6:00:00 PM,Northern California,Natural Bridges,4-5,6-8,,,Surfing,Garrett,
10/28/2024,7:00:00 AM,Northern California,Santa Maria,3-4,,,,Surfing,Garrett,
10/29/2024,7:00:00 AM,Northern California,Santa Maria,2-3,,,,Surfing,Garrett,
10/30/2024,7:00:00 AM,Northern California,Laguna Creek,3-4,,,,Surfing,Garrett,
11/1/2024,7:00:00 AM,Northern California,Waddell Creek Reef,5-6,8-10,,,Surfing,Garrett,
11/4/2024,7:00:00 AM,Northern California,Laguna Creek,6-8,,,,Surfing,Garrett,
11/4/2024,5:00:00 PM,Northern California,Pleasure Point Sewers,5-6,4-6,,,Surfing,Garrett,
11/5/2024,7:30:00 AM,Northern California,Santa Maria,3-4,,,,Surfing,Garrett,
11/6/2024,5:00:00 PM,Northern California,Waddell Creek Reef,3-5,4-6,,,Surfing,Garrett,
11/12/2024,7:30:00 AM,Northern California,Waddell Creek Reef,8-10,8-10,,,Surfing,Garrett,
11/13/2024,7:30:00 AM,Northern California,Santa Maria,4-5,,,,Surfing,Garrett,
11/13/2024,5:00:00 PM,Northern California,Laguna Creek,6-7,,,,Surfing,Garrett,
11/15/2024,7:30:00 AM,Northern California,Blacks,4-5,6-8,,,Surfing,Garrett,
11/19/2024,7:30:00 AM,Northern California,Laguna Creek,6-7,,,,Surfing,Garrett,
11/19/2024,5:00:00 PM,Northern California,Waddell Creek Reef,5-6,5-7,,,Surfing,Garrett,
11/23/2024,7:30:00 AM,Northern California,Blacks,4-5,4-5,,,Surfing,Garrett,
11/27/2024,7:30:00 AM,Northern California,Laguna Creek,2-3,,,,Surfing,Garrett,
11/28/2024,7:30:00 AM,Northern California,Waddell Creek Beach,3-4,3-4,,,Surfing,Garrett,
12/2/2024,7:30:00 AM,Northern California,Laguna Creek,5-7,,,,Surfing,Garrett,
12/2/2024,4:30:00 PM,Northern California,Swift Street,4-5,2-3,,,Surfing,Garrett,
12/3/2024,7:30:00 AM,Northern California,Laguna Creek,4-5,,,,Surfing,Garrett,
12/3/2024,4:30:00 PM,Northern California,Swift Street,3-4,2-3,,,Surfing,Garrett,
12/5/2024,5:00:00 PM,Northern California,Santa Maria,3-4,,,,Surfing,Garrett,
12/7/2024,4:00:00 PM,Northern California,Blacks,1-2,3-4,,,Surfing,Garrett,
12/11/2024,7:00:00 AM,Northern California,Waddell Creek Reef,10,5-7,,,Surfing,Garrett,
12/15/2024,2:00:00 PM,Northern California,Scott Creek,6-10,6-8,,,Surfing,Garrett,
12/19/2024,5:00:00 PM,Northern California,Waddell Creek Reef,8-10,4-6,,,Surfing,Garrett,
12/30/2024,7:30:00 AM,Northern California,Waddell Creek Reef,6-7,6-8,,,Surfing,Garrett,
1/2/2025,5:00:00 PM,Northern California,Waddell Creek Reef,5-7,5-7,,,Surfing,Garrett,
1/4/2025,7:30:00 AM,Northern California,Waddell Creek Reef,10-12,8-12,,,Surfing,Garrett,
1/5/2025,6:30:00 AM,Northern California,Waddell Creek Reef,8-10,5-7,,,Surfing,Garrett,
1/6/2025,4:30:00 PM,Northern California,Santa Maria,4-6,,,,Surfing,Garrett,
1/7/2025,5:00:00 PM,Northern California,Waddell Creek Reef,6-8,4-6,,,Surfing,Garrett,
1/8/2025,7:00:00 AM,Northern California,Waddell Creek Reef,6-8,5-7,,,Surfing,Garrett,
1/20/2025,4:00:00 PM,Northern California,Pleasure Point Jacks,2-3,1-2,,,Surfing,Garrett,
2/22/2025,5:00:00 PM,Northern California,Cowells,2-3,0-1,,,Surfing,Garrett,
2/24/2025,7:00:00 AM,Northern California,Waddell Creek Reef,4-5,4-6,,,Surfing,Garrett,
2/25/2025,7:00:00 AM,Northern California,Blacks,3-4,4-5,,,Surfing,Garrett,
3/19/2025,7:30:00 AM,Northern California,Moss Landing,8-12,,,,Surfing,Garrett,Dunes (North of Jetty)
3/25/2025,6:00:00 PM,Northern California,Davenport Landing,4-6,4-6,,,Surfing,Garrett,
4/8/2025,7:00:00 AM,Northern California,Blacks,3-5,4-5,,,Surfing,Garrett,
4/28/2025,7:00:00 AM,Northern California,Waddell Creek Reef,3-5,4-5,,,Surfing,Garrett,
7/17/2025,6:30:00 AM,Northern California,Waddell Creek Reef,4-5,3-4,,,Surfing,Garrett,
8/7/2025,7:00:00 AM,Northern California,Waddell Creek Reef,4-5,4-5,,,Surfing,Garrett,
8/11/2025,6:00:00 PM,Northern California,Pleasure Point Sewers,4-6,4-5,,,Surfing,Garrett,
8/12/2025,7:00:00 AM,Northern California,26th Ave,4-6,4-6,,,Surfing,Garrett,
8/13/2025,7:00:00 AM,Northern California,Waddell Creek Reef,4-5,3-4,,,Surfing,Garrett,
8/21/2025,6:30:00 AM,Northern California,Waddell Creek Beach,2-3,3-4,,,Surfing,Garrett,
8/22/2025,6:30:00 AM,Northern California,Waddell Creek Beach,2-3,3-4,,,Surfing,Garrett,
8/31/2025,7:00:00 PM,Northern California,Ano Nuevo,3-5,3-4,,,Surfing,Garrett,
9/1/2025,7:00:00 PM,Northern California,Ano Nuevo,4-5,4-5,,,Surfing,Garrett,
9/7/2025,6:30:00 AM,Northern California,Blacks,3-4,1-2,,,Surfing,Garrett,
9/13/2025,1:00:00 PM,Northern California,Blacks,2-4,2-3,,,Surfing,Garrett,
9/17/2025,4:00:00 PM,Northern California,Ano Nuevo,2-4,3-4,,,Surfing,Garrett,
9/23/2025,6:30:00 AM,Northern California,Davenport Landing,2-3,4-5,,,Surfing,Garrett,
9/29/2025,6:00:00 PM,Northern California,Waddell Creek Beach,5-6,4-6,,,Surfing,Garrett,
10/2/2025,4:00:00 PM,Northern California,Ano Nuevo,5-6,5-7,,,Surfing,Garrett,
10/6/2025,6:30:00 AM,Northern California,Waddell Creek Beach,2-4,3-4,,,Surfing,Garrett,
10/14/2025,6:00:00 PM,Northern California,Swift Street,3-5,3-4,,,Surfing,Garrett,
10/24/2025,6:30:00 AM,Northern California,Natural Bridges,3-5,8-10,,,Surfing,Garrett,
10/25/2025,6:00:00 PM,Northern California,Waddell Creek Reef,6-8,6-8,,,Surfing,Garrett,
11/3/2025,6:00:00 PM,Northern California,Natural Bridges,2-3,5-7,,,Surfing,Garrett,
11/7/2025,6:30:00 AM,Northern California,Waddell Creek Reef,8-10,6-8,,,Surfing,Garrett,
11/8/2025,6:30:00 AM,Northern California,Scott Creek,5-6,6-8,,,Surfing,Garrett,
11/10/2025,6:30:00 AM,Northern California,Ocean Beach Central,6-8,6-8,,,Surfing,Garrett,
11/14/2025,6:30:00 AM,Northern California,Blacks,5-6,8-10,,,Surfing,Garrett,
11/22/2025,7:30:00 AM,Northern California,Waddell Creek Reef,6-7,5-7,,,Surfing,Garrett,
11/23/2025,7:30:00 AM,Northern California,Waddell Creek Reef,6-7,6-8,,,Surfing,Garrett,
11/28/2025,7:30:00 AM,Northern California,Scott Creek,5-6,4-6,,,Surfing,Garrett,
11/30/2025,2:30:00 PM,Northern California,Pleasure Point Rockview,5-6,4-5,,,Surfing,Garrett,
12/11/2025,11:00:00 AM,Northern California,Moss Landing,3-5,,,,Surfing,Garrett,Dunes (North of Jetty)
12/14/2025,7:30:00 AM,Northern California,Steamer Lane Middle Peak,0,1-2,,,Online Cam,Garrett,
12/14/2025,7:30:00 AM,Northern California,Steamer Lane Point,1-2,1-2,,,Online Cam,Garrett,
12/14/2025,7:30:00 AM,Northern California,Steamer Lane Indicators,0,,,,Online Cam,Garrett,
12/14/2025,4:00:00 PM,Northern California,Steamer Lane Middle Peak,0,1-2,,,Online Cam,Garrett,
12/14/2025,4:00:00 PM,Northern California,Steamer Lane Point,2-3,1-2,,,Online Cam,Garrett,
12/14/2025,4:00:00 PM,Northern California,Steamer Lane Indicators,1-2,,,,Online Cam,Garrett,
12/15/2025,9:00:00 AM,Northern California,Pleasure Point First Peak,1-2,1-2,,,Online Cam,Garrett,
12/15/2025,9:00:00 AM,Northern California,Pleasure Point Sewers,2-3,1-2,,,Online Cam,Garrett,
12/16/2025,7:30:00 AM,Northern California,Steamer Lane Middle Peak,0,2-3,,,Online Cam,Garrett,
12/16/2025,7:30:00 AM,Northern California,Steamer Lane Point,1,2-3,,,Online Cam,Garrett,
12/16/2025,7:30:00 AM,Northern California,Steamer Lane Indicators,0,,,,Online Cam,Garrett,
12/16/2025,8:30:00 AM,Northern California,Ocean Beach Central,4-6,4-5,NE,7,Standing on Shore,Dean,
12/16/2025,8:30:00 AM,Northern California,Ocean Beach North,4-5,3-4,NE,7,Standing on Shore,Dean,
12/16/2025,3:45:00 PM,Northern California,Pleasure Point First Peak,3-4,2-3,,,Online Cam,Garrett,
12/16/2025,3:45:00 PM,Northern California,Pleasure Point Sewers,3-4,2-3,,,Online Cam,Garrett,
12/16/2025,4:00:00 PM,Northern California,Steamer Lane Middle Peak,3-4,3-4,,,Online Cam,Garrett,
12/16/2025,4:00:00 PM,Northern California,Steamer Lane Point,2-3,3-4,,,Online Cam,Garrett,
12/16/2025,4:00:00 PM,Northern California,Steamer Lane Indicators,1-2,,,,Online Cam,Garrett,
12/17/2025,7:20:00 AM,Northern California,Santa Maria,2-3,,,,Standing on Shore,Garrett,
12/17/2025,7:25:00 AM,Northern California,26th Ave,3-4,2-3,,,Standing on Shore,Garrett,
12/17/2025,7:25:00 AM,Northern California,Wind and Sea,0,,,,Standing on Shore,Garrett,
12/17/2025,7:25:00 AM,Northern California,Pleasure Point Rockview,0,3-4,,,Standing on Shore,Garrett,
12/17/2025,7:35:00 AM,Northern California,Pleasure Point Sewers,4-5,3-4,,,Standing on Shore,Garrett,
12/17/2025,7:35:00 AM,Northern California,Pleasure Point First Peak,3-5,3-4,,,Standing on Shore,Garrett,
12/17/2025,7:35:00 AM,Northern California,Steamer Lane Middle Peak,0,4-5,,,Online Cam,Garrett,
12/17/2025,7:35:00 AM,Northern California,Steamer Lane Point,3-4,4-5,,,Online Cam,Garrett,
12/17/2025,7:35:00 AM,Northern California,Steamer Lane Indicators,1-2,,,,Online Cam,Garrett,
12/17/2025,7:35:00 AM,Northern California,Cowells,0,0-1,,,Online Cam,Garrett,flat on high tide
12/17/2025,4:00:00 PM,Northern California,Steamer Lane Middle Peak,4-5,4-5,,,Online Cam,Garrett,
12/17/2025,4:00:00 PM,Northern California,Steamer Lane Point,3-4,4-5,,,Online Cam,Garrett,
12/17/2025,4:00:00 PM,Northern California,Steamer Lane Indicators,2-4,,,,Online Cam,Garrett,
12/17/2025,4:00:00 PM,Northern California,Mitchell's,3-4,2-3,,,Online Cam,Garrett,
12/17/2025,4:00:00 PM,Northern California,Cowells,1-2,0-1,,,Online Cam,Garrett,
12/17/2025,4:00:00 PM,Northern California,Capitola,1-3,0-1,,,Online Cam,Garrett,
12/17/2025,4:00:00 PM,Northern California,The Hook,3-4,1-2,,,Online Cam,Garrett,
12/17/2025,7:00:00 AM,Northern California,The Hook,0,1-2,,,Online Cam,Garrett,
12/17/2025,11:00:00 AM,Northern California,The Hook,1-2,1-2,,,Online Cam,Garrett,
12/17/2025,12:30:00 PM,Northern California,The Hook,2-4,1-2,,,Online Cam,Garrett,
12/18/2025,9:50:00 AM,Northern California,Ocean Beach Central,4-6,4-6,E,2,Visual ,Dean,
12/18/2025,9:50:00 AM,Northern California,Ocean Beach North,3-5,4-5,E,2,Visual ,Dean,
12/18/2025,2:00:00 PM,Northern California,Ocean Beach Central,5-7,4-6,NW,3,Visual ,Dean,
12/18/2025,2:00:00 PM,Northern California,Ocean Beach North,4-5,4-5,NW,3,Visual ,Dean,
12/23/2025,9:00:00 AM,Northern California,Pleasure Point First Peak,1-3,2-3,,,Online Cam,Garrett,
12/23/2025,9:00:00 AM,Northern California,Pleasure Point Sewers,1-3,2-3,,,Online Cam,Garrett,
12/23/2025,4:30:00 PM,Northern California,Pleasure Point First Peak,2-3,2-3,,,Online Cam,Garrett,
12/23/2025,4:30:00 PM,Northern California,Pleasure Point Sewers,2-3,2-3,,,Online Cam,Garrett,
12/24/2025,7:30:00 AM,Northern California,Pleasure Point First Peak,5-7,6-8,,,Online Cam,Garrett,
12/24/2025,7:30:00 AM,Northern California,Pleasure Point Sewers,6-7,6-8,,,Online Cam,Garrett,
12/24/2025,7:30:00 AM,Northern California,Capitola,2-3,2-3,,,Online Cam,Garrett,
12/24/2025,8:30:00 AM,Northern California,Mitchell's,6-8,6-8,,,Online Cam,Garrett,
12/26/2025,4:00:00 PM,Northern California,Asilomar Roadsides,8-10,,,,Standing on Shore,Garrett,
12/26/2025,4:00:00 PM,Northern California,Asilomar Middles,8-10,,,,Standing on Shore,Garrett,
12/26/2025,4:00:00 PM,Northern California,Asilomar Reef,8-10,,,,Standing on Shore,Garrett,
12/27/2025,7:00:00 AM,Northern California,Blacks,2-3,0-1,,,Standing on Shore,Garrett,
12/27/2025,7:00:00 AM,Northern California,Santa Maria,2-3,,,,Standing on Shore,Garrett,
12/27/2025,7:00:00 AM,Northern California,26th Ave,4-5,4-6,,,Standing on Shore,Garrett,
12/27/2025,7:30:00 AM,Northern California,Pleasure Point Second Peak,3-4,4-6,,,Online Cam,Garrett,
12/27/2025,7:30:00 AM,Northern California,Pleasure Point First Peak,3-5,4-6,,,Online Cam,Garrett,
12/27/2025,7:30:00 AM,Northern California,Pleasure Point Sewers,5-6,4-6,,,Online Cam,Garrett,
12/27/2025,7:35:00 AM,Northern California,Steamer Lane Middle Peak,4-5,6-8,,,Online Cam,Garrett,
12/27/2025,7:35:00 AM,Northern California,Steamer Lane Point,4-5,6-8,,,Online Cam,Garrett,
12/27/2025,7:35:00 AM,Northern California,Steamer Lane Indicators,2-3,,,,Online Cam,Garrett,
12/27/2025,7:35:00 AM,Northern California,Mitchell's,1-3,4-6,,,Online Cam,Garrett,
12/28/2025,7:30:00 AM,Northern California,26th Ave,1-2,2-3,,,Online Cam,Garrett,
12/28/2025,7:30:00 AM,Northern California,Pleasure Point Second Peak,0-1,1-2,,,Online Cam,Garrett,
12/28/2025,7:30:00 AM,Northern California,Pleasure Point First Peak,1,1-2,,,Online Cam,Garrett,
12/28/2025,7:30:00 AM,Northern California,Pleasure Point Sewers,1,1-2,,,Online Cam,Garrett,
12/28/2025,7:35:00 AM,Northern California,Steamer Lane Middle Peak,0,2-3,,,Online Cam,Garrett,
12/28/2025,7:35:00 AM,Northern California,Steamer Lane Point,1-2,2-3,,,Online Cam,Garrett,
12/28/2025,7:35:00 AM,Northern California,Steamer Lane Indicators,0-1,,,,Online Cam,Garrett,
12/28/2025,7:35:00 AM,Northern California,Mitchell's,0,,,,Online Cam,Garrett,
12/28/2025,4:00:00 PM,Northern California,26th Ave,1-2,1-2,,,Online Cam,Garrett,
12/28/2025,4:00:00 PM,Northern California,Pleasure Point Second Peak,0-1,1-2,,,Online Cam,Garrett,
12/28/2025,4:00:00 PM,Northern California,Pleasure Point First Peak,1,1-2,,,Online Cam,Garrett,
12/28/2025,4:00:00 PM,Northern California,Pleasure Point Sewers,1-2,1-2,,,Online Cam,Garrett,
12/28/2025,4:00:00 PM,Northern California,Steamer Lane Middle Peak,0,1-2,,,Online Cam,Garrett,
12/28/2025,4:00:00 PM,Northern California,Steamer Lane Point,1-2,1-2,,,Online Cam,Garrett,
12/28/2025,4:00:00 PM,Northern California,Steamer Lane Indicators,0-1,,,,Online Cam,Garrett,
12/28/2025,4:00:00 PM,Northern California,Mitchell's,0,1-2,,,Online Cam,Garrett,
12/29/2025,7:30:00 AM,Northern California,26th Ave,1,0-1,,,Online Cam,Garrett,
12/29/2025,7:30:00 AM,Northern California,Pleasure Point Second Peak,0,0-1,,,Online Cam,Garrett,
12/29/2025,7:30:00 AM,Northern California,Pleasure Point First Peak,0,0-1,,,Online Cam,Garrett,
12/29/2025,7:30:00 AM,Northern California,Pleasure Point Sewers,0,0-1,,,Online Cam,Garrett,
12/29/2025,7:35:00 AM,Northern California,Steamer Lane Middle Peak,0,0-1,,,Online Cam,Garrett,
12/29/2025,7:35:00 AM,Northern California,Steamer Lane Point,0,0-1,,,Online Cam,Garrett,
12/29/2025,7:35:00 AM,Northern California,Steamer Lane Indicators,0,,,,Online Cam,Garrett,
12/29/2025,7:35:00 AM,Northern California,Mitchell's,0,0-1,,,Online Cam,Garrett,
12/28/2025,10:05:00 AM,Northern California,Ocean Beach Central,3-4,2-3,NE,5,Visual ,Dean,
12/28/2025,10:05:00 AM,Northern California,Ocean Beach North,2-3,2-3,NE,5,Visual ,Dean,
12/29/2025,11:35:00 AM,Northern California,Ocean Beach Central,2-3,2-3,NE,5,Visual ,Dean,
12/29/2025,11:35:00 AM,Northern California,Ocean Beach North,1-2,1-2,NE,5,Visual ,Dean,
12/30/2025,10:45:00 AM,Northern California,Ocean Beach Central,1-2,1-2,NE,7,Visual ,Dean,
12/30/2025,10:45:00 AM,Northern California,Ocean Beach North,0-1,1-2,NE,7,Visual ,Dean,
1/4/2026,3:00:00 PM,Northern California,26th Ave,5-7,6-8,,,Online Cam,Garrett,
1/4/2026,3:00:00 PM,Northern California,Mitchell's,5-6,5-7,,,Online Cam,Garrett,
1/4/2026,3:00:00 PM,Northern California,Steamer Lane Middle Peak,4-6,8-12,,,Online Cam,Garrett,
1/4/2026,3:00:00 PM,Northern California,Steamer Lane Point,4-6,8-12,,,Online Cam,Garrett,
1/4/2026,3:00:00 PM,Northern California,Steamer Lane Indicators,3-5,,,,Online Cam,Garrett,
1/4/2026,3:00:00 PM,Northern California,Pleasure Point First Peak,5-6,6-8,,,Online Cam,Garrett,
1/4/2026,3:00:00 PM,Northern California,Pleasure Point Second Peak,4-5,6-8,,,Online Cam,Garrett,
1/4/2026,3:00:00 PM,Northern California,Pleasure Point Sewers,6-7,6-8,,,Online Cam,Garrett,
1/6/2026,7:30:00 AM,Northern California,Manresa,4-6,4-6,,,Online Cam,Garrett,
1/6/2026,7:30:00 AM,Northern California,Capitola,2-3,1-2,,,Online Cam,Garrett,
1/6/2026,7:30:00 AM,Northern California,The Hook,3,2-3,,,Online Cam,Garrett,
1/6/2026,7:30:00 AM,Northern California,Pleasure Point First Peak,3-4,3-4,,,Online Cam,Garrett,
1/6/2026,7:30:00 AM,Northern California,Pleasure Point Second Peak,3-4,3-4,,,Online Cam,Garrett,
1/6/2026,7:30:00 AM,Northern California,Pleasure Point Sewers,4-5,3-4,,,Online Cam,Garrett,
1/6/2026,7:30:00 AM,Northern California,26th Ave,3-4,3-4,,,Online Cam,Garrett,
1/6/2026,8:30:00 AM,Northern California,Waddell Creek Beach,3-5,4-6,,,Standing on Shore,Garrett,
1/6/2026,8:30:00 AM,Northern California,Scott Creek,4-6,4-6,,,Standing on Shore,Garrett,
1/7/2026,5:00:00 PM,Northern California,Manresa,1-3,2-3,,,Online Cam,Garrett,
1/8/2026,7:00:00 AM,Northern California,Manresa,3-5,5-7,,,Online Cam,Garrett,
1/7/2026,5:00:00 PM,Northern California,Capitola,1,0-1,,,Online Cam,Garrett,
1/8/2026,7:00:00 AM,Northern California,Capitola,2-3,1-2,,,Online Cam,Garrett,
1/7/2026,5:00:00 PM,Northern California,The Hook,1-2,0-1,,,Online Cam,Garrett,
1/8/2026,7:00:00 AM,Northern California,The Hook,2,1-2,,,Online Cam,Garrett,
1/7/2026,5:00:00 PM,Northern California,Pleasure Point Jacks,1-2,0-1,,,Online Cam,Garrett,
1/8/2026,7:00:00 AM,Northern California,Pleasure Point Jacks,2-3,1-2,,,Online Cam,Garrett,
1/7/2026,5:00:00 PM,Northern California,Pleasure Point First Peak,2-4,2-3,,,Online Cam,Garrett,
1/8/2026,7:00:00 AM,Northern California,Pleasure Point First Peak,2-4,3-4,,,Online Cam,Garrett,
1/7/2026,5:00:00 PM,Northern California,Pleasure Point Second Peak,2-3,2-3,,,Online Cam,Garrett,
1/8/2026,7:00:00 AM,Northern California,Pleasure Point Second Peak,2-3,3-4,,,Online Cam,Garrett,
1/7/2026,5:00:00 PM,Northern California,Pleasure Point Sewers,3-4,2-3,,,Online Cam,Garrett,
1/8/2026,7:00:00 AM,Northern California,Pleasure Point Sewers,4-5,3-4,,,Online Cam,Garrett,
1/7/2026,5:00:00 PM,Northern California,26th Ave,2-3,2-3,,,Online Cam,Garrett,
1/8/2026,7:00:00 AM,Northern California,26th Ave,2-4,3-4,,,Online Cam,Garrett,
1/7/2026,5:00:00 PM,Northern California,Cowells,0,0-1,,,Online Cam,Garrett,
1/8/2026,7:00:00 AM,Northern California,Cowells,0,0-1,,,Online Cam,Garrett,
1/7/2026,5:00:00 PM,Northern California,Steamer Lane Middle Peak,0,2-3,,,Online Cam,Garrett,
1/8/2026,7:00:00 AM,Northern California,Steamer Lane Middle Peak,6-7,4-6,,,Online Cam,Garrett,
1/7/2026,5:00:00 PM,Northern California,Steamer Lane Point,2-3,2-3,,,Online Cam,Garrett,
1/8/2026,7:00:00 AM,Northern California,Steamer Lane Point,4-5,4-6,,,Online Cam,Garrett,
1/7/2026,5:00:00 PM,Northern California,Steamer Lane Indicators,1-2,,,,Online Cam,Garrett,
1/8/2026,7:00:00 AM,Northern California,Steamer Lane Indicators,3-4,,,,Online Cam,Garrett,
1/7/2026,5:00:00 PM,Northern California,Mitchell's,0-1,1-2,,,Online Cam,Garrett,
1/8/2026,7:00:00 AM,Northern California,Mitchell's,2-3,3-4,,,Online Cam,Garrett,
1/8/2026,3:00:00 PM,Northern California,Santa Maria,2-4,,,,Standing on Shore,Garrett,
1/8/2026,3:00:00 PM,Northern California,26th Ave,4-5,4-6,,,Standing on Shore,Garrett,
1/8/2026,3:00:00 PM,Northern California,Wind and Sea,5,,,,Standing on Shore,Garrett,
1/8/2026,3:00:00 PM,Northern California,Pleasure Point Sewers,6-7,4-6,,,Standing on Shore,Garrett,
1/8/2026,3:00:00 PM,Northern California,Pleasure Point First Peak,5-6,4-6,,,Standing on Shore,Garrett,
1/11/2026,7:00:00 AM,Northern California,Manresa,1-3,1-2,,,Online Cam,Garrett,
1/11/2026,5:00:00 PM,Northern California,Manresa,2-3,2-3,,,Online Cam,Garrett,
1/11/2026,7:00:00 AM,Northern California,Capitola,0-1,0-1,,,Online Cam,Garrett,
1/11/2026,5:00:00 PM,Northern California,Capitola,1-2,0-1,,,Online Cam,Garrett,
1/11/2026,7:00:00 AM,Northern California,The Hook,0,0-1,,,Online Cam,Garrett,
1/11/2026,5:00:00 PM,Northern California,The Hook,1-2,1-2,,,Online Cam,Garrett,
1/11/2026,7:00:00 AM,Northern California,Pleasure Point Jacks,0,0-1,,,Online Cam,Garrett,
1/11/2026,5:00:00 PM,Northern California,Pleasure Point Jacks,1-2,1-2,,,Online Cam,Garrett,
1/11/2026,7:00:00 AM,Northern California,Pleasure Point First Peak,2-3,1-2,,,Online Cam,Garrett,
1/11/2026,5:00:00 PM,Northern California,Pleasure Point First Peak,2-3,2-3,,,Online Cam,Garrett,
1/11/2026,7:00:00 AM,Northern California,Pleasure Point Second Peak,1-2,1-2,,,Online Cam,Garrett,
1/11/2026,5:00:00 PM,Northern California,Pleasure Point Second Peak,1-2,2-3,,,Online Cam,Garrett,
1/11/2026,7:00:00 AM,Northern California,Pleasure Point Sewers,2-3,1-2,,,Online Cam,Garrett,
1/11/2026,5:00:00 PM,Northern California,Pleasure Point Sewers,3-4,2-3,,,Online Cam,Garrett,
1/11/2026,7:00:00 AM,Northern California,26th Ave,1,1-2,,,Online Cam,Garrett,
1/11/2026,5:00:00 PM,Northern California,26th Ave,1-2,2-3,,,Online Cam,Garrett,
1/11/2026,7:00:00 AM,Northern California,Cowells,0,0-1,,,Online Cam,Garrett,
1/11/2026,5:00:00 PM,Northern California,Cowells,0,0-1,,,Online Cam,Garrett,
1/11/2026,7:00:00 AM,Northern California,Steamer Lane Middle Peak,0,1-2,,,Online Cam,Garrett,
1/11/2026,5:00:00 PM,Northern California,Steamer Lane Middle Peak,0,3-4,,,Online Cam,Garrett,
1/11/2026,7:00:00 AM,Northern California,Steamer Lane Point,2-4,1-2,,,Online Cam,Garrett,
1/11/2026,5:00:00 PM,Northern California,Steamer Lane Point,2-4,3-4,,,Online Cam,Garrett,
1/11/2026,7:00:00 AM,Northern California,Steamer Lane Indicators,0,,,,Online Cam,Garrett,
1/11/2026,5:00:00 PM,Northern California,Steamer Lane Indicators,1,,,,Online Cam,Garrett,
1/11/2026,8:00:00 AM,Northern California,Mitchell's,0,1-2,,,Online Cam,Garrett,
1/11/2026,5:00:00 PM,Northern California,Mitchell's,1-2,2-3,,,Online Cam,Garrett,
1/12/2026,7:00:00 AM,Northern California,Manresa,6-8,7,,,Online Cam,Garrett,
1/12/2026,5:00:00 PM,Northern California,Manresa,8-9,7,,,Online Cam,Garrett,
1/12/2026,7:00:00 AM,Northern California,Capitola,3-4,2-3,,,Online Cam,Garrett,
1/12/2026,5:00:00 PM,Northern California,Capitola,2-3,1-2,,,Online Cam,Garrett,
1/12/2026,7:00:00 AM,Northern California,Pleasure Point Jacks,3-4,3-4,,,Online Cam,Garrett,
1/12/2026,5:00:00 PM,Northern California,Pleasure Point Jacks,3-4,2-3,,,Online Cam,Garrett,
1/12/2026,7:00:00 AM,Northern California,Pleasure Point First Peak,5-8,5-7,,,Online Cam,Garrett,
1/12/2026,5:00:00 PM,Northern California,Pleasure Point First Peak,5-7,4-6,,,Online Cam,Garrett,
1/12/2026,7:00:00 AM,Northern California,Pleasure Point Second Peak,5-7,5-7,,,Online Cam,Garrett,
1/12/2026,5:00:00 PM,Northern California,Pleasure Point Second Peak,5-6,4-6,,,Online Cam,Garrett,
1/12/2026,7:00:00 AM,Northern California,Pleasure Point Sewers,10,5-7,,,Online Cam,Garrett,
1/12/2026,5:00:00 PM,Northern California,Pleasure Point Sewers,10,4-6,,,Online Cam,Garrett,
1/12/2026,7:00:00 AM,Northern California,26th Ave,5-6,6-8,,,Online Cam,Garrett,
1/12/2026,5:00:00 PM,Northern California,26th Ave,6-7,5-7,,,Online Cam,Garrett,
1/12/2026,7:30:00 AM,Northern California,Cowells,3-4,2-3,,,Online Cam,Garrett,
1/12/2026,5:00:00 PM,Northern California,Cowells,2-3,1-2,,,Online Cam,Garrett,
1/12/2026,8:00:00 AM,Northern California,Steamer Lane Middle Peak,8-12,8-12,,,Online Cam,Garrett,
1/12/2026,5:00:00 PM,Northern California,Steamer Lane Middle Peak,8-12,8-10,,,Online Cam,Garrett,
1/12/2026,7:00:00 AM,Northern California,Steamer Lane Point,6-8,8-12,,,Online Cam,Garrett,
1/12/2026,5:00:00 PM,Northern California,Steamer Lane Point,6-8,8-10,,,Online Cam,Garrett,
1/12/2026,7:00:00 AM,Northern California,Steamer Lane Indicators,3-5,,,,Online Cam,Garrett,
1/12/2026,5:00:00 PM,Northern California,Steamer Lane Indicators,3-5,,,,Online Cam,Garrett,
1/12/2026,8:00:00 AM,Northern California,Mitchell's,5-7,6-8,,,Online Cam,Garrett,
1/12/2026,5:00:00 PM,Northern California,Mitchell's,5-7,4-6,,,Online Cam,Garrett,
1/12/2026,4:00:00 PM,Northern California,Natural Bridges,4-5,6-8,,,Surfing,Garrett,
1/12/2026,4:00:00 PM,Northern California,Swift Street,6-7,3-4,,,Standing on Shore,Garrett,
1/13/2026,3:00:00 PM,Northern California,Ocean Beach Central,8-10,8-10,,,Surfing,Garrett,
1/13/2026,3:00:00 PM,Northern California,Ocean Beach North,6-8,5-7,,,Surfing,Garrett,
1/14/2026,3:30:00 PM,Northern California,Steamer Lane Point,4-6,5-7,,,Online Cam,Garrett,
1/19/2026,7:00:00 AM,Northern California,Manresa,2-3,2-3,,,Online Cam,Garrett,
1/19/2026,5:00:00 PM,Northern California,Manresa,3-4,2-3,,,Online Cam,Garrett,
1/19/2026,7:00:00 AM,Northern California,Capitola,1,0-1,,,Online Cam,Garrett,
1/19/2026,5:00:00 PM,Northern California,Capitola,1-2,0-1,,,Online Cam,Garrett,
1/19/2026,7:00:00 AM,Northern California,The Hook,0,1-2,,,Online Cam,Garrett,
1/19/2026,5:00:00 PM,Northern California,The Hook,2-3,0-1,,,Online Cam,Garrett,
1/19/2026,7:00:00 AM,Northern California,Pleasure Point Jacks,1,1-2,,,Online Cam,Garrett,
1/19/2026,5:00:00 PM,Northern California,Pleasure Point Jacks,1-2,0-1,,,Online Cam,Garrett,
1/19/2026,7:00:00 AM,Northern California,Pleasure Point First Peak,3-4,2-3,,,Online Cam,Garrett,
1/19/2026,5:00:00 PM,Northern California,Pleasure Point First Peak,3-4,2-3,,,Online Cam,Garrett,
1/19/2026,7:00:00 AM,Northern California,Pleasure Point Second Peak,2-4,2-3,,,Online Cam,Garrett,
1/19/2026,5:00:00 PM,Northern California,Pleasure Point Second Peak,2-3,2-3,,,Online Cam,Garrett,
1/19/2026,7:00:00 AM,Northern California,Pleasure Point Sewers,5,2-3,,,Online Cam,Garrett,
1/19/2026,5:00:00 PM,Northern California,Pleasure Point Sewers,5,2-3,,,Online Cam,Garrett,
1/19/2026,7:00:00 AM,Northern California,26th Ave,1-2,2-3,,,Online Cam,Garrett,
1/19/2026,5:00:00 PM,Northern California,26th Ave,3-4,2-3,,,Online Cam,Garrett,
1/19/2026,7:00:00 AM,Northern California,Cowells,0,0-1,,,Online Cam,Garrett,
1/19/2026,5:00:00 PM,Northern California,Cowells,0-1,0-1,,,Online Cam,Garrett,
1/19/2026,7:00:00 AM,Northern California,Steamer Lane Middle Peak,0,3-4,,,Online Cam,Garrett,
1/19/2026,5:00:00 PM,Northern California,Steamer Lane Middle Peak,5-6,3-4,,,Online Cam,Garrett,
1/19/2026,7:00:00 AM,Northern California,Steamer Lane Point,3-5,3-4,,,Online Cam,Garrett,
1/19/2026,5:00:00 PM,Northern California,Steamer Lane Point,5-6,3-4,,,Online Cam,Garrett,
1/19/2026,7:00:00 AM,Northern California,Steamer Lane Indicators,0,,,,Online Cam,Garrett,
1/19/2026,5:00:00 PM,Northern California,Steamer Lane Indicators,2-3,,,,Online Cam,Garrett,
1/19/2026,7:00:00 AM,Northern California,Mitchell's,1-2,2-3,,,Online Cam,Garrett,
1/19/2026,5:00:00 PM,Northern California,Mitchell's,2-3,2-3,,,Online Cam,Garrett,
1/20/2026,7:00:00 AM,Northern California,Manresa,3-4,3-4,,,Online Cam,Garrett,
1/20/2026,5:00:00 PM,Northern California,Manresa,4-5,4-5,,,Online Cam,Garrett,
1/20/2026,7:00:00 AM,Northern California,Capitola,2-3,0-1,,,Online Cam,Garrett,
1/20/2026,5:00:00 PM,Northern California,Capitola,2-3,0-1,,,Online Cam,Garrett,
1/20/2026,7:00:00 AM,Northern California,The Hook,1-2,1-2,,,Online Cam,Garrett,
1/20/2026,5:00:00 PM,Northern California,The Hook,1-2,1-2,,,Online Cam,Garrett,
1/20/2026,7:00:00 AM,Northern California,Pleasure Point Jacks,1-2,0-1,,,Online Cam,Garrett,
1/20/2026,5:00:00 PM,Northern California,Pleasure Point Jacks,2-3,1-2,,,Online Cam,Garrett,
1/20/2026,7:00:00 AM,Northern California,Pleasure Point First Peak,3-5,2-3,,,Online Cam,Garrett,
1/20/2026,5:00:00 PM,Northern California,Pleasure Point First Peak,3-5,3-4,,,Online Cam,Garrett,
1/20/2026,7:00:00 AM,Northern California,Pleasure Point Second Peak,3-4,2-3,,,Online Cam,Garrett,
1/20/2026,5:00:00 PM,Northern California,Pleasure Point Second Peak,3-4,3-4,,,Online Cam,Garrett,
1/20/2026,7:00:00 AM,Northern California,Pleasure Point Sewers,5,2-3,,,Online Cam,Garrett,
1/20/2026,5:00:00 PM,Northern California,Pleasure Point Sewers,6,3-4,,,Online Cam,Garrett,
1/20/2026,7:00:00 AM,Northern California,26th Ave,2-4,3-4,,,Online Cam,Garrett,
1/20/2026,5:00:00 PM,Northern California,26th Ave,4-5,3-4,,,Online Cam,Garrett,
1/20/2026,7:00:00 AM,Northern California,Cowells,0,0-1,,,Online Cam,Garrett,
1/20/2026,5:00:00 PM,Northern California,Cowells,0-1,0-1,,,Online Cam,Garrett,
1/20/2026,7:00:00 AM,Northern California,Steamer Lane Middle Peak,4,4-6,,,Online Cam,Garrett,
1/20/2026,5:00:00 PM,Northern California,Steamer Lane Middle Peak,7,4-6,,,Online Cam,Garrett,
1/20/2026,7:00:00 AM,Northern California,Steamer Lane Point,3-5,4-6,,,Online Cam,Garrett,
1/20/2026,5:00:00 PM,Northern California,Steamer Lane Point,4-5,4-6,,,Online Cam,Garrett,
1/20/2026,7:00:00 AM,Northern California,Steamer Lane Indicators,2-3,,,,Online Cam,Garrett,
1/20/2026,5:00:00 PM,Northern California,Steamer Lane Indicators,1-3,,,,Online Cam,Garrett,
1/20/2026,7:00:00 AM,Northern California,Mitchell's,1-3,2-3,,,Online Cam,Garrett,
1/20/2026,5:00:00 PM,Northern California,Mitchell's,3-5,3-4,,,Online Cam,Garrett,
1/20/2026,1:00:00 PM,Northern California,Ocean Beach Central,10,5-7,NE,8,Visual ,Dean,"Interesting as swell is 2.4@16 from 277 according to Surfline, yet some nearly double o sets mid beach"
1/20/2026,1:00:00 PM,Northern California,Ocean Beach North,8,4-6,NE,8,Visual ,Dean,
1/20/2026,1:30:00 PM,Northern California,Waddell Creek Beach,6,4-5,,,Visual ,Garrett,
1/20/2026,1:30:00 PM,Northern California,Waddell Creek Reef,6,4-5,,,Visual ,Garrett,
1/20/2026,2:00:00 PM,Northern California,Montara,5-7,,,,Visual ,Garrett,
1/20/2026,3:00:00 PM,Northern California,Ocean Beach Central,10,6-8,,,Visual ,Garrett,
1/20/2026,3:00:00 PM,Northern California,Ocean Beach North,8,4-6,,,Visual ,Garrett,
1/22/2026,8:00:00 AM,Northern California,Steamer Lane Middle Peak,5-7,3-4,,,Online Cam,Garrett,
1/22/2026,8:00:00 AM,Northern California,Steamer Lane Point,4-5,3-4,,,Online Cam,Garrett,
1/22/2026,8:00:00 AM,Northern California,26th Ave,2-3,2-3,,,Online Cam,Garrett,
1/22/2026,8:00:00 AM,Northern California,Ocean Beach Central,6-7,4-5,,,Online Cam,Garrett,
1/22/2026,8:00:00 AM,Northern California,Ocean Beach North,4-5,3-4,,,Online Cam,Garrett,
1/23/2026,8:00:00 AM,Northern California,Ocean Beach South,3-5,4-6,,,Online Cam,Garrett,
1/23/2026,11:00:00 AM,Northern California,Ocean Beach South,3-4,4-5,,,Online Cam,Garrett,
1/23/2026,4:00:00 PM,Northern California,Ocean Beach South,3-5,4-5,,,Online Cam,Garrett,
1/23/2026,8:00:00 AM,Northern California,Ocean Beach Central,4-5,4-5,,,Online Cam,Garrett,
1/23/2026,11:00:00 AM,Northern California,Ocean Beach Central,4-5,4-5,,,Online Cam,Garrett,
1/23/2026,4:00:00 PM,Northern California,Ocean Beach Central,3-5,4-5,,,Online Cam,Garrett,
1/23/2026,8:00:00 AM,Northern California,Ocean Beach North,2-4,4-5,,,Online Cam,Garrett,
1/23/2026,11:00:00 AM,Northern California,Ocean Beach North,2-4,4-5,,,Online Cam,Garrett,
1/23/2026,4:00:00 PM,Northern California,Ocean Beach North,2-3,3-4,,,Online Cam,Garrett,
1/24/2026,8:00:00 AM,Northern California,Ocean Beach South,3-4,4-6,,,Online Cam,Garrett,
1/24/2026,11:00:00 AM,Northern California,Ocean Beach South,3-4,4-6,,,Online Cam,Garrett,
1/24/2026,4:00:00 PM,Northern California,Ocean Beach South,3-4,4-6,,,Online Cam,Garrett,
1/24/2026,8:00:00 AM,Northern California,Ocean Beach Central,5-7,4-5,,,Online Cam,Garrett,
1/24/2026,11:00:00 AM,Northern California,Ocean Beach Central,5-7,4-5,,,Online Cam,Garrett,
1/24/2026,4:00:00 PM,Northern California,Ocean Beach Central,4-5,4-6,,,Online Cam,Garrett,
1/24/2026,8:00:00 AM,Northern California,Ocean Beach North,3-4,3-4,,,Online Cam,Garrett,
1/24/2026,11:00:00 AM,Northern California,Ocean Beach North,4-5,3-4,,,Online Cam,Garrett,
1/24/2026,4:00:00 PM,Northern California,Ocean Beach North,3-4,3-4,,,Online Cam,Garrett,
1/25/2026,8:00:00 AM,Northern California,Ocean Beach South,4-6,4-5,,,Online Cam,Garrett,
1/25/2026,11:00:00 AM,Northern California,Ocean Beach South,3-4,4-5,,,Online Cam,Garrett,
1/25/2026,4:00:00 PM,Northern California,Ocean Beach South,3-5,3-4,,,Online Cam,Garrett,
1/25/2026,8:00:00 AM,Northern California,Ocean Beach Central,5-7,4-5,,,Online Cam,Garrett,
1/25/2026,11:00:00 AM,Northern California,Ocean Beach Central,5-6,4-5,,,Online Cam,Garrett,
1/25/2026,4:00:00 PM,Northern California,Ocean Beach Central,3-5,3-4,,,Online Cam,Garrett,
1/25/2026,8:00:00 AM,Northern California,Ocean Beach North,3-4,3-4,,,Online Cam,Garrett,
1/25/2026,11:00:00 AM,Northern California,Ocean Beach North,3-5,3-4,,,Online Cam,Garrett,
1/25/2026,4:00:00 PM,Northern California,Ocean Beach North,2-4,2-3,,,Online Cam,Garrett,
1/26/2026,8:00:00 AM,Northern California,Ocean Beach South,4-5,3-4,,,Online Cam,Garrett,
1/26/2026,11:00:00 AM,Northern California,Ocean Beach South,4-5,4-5,,,Online Cam,Garrett,
1/26/2026,4:00:00 PM,Northern California,Ocean Beach South,3-5,3-4,,,Online Cam,Garrett,
1/26/2026,8:00:00 AM,Northern California,Ocean Beach Central,4-5,3-4,,,Online Cam,Garrett,
1/26/2026,11:00:00 AM,Northern California,Ocean Beach Central,5-6,3-4,,,Online Cam,Garrett,
1/26/2026,4:00:00 PM,Northern California,Ocean Beach Central,4-5,3-4,,,Online Cam,Garrett,
1/26/2026,8:00:00 AM,Northern California,Ocean Beach North,3-4,2-3,,,Online Cam,Garrett,
1/26/2026,11:00:00 AM,Northern California,Ocean Beach North,4-6,3-4,,,Online Cam,Garrett,
1/26/2026,4:00:00 PM,Northern California,Ocean Beach North,3-4,2-3,,,Online Cam,Garrett,
1/29/2026,7:00:00 AM,Northern California,Manresa,6-8,5-7,,,Online Cam,Garrett,
1/29/2026,5:00:00 PM,Northern California,Manresa,6-8,8-10,,,Online Cam,Garrett,
1/29/2026,7:00:00 AM,Northern California,Capitola,2,1-2,,,Online Cam,Garrett,
1/29/2026,5:00:00 PM,Northern California,Capitola,3-4,2-3,,,Online Cam,Garrett,
1/29/2026,7:00:00 AM,Northern California,The Hook,1-2,2-3,,,Online Cam,Garrett,
1/29/2026,5:00:00 PM,Northern California,The Hook,3-5,4-5,,,Online Cam,Garrett,
1/29/2026,7:00:00 AM,Northern California,Pleasure Point Jacks,1-3,2-3,,,Online Cam,Garrett,
1/29/2026,5:00:00 PM,Northern California,Pleasure Point Jacks,3-5,3-4,,,Online Cam,Garrett,
1/29/2026,7:00:00 AM,Northern California,Pleasure Point First Peak,5-7,4-6,,,Online Cam,Garrett,
1/29/2026,5:00:00 PM,Northern California,Pleasure Point First Peak,5-7,6-8,,,Online Cam,Garrett,
1/29/2026,7:00:00 AM,Northern California,Pleasure Point Second Peak,4-6,4-6,,,Online Cam,Garrett,
1/29/2026,5:00:00 PM,Northern California,Pleasure Point Second Peak,5-7,6-8,,,Online Cam,Garrett,
1/29/2026,7:00:00 AM,Northern California,Pleasure Point Sewers,8,4-6,,,Online Cam,Garrett,
1/29/2026,5:00:00 PM,Northern California,Pleasure Point Sewers,9,6-8,,,Online Cam,Garrett,
1/29/2026,7:00:00 AM,Northern California,26th Ave,3-5,4-6,,,Online Cam,Garrett,
1/29/2026,5:00:00 PM,Northern California,26th Ave,7-9,8-10,,,Online Cam,Garrett,
1/29/2026,7:00:00 AM,Northern California,Cowells,0,1-2,,,Online Cam,Garrett,
1/29/2026,5:00:00 PM,Northern California,Cowells,1-3,2-3,,,Online Cam,Garrett,
1/29/2026,7:00:00 AM,Northern California,Steamer Lane Middle Peak,5-7,8-10,,,Online Cam,Garrett,
1/29/2026,5:00:00 PM,Northern California,Steamer Lane Middle Peak,8-12,8-12,,,Online Cam,Garrett,
1/29/2026,7:00:00 AM,Northern California,Steamer Lane Point,6-8,8-10,,,Online Cam,Garrett,
1/29/2026,5:00:00 PM,Northern California,Steamer Lane Point,5-7,8-12,,,Online Cam,Garrett,
1/29/2026,7:00:00 AM,Northern California,Steamer Lane Indicators,3-4,,,,Online Cam,Garrett,
1/29/2026,5:00:00 PM,Northern California,Steamer Lane Indicators,3-5,,,,Online Cam,Garrett,
1/29/2026,7:00:00 AM,Northern California,Mitchell's,2-3,3-4,,,Online Cam,Garrett,
1/29/2026,5:00:00 PM,Northern California,Mitchell's,5-6,6-8,,,Online Cam,Garrett,
2/1/2026,7:00:00 AM,Northern California,Manresa,8-9,4-6,,,Online Cam,Garrett,
2/1/2026,5:00:00 PM,Northern California,Manresa,5-8,5-7,,,Online Cam,Garrett,
2/1/2026,7:00:00 AM,Northern California,Capitola,1-2,1-2,,,Online Cam,Garrett,
2/1/2026,5:00:00 PM,Northern California,Capitola,2-3,1-2,,,Online Cam,Garrett,
2/1/2026,7:00:00 AM,Northern California,The Hook,0-1,2-3,,,Online Cam,Garrett,
2/1/2026,5:00:00 PM,Northern California,The Hook,2-4,2-3,,,Online Cam,Garrett,
2/1/2026,7:00:00 AM,Northern California,Pleasure Point Jacks,0-2,1-2,,,Online Cam,Garrett,
2/1/2026,5:00:00 PM,Northern California,Pleasure Point Jacks,2-4,2-3,,,Online Cam,Garrett,
2/1/2026,7:00:00 AM,Northern California,Pleasure Point First Peak,4-5,4-5,,,Online Cam,Garrett,
2/1/2026,5:00:00 PM,Northern California,Pleasure Point First Peak,5-6,4-6,,,Online Cam,Garrett,
2/1/2026,7:00:00 AM,Northern California,Pleasure Point Second Peak,3-5,4-5,,,Online Cam,Garrett,
2/1/2026,5:00:00 PM,Northern California,Pleasure Point Second Peak,3-5,4-6,,,Online Cam,Garrett,
2/1/2026,7:00:00 AM,Northern California,Pleasure Point Sewers,7,4-5,,,Online Cam,Garrett,
2/1/2026,5:00:00 PM,Northern California,Pleasure Point Sewers,8,4-6,,,Online Cam,Garrett,
2/1/2026,7:00:00 AM,Northern California,26th Ave,2-4,4-5,,,Online Cam,Garrett,
2/1/2026,5:00:00 PM,Northern California,26th Ave,5-8,5-7,,,Online Cam,Garrett,
2/1/2026,7:00:00 AM,Northern California,Cowells,0,1-2,,,Online Cam,Garrett,
2/1/2026,5:00:00 PM,Northern California,Cowells,1-3,1-2,,,Online Cam,Garrett,
2/1/2026,7:00:00 AM,Northern California,Steamer Lane Middle Peak,3-4,5-7,,,Online Cam,Garrett,
2/1/2026,5:00:00 PM,Northern California,Steamer Lane Middle Peak,6-8,8-10,,,Online Cam,Garrett,
2/1/2026,7:00:00 AM,Northern California,Steamer Lane Point,5-7,5-7,,,Online Cam,Garrett,
2/1/2026,5:00:00 PM,Northern California,Steamer Lane Point,4-5,8-10,,,Online Cam,Garrett,
2/1/2026,7:00:00 AM,Northern California,Steamer Lane Indicators,2-3,,,,Online Cam,Garrett,
2/1/2026,5:00:00 PM,Northern California,Steamer Lane Indicators,3-4,,,,Online Cam,Garrett,
2/1/2026,7:00:00 AM,Northern California,Mitchell's,1-3,3-4,,,Online Cam,Garrett,
2/1/2026,5:00:00 PM,Northern California,Mitchell's,5-6,4-6,,,Online Cam,Garrett,
2/2/2026,7:00:00 AM,Northern California,Manresa,7-9,8-10,,,Online Cam,Garrett,
2/2/2026,5:00:00 PM,Northern California,Manresa,8-10,8-10,,,Online Cam,Garrett,
2/2/2026,7:00:00 AM,Northern California,Capitola,3-4,2-3,,,Online Cam,Garrett,
2/2/2026,5:00:00 PM,Northern California,Capitola,2-4,2-3,,,Online Cam,Garrett,
2/2/2026,7:00:00 AM,Northern California,The Hook,3-4,4-5,,,Online Cam,Garrett,
2/2/2026,5:00:00 PM,Northern California,The Hook,4-5,3-4,,,Online Cam,Garrett,
2/2/2026,7:00:00 AM,Northern California,Pleasure Point Jacks,3-4,3-4,,,Online Cam,Garrett,
2/2/2026,5:00:00 PM,Northern California,Pleasure Point Jacks,3-5,3-4,,,Online Cam,Garrett,
2/2/2026,7:00:00 AM,Northern California,Pleasure Point First Peak,6-8,6-8,,,Online Cam,Garrett,
2/2/2026,5:00:00 PM,Northern California,Pleasure Point First Peak,6-8,6-8,,,Online Cam,Garrett,
2/2/2026,7:00:00 AM,Northern California,Pleasure Point Second Peak,5-7,6-8,,,Online Cam,Garrett,
2/2/2026,5:00:00 PM,Northern California,Pleasure Point Second Peak,5-6,6-8,,,Online Cam,Garrett,
2/2/2026,7:00:00 AM,Northern California,Pleasure Point Sewers,10,6-8,,,Online Cam,Garrett,
2/2/2026,5:00:00 PM,Northern California,Pleasure Point Sewers,12,6-8,,,Online Cam,Garrett,
2/2/2026,7:00:00 AM,Northern California,26th Ave,6-8,8-10,,,Online Cam,Garrett,
2/2/2026,5:00:00 PM,Northern California,26th Ave,8-10,6-8,,,Online Cam,Garrett,
2/2/2026,7:00:00 AM,Northern California,Cowells,0,2-3,,,Online Cam,Garrett,
2/2/2026,5:00:00 PM,Northern California,Cowells,2-4,3-4,,,Online Cam,Garrett,
2/2/2026,7:00:00 AM,Northern California,Steamer Lane Middle Peak,10,10-15,,,Online Cam,Garrett,
2/2/2026,5:00:00 PM,Northern California,Steamer Lane Middle Peak,15,8-12,,,Online Cam,Garrett,
2/2/2026,7:00:00 AM,Northern California,Steamer Lane Point,6-8,10-15,,,Online Cam,Garrett,
2/2/2026,5:00:00 PM,Northern California,Steamer Lane Point,6-8,8-12,,,Online Cam,Garrett,
2/2/2026,7:00:00 AM,Northern California,Steamer Lane Indicators,3-5,,,,Online Cam,Garrett,
2/2/2026,5:00:00 PM,Northern California,Steamer Lane Indicators,4-5,,,,Online Cam,Garrett,
2/2/2026,7:00:00 AM,Northern California,Mitchell's,6-7,6-8,,,Online Cam,Garrett,
2/2/2026,5:00:00 PM,Northern California,Mitchell's,8-12,6-8,,,Online Cam,Garrett,
2/2/2026,7:00:00 AM,Northern California,Santa Maria,4-5,,,,Surfing,Garrett,
2/2/2026,7:00:00 AM,Northern California,Blacks,4-5,6-8,,,Standing on Beach,Garrett,
2/2/2026,7:00:00 AM,Northern California,Natural Bridges,3-5,8-12,,,Standing on Beach,Garrett,
2/2/2026,8:00:00 AM,Northern California,Ocean Beach South,8-10,15-18,,,Online Cam,Garrett,
2/2/2026,11:00:00 AM,Northern California,Ocean Beach South,8-12,15-18,,,Online Cam,Garrett,
2/2/2026,4:00:00 PM,Northern California,Ocean Beach South,8-12,10-15,,,Online Cam,Garrett,
2/2/2026,8:00:00 AM,Northern California,Ocean Beach Central,12-15,15-18,,,Online Cam,Garrett,
2/2/2026,11:00:00 AM,Northern California,Ocean Beach Central,10-15,10-15,,,Online Cam,Garrett,
2/2/2026,4:00:00 PM,Northern California,Ocean Beach Central,10-12,10-15,,,Online Cam,Garrett,
2/2/2026,8:00:00 AM,Northern California,Ocean Beach North,12-15,10-15,,,Online Cam,Garrett,
2/2/2026,11:00:00 AM,Northern California,Ocean Beach North,10-15,8-12,,,Online Cam,Garrett,
2/2/2026,4:00:00 PM,Northern California,Ocean Beach North,10-12,8-12,,,Online Cam,Garrett,
2/3/2026,8:00:00 AM,Northern California,Ocean Beach South,8-10,8-10,,,Online Cam,Garrett,
2/3/2026,11:00:00 AM,Northern California,Ocean Beach South,6-10,6-8,,,Online Cam,Garrett,
2/3/2026,4:00:00 PM,Northern California,Ocean Beach South,8-10,5-7,,,Online Cam,Garrett,
2/3/2026,8:00:00 AM,Northern California,Ocean Beach Central,8-10,8-10,,,Online Cam,Garrett,
2/3/2026,11:00:00 AM,Northern California,Ocean Beach Central,6-8,6-8,,,Online Cam,Garrett,
2/3/2026,4:00:00 PM,Northern California,Ocean Beach Central,8-10,4-6,,,Online Cam,Garrett,
2/3/2026,8:00:00 AM,Northern California,Ocean Beach North,8-10,6-8,,,Online Cam,Garrett,
2/3/2026,11:00:00 AM,Northern California,Ocean Beach North,6-8,5-7,,,Online Cam,Garrett,
2/3/2026,4:00:00 PM,Northern California,Ocean Beach North,5-8,4-6,,,Online Cam,Garrett,
2/4/2026,8:00:00 AM,Northern California,Ocean Beach South,7-10,4-6,,,Online Cam,Garrett,
2/4/2026,8:00:00 AM,Northern California,Ocean Beach Central,8-10,4-6,,,Online Cam,Garrett,
2/4/2026,8:00:00 AM,Northern California,Ocean Beach North,6-7,4-5,,,Online Cam,Garrett,
2/4/2026,7:00:00 AM,Northern California,Steamer Lane Middle Peak,3-5,4-5,,,Online Cam,Garrett,
2/4/2026,7:00:00 AM,Northern California,Steamer Lane Point,3-5,4-5,,,Online Cam,Garrett,
2/5/2026,8:00:00 AM,Northern California,Moss Landing,8-10,,,,Surfling,Garrett,Dunes (North of Jetty)
2/5/2026,7:00:00 AM,Northern California,Manresa,6-8,5-7,,,Online Cam,Garrett,
2/5/2026,5:00:00 PM,Northern California,Manresa,5-8,5-7,,,Online Cam,Garrett,
2/5/2026,7:00:00 AM,Northern California,Capitola,1-3,1-2,,,Online Cam,Garrett,
2/5/2026,5:00:00 PM,Northern California,Capitola,2-4,1-2,,,Online Cam,Garrett,
2/5/2026,7:00:00 AM,Northern California,Pleasure Point Jacks,3-4,2-3,,,Online Cam,Garrett,
2/5/2026,5:00:00 PM,Northern California,Pleasure Point Jacks,3-4,2-3,,,Online Cam,Garrett,
2/5/2026,7:00:00 AM,Northern California,Pleasure Point First Peak,8,4-6,,,Online Cam,Garrett,
2/5/2026,5:00:00 PM,Northern California,Pleasure Point First Peak,8,4-6,,,Online Cam,Garrett,
2/5/2026,7:00:00 AM,Northern California,Pleasure Point Second Peak,7,4-6,,,Online Cam,Garrett,
2/5/2026,5:00:00 PM,Northern California,Pleasure Point Second Peak,8,4-6,,,Online Cam,Garrett,
2/5/2026,7:00:00 AM,Northern California,Pleasure Point Sewers,10,4-6,,,Online Cam,Garrett,
2/5/2026,5:00:00 PM,Northern California,Pleasure Point Sewers,10,4-6,,,Online Cam,Garrett,
2/5/2026,7:00:00 AM,Northern California,26th Ave,7,8-10,,,Online Cam,Garrett,
2/5/2026,5:00:00 PM,Northern California,26th Ave,8,4-6,,,Online Cam,Garrett,
2/5/2026,7:00:00 AM,Northern California,Cowells,1-2,1-2,,,Online Cam,Garrett,
2/5/2026,5:00:00 PM,Northern California,Cowells,2-3,1-2,,,Online Cam,Garrett,
2/5/2026,7:00:00 AM,Northern California,Steamer Lane Middle Peak,10,8-10,,,Online Cam,Garrett,
2/5/2026,5:00:00 PM,Northern California,Steamer Lane Middle Peak,10,6-8,,,Online Cam,Garrett,
2/5/2026,7:00:00 AM,Northern California,Steamer Lane Point,7,8-10,,,Online Cam,Garrett,
2/5/2026,5:00:00 PM,Northern California,Steamer Lane Point,8,6-8,,,Online Cam,Garrett,
2/5/2026,7:00:00 AM,Northern California,Steamer Lane Indicators,3-4,,,,Online Cam,Garrett,
2/5/2026,5:00:00 PM,Northern California,Steamer Lane Indicators,3-5,,,,Online Cam,Garrett,
2/6/2026,9:00:00 AM,Northern California,Pleasure Point Jacks,3-5,3-4,,,Standing on Shore,Garrett,
2/6/2026,9:00:00 AM,Northern California,Pleasure Point First Peak,6-8,6-8,,,Standing on Shore,Garrett,
2/6/2026,9:00:00 AM,Northern California,Pleasure Point Second Peak,5-7,6-8,,,Standing on Shore,Garrett,
2/6/2026,9:00:00 AM,Northern California,Pleasure Point Sewers,10,6-8,,,Standing on Shore,Garrett,
2/6/2026,9:00:00 AM,Northern California,Pleasure Point Rockview,9,6-8,,,Standing on Shore,Garrett,
2/7/2026,3:00:00 PM,Northern California,Swift Street,4-6,4-5,,,Standing on Shore,Garrett,
2/7/2026,3:00:00 PM,Northern California,Natural Bridges,3-5,4-5,,,Surfing,Garrett,
2/8/2026,7:00:00 AM,Northern California,Waddell Creek Reef,6-8,4-6,,,Surfing,Garrett,
2/8/2026,7:00:00 AM,Northern California,Waddell Creek Beach,6-8,4-6,,,Standing on Shore,Garrett,
2/10/2026,10:30:00 AM,Northern California,Ocean Beach Central,8-12,8-12,,,Surfing,Garrett,
2/17/2026,8:00:00 AM,Northern California,Pleasure Point Jacks,2,1-2,,,Online Cam,Garrett,
2/17/2026,4:00:00 PM,Northern California,Pleasure Point Jacks,4,2-3,,,Online Cam,Garrett,
2/17/2026,4:00:00 PM,Northern California,Pleasure Point First Peak,5,5-7,,,Online Cam,Garrett,
2/17/2026,4:00:00 PM,Northern California,Pleasure Point Second Peak,4,5-7,,,Online Cam,Garrett,
2/17/2026,4:00:00 PM,Northern California,Pleasure Point Sewers,6,5-7,,,Online Cam,Garrett,
2/17/2026,4:00:00 PM,Northern California,26th Ave,5,6-8,,,Online Cam,Garrett,
2/17/2026,4:00:00 PM,Northern California,Cowells,2,2-3,,,Online Cam,Garrett,
2/17/2026,4:00:00 PM,Northern California,Steamer Lane Middle Peak,8,6-8,,,Online Cam,Garrett,
2/17/2026,4:00:00 PM,Northern California,Steamer Lane Point,6,6-8,,,Online Cam,Garrett,
2/17/2026,4:00:00 PM,Northern California,Steamer Lane Indicators,2,,,,Online Cam,Garrett,
2/17/2026,4:00:00 PM,Northern California,Mitchell's,5,6-8,,,Online Cam,Garrett,
2/18/2026,8:00:00 AM,Northern California,Pleasure Point Jacks,4,2-3,,,Online Cam,Garrett,
2/18/2026,8:00:00 AM,Northern California,Pleasure Point First Peak,7,6-8,,,Online Cam,Garrett,
2/18/2026,8:00:00 AM,Northern California,Pleasure Point Second Peak,7,6-8,,,Online Cam,Garrett,
2/18/2026,8:00:00 AM,Northern California,Pleasure Point Sewers,8,6-8,,,Online Cam,Garrett,
2/18/2026,8:00:00 AM,Northern California,26th Ave,6,6-8,,,Online Cam,Garrett,
2/18/2026,8:00:00 AM,Northern California,Cowells,0,2-3,,,Online Cam,Garrett,
2/18/2026,8:00:00 AM,Northern California,Steamer Lane Middle Peak,10,8-12,,,Online Cam,Garrett,
2/18/2026,8:00:00 AM,Northern California,Steamer Lane Point,6,8-12,,,Online Cam,Garrett,
2/18/2026,8:00:00 AM,Northern California,Steamer Lane Indicators,3,,,,Online Cam,Garrett,
2/18/2026,8:00:00 AM,Northern California,Mitchell's,5,6-8,,,Online Cam,Garrett,
2/19/2026,10:00:00 AM,Northern California,Manresa,6-8,8-10,,,Online Cam,Garrett,
2/19/2026,10:00:00 AM,Northern California,Capitola,2-3,1-2,,,Online Cam,Garrett,
2/19/2026,10:00:00 AM,Northern California,Pleasure Point Jacks,2-4,2-3,,,Online Cam,Garrett,
2/19/2026,10:00:00 AM,Northern California,Pleasure Point First Peak,4-6,5-7,,,Online Cam,Garrett,
2/19/2026,10:00:00 AM,Northern California,Pleasure Point Second Peak,4-6,5-7,,,Online Cam,Garrett,
2/19/2026,10:00:00 AM,Northern California,Pleasure Point Sewers,5-6,5-7,,,Online Cam,Garrett,
2/19/2026,10:00:00 AM,Northern California,26th Ave,4-6,6-8,,,Online Cam,Garrett,
2/19/2026,10:00:00 AM,Northern California,Cowells,0,1-2,,,Online Cam,Garrett,
2/19/2026,10:00:00 AM,Northern California,Steamer Lane Middle Peak,5-7,6-8,,,Online Cam,Garrett,
2/19/2026,10:00:00 AM,Northern California,Steamer Lane Point,4-5,6-8,,,Online Cam,Garrett,
2/19/2026,10:00:00 AM,Northern California,Steamer Lane Indicators,0,,,,Online Cam,Garrett,
2/19/2026,10:00:00 AM,Northern California,Mitchell's,3-4,5-7,,,Online Cam,Garrett,
2/20/2026,10:40:00 AM,Northern California,Pleasure Point First Peak,3-4,3-4,,,Online Cam,Garrett,
2/20/2026,10:40:00 AM,Northern California,Pleasure Point Second Peak,2-4,3-4,,,Online Cam,Garrett,
2/21/2026,1:00:00 PM,Northern California,Scott Creek,3-5,2-3,,,Standing on Shore,Garrett,
2/21/2026,1:00:00 PM,Northern California,Waddell Creek Beach,2-4,2-3,,,Standing on Shore,Garrett,
2/22/2026,1:45:00 PM,Northern California,Waddell Creek Beach,5-6,4-6,,,Standing on Shore,Garrett,
2/23/2026,7:00:00 AM,Northern California,Princeton Jetty,1-3,,,,Standing on Shore,Garrett,
2/23/2026,7:15:00 AM,Northern California,Montara,6-8,,,,Standing on Shore,Garrett,
2/23/2026,8:15:00 AM,Northern California,Waddell Creek Beach,4-5,4-6,,,Standing on Shore,Garrett,
2/23/2026,8:15:00 AM,Northern California,Waddell Creek Reef,5-6,4-6,,,Standing on Shore,Garrett,
2/25/2026,11:20:00 AM,Northern California,Pleasure Point First Peak,4,2-3,,,Standing on Shore,Garrett,
2/25/2026,11:20:00 AM,Northern California,Pleasure Point Sewers,4-5,2-3,,,Standing on Shore,Garrett,
2/25/2026,11:20:00 AM,Northern California,26th Ave,4,2-3,,,Standing on Shore,Garrett,
2/26/2026,8:45:00 AM,Northern California,Ocean Beach Central,3-5,2-3,,,Online Cam,Garrett,
2/25/2026,12:30:00 PM,Northern California,Ocean Beach Central,5-7,4-5,,,Online Cam,Garrett,
2/27/2026,7:45:00 AM,Northern California,Pleasure Point Sewers,2-3,1-2,,,Standing on Shore,Garrett,
2/27/2026,7:45:00 AM,Northern California,Pleasure Point First Peak,2,1-2,,,Standing on Shore,Garrett,
2/27/2026,7:45:00 AM,Northern California,Pleasure Point Second Peak,1,1-2,,,Standing on Shore,Garrett,
2/27/2026,7:56:00 AM,Northern California,Ocean Beach Central,2-3,2-3,,,Online Cam,Garrett,
2/27/2026,7:30:00 AM,Northern California,Ocean Beach North,2-3,2-3,,,Online Cam,Garrett,
3/7/2026,7:30:00 AM,Northern California,Swift Street,0-1,1-2,,,Standing on Shore,Garrett,
3/7/2026,7:30:00 AM,Northern California,Natural Bridges,1,2-3,,,Standing on Shore,Garrett,
3/7/2026,7:45:00 AM,Northern California,Four Mile,3-4,3-4,,,Standing on Shore,Garrett,
3/7/2026,7:45:00 AM,Northern California,Three Mile,3-4,,,,Standing on Shore,Garrett,
3/7/2026,8:00:00 AM,Northern California,Laguna Creek,3-4,,,,Standing on Shore,Garrett,
3/7/2026,8:20:00 AM,Northern California,Davenport Landing,3-4,3-4,,,Standing on Shore,Garrett,
3/7/2026,8:30:00 AM,Northern California,Scott Creek,3-5,4-5,,,Standing on Shore,Garrett,
3/7/2026,8:45:00 AM,Northern California,Waddell Creek Beach,3-4,4-5,,,Standing on Shore,Garrett,
3/7/2026,8:45:00 AM,Northern California,Waddell Creek Reef,2-4,4-5,,,Standing on Shore,Garrett,
3/7/2026,2:00:00 PM,Northern California,Pleasure Point First Peak,3-4,1-2,,,Standing on Shore,Garrett,
3/7/2026,2:00:00 PM,Northern California,Pleasure Point Second Peak,2-4,1-2,,,Standing on Shore,Garrett,
3/7/2026,2:00:00 PM,Northern California,Pleasure Point Sewers,2-4,1-2,,,Standing on Shore,Garrett,
3/11/2026,7:30:00 AM,Northern California,Pleasure Point Sewers,3-5,1-2,,,Online Cam,Garrett,
3/11/2026,8:00:00 AM,Northern California,Waddell Creek Reef,3-5,4-6,,,Standing on Shore,Garrett,
3/11/2026,8:10:00 AM,Northern California,Scott Creek,4-5,5-7,,,Standing on Shore,Garrett,
3/11/2026,10:00:00 AM,Northern California,Ocean Beach Central,5-6,,,,Standing on shore,Dean,
3/12/2026,8:25:00 AM,Northern California,Ocean Beach Central,4-5,,,,Standing on shore,Dean,
3/12/2026,8:25:00 AM,Northern California,Ocean Beach North,4-5,,,,Standing on shore,Dean,
3/12/2026,8:00:00 AM,Northern California,Manresa,3-4,3-4,,,Online Cam,Garrett,
3/12/2026,5:00:00 PM,Northern California,Manresa,3-4,3-4,,,Online Cam,Garrett,
3/12/2026,8:00:00 AM,Northern California,Capitola,1,1-2,,,Online Cam,Garrett,
3/12/2026,5:00:00 PM,Northern California,Capitola,2,0-1,,,Online Cam,Garrett,
3/12/2026,8:00:00 AM,Northern California,Pleasure Point Jacks,3-4,1-2,,,Online Cam,Garrett,
3/12/2026,5:00:00 PM,Northern California,Pleasure Point Jacks,4,1-2,,,Online Cam,Garrett,
3/12/2026,8:00:00 AM,Northern California,Pleasure Point First Peak,4-5,4-5,,,Online Cam,Garrett,
3/12/2026,5:00:00 PM,Northern California,Pleasure Point First Peak,4-5,4-5,,,Online Cam,Garrett,
3/12/2026,8:00:00 AM,Northern California,Pleasure Point Second Peak,3-5,4-5,,,Online Cam,Garrett,
3/12/2026,5:00:00 PM,Northern California,Pleasure Point Second Peak,3-5,4-5,,,Online Cam,Garrett,
3/12/2026,8:00:00 AM,Northern California,Pleasure Point Sewers,5-6,4-5,,,Online Cam,Garrett,
3/12/2026,5:00:00 PM,Northern California,Pleasure Point Sewers,6,4-5,,,Online Cam,Garrett,
3/12/2026,8:00:00 AM,Northern California,26th Ave,3-5,3-4,,,Online Cam,Garrett,
3/12/2026,5:00:00 PM,Northern California,26th Ave,4-6,3-4,,,Online Cam,Garrett,
3/12/2026,8:00:00 AM,Northern California,Cowells,0,0-1,,,Online Cam,Garrett,
3/12/2026,5:00:00 PM,Northern California,Cowells,2,0-1,,,Online Cam,Garrett,
3/12/2026,8:00:00 AM,Northern California,Steamer Lane Indicators,1,,,,Online Cam,Garrett,
3/12/2026,5:00:00 PM,Northern California,Steamer Lane Indicators,2-3,,,,Online Cam,Garrett,
3/12/2026,10:30:00 AM,Northern California,Steamer Lane Middle Peak,8-10,4-6,,,Online Cam,Garrett,
3/12/2026,5:00:00 PM,Northern California,Steamer Lane Middle Peak,10,4-5,,,Online Cam,Garrett,
3/12/2026,8:00:00 AM,Northern California,Steamer Lane Point,8-10,4-6,,,Online Cam,Garrett,
3/12/2026,5:00:00 PM,Northern California,Steamer Lane Point,8-10,4-5,,,Online Cam,Garrett,
3/12/2026,8:00:00 AM,Northern California,Mitchell's,4-5,4-5,,,Online Cam,Garrett,
3/12/2026,5:00:00 PM,Northern California,Mitchell's,4-6,4-5,,,Online Cam,Garrett,
3/12/2026,7:20:00 AM,Northern California,Steamer Lane Point,8-9,4-6,,,Online Cam,Garrett,
3/12/2026,7:25:00 AM,Northern California,Waddell Creek Beach,5-6,4-6,,,Standing on shore,Garrett,
3/12/2026,7:25:00 AM,Northern California,Waddell Creek Reef,6-7,4-6,,,Standing on shore,Garrett,
3/12/2026,7:40:00 AM,Northern California,Scott Creek,4-5,4-6,,,Standing on shore,Garrett,
3/12/2026,7:45:00 AM,Northern California,Davenport Landing,4-5,5-7,,,Standing on shore,Garrett,
3/12/2026,8:00:00 AM,Northern California,Laguna Creek,5-6,,,,Standing on shore,Garrett,
3/12/2026,8:25:00 AM,Northern California,Four Mile,5-7,3-4,,,Standing on shore,Garrett,
3/12/2026,3:00:00 PM,Northern California,Ano Nuevo,5-6,,,,Standing on shore,Garrett,
3/12/2026,3:45:00 PM,Northern California,Waddell Creek Beach,6-7,4-6,,,Standing on shore,Garrett,
3/12/2026,4:20:00 PM,Northern California,Four Mile,6-7,3-4,,,Standing on shore,Garrett,
3/13/2026,8:10:00 AM,Northern California,Steamer Lane Middle Peak,8-9,4-5,,,Online Cam,Garrett,
3/13/2026,8:10:00 AM,Northern California,Steamer Lane Point,8-9,4-5,,,Online Cam,Garrett,
3/14/2026,4:00:00 PM,Northern California,Waddell Creek Beach,5-7,4-5,,,Standing on shore,Garrett,
3/14/2026,10:30:00 AM,Northern California,Ocean Beach Central,2-3,3-4,,,Standing on shore,Dean,
3/15/2026,11:30:00 AM,Northern California,Ocean Beach Central,2-3,3-4,,,Standing on shore,Dean,
3/15/2026,12:50:00 PM,Northern California,Laguna Creek,4,,,,Standing on shore,Garrett,
3/15/2026,10:50:00 AM,Northern California,Waddell Creek Beach,3,3-4,,,Standing on shore,Garrett,
3/15/2026,11:00:00 AM,Northern California,Scott Creek,3-4,3-4,,,Standing on shore,Garrett,
3/15/2026,12:00:00 PM,Northern California,Four Mile,4,2-3,,,Standing on shore,Garrett,
3/15/2026,7:00:00 PM,Northern California,Pleasure Point First Peak,3,2-3,,,Standing on shore,Garrett,
3/15/2026,7:00:00 PM,Northern California,Pleasure Point Second Peak,2-3,2-3,,,Standing on shore,Garrett,
3/15/2026,7:00:00 PM,Northern California,The Hook,1-2,1-2,,,Standing on shore,Garrett,
3/16/2026,2:00:00 PM,Northern California,Ocean Beach Central,2-3,2-3,,,Standing on shore,Dean,
3/16/2026,2:15:00 PM,Northern California,Ocean Beach North,3-4,2-3,,,Standing on shore,Dean,
3/16/2026,10:37:00 AM,Northern California,The Hook,1-2,1-2,,,Standing on shore,Garrett,
3/16/2026,10:40:00 AM,Northern California,Jacks,0-1,1-2,,,Standing on shore,Garrett,
3/16/2026,10:40:00 AM,Northern California,Pleasure Point First Peak,2-3,2-3,,,Standing on shore,Garrett,
3/16/2026,10:40:00 AM,Northern California,Pleasure Point Second Peak,1-2,2-3,,,Standing on shore,Garrett,
3/16/2026,10:40:00 AM,Northern California,Pleasure Point Sewers,3-4,2-3,,,Standing on shore,Garrett,
3/16/2026,6:00:00 PM,Northern California,Santa Maria,2-3,,,,Standing on shore,Garrett,
3/16/2026,7:00:00 PM,Northern California,26th Ave,3-4,2-3,,,Standing on shore,Garrett,
3/17/2026,6:45:00 AM,Northern California,Waddell Creek Beach,3-4,3-4,,,Standing on shore,Garrett,
3/17/2026,6:45:00 AM,Northern California,Waddell Creek Reef,4-5,3-4,,,Standing on shore,Garrett,
3/17/2026,7:00:00 AM,Northern California,Scott Creek,2-3,3-4,,,Standing on shore,Garrett,
3/17/2026,7:10:00 AM,Northern California,Davenport Landing,3-4,4-5,,,Standing on shore,Garrett,
3/17/2026,7:20:00 AM,Northern California,Laguna Creek,2-3,,,,Standing on shore,Garrett,
3/17/2026,8:40:00 AM,Northern California,Waddell Creek Reef,3-5,3-4,,,Surfing,Garrett,
3/17/2026,12:00:00 PM,Northern California,Ocean Beach Central,2-3,2-3,,,Standing on shore,Dean,
3/17/2026,2:00:00 PM,Northern California,Ocean Beach North,2-3,3-4,,,Standing on shore,Dean,
3/17/2026,6:00:00 PM,Northern California,Steamer Lane Middle Peak,8-10,3-4,,,Online Cam,Garrett,
3/17/2026,6:00:00 PM,Northern California,Steamer Lane Point,6-8,3-4,,,Online Cam,Garrett,
3/17/2026,6:00:00 PM,Northern California,Mitchell's,3-5,3-4,,,Online Cam,Garrett,
3/20/2026,7:00:00 PM,Northern California,Pleasure Point Jacks,3,1-2,,,Surfing,Garrett,
3/20/2026,7:00:00 PM,Northern California,Pleasure Point First Peak,4-5,2-3,,,Surfing,Garrett,
3/20/2026,7:00:00 PM,Northern California,Pleasure Point Second Peak,3-5,2-3,,,Standing on shore,Garrett,
3/21/2026,10:00:00 AM,Northern California,Waddell Creek Reef,5,4-6,,,Surfing,Garrett,
3/21/2026,10:00:00 AM,Northern California,Waddell Creek Beach,4-5,4-6,,,Standing on shore,Garrett,
3/21/2026,11:00:00 AM,Northern California,Scott Creek,5,4-6,,,Standing on shore,Garrett,
3/21/2026,5:00:00 PM,Northern California,The Hook,2-3,1-2,,,Standing on shore,Garrett,
3/22/2026,7:00:00 AM,Northern California,Waddell Creek Reef,4,4-6,,,Surfing,Garrett,
3/22/2026,8:00:00 AM,Northern California,Scott Creek,5,4-6,,,Standing on shore,Garrett,
3/22/2026,8:15:00 AM,Northern California,Davenport Landing,4,4-5,,,Standing on shore,Garrett,
3/23/2026,8:30:00 AM,Northern California,Ocean Beach Central,4-5,3-4,,,Standing on shore,Dean,
3/23/2026,8:30:00 AM,Northern California,Ocean Beach North,3-4,2-3,,,Standing on shore,Dean,
3/23/2026,10:00:00 AM,Northern California,Pleasure Point First Peak,3-4,1-2,,,Surfing,Garrett,
3/23/2026,10:00:00 AM,Northern California,Pleasure Point Second Peak,2-3,1-2,,,Surfing,Garrett,
3/23/2026,10:00:00 AM,Northern California,Pleasure Point Sewers,3,1-2,,,Surfing,Garrett,
3/26/2026,6:45:00 AM,Northern California,Waddell Creek Reef,5-6,5-7,,,Standing on shore,Garrett,
3/26/2026,6:55:00 AM,Northern California,Scott Creek,5,6-8,,,Standing on shore,Garrett,
3/26/2026,7:00:00 AM,Northern California,Davenport Landing,4-5,5-7,,,Standing on shore,Garrett,
3/26/2026,7:30:00 AM,Northern California,Four Mile,3-4,4-5,,,Standing on shore,Garrett,
3/26/2026,7:00:00 AM,Northern California,26th Ave,1-3,3-4,,,Online Cam,Garrett,
3/26/2026,10:00:00 AM,Northern California,Pleasure Point First Peak,2-4,3-4,,,Online Cam,Garrett,
3/26/2026,10:00:00 AM,Northern California,Pleasure Point Second Peak,2-3,3-4,,,Online Cam,Garrett,
3/26/2026,10:00:00 AM,Northern California,Pleasure Point Sewers,3-4,3-4,,,Online Cam,Garrett,
3/27/2026,10:30:00 AM,Northern California,Waddell Creek Reef,4-5,4-6,,,Surfing,Garrett,
3/27/2026,10:30:00 AM,Northern California,Waddell Creek Beach,4,4-6,,,Surfing,Garrett,
3/27/2026,10:45:00 AM,Northern California,Davenport Landing,3-4,4-5,,,Standing on shore,Garrett,
3/26/2026,9:00:00 AM,Northern California,Ocean Beach North,4-5,4-6,,,Online Cam,Garrett,
3/26/2026,11:45:00 AM,Northern California,Ocean Beach North,4-5,4-5,,,Online Cam,Garrett,
3/27/2026,9:30:00 AM,Northern California,Ocean Beach North,4-5,3-4,,,Online Cam,Garrett,
3/27/2026,1:00:00 PM,Northern California,Ocean Beach North,4-5,3-4,,,Online Cam,Garrett,
3/25/2026,8:45:00 AM,Northern California,Ocean Beach North,4,2-3,,,Online Cam,Garrett,
3/24/2026,8:00:00 AM,Northern California,Ocean Beach North,5-6,3-4,,,Online Cam,Garrett,
3/24/2026,11:45:00 AM,Northern California,Ocean Beach North,5,3-4,,,Online Cam,Garrett,
3/23/2026,9:30:00 AM,Northern California,Ocean Beach North,3-5,2-3,,,Online Cam,Garrett,
4/17/2026,8:30:00 AM,Northern California,Ocean Beach North,2-3,3-4,,,Standing on shore,Dean,
4/17/2026,8:30:00 AM,Northern California,Ocean Beach Central ,3-4,3-4,,,Standing on shore,Dean,
4/18/2026,10:00:00 AM,Northern California,Ocean Beach North,2-3,2-3,,,Standing on shore,Dean,
4/18/2026,10:00:00 AM,Northern California,Ocean Beach Central ,2-3,2-3,,,Standing on shore,Dean,
4/19/2026,8:30:00 AM,Northern California,Ocean Beach North,2-3,1-2,,,Standing on shore,Dean,
4/19/2026,8:30:00 AM,Northern California,Ocean Beach Central ,1-2,1-2,,,Standing on shore,Dean,
4/19/2026,8:30:00 AM,Northern California,Ocean Beach South ,1-2,1-2,,,Online Cam,Dean,
4/17/2026,8:00:00 AM,Northern California,Manresa,1-3,3-4,,,Online Cam,Garrett,
4/17/2026,5:00:00 PM,Northern California,Manresa,1-3,2-3,,,Online Cam,Garrett,
4/17/2026,8:00:00 AM,Northern California,Capitola,0-1,0-1,,,Online Cam,Garrett,
4/17/2026,5:00:00 PM,Northern California,Capitola,0,0-1,,,Online Cam,Garrett,
4/17/2026,8:00:00 AM,Northern California,The Hook,1-2,1-2,,,Online Cam,Garrett,
4/17/2026,5:00:00 PM,Northern California,The Hook,0-2,1-2,,,Online Cam,Garrett,
4/17/2026,8:00:00 AM,Northern California,Pleasure Point Jacks,1-2,1-2,,,Online Cam,Garrett,
4/17/2026,5:00:00 PM,Northern California,Pleasure Point Jacks,1-2,0-1,,,Online Cam,Garrett,
4/17/2026,8:00:00 AM,Northern California,Pleasure Point First Peak,2-3,2-3,,,Online Cam,Garrett,
4/17/2026,5:00:00 PM,Northern California,Pleasure Point First Peak,2-3,2-3,,,Online Cam,Garrett,
4/17/2026,8:00:00 AM,Northern California,Pleasure Point Second Peak,2-3,2-3,,,Online Cam,Garrett,
4/17/2026,5:00:00 PM,Northern California,Pleasure Point Second Peak,2-3,2-3,,,Online Cam,Garrett,
4/17/2026,8:00:00 AM,Northern California,Pleasure Point Sewers,2-3,2-3,,,Online Cam,Garrett,
4/17/2026,5:00:00 PM,Northern California,Pleasure Point Sewers,2-3,2-3,,,Online Cam,Garrett,
4/17/2026,8:00:00 AM,Northern California,26th Ave,1-2,2-3,,,Online Cam,Garrett,
4/17/2026,5:00:00 PM,Northern California,26th Ave,0-1,2-3,,,Online Cam,Garrett,
4/17/2026,8:00:00 AM,Northern California,Cowells,0,0-1,,,Online Cam,Garrett,
4/17/2026,5:00:00 PM,Northern California,Cowells,0,0-1,,,Online Cam,Garrett,
4/17/2026,8:00:00 AM,Northern California,Steamer Lane Middle Peak,0,2-3,,,Online Cam,Garrett,
4/17/2026,5:00:00 PM,Northern California,Steamer Lane Middle Peak,0,2-3,,,Online Cam,Garrett,
4/17/2026,8:00:00 AM,Northern California,Steamer Lane Point,2-3,2-3,,,Online Cam,Garrett,
4/17/2026,5:00:00 PM,Northern California,Steamer Lane Point,2-3,2-3,,,Online Cam,Garrett,
4/17/2026,8:00:00 AM,Northern California,Steamer Lane Indicators,0,,,,Online Cam,Garrett,
4/17/2026,5:00:00 PM,Northern California,Steamer Lane Indicators,0,,,,Online Cam,Garrett,
4/17/2026,8:00:00 AM,Northern California,Mitchell's,1-2,2-3,,,Online Cam,Garrett,
4/17/2026,5:00:00 PM,Northern California,Mitchell's,2-3,2-3,,,Online Cam,Garrett,
4/18/2026,8:00:00 AM,Northern California,Manresa,1-2,2-3,,,Online Cam,Garrett,
4/18/2026,5:00:00 PM,Northern California,Manresa,1-2,1-2,,,Online Cam,Garrett,
4/18/2026,8:00:00 AM,Northern California,Capitola,0-1,0-1,,,Online Cam,Garrett,
4/18/2026,5:00:00 PM,Northern California,Capitola,0,0-1,,,Online Cam,Garrett,
4/18/2026,8:00:00 AM,Northern California,The Hook,1,1-2,,,Online Cam,Garrett,
4/18/2026,5:00:00 PM,Northern California,The Hook,0-1,0-1,,,Online Cam,Garrett,
4/18/2026,8:00:00 AM,Northern California,Pleasure Point Jacks,1-2,0-1,,,Online Cam,Garrett,
4/18/2026,5:00:00 PM,Northern California,Pleasure Point Jacks,1-2,0-1,,,Online Cam,Garrett,
4/18/2026,8:00:00 AM,Northern California,Pleasure Point First Peak,1-3,2-3,,,Online Cam,Garrett,
4/18/2026,5:00:00 PM,Northern California,Pleasure Point First Peak,1-3,1-2,,,Online Cam,Garrett,
4/18/2026,8:00:00 AM,Northern California,Pleasure Point Second Peak,1-3,2-3,,,Online Cam,Garrett,
4/18/2026,5:00:00 PM,Northern California,Pleasure Point Second Peak,1-3,1-2,,,Online Cam,Garrett,
4/18/2026,8:00:00 AM,Northern California,Pleasure Point Sewers,1-3,2-3,,,Online Cam,Garrett,
4/18/2026,5:00:00 PM,Northern California,Pleasure Point Sewers,1-3,1-2,,,Online Cam,Garrett,
4/18/2026,8:00:00 AM,Northern California,26th Ave,1-2,2-3,,,Online Cam,Garrett,
4/18/2026,5:00:00 PM,Northern California,26th Ave,0-1,1-2,,,Online Cam,Garrett,
4/18/2026,8:00:00 AM,Northern California,Cowells,0,0-1,,,Online Cam,Garrett,
4/18/2026,5:00:00 PM,Northern California,Cowells,0,0,,,Online Cam,Garrett,
4/18/2026,8:00:00 AM,Northern California,Steamer Lane Middle Peak,0,2-3,,,Online Cam,Garrett,
4/18/2026,5:00:00 PM,Northern California,Steamer Lane Middle Peak,0,1-2,,,Online Cam,Garrett,
4/18/2026,8:00:00 AM,Northern California,Steamer Lane Point,2-3,2-3,,,Online Cam,Garrett,
4/18/2026,5:00:00 PM,Northern California,Steamer Lane Point,2-3,1-2,,,Online Cam,Garrett,
4/18/2026,8:00:00 AM,Northern California,Steamer Lane Indicators,0,,,,Online Cam,Garrett,
4/18/2026,5:00:00 PM,Northern California,Steamer Lane Indicators,0-1,,,,Online Cam,Garrett,
4/18/2026,8:00:00 AM,Northern California,Mitchell's,1-2,2-3,,,Online Cam,Garrett,
4/18/2026,5:00:00 PM,Northern California,Mitchell's,1-2,1-2,,,Online Cam,Garrett,
4/19/2026,8:00:00 AM,Northern California,Manresa,0-1,1-2,,,Online Cam,Garrett,
4/19/2026,5:00:00 PM,Northern California,Manresa,0-1,1-2,,,Online Cam,Garrett,
4/19/2026,8:00:00 AM,Northern California,Capitola,0-1,0-1,,,Online Cam,Garrett,
4/19/2026,5:00:00 PM,Northern California,Capitola,0,0-1,,,Online Cam,Garrett,
4/19/2026,8:00:00 AM,Northern California,The Hook,1,0-1,,,Online Cam,Garrett,
4/19/2026,5:00:00 PM,Northern California,The Hook,0-1,1-2,,,Online Cam,Garrett,
4/19/2026,8:00:00 AM,Northern California,Pleasure Point Jacks,0-2,0-1,,,Online Cam,Garrett,
4/19/2026,5:00:00 PM,Northern California,Pleasure Point Jacks,0-2,0-1,,,Online Cam,Garrett,
4/19/2026,8:00:00 AM,Northern California,Pleasure Point First Peak,1-3,1-2,,,Online Cam,Garrett,
4/19/2026,5:00:00 PM,Northern California,Pleasure Point First Peak,1-3,1-2,,,Online Cam,Garrett,
4/19/2026,8:00:00 AM,Northern California,Pleasure Point Second Peak,1-3,1-2,,,Online Cam,Garrett,
4/19/2026,5:00:00 PM,Northern California,Pleasure Point Second Peak,1-3,1-2,,,Online Cam,Garrett,
4/19/2026,8:00:00 AM,Northern California,Pleasure Point Sewers,1,1-2,,,Online Cam,Garrett,
4/19/2026,5:00:00 PM,Northern California,Pleasure Point Sewers,1-2,1-2,,,Online Cam,Garrett,
4/19/2026,8:00:00 AM,Northern California,26th Ave,1-2,1-2,,,Online Cam,Garrett,
4/19/2026,5:00:00 PM,Northern California,26th Ave,0-1,1-2,,,Online Cam,Garrett,
4/19/2026,8:00:00 AM,Northern California,Cowells,0,0,,,Online Cam,Garrett,
4/19/2026,5:00:00 PM,Northern California,Cowells,0,0,,,Online Cam,Garrett,
4/19/2026,8:00:00 AM,Northern California,Steamer Lane Middle Peak,3-4,1-2,,,Online Cam,Garrett,
4/19/2026,5:00:00 PM,Northern California,Steamer Lane Middle Peak,0,1-2,,,Online Cam,Garrett,
4/19/2026,8:00:00 AM,Northern California,Steamer Lane Point,3-4,1-2,,,Online Cam,Garrett,
4/19/2026,5:00:00 PM,Northern California,Steamer Lane Point,2-4,1-2,,,Online Cam,Garrett,
4/19/2026,8:00:00 AM,Northern California,Steamer Lane Indicators,0,,,,Online Cam,Garrett,
4/19/2026,5:00:00 PM,Northern California,Steamer Lane Indicators,0,,,,Online Cam,Garrett,
4/19/2026,8:00:00 AM,Northern California,Mitchell's,2-3,1-2,,,Online Cam,Garrett,
4/19/2026,5:00:00 PM,Northern California,Mitchell's,1-2,1-2,,,Online Cam,Garrett,
4/21/2026,10:00:00 AM,Northern California,Cowells,1-2,1-2,,,Online Cam,Garrett,
4/21/2026,10:00:00 AM,Northern California,Steamer Lane Indicators,0-1,,,,Online Cam,Garrett,
4/23/2026,6:00:00 AM,Northern California,Waddell Creek Reef,3-5,3-4,,,Surfing,Garrett,
4/23/2026,6:00:00 AM,Northern California,Waddell Creek Beach,3-4,3-4,,,Surfing,Garrett,
4/23/2026,6:00:00 AM,Northern California,Scott Creek,3-5,3-4,,,Standing on shore,Garrett,
4/23/2026,7:30:00 AM,Northern California,Davenport Landing,3-4,3-4,,,Standing on shore,Garrett,
4/23/2026,9:00:00 AM,Northern California,Manresa,3-4,2-3,,,Online Cam,Garrett,
4/23/2026,5:00:00 PM,Northern California,Manresa,3-4,3-4,,,Online Cam,Garrett,
4/23/2026,9:00:00 AM,Northern California,Capitola,0-1,0-1,,,Online Cam,Garrett,
4/23/2026,5:00:00 PM,Northern California,Capitola,0-1,0-1,,,Online Cam,Garrett,
4/23/2026,9:00:00 AM,Northern California,The Hook,1-3,1-2,,,Online Cam,Garrett,
4/23/2026,5:00:00 PM,Northern California,The Hook,0-1,1-2,,,Online Cam,Garrett,
4/23/2026,9:00:00 AM,Northern California,Pleasure Point Jacks,1-3,1-2,,,Online Cam,Garrett,
4/23/2026,5:00:00 PM,Northern California,Pleasure Point Jacks,1-3,1-2,,,Online Cam,Garrett,
4/23/2026,9:00:00 AM,Northern California,Pleasure Point Second Peak,3-4,2-3,,,Online Cam,Garrett,
4/23/2026,5:00:00 PM,Northern California,Pleasure Point Second Peak,3-4,3-4,,,Online Cam,Garrett,
4/23/2026,9:00:00 AM,Northern California,Pleasure Point First Peak,3-5,2-3,,,Online Cam,Garrett,
4/23/2026,5:00:00 PM,Northern California,Pleasure Point First Peak,3-5,3-4,,,Online Cam,Garrett,
4/23/2026,9:00:00 AM,Northern California,Pleasure Point Sewers,3-5,2-3,,,Online Cam,Garrett,
4/23/2026,5:00:00 PM,Northern California,Pleasure Point Sewers,3-5,3-4,,,Online Cam,Garrett,
4/23/2026,9:00:00 AM,Northern California,26th Ave,3-4,2-3,,,Online Cam,Garrett,
4/23/2026,5:00:00 PM,Northern California,26th Ave,1-2,2-3,,,Online Cam,Garrett,
4/23/2026,9:00:00 AM,Northern California,Cowells,0-1,0-1,,,Online Cam,Garrett,
4/23/2026,5:00:00 PM,Northern California,Cowells,0-1,0-1,,,Online Cam,Garrett,
4/23/2026,9:00:00 AM,Northern California,Steamer Lane Middle Peak,4-6,4-5,,,Online Cam,Garrett,
4/23/2026,5:00:00 PM,Northern California,Steamer Lane Middle Peak,0,3-4,,,Online Cam,Garrett,
4/23/2026,9:00:00 AM,Northern California,Steamer Lane Point,4-6,4-5,,,Online Cam,Garrett,
4/23/2026,5:00:00 PM,Northern California,Steamer Lane Point,3-5,3-4,,,Online Cam,Garrett,
4/23/2026,9:00:00 AM,Northern California,Steamer Lane Indicators,1-2,,,,Online Cam,Garrett,
4/23/2026,5:00:00 PM,Northern California,Steamer Lane Indicators,0-1,,,,Online Cam,Garrett,
4/23/2026,9:00:00 AM,Northern California,Mitchell's,2-4,2-3,,,Online Cam,Garrett,
4/23/2026,5:00:00 PM,Northern California,Mitchell's,1-2,3-4,,,Online Cam,Garrett,
4/24/2026,7:00:00 AM,Northern California,Manresa,1-3,2-3,,,Online Cam,Garrett,
4/24/2026,5:00:00 PM,Northern California,Manresa,1-3,2-3,,,Online Cam,Garrett,
4/24/2026,7:00:00 AM,Northern California,Capitola,0-1,1-2,,,Online Cam,Garrett,
4/24/2026,5:00:00 PM,Northern California,Capitola,0-1,2-3,,,Online Cam,Garrett,
4/24/2026,7:00:00 AM,Northern California,The Hook,0-2,1-2,,,Online Cam,Garrett,
4/24/2026,5:00:00 PM,Northern California,The Hook,1-3,1-2,,,Online Cam,Garrett,
4/24/2026,7:00:00 AM,Northern California,Pleasure Point Jacks,1-3,2-3,,,Online Cam,Garrett,
4/24/2026,5:00:00 PM,Northern California,Pleasure Point Jacks,1-3,1-2,,,Online Cam,Garrett,
4/24/2026,7:00:00 AM,Northern California,Pleasure Point Second Peak,2-3,3-4,,,Online Cam,Garrett,
4/24/2026,5:00:00 PM,Northern California,Pleasure Point Second Peak,2-4,3-4,,,Online Cam,Garrett,
4/24/2026,7:00:00 AM,Northern California,Pleasure Point First Peak,3-4,3-4,,,Online Cam,Garrett,
4/24/2026,5:00:00 PM,Northern California,Pleasure Point First Peak,3-4,3-4,,,Online Cam,Garrett,
4/24/2026,7:00:00 AM,Northern California,Pleasure Point Sewers,3-4,3-4,,,Online Cam,Garrett,
4/24/2026,5:00:00 PM,Northern California,Pleasure Point Sewers,3-4,3-4,,,Online Cam,Garrett,
4/24/2026,7:00:00 AM,Northern California,26th Ave,1-2,2-3,,,Online Cam,Garrett,
4/24/2026,5:00:00 PM,Northern California,26th Ave,2-4,3-4,,,Online Cam,Garrett,
4/24/2026,7:00:00 AM,Northern California,Cowells,0,0-1,,,Online Cam,Garrett,
4/24/2026,5:00:00 PM,Northern California,Cowells,0,0-1,,,Online Cam,Garrett,
4/24/2026,7:00:00 AM,Northern California,Steamer Lane Middle Peak,0,3-4,,,Online Cam,Garrett,
4/24/2026,5:00:00 PM,Northern California,Steamer Lane Middle Peak,0,3-4,,,Online Cam,Garrett,
4/24/2026,7:00:00 AM,Northern California,Steamer Lane Point,3-4,3-4,,,Online Cam,Garrett,
4/24/2026,5:00:00 PM,Northern California,Steamer Lane Point,3-4,3-4,,,Online Cam,Garrett,
4/24/2026,7:00:00 AM,Northern California,Steamer Lane Indicators,0-1,,,,Online Cam,Garrett,
4/24/2026,5:00:00 PM,Northern California,Steamer Lane Indicators,0-1,,,,Online Cam,Garrett,
4/24/2026,7:00:00 AM,Northern California,Mitchell's,1-2,2-3,,,Online Cam,Garrett,
4/24/2026,10:00:00 AM,Northern California,Mitchell's,3-4,2-3,,,Online Cam,Garrett,
5/3/2026,7:30:00 AM,Northern California,Waddell Creek Reef,3-5,3-4,,,Standing on shore,Garrett,
5/3/2026,7:30:00 AM,Northern California,Waddell Creek Beach,3-4,3-4,,,Standing on shore,Garrett,
5/3/2026,7:30:00 AM,Northern California,Scott Creek,3-5,3-4,,,Standing on shore,Garrett,
5/4/2026,6:00:00 AM,Northern California,Waddell Creek Reef,3-4,4-5,,,Standing on shore,Garrett,
5/4/2026,6:00:00 AM,Northern California,Waddell Creek Beach,3-5,4-5,,,Standing on shore,Garrett,
5/4/2026,7:00:00 AM,Northern California,Scott Creek,4-5,4-5,,,Standing on shore,Garrett,
5/4/2026,7:15:00 AM,Northern California,Davenport Landing,4-5,4-6,,,Standing on shore,Garrett,
5/4/2026,7:30:00 AM,Northern California,Four Mile,3-4,4-5,,,Standing on shore,Garrett,
5/4/2026,7:45:00 AM,Northern California,Swift Street,3-4,4-5,,,Standing on shore,Garrett,
5/4/2026,7:45:00 AM,Northern California,Mitchell's,1-2,3-4,,,Standing on shore,Garrett,
5/4/2026,8:00:00 AM,Northern California,Steamer Lane Middle Peak,4-6,4-6,,,Standing on shore,Garrett,
5/4/2026,8:00:00 AM,Northern California,Steamer Lane Point,4-5,4-6,,,Standing on shore,Garrett,
5/4/2026,8:00:00 AM,Northern California,Steamer Lane Indicators,1-2,,,,Standing on shore,Garrett,
5/4/2026,11:00:00 AM,Northern California,Steamer Lane Middle Peak,6-7,5-7,,,Online Cam,Garrett,
5/4/2026,11:00:00 AM,Northern California,Steamer Lane Point,4-6,5-7,,,Online Cam,Garrett,
5/4/2026,11:00:00 AM,Northern California,Steamer Lane Indicators,2-4,,,,Online Cam,Garrett,
5/5/2026,9:00:00 AM,Northern California,Cowells,0.5,0.5,,,Online Cam,Garrett,
5/5/2026,9:00:00 AM,Northern California,Pleasure Point Privates,1,1.5,,,Online Cam,Garrett,
5/5/2026,9:00:00 AM,Northern California,Capitola,1,0.5,,,Online Cam,Garrett,
5/5/2026,9:00:00 AM,Northern California,Pleasure Point The Hook,1,1.5,,,Online Cam,Garrett,
5/5/2026,9:00:00 AM,Northern California,Pleasure Point Jacks,1.5,1.5,,,Online Cam,Garrett,
5/5/2026,9:00:00 AM,Northern California,Mitchell's,1.5,2.5,,,Online Cam,Garrett,
5/5/2026,9:00:00 AM,Northern California,Steamer Lane Indicators,1.5,,,,Online Cam,Garrett,
5/5/2026,9:00:00 AM,Northern California,Pacifica Linda Mar,2,1.5,,,Online Cam,Garrett,
5/5/2026,9:00:00 AM,Northern California,26th Ave,2.5,3.5,,,Online Cam,Garrett,
5/5/2026,9:00:00 AM,Northern California,Montara,3,2.5,,,Online Cam,Garrett,
5/5/2026,9:00:00 AM,Northern California,Manresa,3,3.5,,,Online Cam,Garrett,
5/5/2026,9:00:00 AM,Northern California,Pacifica Linda Mar North,3,2.5,,,Online Cam,Garrett,
5/5/2026,9:00:00 AM,Northern California,Ocean Beach South,3.5,4.5,,,Online Cam,Garrett,
5/5/2026,9:00:00 AM,Northern California,Pleasure Point Second Peak,3.5,3.5,,,Online Cam,Garrett,
5/5/2026,9:00:00 AM,Northern California,Pleasure Point Sewers,4,3.5,,,Online Cam,Garrett,
5/5/2026,9:00:00 AM,Northern California,Steamer Lane Middle Peak,4,3.5,,,Online Cam,Garrett,
5/5/2026,9:00:00 AM,Northern California,Steamer Lane Point,4,3.5,,,Online Cam,Garrett,
5/5/2026,9:00:00 AM,Northern California,Pleasure Point First Peak,4,3.5,,,Online Cam,Garrett,
5/5/2026,9:00:00 AM,Northern California,Ocean Beach North,4.5,3.5,,,Online Cam,Garrett,
5/5/2026,9:00:00 AM,Northern California,Ocean Beach Central,5,4.5,,,Online Cam,Garrett,
5/6/2026,6:00:00 AM,Northern California,Steamer Lane Middle Peak,0,2-3,,,Standing on shore,Garrett,
5/6/2026,6:00:00 AM,Northern California,Steamer Lane Point,1-2,2-3,,,Standing on shore,Garrett,
5/6/2026,6:00:00 AM,Northern California,Steamer Lane Indicators,0-1,,,,Standing on shore,Garrett,
5/6/2026,6:00:00 AM,Northern California,Mitchell's,0-1,2-3,,,Standing on shore,Garrett,
5/6/2026,6:00:00 AM,Northern California,Swift Street,0-1,3-4,,,Standing on shore,Garrett,
5/6/2026,6:00:00 AM,Northern California,Natural Bridges,1,2-3,,,Standing on shore,Garrett,
5/6/2026,6:00:00 AM,Northern California,Davenport Landing,2-3,3-4,,,Surfing,Garrett,
5/6/2026,7:00:00 AM,Northern California,Cowells,0.5,0.5,,,Online Cam,Garrett,
5/6/2026,7:00:00 AM,Northern California,Natural Bridges,1,,,,Online Cam,Garrett,
5/6/2026,7:00:00 AM,Northern California,Pleasure Point Sewers,3.5,2.5,,,Online Cam,Garrett,
5/6/2026,7:00:00 AM,Northern California,Steamer Lane Point,2.5,2.5,,,Online Cam,Garrett,
5/6/2026,7:00:00 AM,Northern California,Pleasure Point Privates,1,1.5,,,Online Cam,Garrett,
5/6/2026,7:00:00 AM,Northern California,Pacifica Linda Mar,1,0.5,,,Online Cam,Garrett,
5/6/2026,7:00:00 AM,Northern California,Pleasure Point First Peak,2.5,2.5,,,Online Cam,Garrett,
5/6/2026,7:00:00 AM,Northern California,Three Mile,2.5,3.5,,,Online Cam,Garrett,
5/6/2026,7:00:00 AM,Northern California,Ocean Beach North,3.5,2.5,,,Online Cam,Garrett,
5/6/2026,7:00:00 AM,Northern California,Four Mile,2.5,3.5,,,Online Cam,Garrett,
5/6/2026,7:00:00 AM,Northern California,Ocean Beach Central,3,2.5,,,Online Cam,Garrett,
5/6/2026,7:00:00 AM,Northern California,26th Ave,1.5,3.5,,,Online Cam,Garrett,
5/6/2026,7:00:00 AM,Northern California,Pleasure Point Second Peak,2.5,2.5,,,Online Cam,Garrett,
5/6/2026,7:00:00 AM,Northern California,Capitola,1,0.5,,,Online Cam,Garrett,
5/6/2026,7:00:00 AM,Northern California,Manresa,1.5,2.5,,,Online Cam,Garrett,
5/6/2026,7:00:00 AM,Northern California,Pleasure Point Jacks,1.5,1.5,,,Online Cam,Garrett,
5/6/2026,7:00:00 AM,Northern California,Pacifica Linda Mar North,2.5,1.5,,,Online Cam,Garrett,
5/6/2026,7:00:00 AM,Northern California,Ocean Beach South,2.5,3.5,,,Online Cam,Garrett,
5/6/2026,7:00:00 AM,Northern California,Pleasure Point The Hook,1,1.5,,,Online Cam,Garrett,
5/6/2026,7:00:00 AM,Northern California,Scott Creek,3,3.5,,,Online Cam,Garrett,
5/7/2026,11:30:00 AM,Northern California,26th Ave,3,2.5,,,Online Cam,Garrett,
5/7/2026,11:30:00 AM,Northern California,Capitola,1,0.5,,,Online Cam,Garrett,
5/7/2026,11:30:00 AM,Northern California,Cowells,0.5,0.5,,,Online Cam,Garrett,
5/7/2026,11:30:00 AM,Northern California,Manresa,2,2.5,,,Online Cam,Garrett,
5/7/2026,11:30:00 AM,Northern California,Mitchells,1,2.5,,,Online Cam,Garrett,
5/7/2026,11:30:00 AM,Northern California,Natural Bridges,1.5,2.5,,,Online Cam,Garrett,
5/7/2026,11:30:00 AM,Northern California,Ocean Beach Central,4,4.5,,,Online Cam,Garrett,
5/7/2026,11:30:00 AM,Northern California,Ocean Beach North,4,3.5,,,Online Cam,Garrett,
5/7/2026,11:30:00 AM,Northern California,Ocean Beach South,4,4.5,,,Online Cam,Garrett,
5/7/2026,11:30:00 AM,Northern California,Pacifica Linda Mar,2,1.5,,,Online Cam,Garrett,
5/7/2026,11:30:00 AM,Northern California,Pacifica Linda Mar North,2.5,3.5,,,Online Cam,Garrett,
5/7/2026,11:30:00 AM,Northern California,Pleasure Point First Peak,3.5,2.5,,,Online Cam,Garrett,
5/7/2026,11:30:00 AM,Northern California,Pleasure Point Jacks,1,1.5,,,Online Cam,Garrett,
5/7/2026,11:30:00 AM,Northern California,Pleasure Point Privates,1.5,1.5,,,Online Cam,Garrett,
5/7/2026,11:30:00 AM,Northern California,Pleasure Point Second Peak,2.5,2.5,,,Online Cam,Garrett,
5/7/2026,11:30:00 AM,Northern California,Pleasure Point Sewers,4,2.5,,,Online Cam,Garrett,
5/7/2026,11:30:00 AM,Northern California,Pleasure Point The Hook,1.5,1.5,,,Online Cam,Garrett,
5/7/2026,11:30:00 AM,Northern California,Steamer Lane Indicators,0.5,,,,Online Cam,Garrett,
5/7/2026,11:30:00 AM,Northern California,Steamer Lane Middle Peak,3.5,3.5,,,Online Cam,Garrett,
5/7/2026,11:30:00 AM,Northern California,Steamer Lane Point,3.5,3.5,,,Online Cam,Garrett,
5/7/2026,11:30:00 AM,Northern California,Wind and Sea,3,2.5,,,Online Cam,Garrett,
5/9/2026,9:00:00 AM,Northern California,Santa Maria,1,,,,Standing on shore,Garrett,
5/9/2026,9:30:00 AM,Northern California,26th Ave,1,2.5,,,Standing on shore,Garrett,
5/9/2026,9:30:00 AM,Northern California,Blacks,1,1.5,,,Online Cam,Garrett,
5/9/2026,9:30:00 AM,Northern California,Capitola,0.5,0.5,,,Online Cam,Garrett,
5/9/2026,9:30:00 AM,Northern California,Cowells,0.1,0.5,,,Online Cam,Garrett,
5/9/2026,9:30:00 AM,Northern California,Manresa,2,2.5,,,Online Cam,Garrett,
5/9/2026,9:30:00 AM,Northern California,Mitchells,0.5,1.5,,,Online Cam,Garrett,
5/9/2026,9:30:00 AM,Northern California,Ocean Beach Central,3.5,3.5,,,Online Cam,Garrett,
5/9/2026,9:30:00 AM,Northern California,Ocean Beach North,3,3.5,,,Online Cam,Garrett,
5/9/2026,9:30:00 AM,Northern California,Ocean Beach South,2,3.5,,,Online Cam,Garrett,
5/9/2026,9:30:00 AM,Northern California,Pacifica Linda Mar,1.5,1.5,,,Online Cam,Garrett,
5/9/2026,9:30:00 AM,Northern California,Pacifica Linda Mar North,2,2.5,,,Online Cam,Garrett,
5/9/2026,9:30:00 AM,Northern California,Pleasure Point First Peak,1,2.5,,,Standing on shore,Garrett,
5/9/2026,9:30:00 AM,Northern California,Pleasure Point Jacks,1,1.5,,,Standing on shore,Garrett,
5/9/2026,9:30:00 AM,Northern California,Pleasure Point Privates,0.5,0.5,,,Standing on shore,Garrett,
5/9/2026,9:30:00 AM,Northern California,Pleasure Point Rockview,1,1.5,,,Standing on shore,Garrett,
5/9/2026,9:30:00 AM,Northern California,Pleasure Point Second Peak,1,2.5,,,Standing on shore,Garrett,
5/9/2026,9:30:00 AM,Northern California,Pleasure Point Sewers,2.5,2.5,,,Standing on shore,Garrett,
5/9/2026,9:30:00 AM,Northern California,Pleasure Point The Hook,0.5,0.5,,,Standing on shore,Garrett,
5/9/2026,9:30:00 AM,Northern California,Steamer Lane Indicators,0.5,,,,Online Cam,Garrett,
5/9/2026,9:30:00 AM,Northern California,Steamer Lane Middle Peak,2.5,2.5,,,Online Cam,Garrett,
5/9/2026,9:30:00 AM,Northern California,Steamer Lane Point,2.5,2.5,,,Online Cam,Garrett,
5/9/2026,9:30:00 AM,Northern California,Swift Street,1,2.5,,,Online Cam,Garrett,
5/9/2026,9:30:00 AM,Northern California,Wind and Sea,1,1.5,,,Standing on shore,Garrett,
5/19/2026,8:00:00 AM,Northern California,Manresa,3.5,3.5,,,Online Cam,Garrett,
5/19/2026,2:00:00 PM,Northern California,Manresa,4.5,3.5,,,Online Cam,Garrett,
5/19/2026,6:30:00 PM,Northern California,Manresa,4,3.5,,,Online Cam,Garrett,
5/20/2026,8:00:00 AM,Northern California,Manresa,3.5,3.5,,,Online Cam,Garrett,
5/20/2026,2:00:00 PM,Northern California,Manresa,3.5,3.5,,,Online Cam,Garrett,
5/20/2026,6:30:00 PM,Northern California,Manresa,3.5,3.5,,,Online Cam,Garrett,
5/21/2026,9:30:00 AM,Northern California,Manresa,2.5,3.5,,,Online Cam,Garrett,
5/21/2026,2:00:00 PM,Northern California,Manresa,2.5,3.5,,,Online Cam,Garrett,
5/21/2026,6:30:00 PM,Northern California,Manresa,1.5,3.5,,,Online Cam,Garrett,
5/22/2026,8:00:00 AM,Northern California,Manresa,2,2.5,,,Online Cam,Garrett,
5/22/2026,2:00:00 PM,Northern California,Manresa,1.5,2.5,,,Online Cam,Garrett,
5/22/2026,6:30:00 PM,Northern California,Manresa,1,2.5,,,Online Cam,Garrett,
5/23/2026,8:00:00 AM,Northern California,Manresa,1,2.5,,,Online Cam,Garrett,
5/23/2026,2:00:00 PM,Northern California,Manresa,2,2.5,,,Online Cam,Garrett,
5/19/2026,8:00:00 AM,Northern California,Capitola,0.5,0.5,,,Online Cam,Garrett,
5/19/2026,2:00:00 PM,Northern California,Capitola,0.5,0.5,,,Online Cam,Garrett,
5/19/2026,6:30:00 PM,Northern California,Capitola,1,1.5,,,Online Cam,Garrett,
5/20/2026,8:00:00 AM,Northern California,Capitola,1,1.5,,,Online Cam,Garrett,
5/20/2026,2:00:00 PM,Northern California,Capitola,1,1.5,,,Online Cam,Garrett,
5/20/2026,6:30:00 PM,Northern California,Capitola,1.5,1.5,,,Online Cam,Garrett,
5/21/2026,9:30:00 AM,Northern California,Capitola,1,1.5,,,Online Cam,Garrett,
5/21/2026,2:00:00 PM,Northern California,Capitola,1,1.5,,,Online Cam,Garrett,
5/21/2026,6:30:00 PM,Northern California,Capitola,1,0.5,,,Online Cam,Garrett,
5/22/2026,8:00:00 AM,Northern California,Capitola,1,0.5,,,Online Cam,Garrett,
5/22/2026,2:00:00 PM,Northern California,Capitola,2,0.5,,,Online Cam,Garrett,
5/22/2026,6:30:00 PM,Northern California,Capitola,1.5,0.5,,,Online Cam,Garrett,
5/23/2026,8:00:00 AM,Northern California,Capitola,2,0.5,,,Online Cam,Garrett,
5/23/2026,2:00:00 PM,Northern California,Capitola,1.5,0.5,,,Online Cam,Garrett,
5/19/2026,8:00:00 AM,Northern California,Privates,1.5,1.5,,,Online Cam,Garrett,
5/19/2026,2:00:00 PM,Northern California,Privates,0.5,2.5,,,Online Cam,Garrett,
5/19/2026,6:30:00 PM,Northern California,Privates,0.5,2.5,,,Online Cam,Garrett,
5/20/2026,8:00:00 AM,Northern California,Privates,2,1.5,,,Online Cam,Garrett,
5/20/2026,2:00:00 PM,Northern California,Privates,2.5,2.5,,,Online Cam,Garrett,
5/20/2026,6:30:00 PM,Northern California,Privates,2.5,2.5,,,Online Cam,Garrett,
5/21/2026,8:00:00 AM,Northern California,Privates,2.5,1.5,,,Online Cam,Garrett,
5/21/2026,2:00:00 PM,Northern California,Privates,2.5,2.5,,,Online Cam,Garrett,
5/21/2026,6:30:00 PM,Northern California,Privates,3,2.5,,,Online Cam,Garrett,
5/22/2026,9:30:00 AM,Northern California,Privates,2,2.5,,,Online Cam,Garrett,
5/22/2026,2:00:00 PM,Northern California,Privates,2.5,1.5,,,Online Cam,Garrett,
5/22/2026,6:30:00 PM,Northern California,Privates,2.5,1.5,,,Online Cam,Garrett,
5/23/2026,8:00:00 AM,Northern California,Privates,1.5,1.5,,,Online Cam,Garrett,
5/23/2026,2:00:00 PM,Northern California,Privates,1.5,1.5,,,Online Cam,Garrett,
5/19/2026,8:00:00 AM,Northern California,Pleasure Point Jacks,0.5,1.5,,,Online Cam,Garrett,
5/19/2026,2:00:00 PM,Northern California,Pleasure Point Jacks,2,1.5,,,Online Cam,Garrett,
5/19/2026,6:30:00 PM,Northern California,Pleasure Point Jacks,1.5,1.5,,,Online Cam,Garrett,
5/20/2026,8:00:00 AM,Northern California,Pleasure Point Jacks,1,1.5,,,Online Cam,Garrett,
5/20/2026,2:00:00 PM,Northern California,Pleasure Point Jacks,1,1.5,,,Online Cam,Garrett,
5/20/2026,6:30:00 PM,Northern California,Pleasure Point Jacks,1,1.5,,,Online Cam,Garrett,
5/21/2026,8:00:00 AM,Northern California,Pleasure Point Jacks,1,1.5,,,Online Cam,Garrett,
5/21/2026,2:00:00 PM,Northern California,Pleasure Point Jacks,1.5,1.5,,,Online Cam,Garrett,
5/21/2026,6:30:00 PM,Northern California,Pleasure Point Jacks,2,1.5,,,Online Cam,Garrett,
5/22/2026,9:30:00 AM,Northern California,Pleasure Point Jacks,1,1.5,,,Online Cam,Garrett,
5/22/2026,2:00:00 PM,Northern California,Pleasure Point Jacks,2,1.5,,,Online Cam,Garrett,
5/22/2026,6:30:00 PM,Northern California,Pleasure Point Jacks,2,1.5,,,Online Cam,Garrett,
5/23/2026,8:00:00 AM,Northern California,Pleasure Point Jacks,1.5,1.5,,,Online Cam,Garrett,
5/23/2026,2:00:00 PM,Northern California,Pleasure Point Jacks,2,1.5,,,Online Cam,Garrett,
5/19/2026,8:00:00 AM,Northern California,Pleasure Point Second Peak,2,2.5,,,Online Cam,Garrett,
5/19/2026,8:00:00 AM,Northern California,Pleasure Point First Peak,2,2.5,,,Online Cam,Garrett,
5/19/2026,8:00:00 AM,Northern California,Pleasure Point Sewers,3,2.5,,,Online Cam,Garrett,
5/19/2026,2:00:00 PM,Northern California,Pleasure Point Second Peak,4,3.5,,,Online Cam,Garrett,
5/19/2026,2:00:00 PM,Northern California,Pleasure Point First Peak,4,3.5,,,Online Cam,Garrett,
5/19/2026,2:00:00 PM,Northern California,Pleasure Point Sewers,4.5,3.5,,,Online Cam,Garrett,
5/19/2026,6:30:00 PM,Northern California,Pleasure Point Second Peak,3.5,3.5,,,Online Cam,Garrett,
5/19/2026,6:30:00 PM,Northern California,Pleasure Point First Peak,3.5,3.5,,,Online Cam,Garrett,
5/19/2026,6:30:00 PM,Northern California,Pleasure Point Sewers,4,3.5,,,Online Cam,Garrett,
5/20/2026,8:00:00 AM,Northern California,Pleasure Point Second Peak,2.5,3.5,,,Online Cam,Garrett,
5/20/2026,8:00:00 AM,Northern California,Pleasure Point First Peak,2.5,3.5,,,Online Cam,Garrett,
5/20/2026,8:00:00 AM,Northern California,Pleasure Point Sewers,3.5,3.5,,,Online Cam,Garrett,
5/20/2026,2:00:00 PM,Northern California,Pleasure Point Second Peak,3,3.5,,,Online Cam,Garrett,
5/20/2026,2:00:00 PM,Northern California,Pleasure Point First Peak,3,3.5,,,Online Cam,Garrett,
5/20/2026,2:00:00 PM,Northern California,Pleasure Point Sewers,3.5,3.5,,,Online Cam,Garrett,
5/20/2026,6:30:00 PM,Northern California,Pleasure Point Second Peak,3,3.5,,,Online Cam,Garrett,
5/20/2026,6:30:00 PM,Northern California,Pleasure Point First Peak,3,3.5,,,Online Cam,Garrett,
5/20/2026,6:30:00 PM,Northern California,Pleasure Point Sewers,3,2.5,,,Online Cam,Garrett,
5/21/2026,8:00:00 AM,Northern California,Pleasure Point Second Peak,1.5,2.5,,,Online Cam,Garrett,
5/21/2026,8:00:00 AM,Northern California,Pleasure Point First Peak,2,2.5,,,Online Cam,Garrett,
5/21/2026,8:00:00 AM,Northern California,Pleasure Point Sewers,2.5,2.5,,,Online Cam,Garrett,
5/21/2026,2:00:00 PM,Northern California,Pleasure Point Second Peak,2.5,2.5,,,Online Cam,Garrett,
5/21/2026,2:00:00 PM,Northern California,Pleasure Point First Peak,3,2.5,,,Online Cam,Garrett,
5/21/2026,2:00:00 PM,Northern California,Pleasure Point Sewers,3,2.5,,,Online Cam,Garrett,
5/21/2026,6:30:00 PM,Northern California,Pleasure Point Second Peak,2.5,2.5,,,Online Cam,Garrett,
5/21/2026,6:30:00 PM,Northern California,Pleasure Point First Peak,2.5,2.5,,,Online Cam,Garrett,
5/21/2026,6:30:00 PM,Northern California,Pleasure Point Sewers,3,2.5,,,Online Cam,Garrett,
5/22/2026,8:00:00 AM,Northern California,Pleasure Point Second Peak,1.5,2.5,,,Online Cam,Garrett,
5/22/2026,8:00:00 AM,Northern California,Pleasure Point First Peak,2,2.5,,,Online Cam,Garrett,
5/22/2026,8:00:00 AM,Northern California,Pleasure Point Sewers,2.5,2.5,,,Online Cam,Garrett,
5/22/2026,2:00:00 PM,Northern California,Pleasure Point Second Peak,2,2.5,,,Online Cam,Garrett,
5/22/2026,2:00:00 PM,Northern California,Pleasure Point First Peak,2.5,2.5,,,Online Cam,Garrett,
5/22/2026,2:00:00 PM,Northern California,Pleasure Point Sewers,3,2.5,,,Online Cam,Garrett,
5/22/2026,6:30:00 PM,Northern California,Pleasure Point Second Peak,2.5,2.5,,,Online Cam,Garrett,
5/22/2026,6:30:00 PM,Northern California,Pleasure Point First Peak,2.5,2.5,,,Online Cam,Garrett,
5/22/2026,6:30:00 PM,Northern California,Pleasure Point Sewers,3,2.5,,,Online Cam,Garrett,
5/23/2026,8:00:00 AM,Northern California,Pleasure Point Second Peak,2.5,2.5,,,Online Cam,Garrett,
5/23/2026,8:00:00 AM,Northern California,Pleasure Point First Peak,2.5,2.5,,,Online Cam,Garrett,
5/23/2026,8:00:00 AM,Northern California,Pleasure Point Sewers,3,2.5,,,Online Cam,Garrett,
5/23/2026,2:00:00 PM,Northern California,Pleasure Point Second Peak,1.5,2.5,,,Online Cam,Garrett,
5/23/2026,2:00:00 PM,Northern California,Pleasure Point First Peak,1.5,2.5,,,Online Cam,Garrett,
5/23/2026,2:00:00 PM,Northern California,Pleasure Point Sewers,2.5,2.5,,,Online Cam,Garrett,
5/19/2026,8:00:00 AM,Northern California,26th Ave,2.5,2.5,,,Online Cam,Garrett,
5/19/2026,2:00:00 PM,Northern California,26th Ave,1,3.5,,,Online Cam,Garrett,
5/19/2026,6:30:00 PM,Northern California,26th Ave,2,3.5,,,Online Cam,Garrett,
5/20/2026,8:00:00 AM,Northern California,26th Ave,2,3.5,,,Online Cam,Garrett,
5/20/2026,2:00:00 PM,Northern California,26th Ave,1,3.5,,,Online Cam,Garrett,
5/20/2026,6:30:00 PM,Northern California,26th Ave,2,4.5,,,Online Cam,Garrett,
5/21/2026,8:00:00 AM,Northern California,26th Ave,2.5,3.5,,,Online Cam,Garrett,
5/21/2026,2:00:00 PM,Northern California,26th Ave,2.5,3.5,,,Online Cam,Garrett,
5/21/2026,6:30:00 PM,Northern California,26th Ave,2,3.5,,,Online Cam,Garrett,
5/22/2026,8:00:00 AM,Northern California,26th Ave,1.5,3.5,,,Online Cam,Garrett,
5/22/2026,2:00:00 PM,Northern California,26th Ave,3,3.5,,,Online Cam,Garrett,
5/22/2026,6:30:00 PM,Northern California,26th Ave,2,2.5,,,Online Cam,Garrett,
5/23/2026,8:00:00 AM,Northern California,26th Ave,2.5,2.5,,,Online Cam,Garrett,
5/23/2026,2:00:00 PM,Northern California,26th Ave,2.5,2.5,,,Online Cam,Garrett,
5/19/2026,8:00:00 AM,Northern California,Cowells,0.5,0.5,,,Online Cam,Garrett,
5/19/2026,2:00:00 PM,Northern California,Cowells,0,0.5,,,Online Cam,Garrett,
5/19/2026,6:30:00 PM,Northern California,Cowells,0,0.5,,,Online Cam,Garrett,
5/20/2026,8:00:00 AM,Northern California,Cowells,0.5,0.5,,,Online Cam,Garrett,
5/20/2026,2:00:00 PM,Northern California,Cowells,0,0.5,,,Online Cam,Garrett,
5/20/2026,6:30:00 PM,Northern California,Cowells,0,0.5,,,Online Cam,Garrett,
5/21/2026,2:00:00 PM,Northern California,Cowells,0.5,0.5,,,Online Cam,Garrett,
5/21/2026,6:30:00 PM,Northern California,Cowells,0,0.5,,,Online Cam,Garrett,
5/22/2026,8:00:00 AM,Northern California,Cowells,0,0.5,,,Online Cam,Garrett,
5/22/2026,2:00:00 PM,Northern California,Cowells,0,0.5,,,Online Cam,Garrett,
5/22/2026,6:30:00 PM,Northern California,Cowells,0,0.5,,,Online Cam,Garrett,
5/23/2026,8:00:00 AM,Northern California,Cowells,0,0.5,,,Online Cam,Garrett,
5/23/2026,2:00:00 PM,Northern California,Cowells,0,0.5,,,Online Cam,Garrett,
5/19/2026,8:00:00 AM,Northern California,Steamer Lane Indicators,1,,,,Online Cam,Garrett,
5/19/2026,8:00:00 AM,Northern California,Steamer Lane Middle Peak,3.5,3.5,,,Online Cam,Garrett,
5/19/2026,8:00:00 AM,Northern California,Steamer Lane Point,3,3.5,,,Online Cam,Garrett,
5/19/2026,2:00:00 PM,Northern California,Steamer Lane Indicators,1.5,,,,Online Cam,Garrett,
5/19/2026,2:00:00 PM,Northern California,Steamer Lane Middle Peak,4.5,3.5,,,Online Cam,Garrett,
5/19/2026,2:00:00 PM,Northern California,Steamer Lane Point,3,3.5,,,Online Cam,Garrett,
5/19/2026,6:30:00 PM,Northern California,Steamer Lane Indicators,1.5,,,,Online Cam,Garrett,
5/19/2026,6:30:00 PM,Northern California,Steamer Lane Middle Peak,3.5,4.5,,,Online Cam,Garrett,
5/19/2026,6:30:00 PM,Northern California,Steamer Lane Point,3,4.5,,,Online Cam,Garrett,
5/20/2026,8:00:00 AM,Northern California,Steamer Lane Indicators,1.5,,,,Online Cam,Garrett,
5/20/2026,8:00:00 AM,Northern California,Steamer Lane Middle Peak,2,4.5,,,Online Cam,Garrett,
5/20/2026,8:00:00 AM,Northern California,Steamer Lane Point,3,4.5,,,Online Cam,Garrett,
5/20/2026,2:00:00 PM,Northern California,Steamer Lane Indicators,1,,,,Online Cam,Garrett,
5/20/2026,2:00:00 PM,Northern California,Steamer Lane Middle Peak,0,3.5,,,Online Cam,Garrett,
5/20/2026,2:00:00 PM,Northern California,Steamer Lane Point,1.5,3.5,,,Online Cam,Garrett,
5/20/2026,6:30:00 PM,Northern California,Steamer Lane Indicators,1,,,,Online Cam,Garrett,
5/20/2026,6:30:00 PM,Northern California,Steamer Lane Middle Peak,3,3.5,,,Online Cam,Garrett,
5/20/2026,6:30:00 PM,Northern California,Steamer Lane Point,2.5,3.5,,,Online Cam,Garrett,
5/21/2026,8:00:00 AM,Northern California,Steamer Lane Indicators,0.5,,,,Online Cam,Garrett,
5/21/2026,8:00:00 AM,Northern California,Steamer Lane Middle Peak,2,3.5,,,Online Cam,Garrett,
5/21/2026,8:00:00 AM,Northern California,Steamer Lane Point,1,3.5,,,Online Cam,Garrett,
5/21/2026,2:00:00 PM,Northern California,Steamer Lane Indicators,1,,,,Online Cam,Garrett,
5/21/2026,2:00:00 PM,Northern California,Steamer Lane Middle Peak,2.5,2.5,,,Online Cam,Garrett,
5/21/2026,2:00:00 PM,Northern California,Steamer Lane Point,2,2.5,,,Online Cam,Garrett,
5/21/2026,6:30:00 PM,Northern California,Steamer Lane Indicators,1.5,,,,Online Cam,Garrett,
5/21/2026,6:30:00 PM,Northern California,Steamer Lane Middle Peak,0,2.5,,,Online Cam,Garrett,
5/21/2026,6:30:00 PM,Northern California,Steamer Lane Point,4,2.5,,,Online Cam,Garrett,
5/22/2026,8:00:00 AM,Northern California,Steamer Lane Indicators,1.5,,,,Online Cam,Garrett,
5/22/2026,8:00:00 AM,Northern California,Steamer Lane Middle Peak,3,2.5,,,Online Cam,Garrett,
5/22/2026,8:00:00 AM,Northern California,Steamer Lane Point,3.5,2.5,,,Online Cam,Garrett,
5/22/2026,2:00:00 PM,Northern California,Steamer Lane Indicators,1,,,,Online Cam,Garrett,
5/22/2026,2:00:00 PM,Northern California,Steamer Lane Middle Peak,0,2.5,,,Online Cam,Garrett,
5/22/2026,2:00:00 PM,Northern California,Steamer Lane Point,2.5,2.5,,,Online Cam,Garrett,
5/22/2026,6:30:00 PM,Northern California,Steamer Lane Indicators,1,,,,Online Cam,Garrett,
5/22/2026,6:30:00 PM,Northern California,Steamer Lane Middle Peak,0,2.5,,,Online Cam,Garrett,
5/22/2026,6:30:00 PM,Northern California,Steamer Lane Point,2.5,2.5,,,Online Cam,Garrett,
5/23/2026,8:00:00 AM,Northern California,Steamer Lane Indicators,1,,,,Online Cam,Garrett,
5/23/2026,8:00:00 AM,Northern California,Steamer Lane Middle Peak,2,2.5,,,Online Cam,Garrett,
5/23/2026,8:00:00 AM,Northern California,Steamer Lane Point,3,2.5,,,Online Cam,Garrett,
5/23/2026,2:00:00 PM,Northern California,Steamer Lane Indicators,2.5,,,,Online Cam,Garrett,
5/23/2026,2:00:00 PM,Northern California,Steamer Lane Middle Peak,2.5,2.5,,,Online Cam,Garrett,
5/23/2026,2:00:00 PM,Northern California,Steamer Lane Point,2.5,2.5,,,Online Cam,Garrett,
5/19/2026,8:00:00 AM,Northern California,Mitchell's,1,2.5,,,Online Cam,Garrett,
5/19/2026,2:00:00 PM,Northern California,Mitchell's,0.5,2.5,,,Online Cam,Garrett,
5/19/2026,6:30:00 PM,Northern California,Mitchell's,1,3.5,,,Online Cam,Garrett,
5/20/2026,8:00:00 AM,Northern California,Mitchell's,1,3.5,,,Online Cam,Garrett,
5/20/2026,2:00:00 PM,Northern California,Mitchell's,0.5,3.5,,,Online Cam,Garrett,
5/20/2026,6:30:00 PM,Northern California,Mitchell's,1.5,3.5,,,Online Cam,Garrett,
5/21/2026,10:00:00 AM,Northern California,Mitchell's,1,3.5,,,Online Cam,Garrett,
5/21/2026,2:00:00 PM,Northern California,Mitchell's,1.5,2.5,,,Online Cam,Garrett,
5/21/2026,6:30:00 PM,Northern California,Mitchell's,1,2.5,,,Online Cam,Garrett,
5/22/2026,8:00:00 AM,Northern California,Mitchell's,1,3.5,,,Online Cam,Garrett,
5/22/2026,2:00:00 PM,Northern California,Mitchell's,1,3.5,,,Online Cam,Garrett,
5/22/2026,6:30:00 PM,Northern California,Mitchell's,0.5,2.5,,,Online Cam,Garrett,
5/23/2026,8:00:00 AM,Northern California,Mitchell's,1,2.5,,,Online Cam,Garrett,
5/23/2026,2:00:00 PM,Northern California,Mitchell's,0.5,2.5,,,Online Cam,Garrett,
5/24/2026,7:00:00 PM,Northern California,Waddell Creek Beach,3.5,,,,Standing on shore,Garrett,
5/24/2026,7:00:00 PM,Northern California,Waddell Creek Reef,4,,,,Standing on shore,Garrett,
5/24/2026,7:00:00 PM,Northern California,Scott Creek,4.5,,,,Standing on shore,Garrett,
5/24/2026,7:30:00 PM,Northern California,Swift Street,3,,,,Standing on shore,Garrett,
5/24/2026,7:30:00 PM,Northern California,Mitchell's,2.5,,,,Standing on shore,Garrett,
5/25/2026,6:00:00 AM,Northern California,Waddell Creek Beach,3.5,,,,Standing on shore,Garrett,
5/25/2026,6:00:00 AM,Northern California,Waddell Creek Reef,4,,,,Standing on shore,Garrett,
5/25/2026,6:00:00 AM,Northern California,Scott Creek,4.5,,,,Standing on shore,Garrett,
5/24/2026,8:00:00 AM,Northern California,Manresa,1,,,,Online Cam,Garrett,
5/24/2026,2:00:00 PM,Northern California,Manresa,2,,,,Online Cam,Garrett,
5/24/2026,6:30:00 PM,Northern California,Manresa,3,,,,Online Cam,Garrett,
5/25/2026,8:00:00 AM,Northern California,Manresa,5,,,,Online Cam,Garrett,
5/25/2026,2:00:00 PM,Northern California,Manresa,5,,,,Online Cam,Garrett,CDIP Obs > CDIP Forecast
5/25/2026,6:30:00 PM,Northern California,Manresa,4,,,,Online Cam,Garrett,CDIP Obs > CDIP Forecast
5/26/2026,8:00:00 AM,Northern California,Manresa,4,,,,Online Cam,Garrett,CDIP Obs > CDIP Forecast
5/26/2026,2:00:00 PM,Northern California,Manresa,5,,,,Online Cam,Garrett,CDIP Obs > CDIP Forecast
5/26/2026,6:30:00 PM,Northern California,Manresa,6,,,,Online Cam,Garrett,CDIP Obs > CDIP Forecast
5/27/2026,8:00:00 AM,Northern California,Manresa,7,,,,Online Cam,Garrett,CDIP Obs > CDIP Forecast
5/27/2026,2:00:00 PM,Northern California,Manresa,6,,,,Online Cam,Garrett,CDIP Obs > CDIP Forecast
5/27/2026,6:30:00 PM,Northern California,Manresa,5,,,,Online Cam,Garrett,CDIP Obs > CDIP Forecast
5/24/2026,8:00:00 AM,Northern California,Capitola,1,,,,Online Cam,Garrett,
5/24/2026,2:00:00 PM,Northern California,Capitola,1.5,,,,Online Cam,Garrett,
5/24/2026,6:30:00 PM,Northern California,Capitola,2,,,,Online Cam,Garrett,
5/25/2026,8:00:00 AM,Northern California,Capitola,2,,,,Online Cam,Garrett,
5/25/2026,2:00:00 PM,Northern California,Capitola,3,,,,Online Cam,Garrett,CDIP Obs > CDIP Forecast
5/25/2026,6:30:00 PM,Northern California,Capitola,2,,,,Online Cam,Garrett,CDIP Obs > CDIP Forecast
5/26/2026,8:00:00 AM,Northern California,Capitola,2.5,,,,Online Cam,Garrett,CDIP Obs > CDIP Forecast
5/26/2026,2:00:00 PM,Northern California,Capitola,2.5,,,,Online Cam,Garrett,CDIP Obs > CDIP Forecast
5/26/2026,6:30:00 PM,Northern California,Capitola,1.5,,,,Online Cam,Garrett,CDIP Obs > CDIP Forecast
5/27/2026,8:00:00 AM,Northern California,Capitola,2,,,,Online Cam,Garrett,CDIP Obs > CDIP Forecast
5/27/2026,2:00:00 PM,Northern California,Capitola,2,,,,Online Cam,Garrett,CDIP Obs > CDIP Forecast
5/27/2026,6:30:00 PM,Northern California,Capitola,1,,,,Online Cam,Garrett,CDIP Obs > CDIP Forecast
5/24/2026,8:00:00 AM,Northern California,Privates,1.5,,,,Online Cam,Garrett,
5/24/2026,2:00:00 PM,Northern California,Privates,1.5,,,,Online Cam,Garrett,
5/24/2026,6:30:00 PM,Northern California,Privates,1,,,,Online Cam,Garrett,
5/25/2026,8:00:00 AM,Northern California,Privates,2,,,,Online Cam,Garrett,
5/25/2026,2:00:00 PM,Northern California,Privates,2.5,,,,Online Cam,Garrett,CDIP Obs > CDIP Forecast
5/25/2026,6:30:00 PM,Northern California,Privates,2,,,,Online Cam,Garrett,CDIP Obs > CDIP Forecast
5/26/2026,8:00:00 AM,Northern California,Privates,3,,,,Online Cam,Garrett,CDIP Obs > CDIP Forecast
5/26/2026,2:00:00 PM,Northern California,Privates,3,,,,Online Cam,Garrett,CDIP Obs > CDIP Forecast
5/26/2026,6:30:00 PM,Northern California,Privates,3,,,,Online Cam,Garrett,CDIP Obs > CDIP Forecast
5/27/2026,8:00:00 AM,Northern California,Privates,3,,,,Online Cam,Garrett,CDIP Obs > CDIP Forecast
5/27/2026,2:00:00 PM,Northern California,Privates,3,,,,Online Cam,Garrett,CDIP Obs > CDIP Forecast
5/27/2026,6:30:00 PM,Northern California,Privates,1,,,,Online Cam,Garrett,CDIP Obs > CDIP Forecast
5/24/2026,8:00:00 AM,Northern California,Pleasure Point Jacks,2,,,,Online Cam,Garrett,
5/24/2026,2:00:00 PM,Northern California,Pleasure Point Jacks,2.5,,,,Online Cam,Garrett,
5/24/2026,6:30:00 PM,Northern California,Pleasure Point Jacks,3,,,,Online Cam,Garrett,
5/25/2026,8:00:00 AM,Northern California,Pleasure Point Jacks,2.5,,,,Online Cam,Garrett,
5/25/2026,2:00:00 PM,Northern California,Pleasure Point Jacks,3,,,,Online Cam,Garrett,
5/25/2026,6:30:00 PM,Northern California,Pleasure Point Jacks,2.5,,,,Online Cam,Garrett,
5/26/2026,8:00:00 AM,Northern California,Pleasure Point Jacks,3,,,,Online Cam,Garrett,
5/26/2026,2:00:00 PM,Northern California,Pleasure Point Jacks,3,,,,Online Cam,Garrett,
5/26/2026,6:30:00 PM,Northern California,Pleasure Point Jacks,3.5,,,,Online Cam,Garrett,
5/27/2026,8:00:00 AM,Northern California,Pleasure Point Jacks,2.5,,,,Online Cam,Garrett,
5/27/2026,2:00:00 PM,Northern California,Pleasure Point Jacks,2.5,,,,Online Cam,Garrett,
5/27/2026,6:30:00 PM,Northern California,Pleasure Point Jacks,2,,,,Online Cam,Garrett,
5/24/2026,8:00:00 AM,Northern California,Pleasure Point Second Peak,2,,,,Online Cam,Garrett,
5/24/2026,8:00:00 AM,Northern California,Pleasure Point First Peak,2,,,,Online Cam,Garrett,
5/24/2026,8:00:00 AM,Northern California,Pleasure Point Sewers,2.5,,,,Online Cam,Garrett,
5/24/2026,2:00:00 PM,Northern California,Pleasure Point Second Peak,2.5,,,,Online Cam,Garrett,
5/24/2026,2:00:00 PM,Northern California,Pleasure Point First Peak,2.5,,,,Online Cam,Garrett,
5/24/2026,2:00:00 PM,Northern California,Pleasure Point Sewers,3,,,,Online Cam,Garrett,
5/24/2026,6:30:00 PM,Northern California,Pleasure Point Second Peak,3.5,,,,Online Cam,Garrett,
5/24/2026,6:30:00 PM,Northern California,Pleasure Point First Peak,3.5,,,,Online Cam,Garrett,
5/24/2026,6:30:00 PM,Northern California,Pleasure Point Sewers,4.5,,,,Online Cam,Garrett,
5/25/2026,8:00:00 AM,Northern California,Pleasure Point Second Peak,3.5,,,,Online Cam,Garrett,
5/25/2026,8:00:00 AM,Northern California,Pleasure Point First Peak,3.5,,,,Online Cam,Garrett,
5/25/2026,8:00:00 AM,Northern California,Pleasure Point Sewers,4,,,,Online Cam,Garrett,
5/25/2026,2:00:00 PM,Northern California,Pleasure Point Second Peak,4,,,,Online Cam,Garrett,CDIP Obs > CDIP Forecast
5/25/2026,2:00:00 PM,Northern California,Pleasure Point First Peak,4.5,,,,Online Cam,Garrett,CDIP Obs > CDIP Forecast
5/25/2026,2:00:00 PM,Northern California,Pleasure Point Sewers,4.5,,,,Online Cam,Garrett,CDIP Obs > CDIP Forecast
5/25/2026,6:30:00 PM,Northern California,Pleasure Point Second Peak,4,,,,Online Cam,Garrett,CDIP Obs > CDIP Forecast
5/25/2026,6:30:00 PM,Northern California,Pleasure Point First Peak,4.5,,,,Online Cam,Garrett,CDIP Obs > CDIP Forecast
5/25/2026,6:30:00 PM,Northern California,Pleasure Point Sewers,4.5,,,,Online Cam,Garrett,CDIP Obs > CDIP Forecast
5/26/2026,8:00:00 AM,Northern California,Pleasure Point Second Peak,3,,,,Online Cam,Garrett,CDIP Obs > CDIP Forecast
5/26/2026,8:00:00 AM,Northern California,Pleasure Point First Peak,4,,,,Online Cam,Garrett,CDIP Obs > CDIP Forecast
5/26/2026,8:00:00 AM,Northern California,Pleasure Point Sewers,5,,,,Online Cam,Garrett,CDIP Obs > CDIP Forecast
5/26/2026,2:00:00 PM,Northern California,Pleasure Point Second Peak,5,,,,Online Cam,Garrett,CDIP Obs > CDIP Forecast
5/26/2026,2:00:00 PM,Northern California,Pleasure Point First Peak,5,,,,Online Cam,Garrett,CDIP Obs > CDIP Forecast
5/26/2026,2:00:00 PM,Northern California,Pleasure Point Sewers,7,,,,Online Cam,Garrett,CDIP Obs > CDIP Forecast
5/26/2026,6:30:00 PM,Northern California,Pleasure Point Second Peak,5,,,,Online Cam,Garrett,CDIP Obs > CDIP Forecast
5/26/2026,6:30:00 PM,Northern California,Pleasure Point First Peak,5,,,,Online Cam,Garrett,CDIP Obs > CDIP Forecast
5/26/2026,6:30:00 PM,Northern California,Pleasure Point Sewers,7,,,,Online Cam,Garrett,CDIP Obs > CDIP Forecast
5/27/2026,8:00:00 AM,Northern California,Pleasure Point Second Peak,5,,,,Online Cam,Garrett,CDIP Obs > CDIP Forecast
5/27/2026,8:00:00 AM,Northern California,Pleasure Point First Peak,5,,,,Online Cam,Garrett,CDIP Obs > CDIP Forecast
5/27/2026,8:00:00 AM,Northern California,Pleasure Point Sewers,6,,,,Online Cam,Garrett,CDIP Obs > CDIP Forecast
5/27/2026,2:00:00 PM,Northern California,Pleasure Point Second Peak,4.5,,,,Online Cam,Garrett,CDIP Obs > CDIP Forecast
5/27/2026,2:00:00 PM,Northern California,Pleasure Point First Peak,5,,,,Online Cam,Garrett,CDIP Obs > CDIP Forecast
5/27/2026,2:00:00 PM,Northern California,Pleasure Point Sewers,5,,,,Online Cam,Garrett,CDIP Obs > CDIP Forecast
5/27/2026,6:30:00 PM,Northern California,Pleasure Point Second Peak,4,,,,Online Cam,Garrett,CDIP Obs > CDIP Forecast
5/27/2026,6:30:00 PM,Northern California,Pleasure Point First Peak,4,,,,Online Cam,Garrett,CDIP Obs > CDIP Forecast
5/27/2026,6:30:00 PM,Northern California,Pleasure Point Sewers,4.5,,,,Online Cam,Garrett,CDIP Obs > CDIP Forecast
5/24/2026,8:00:00 AM,Northern California,26th Ave,1.5,,,,Online Cam,Garrett,
5/24/2026,2:00:00 PM,Northern California,26th Ave,2.5,,,,Online Cam,Garrett,
5/25/2026,8:00:00 AM,Northern California,26th Ave,3,,,,Online Cam,Garrett,
5/25/2026,2:00:00 PM,Northern California,26th Ave,3.5,,,,Online Cam,Garrett,CDIP Obs > CDIP Forecast
5/25/2026,6:30:00 PM,Northern California,26th Ave,2.5,,,,Online Cam,Garrett,CDIP Obs > CDIP Forecast
5/26/2026,8:00:00 AM,Northern California,26th Ave,3.5,,,,Online Cam,Garrett,CDIP Obs > CDIP Forecast
5/26/2026,2:00:00 PM,Northern California,26th Ave,4.5,,,,Online Cam,Garrett,CDIP Obs > CDIP Forecast
5/26/2026,6:30:00 PM,Northern California,26th Ave,4.5,,,,Online Cam,Garrett,CDIP Obs > CDIP Forecast
5/27/2026,8:00:00 AM,Northern California,26th Ave,4,,,,Online Cam,Garrett,CDIP Obs > CDIP Forecast
5/27/2026,2:00:00 PM,Northern California,26th Ave,3.5,,,,Online Cam,Garrett,CDIP Obs > CDIP Forecast
5/24/2026,8:00:00 AM,Northern California,Cowells,0,,,,Online Cam,Garrett,
5/24/2026,2:00:00 PM,Northern California,Cowells,0.5,,,,Online Cam,Garrett,
5/24/2026,6:30:00 PM,Northern California,Cowells,0,,,,Online Cam,Garrett,
5/25/2026,8:00:00 AM,Northern California,Cowells,0,,,,Online Cam,Garrett,
5/25/2026,2:00:00 PM,Northern California,Cowells,0.5,,,,Online Cam,Garrett,CDIP Obs > CDIP Forecast
5/25/2026,6:30:00 PM,Northern California,Cowells,0,,,,Online Cam,Garrett,CDIP Obs > CDIP Forecast
5/26/2026,8:00:00 AM,Northern California,Cowells,0,,,,Online Cam,Garrett,CDIP Obs > CDIP Forecast
5/26/2026,2:00:00 PM,Northern California,Cowells,0.5,,,,Online Cam,Garrett,CDIP Obs > CDIP Forecast
5/26/2026,6:30:00 PM,Northern California,Cowells,0,,,,Online Cam,Garrett,CDIP Obs > CDIP Forecast
5/27/2026,8:00:00 AM,Northern California,Cowells,0,,,,Online Cam,Garrett,CDIP Obs > CDIP Forecast
5/27/2026,2:00:00 PM,Northern California,Cowells,.5,,,,Online Cam,Garrett,CDIP Obs > CDIP Forecast
5/27/2026,6:30:00 PM,Northern California,Cowells,0,,,,Online Cam,Garrett,CDIP Obs > CDIP Forecast
5/24/2026,8:00:00 AM,Northern California,Steamer Lane Indicators,1,,,,Online Cam,Garrett,
5/24/2026,8:00:00 AM,Northern California,Steamer Lane Middle Peak,0,,,,Online Cam,Garrett,
5/24/2026,8:00:00 AM,Northern California,Steamer Lane Point,3,,,,Online Cam,Garrett,
5/24/2026,2:00:00 PM,Northern California,Steamer Lane Indicators,1,,,,Online Cam,Garrett,
5/24/2026,2:00:00 PM,Northern California,Steamer Lane Middle Peak,3,,,,Online Cam,Garrett,
5/24/2026,2:00:00 PM,Northern California,Steamer Lane Point,3.5,,,,Online Cam,Garrett,
5/24/2026,6:30:00 PM,Northern California,Steamer Lane Indicators,1,,,,Online Cam,Garrett,
5/24/2026,6:30:00 PM,Northern California,Steamer Lane Middle Peak,5,,,,Online Cam,Garrett,
5/24/2026,6:30:00 PM,Northern California,Steamer Lane Point,4,,,,Online Cam,Garrett,
5/25/2026,8:00:00 AM,Northern California,Steamer Lane Indicators,1,,,,Online Cam,Garrett,
5/25/2026,8:00:00 AM,Northern California,Steamer Lane Middle Peak,4,,,,Online Cam,Garrett,
5/25/2026,8:00:00 AM,Northern California,Steamer Lane Point,4,,,,Online Cam,Garrett,
5/25/2026,2:00:00 PM,Northern California,Steamer Lane Indicators,1,,,,Online Cam,Garrett,CDIP Obs > CDIP Forecast
5/25/2026,2:00:00 PM,Northern California,Steamer Lane Middle Peak,4.5,,,,Online Cam,Garrett,CDIP Obs > CDIP Forecast
5/25/2026,2:00:00 PM,Northern California,Steamer Lane Point,4.5,,,,Online Cam,Garrett,CDIP Obs > CDIP Forecast
5/25/2026,6:30:00 PM,Northern California,Steamer Lane Indicators,1,,,,Online Cam,Garrett,CDIP Obs > CDIP Forecast
5/25/2026,6:30:00 PM,Northern California,Steamer Lane Middle Peak,0,,,,Online Cam,Garrett,CDIP Obs > CDIP Forecast
5/25/2026,6:30:00 PM,Northern California,Steamer Lane Point,5,,,,Online Cam,Garrett,CDIP Obs > CDIP Forecast
5/26/2026,8:00:00 AM,Northern California,Steamer Lane Indicators,1,,,,Online Cam,Garrett,CDIP Obs > CDIP Forecast
5/26/2026,8:00:00 AM,Northern California,Steamer Lane Middle Peak,4.5,,,,Online Cam,Garrett,CDIP Obs > CDIP Forecast
5/26/2026,8:00:00 AM,Northern California,Steamer Lane Point,5,,,,Online Cam,Garrett,CDIP Obs > CDIP Forecast
5/26/2026,2:00:00 PM,Northern California,Steamer Lane Indicators,2,,,,Online Cam,Garrett,CDIP Obs > CDIP Forecast
5/26/2026,2:00:00 PM,Northern California,Steamer Lane Middle Peak,7,,,,Online Cam,Garrett,CDIP Obs > CDIP Forecast
5/26/2026,2:00:00 PM,Northern California,Steamer Lane Point,5,,,,Online Cam,Garrett,CDIP Obs > CDIP Forecast
5/26/2026,6:30:00 PM,Northern California,Steamer Lane Indicators,2,,,,Online Cam,Garrett,CDIP Obs > CDIP Forecast
5/26/2026,6:30:00 PM,Northern California,Steamer Lane Middle Peak,6,,,,Online Cam,Garrett,CDIP Obs > CDIP Forecast
5/26/2026,6:30:00 PM,Northern California,Steamer Lane Point,6,,,,Online Cam,Garrett,CDIP Obs > CDIP Forecast
5/27/2026,8:00:00 AM,Northern California,Steamer Lane Indicators,3.5,,,,Online Cam,Garrett,CDIP Obs > CDIP Forecast
5/27/2026,8:00:00 AM,Northern California,Steamer Lane Middle Peak,6,,,,Online Cam,Garrett,CDIP Obs > CDIP Forecast
5/27/2026,8:00:00 AM,Northern California,Steamer Lane Point,5,,,,Online Cam,Garrett,CDIP Obs > CDIP Forecast
5/27/2026,2:00:00 PM,Northern California,Steamer Lane Indicators,2.5,,,,Online Cam,Garrett,CDIP Obs > CDIP Forecast
5/27/2026,2:00:00 PM,Northern California,Steamer Lane Middle Peak,5,,,,Online Cam,Garrett,CDIP Obs > CDIP Forecast
5/27/2026,2:00:00 PM,Northern California,Steamer Lane Point,5,,,,Online Cam,Garrett,CDIP Obs > CDIP Forecast
5/27/2026,6:30:00 PM,Northern California,Steamer Lane Indicators,0.5,,,,Online Cam,Garrett,CDIP Obs > CDIP Forecast
5/27/2026,6:30:00 PM,Northern California,Steamer Lane Middle Peak,0,,,,Online Cam,Garrett,CDIP Obs > CDIP Forecast
5/27/2026,6:30:00 PM,Northern California,Steamer Lane Point,4,,,,Online Cam,Garrett,CDIP Obs > CDIP Forecast
5/24/2026,8:00:00 AM,Northern California,Mitchell's,1,,,,Online Cam,Garrett,
5/24/2026,2:00:00 PM,Northern California,Mitchell's,1.5,,,,Online Cam,Garrett,
5/24/2026,6:30:00 PM,Northern California,Mitchell's,1,,,,Online Cam,Garrett,
5/25/2026,8:00:00 AM,Northern California,Mitchell's,1,,,,Online Cam,Garrett,
5/25/2026,2:00:00 PM,Northern California,Mitchell's,1.5,,,,Online Cam,Garrett,CDIP Obs > CDIP Forecast
5/25/2026,6:30:00 PM,Northern California,Mitchell's,1.5,,,,Online Cam,Garrett,CDIP Obs > CDIP Forecast
5/26/2026,8:00:00 AM,Northern California,Mitchell's,1,,,,Online Cam,Garrett,CDIP Obs > CDIP Forecast
5/26/2026,2:00:00 PM,Northern California,Mitchell's,3.5,,,,Online Cam,Garrett,CDIP Obs > CDIP Forecast
5/26/2026,6:30:00 PM,Northern California,Mitchell's,2.5,,,,Online Cam,Garrett,CDIP Obs > CDIP Forecast
5/27/2026,8:00:00 AM,Northern California,Mitchell's,2,,,,Online Cam,Garrett,CDIP Obs > CDIP Forecast
5/27/2026,2:00:00 PM,Northern California,Mitchell's,2.5,,,,Online Cam,Garrett,CDIP Obs > CDIP Forecast
5/27/2026,6:30:00 PM,Northern California,Mitchell's,1.5,,,,Online Cam,Garrett,CDIP Obs > CDIP Forecast
5/24/2026,8:00:00 AM,Northern California,Ocean Beach South,1.5,,,,Online Cam,Garrett,
5/24/2026,2:00:00 PM,Northern California,Ocean Beach South,2,,,,Online Cam,Garrett,
5/24/2026,6:30:00 PM,Northern California,Ocean Beach South,3,,,,Online Cam,Garrett,
5/25/2026,8:00:00 AM,Northern California,Ocean Beach South,2.5,,,,Online Cam,Garrett,
5/25/2026,2:00:00 PM,Northern California,Ocean Beach South,2,,,,Online Cam,Garrett,CDIP Obs > CDIP Forecast
5/25/2026,6:30:00 PM,Northern California,Ocean Beach South,2.5,,,,Online Cam,Garrett,CDIP Obs > CDIP Forecast
5/26/2026,8:00:00 AM,Northern California,Ocean Beach South,3,,,,Online Cam,Garrett,CDIP Obs > CDIP Forecast
5/26/2026,2:00:00 PM,Northern California,Ocean Beach South,4.5,,,,Online Cam,Garrett,CDIP Obs > CDIP Forecast
5/26/2026,6:30:00 PM,Northern California,Ocean Beach South,6,,,,Online Cam,Garrett,CDIP Obs > CDIP Forecast
5/27/2026,8:00:00 AM,Northern California,Ocean Beach South,4,,,,Online Cam,Garrett,CDIP Obs > CDIP Forecast
5/27/2026,2:00:00 PM,Northern California,Ocean Beach South,4.5,,,,Online Cam,Garrett,CDIP Obs > CDIP Forecast
5/27/2026,6:30:00 PM,Northern California,Ocean Beach South,3.5,,,,Online Cam,Garrett,CDIP Obs > CDIP Forecast
5/24/2026,8:00:00 AM,Northern California,Ocean Beach Central,1,,,,Online Cam,Garrett,
5/24/2026,2:00:00 PM,Northern California,Ocean Beach Central,3,,,,Online Cam,Garrett,
5/24/2026,6:30:00 PM,Northern California,Ocean Beach Central,3,,,,Online Cam,Garrett,
5/25/2026,8:00:00 AM,Northern California,Ocean Beach Central,4.5,,,,Online Cam,Garrett,
5/25/2026,2:00:00 PM,Northern California,Ocean Beach Central,5,,,,Online Cam,Garrett,CDIP Obs > CDIP Forecast
5/25/2026,6:30:00 PM,Northern California,Ocean Beach Central,4.5,,,,Online Cam,Garrett,CDIP Obs > CDIP Forecast
5/26/2026,8:00:00 AM,Northern California,Ocean Beach Central,4,,,,Online Cam,Garrett,CDIP Obs > CDIP Forecast
5/26/2026,2:00:00 PM,Northern California,Ocean Beach Central,5,,,,Online Cam,Garrett,CDIP Obs > CDIP Forecast
5/26/2026,6:30:00 PM,Northern California,Ocean Beach Central,7,,,,Online Cam,Garrett,CDIP Obs > CDIP Forecast
5/27/2026,8:00:00 AM,Northern California,Ocean Beach Central,6,,,,Online Cam,Garrett,CDIP Obs > CDIP Forecast
5/27/2026,2:00:00 PM,Northern California,Ocean Beach Central,5.5,,,,Online Cam,Garrett,CDIP Obs > CDIP Forecast
5/27/2026,6:30:00 PM,Northern California,Ocean Beach Central,5,,,,Online Cam,Garrett,CDIP Obs > CDIP Forecast
5/24/2026,8:00:00 AM,Northern California,Ocean Beach North,1.5,,,,Online Cam,Garrett,
5/24/2026,2:00:00 PM,Northern California,Ocean Beach North,2,,,,Online Cam,Garrett,
5/24/2026,6:30:00 PM,Northern California,Ocean Beach North,2,,,,Online Cam,Garrett,
5/25/2026,8:00:00 AM,Northern California,Ocean Beach North,3,,,,Online Cam,Garrett,
5/25/2026,2:00:00 PM,Northern California,Ocean Beach North,3.5,,,,Online Cam,Garrett,CDIP Obs > CDIP Forecast
5/25/2026,6:30:00 PM,Northern California,Ocean Beach North,3.5,,,,Online Cam,Garrett,CDIP Obs > CDIP Forecast
5/26/2026,8:00:00 AM,Northern California,Ocean Beach North,3.5,,,,Online Cam,Garrett,CDIP Obs > CDIP Forecast
5/26/2026,2:00:00 PM,Northern California,Ocean Beach North,5,,,,Online Cam,Garrett,CDIP Obs > CDIP Forecast
5/27/2026,8:00:00 AM,Northern California,Ocean Beach North,4.5,,,,Online Cam,Garrett,CDIP Obs > CDIP Forecast
5/27/2026,2:00:00 PM,Northern California,Ocean Beach North,4,,,,Online Cam,Garrett,CDIP Obs > CDIP Forecast
5/28/2026,2:00:00 PM,Northern California,Ocean Beach South,8,,,,Online Cam,Garrett,
5/28/2026,2:00:00 PM,Northern California,Ocean Beach Central,9,,,,Online Cam,Garrett,
5/28/2026,2:00:00 PM,Northern California,Ocean Beach North,4.5,,,,Online Cam,Garrett,
5/28/2026,2:30:00 PM,Northern California,Pleasure Point Sewers,3,2.5,,,Online Cam,Garrett,
5/28/2026,9:00:00 AM,Northern California,26th Ave,2.5,3.5,,,Online Cam,Garrett,
5/28/2026,9:00:00 AM,Northern California,Capitola,2.5,1.5,,,Online Cam,Garrett,
5/28/2026,9:00:00 AM,Northern California,Cowells,0.5,1.5,,,Online Cam,Garrett,
5/28/2026,9:00:00 AM,Northern California,Davenport Landing,4,5,,,Online Cam,Garrett,
5/28/2026,9:00:00 AM,Northern California,Four Mile,4,4.5,,,Online Cam,Garrett,
5/28/2026,9:00:00 AM,Northern California,Manresa,3.5,5,,,Online Cam,Garrett,
5/28/2026,9:00:00 AM,Northern California,Mitchells,1,3.5,,,Online Cam,Garrett,
5/28/2026,9:00:00 AM,Northern California,Natural Bridges,1.5,3.5,,,Online Cam,Garrett,
5/28/2026,8:00:00 AM,Northern California,Ocean Beach Central,7,,,,Online Cam,Garrett,
5/28/2026,8:00:00 AM,Northern California,Ocean Beach North,4.5,,,,Online Cam,Garrett,
5/28/2026,8:00:00 AM,Northern California,Ocean Beach South,5.5,,,,Online Cam,Garrett,
5/28/2026,11:30:00 AM,Northern California,Ocean Beach Central,8,,,,Online Cam,Garrett,
5/28/2026,11:30:00 AM,Northern California,Ocean Beach North,4.5,,,,Online Cam,Garrett,
5/28/2026,11:30:00 AM,Northern California,Ocean Beach South,5,,,,Online Cam,Garrett,
5/28/2026,9:00:00 AM,Northern California,Pacifica Linda Mar,2.5,2.5,,,Online Cam,Garrett,
5/28/2026,9:00:00 AM,Northern California,Pacifica Linda Mar North,3.5,4.5,,,Online Cam,Garrett,
5/28/2026,9:00:00 AM,Northern California,Pleasure Point First Peak,3,2.5,,,Online Cam,Garrett,
5/28/2026,9:00:00 AM,Northern California,Pleasure Point Jacks,2,1.5,,,Online Cam,Garrett,
5/28/2026,9:00:00 AM,Northern California,Pleasure Point Privates,1.5,1.5,,,Online Cam,Garrett,
5/28/2026,9:00:00 AM,Northern California,Pleasure Point Second Peak,2.5,2.5,,,Online Cam,Garrett,
5/28/2026,9:00:00 AM,Northern California,Pleasure Point Sewers,3,2.5,,,Online Cam,Garrett,
5/28/2026,9:00:00 AM,Northern California,Pleasure Point The Hook,1.5,1.5,,,Online Cam,Garrett,
5/28/2026,9:00:00 AM,Northern California,Princeton Jetty,2.5,2.5,,,Online Cam,Garrett,
5/28/2026,9:00:00 AM,Northern California,Steamer Lane Indicators,1,,,,Online Cam,Garrett,
5/28/2026,9:00:00 AM,Northern California,Steamer Lane Middle Peak,2.5,4.5,,,Online Cam,Garrett,
5/28/2026,9:00:00 AM,Northern California,Steamer Lane Point,2.5,4.5,,,Online Cam,Garrett,
5/28/2026,9:00:00 AM,Northern California,Swift Street,1.5,3.5,,,Online Cam,Garrett,
5/28/2026,2:00:00 PM,Northern California,Manresa,2.5,,,,Online Cam,Garrett,
5/28/2026,6:30:00 PM,Northern California,Manresa,2,,,,Online Cam,Garrett,
5/29/2026,8:00:00 AM,Northern California,Manresa,5,,,,Online Cam,Garrett,
5/29/2026,2:00:00 PM,Northern California,Manresa,5,,,,Online Cam,Garrett,
5/29/2026,6:30:00 PM,Northern California,Manresa,5,,,,Online Cam,Garrett,
5/30/2026,8:00:00 AM,Northern California,Manresa,4,,,,Online Cam,Garrett,
5/30/2026,1:00:00 PM,Northern California,Manresa,4.5,,,,Online Cam,Garrett,
5/28/2026,2:00:00 PM,Northern California,Capitola,2,,,,Online Cam,Garrett,
5/28/2026,6:30:00 PM,Northern California,Capitola,2.5,,,,Online Cam,Garrett,
5/29/2026,8:00:00 AM,Northern California,Capitola,2,,,,Online Cam,Garrett,
5/29/2026,2:00:00 PM,Northern California,Capitola,1.5,,,,Online Cam,Garrett,
5/29/2026,6:30:00 PM,Northern California,Capitola,1,,,,Online Cam,Garrett,
5/30/2026,8:00:00 AM,Northern California,Capitola,1.5,,,,Online Cam,Garrett,
5/30/2026,1:00:00 PM,Northern California,Capitola,1.5,,,,Online Cam,Garrett,
5/28/2026,2:00:00 PM,Northern California,Privates,1.5,,,,Online Cam,Garrett,
5/28/2026,6:30:00 PM,Northern California,Privates,2,,,,Online Cam,Garrett,
5/29/2026,8:00:00 AM,Northern California,Privates,2.5,,,,Online Cam,Garrett,
5/29/2026,2:00:00 PM,Northern California,Privates,1,,,,Online Cam,Garrett,
5/29/2026,6:30:00 PM,Northern California,Privates,1.5,,,,Online Cam,Garrett,
5/30/2026,8:00:00 AM,Northern California,Privates,1,,,,Online Cam,Garrett,
5/30/2026,1:00:00 PM,Northern California,Privates,0.5,,,,Online Cam,Garrett,
5/28/2026,2:00:00 PM,Northern California,Pleasure Point Jacks,1.5,,,,Online Cam,Garrett,
5/28/2026,6:30:00 PM,Northern California,Pleasure Point Jacks,1.5,,,,Online Cam,Garrett,
5/29/2026,8:00:00 AM,Northern California,Pleasure Point Jacks,2.5,,,,Online Cam,Garrett,
5/29/2026,2:00:00 PM,Northern California,Pleasure Point Jacks,3,,,,Online Cam,Garrett,
5/29/2026,6:30:00 PM,Northern California,Pleasure Point Jacks,2,,,,Online Cam,Garrett,
5/30/2026,8:00:00 AM,Northern California,Pleasure Point Jacks,1.5,,,,Online Cam,Garrett,
5/30/2026,1:00:00 PM,Northern California,Pleasure Point Jacks,2,,,,Online Cam,Garrett,
5/28/2026,2:00:00 PM,Northern California,Pleasure Point Second Peak,2,,,,Online Cam,Garrett,
5/28/2026,2:00:00 PM,Northern California,Pleasure Point First Peak,2.5,,,,Online Cam,Garrett,
5/28/2026,2:00:00 PM,Northern California,Pleasure Point Sewers,3,,,,Online Cam,Garrett,
5/28/2026,6:30:00 PM,Northern California,Pleasure Point Second Peak,3.5,,,,Online Cam,Garrett,
5/28/2026,6:30:00 PM,Northern California,Pleasure Point First Peak,4,,,,Online Cam,Garrett,
5/28/2026,6:30:00 PM,Northern California,Pleasure Point Sewers,5,,,,Online Cam,Garrett,
5/29/2026,8:00:00 AM,Northern California,Pleasure Point Second Peak,4,,,,Online Cam,Garrett,
5/29/2026,8:00:00 AM,Northern California,Pleasure Point First Peak,5,,,,Online Cam,Garrett,
5/29/2026,8:00:00 AM,Northern California,Pleasure Point Sewers,6,,,,Online Cam,Garrett,
5/29/2026,2:00:00 PM,Northern California,Pleasure Point Second Peak,3.5,,,,Online Cam,Garrett,
5/29/2026,2:00:00 PM,Northern California,Pleasure Point First Peak,5,,,,Online Cam,Garrett,
5/29/2026,2:00:00 PM,Northern California,Pleasure Point Sewers,5.5,,,,Online Cam,Garrett,
5/29/2026,6:30:00 PM,Northern California,Pleasure Point Second Peak,3.5,,,,Online Cam,Garrett,
5/29/2026,6:30:00 PM,Northern California,Pleasure Point First Peak,4.5,,,,Online Cam,Garrett,
5/29/2026,6:30:00 PM,Northern California,Pleasure Point Sewers,4.5,,,,Online Cam,Garrett,
5/30/2026,8:00:00 AM,Northern California,Pleasure Point Second Peak,3,,,,Online Cam,Garrett,
5/30/2026,8:00:00 AM,Northern California,Pleasure Point First Peak,3.5,,,,Online Cam,Garrett,
5/30/2026,8:00:00 AM,Northern California,Pleasure Point Sewers,4,,,,Online Cam,Garrett,
5/30/2026,2:00:00 PM,Northern California,Pleasure Point Second Peak,4,,,,Online Cam,Garrett,
5/30/2026,2:00:00 PM,Northern California,Pleasure Point First Peak,4.5,,,,Online Cam,Garrett,
5/30/2026,2:00:00 PM,Northern California,Pleasure Point Sewers,4.5,,,,Online Cam,Garrett,
5/28/2026,2:00:00 PM,Northern California,26th Ave,3.5,,,,Online Cam,Garrett,
5/28/2026,6:30:00 PM,Northern California,26th Ave,3.5,,,,Online Cam,Garrett,
5/29/2026,8:00:00 AM,Northern California,26th Ave,4.5,,,,Online Cam,Garrett,
5/29/2026,2:00:00 PM,Northern California,26th Ave,4.5,,,,Online Cam,Garrett,
5/29/2026,6:30:00 PM,Northern California,26th Ave,3.5,,,,Online Cam,Garrett,
5/30/2026,8:00:00 AM,Northern California,26th Ave,4.5,,,,Online Cam,Garrett,
5/30/2026,1:00:00 PM,Northern California,26th Ave,3.5,,,,Online Cam,Garrett,
5/28/2026,2:00:00 PM,Northern California,Cowells,0,,,,Online Cam,Garrett,
5/28/2026,6:30:00 PM,Northern California,Cowells,0.5,,,,Online Cam,Garrett,
5/29/2026,6:30:00 AM,Northern California,Cowells,1.5,,,,Online Cam,Garrett,
5/29/2026,2:00:00 PM,Northern California,Cowells,1,,,,Online Cam,Garrett,
5/29/2026,6:30:00 PM,Northern California,Cowells,0.5,,,,Online Cam,Garrett,
5/30/2026,8:00:00 AM,Northern California,Cowells,0,,,,Online Cam,Garrett,
5/30/2026,1:00:00 PM,Northern California,Cowells,0,,,,Online Cam,Garrett,
5/28/2026,2:00:00 PM,Northern California,Steamer Lane Indicators,1,,,,Online Cam,Garrett,
5/28/2026,2:00:00 PM,Northern California,Steamer Lane Middle Peak,4,,,,Online Cam,Garrett,
5/28/2026,2:00:00 PM,Northern California,Steamer Lane Point,4,,,,Online Cam,Garrett,
5/28/2026,6:30:00 PM,Northern California,Steamer Lane Indicators,3,,,,Online Cam,Garrett,
5/28/2026,6:30:00 PM,Northern California,Steamer Lane Middle Peak,7,,,,Online Cam,Garrett,
5/28/2026,6:30:00 PM,Northern California,Steamer Lane Point,5,,,,Online Cam,Garrett,
5/29/2026,8:00:00 AM,Northern California,Steamer Lane Indicators,3,,,,Online Cam,Garrett,
5/29/2026,8:00:00 AM,Northern California,Steamer Lane Middle Peak,8,,,,Online Cam,Garrett,
5/29/2026,8:00:00 AM,Northern California,Steamer Lane Point,4,,,,Online Cam,Garrett,
5/29/2026,2:00:00 PM,Northern California,Steamer Lane Indicators,4,,,,Online Cam,Garrett,
5/29/2026,2:00:00 PM,Northern California,Steamer Lane Middle Peak,8,,,,Online Cam,Garrett,
5/29/2026,2:00:00 PM,Northern California,Steamer Lane Point,7,,,,Online Cam,Garrett,
5/29/2026,6:30:00 PM,Northern California,Steamer Lane Indicators,3,,,,Online Cam,Garrett,
5/29/2026,6:30:00 PM,Northern California,Steamer Lane Middle Peak,6,,,,Online Cam,Garrett,
5/29/2026,6:30:00 PM,Northern California,Steamer Lane Point,5.5,,,,Online Cam,Garrett,
5/30/2026,8:00:00 AM,Northern California,Steamer Lane Indicators,3,,,,Online Cam,Garrett,
5/30/2026,8:00:00 AM,Northern California,Steamer Lane Middle Peak,6,,,,Online Cam,Garrett,
5/30/2026,8:00:00 AM,Northern California,Steamer Lane Point,4,,,,Online Cam,Garrett,
5/30/2026,2:00:00 PM,Northern California,Steamer Lane Indicators,3,,,,Online Cam,Garrett,
5/30/2026,2:00:00 PM,Northern California,Steamer Lane Middle Peak,4.5,,,,Online Cam,Garrett,
5/30/2026,2:00:00 PM,Northern California,Steamer Lane Point,4.5,,,,Online Cam,Garrett,
5/28/2026,2:00:00 PM,Northern California,Mitchell's,2,,,,Online Cam,Garrett,
5/28/2026,6:30:00 PM,Northern California,Mitchell's,3,,,,Online Cam,Garrett,
5/29/2026,8:00:00 AM,Northern California,Mitchell's,1,,,,Online Cam,Garrett,
5/29/2026,2:00:00 PM,Northern California,Mitchell's,1,,,,Online Cam,Garrett,
5/29/2026,6:30:00 PM,Northern California,Mitchell's,1,,,,Online Cam,Garrett,
5/30/2026,8:00:00 AM,Northern California,Mitchell's,1,,,,Online Cam,Garrett,
5/30/2026,1:00:00 PM,Northern California,Mitchell's,1,,,,Online Cam,Garrett,
5/29/2026,8:00:00 AM,Northern California,Ocean Beach South,6,,,,Online Cam,Garrett,
5/29/2026,2:00:00 PM,Northern California,Ocean Beach South,5.5,,,,Online Cam,Garrett,
5/29/2026,6:30:00 PM,Northern California,Ocean Beach South,5,,,,Online Cam,Garrett,
5/30/2026,8:00:00 AM,Northern California,Ocean Beach South,5.5,,,,Online Cam,Garrett,
5/30/2026,1:00:00 PM,Northern California,Ocean Beach South,5.5,,,,Online Cam,Garrett,
5/29/2026,8:00:00 AM,Northern California,Ocean Beach Central,7.5,,,,Online Cam,Garrett,
5/29/2026,2:00:00 PM,Northern California,Ocean Beach Central,7.5,,,,Online Cam,Garrett,
5/29/2026,6:30:00 PM,Northern California,Ocean Beach Central,7.5,,,,Online Cam,Garrett,
5/30/2026,8:00:00 AM,Northern California,Ocean Beach Central,6.5,,,,Online Cam,Garrett,
5/30/2026,1:00:00 PM,Northern California,Ocean Beach Central,5,,,,Online Cam,Garrett,
5/29/2026,8:00:00 AM,Northern California,Ocean Beach North,4,,,,Online Cam,Garrett,
5/29/2026,2:00:00 PM,Northern California,Ocean Beach North,3.5,,,,Online Cam,Garrett,
5/29/2026,6:30:00 PM,Northern California,Ocean Beach North,4,,,,Online Cam,Garrett,
5/30/2026,8:00:00 AM,Northern California,Ocean Beach North,4,,,,Online Cam,Garrett,
5/30/2026,1:00:00 PM,Northern California,Ocean Beach North,3.5,,,,Online Cam,Garrett,
5/30/2026,8:30:00 AM,Northern California,Scott Creek,3.5,,,,Standing on Shore,Garrett,
5/30/2026,9:00:00 AM,Northern California,Four Mile,4,,,,Standing on Shore,Garrett,
5/30/2026,9:00:00 AM,Northern California,Three Mile,4,,,,Standing on Shore,Garrett,
5/26/2026,8:00:00 AM,Northern California,Pacifica Linda Mar,2.5,,,,Online Cam,Garrett,
5/26/2026,2:00:00 PM,Northern California,Pacifica Linda Mar,4,,,,Online Cam,Garrett,
5/26/2026,6:30:00 PM,Northern California,Pacifica Linda Mar,4.5,,,,Online Cam,Garrett,
5/27/2026,8:00:00 AM,Northern California,Pacifica Linda Mar,4,,,,Online Cam,Garrett,
5/27/2026,2:00:00 PM,Northern California,Pacifica Linda Mar,3.5,,,,Online Cam,Garrett,
5/27/2026,6:30:00 PM,Northern California,Pacifica Linda Mar,3,,,,Online Cam,Garrett,
5/28/2026,8:00:00 AM,Northern California,Pacifica Linda Mar,2.5,,,,Online Cam,Garrett,
5/28/2026,2:00:00 PM,Northern California,Pacifica Linda Mar,2,,,,Online Cam,Garrett,
5/28/2026,6:30:00 PM,Northern California,Pacifica Linda Mar,3,,,,Online Cam,Garrett,
5/29/2026,8:00:00 AM,Northern California,Pacifica Linda Mar,2,,,,Online Cam,Garrett,
5/29/2026,2:00:00 PM,Northern California,Pacifica Linda Mar,2.5,,,,Online Cam,Garrett,
5/29/2026,6:30:00 PM,Northern California,Pacifica Linda Mar,2,,,,Online Cam,Garrett,
5/30/2026,8:00:00 AM,Northern California,Pacifica Linda Mar,2,,,,Online Cam,Garrett,
5/30/2026,2:00:00 PM,Northern California,Pacifica Linda Mar,3,,,,Online Cam,Garrett,
5/28/2026,8:00:00 AM,Northern California,Pacifica Linda Mar North,3.5,,,,Online Cam,Garrett,
5/28/2026,2:00:00 PM,Northern California,Pacifica Linda Mar North,3,,,,Online Cam,Garrett,
5/28/2026,6:30:00 PM,Northern California,Pacifica Linda Mar North,3.5,,,,Online Cam,Garrett,
5/29/2026,8:00:00 AM,Northern California,Pacifica Linda Mar North,4,,,,Online Cam,Garrett,
5/29/2026,2:00:00 PM,Northern California,Pacifica Linda Mar North,4,,,,Online Cam,Garrett,
5/29/2026,6:30:00 PM,Northern California,Pacifica Linda Mar North,4,,,,Online Cam,Garrett,
5/30/2026,8:00:00 AM,Northern California,Pacifica Linda Mar North,4,,,,Online Cam,Garrett,
5/30/2026,2:00:00 PM,Northern California,Pacifica Linda Mar North,4,,,,Online Cam,Garrett,
5/30/2026,6:00:00 PM,Northern California,Pleasure Point Sewers,2.5,,,,Online Cam,Garrett,
6/1/2026,6:00 AM,Northern California,Scott Creek,5,,,,Surfing,Garrett,
6/1/2026,6:00 AM,Northern California,Davenport Landing ,3.5,,,,Standing on Shore,Garrett,
5/31/2026,7:00:00 AM,Northern California,Manresa,5,,,,Online Cam,Garrett,
5/31/2026,11:00:00 AM,Northern California,Manresa,3,,,,Online Cam,Garrett,
5/31/2026,3:00:00 PM,Northern California,Manresa,2.5,,,,Online Cam,Garrett,
5/31/2026,7:00:00 PM,Northern California,Manresa,2.5,,,,Online Cam,Garrett,
6/1/2026,3:00:00 PM,Northern California,Manresa,2.5,,,,Online Cam,Garrett,
6/1/2026,7:00:00 PM,Northern California,Manresa,2.5,,,,Online Cam,Garrett,
5/31/2026,7:00:00 AM,Northern California,Capitola,0.5,,,,Online Cam,Garrett,
5/31/2026,11:00:00 AM,Northern California,Capitola,0.5,,,,Online Cam,Garrett,
5/31/2026,3:00:00 PM,Northern California,Capitola,0.75,,,,Online Cam,Garrett,
5/31/2026,7:00:00 PM,Northern California,Capitola,0.5,,,,Online Cam,Garrett,
6/1/2026,7:00:00 AM,Northern California,Capitola,1,,,,Online Cam,Garrett,
6/1/2026,11:00:00 AM,Northern California,Capitola,2,,,,Online Cam,Garrett,
6/1/2026,3:00:00 PM,Northern California,Capitola,1.5,,,,Online Cam,Garrett,
6/1/2026,7:00:00 PM,Northern California,Capitola,2,,,,Online Cam,Garrett,
5/31/2026,7:00:00 AM,Northern California,Privates,1,,,,Online Cam,Garrett,
5/31/2026,11:00:00 AM,Northern California,Privates,0.5,,,,Online Cam,Garrett,
5/31/2026,3:00:00 PM,Northern California,Privates,1,,,,Online Cam,Garrett,
5/31/2026,7:00:00 PM,Northern California,Privates,0.5,,,,Online Cam,Garrett,
6/1/2026,11:00:00 AM,Northern California,Privates,2,,,,Online Cam,Garrett,
6/1/2026,3:00:00 PM,Northern California,Privates,3.5,,,,Online Cam,Garrett,
6/1/2026,7:00:00 PM,Northern California,Privates,3,,,,Online Cam,Garrett,
5/31/2026,7:00:00 AM,Northern California,Pleasure Point Jacks,1.5,,,,Online Cam,Garrett,
5/31/2026,11:00:00 AM,Northern California,Pleasure Point Jacks,2,,,,Online Cam,Garrett,
5/31/2026,3:00:00 PM,Northern California,Pleasure Point Jacks,2,,,,Online Cam,Garrett,
5/31/2026,7:00:00 PM,Northern California,Pleasure Point Jacks,2,,,,Online Cam,Garrett,
6/1/2026,7:00:00 AM,Northern California,Pleasure Point Jacks,2.5,,,,Online Cam,Garrett,
6/1/2026,11:00:00 AM,Northern California,Pleasure Point Jacks,3.5,,,,Online Cam,Garrett,
6/1/2026,3:00:00 PM,Northern California,Pleasure Point Jacks,3,,,,Online Cam,Garrett,
6/1/2026,7:00:00 PM,Northern California,Pleasure Point Jacks,4,,,,Online Cam,Garrett,
5/31/2026,7:00:00 AM,Northern California,Pleasure Point Second Peak,3,,,,Online Cam,Garrett,
5/31/2026,7:00:00 AM,Northern California,Pleasure Point First Peak,3.5,,,,Online Cam,Garrett,
5/31/2026,7:00:00 AM,Northern California,Pleasure Point Sewers,3.5,,,,Online Cam,Garrett,
5/31/2026,11:00:00 AM,Northern California,Pleasure Point Second Peak,3,,,,Online Cam,Garrett,
5/31/2026,11:00:00 AM,Northern California,Pleasure Point First Peak,3.5,,,,Online Cam,Garrett,
5/31/2026,11:00:00 AM,Northern California,Pleasure Point Sewers,4,,,,Online Cam,Garrett,
5/31/2026,3:00:00 PM,Northern California,Pleasure Point Second Peak,3,,,,Online Cam,Garrett,
5/31/2026,3:00:00 PM,Northern California,Pleasure Point First Peak,3.5,,,,Online Cam,Garrett,
5/31/2026,3:00:00 PM,Northern California,Pleasure Point Sewers,3.5,,,,Online Cam,Garrett,
5/31/2026,7:00:00 PM,Northern California,Pleasure Point Second Peak,2,,,,Online Cam,Garrett,
5/31/2026,7:00:00 PM,Northern California,Pleasure Point First Peak,4,,,,Online Cam,Garrett,
5/31/2026,7:00:00 PM,Northern California,Pleasure Point Sewers,4.5,,,,Online Cam,Garrett,
6/1/2026,7:00:00 AM,Northern California,Pleasure Point Second Peak,3,,,,Online Cam,Garrett,
6/1/2026,7:00:00 AM,Northern California,Pleasure Point First Peak,4.5,,,,Online Cam,Garrett,
6/1/2026,7:00:00 AM,Northern California,Pleasure Point Sewers,4.5,,,,Online Cam,Garrett,
6/1/2026,11:00:00 AM,Northern California,Pleasure Point Second Peak,3.5,,,,Online Cam,Garrett,
6/1/2026,11:00:00 AM,Northern California,Pleasure Point First Peak,5,,,,Online Cam,Garrett,
6/1/2026,11:00:00 AM,Northern California,Pleasure Point Sewers,5,,,,Online Cam,Garrett,
6/1/2026,3:00:00 PM,Northern California,Pleasure Point Second Peak,4,,,,Online Cam,Garrett,
6/1/2026,3:00:00 PM,Northern California,Pleasure Point First Peak,5,,,,Online Cam,Garrett,
6/1/2026,3:00:00 PM,Northern California,Pleasure Point Sewers,5,,,,Online Cam,Garrett,
6/1/2026,7:00:00 PM,Northern California,Pleasure Point Second Peak,4.5,,,,Online Cam,Garrett,
6/1/2026,7:00:00 PM,Northern California,Pleasure Point First Peak,5,,,,Online Cam,Garrett,
6/1/2026,7:00:00 PM,Northern California,Pleasure Point Sewers,5,,,,Online Cam,Garrett,
5/31/2026,7:00:00 AM,Northern California,26th Ave,3,,,,Online Cam,Garrett,
5/31/2026,11:00:00 AM,Northern California,26th Ave,3,,,,Online Cam,Garrett,
5/31/2026,3:00:00 PM,Northern California,26th Ave,4,,,,Online Cam,Garrett,
5/31/2026,7:00:00 PM,Northern California,26th Ave,4.5,,,,Online Cam,Garrett,
6/1/2026,7:00:00 AM,Northern California,26th Ave,4.5,,,,Online Cam,Garrett,
6/1/2026,11:00:00 AM,Northern California,26th Ave,4.5,,,,Online Cam,Garrett,
5/31/2026,7:00:00 AM,Northern California,Cowells,0.5,,,,Online Cam,Garrett,
5/31/2026,11:00:00 AM,Northern California,Cowells,0,,,,Online Cam,Garrett,
5/31/2026,3:00:00 PM,Northern California,Cowells,0,,,,Online Cam,Garrett,
5/31/2026,7:00:00 PM,Northern California,Cowells,0,,,,Online Cam,Garrett,
6/1/2026,7:00:00 AM,Northern California,Cowells,1,,,,Online Cam,Garrett,
6/1/2026,11:00:00 AM,Northern California,Cowells,0,,,,Online Cam,Garrett,
6/1/2026,3:00:00 PM,Northern California,Cowells,0,,,,Online Cam,Garrett,
6/1/2026,7:00:00 PM,Northern California,Cowells,0,,,,Online Cam,Garrett,
5/31/2026,7:00:00 AM,Northern California,Steamer Lane Indicators,1.5,,,,Online Cam,Garrett,
5/31/2026,7:00:00 AM,Northern California,Steamer Lane Middle Peak,4,,,,Online Cam,Garrett,
5/31/2026,7:00:00 AM,Northern California,Steamer Lane Point,4,,,,Online Cam,Garrett,
5/31/2026,11:00:00 AM,Northern California,Steamer Lane Indicators,1,,,,Online Cam,Garrett,
5/31/2026,11:00:00 AM,Northern California,Steamer Lane Middle Peak,0,,,,Online Cam,Garrett,
5/31/2026,11:00:00 AM,Northern California,Steamer Lane Point,3,,,,Online Cam,Garrett,
5/31/2026,3:00:00 PM,Northern California,Steamer Lane Indicators,1,,,,Online Cam,Garrett,
5/31/2026,3:00:00 PM,Northern California,Steamer Lane Middle Peak,0,,,,Online Cam,Garrett,
5/31/2026,3:00:00 PM,Northern California,Steamer Lane Point,4,,,,Online Cam,Garrett,
5/31/2026,7:00:00 PM,Northern California,Steamer Lane Indicators,2,,,,Online Cam,Garrett,
5/31/2026,7:00:00 PM,Northern California,Steamer Lane Middle Peak,0,,,,Online Cam,Garrett,
5/31/2026,7:00:00 PM,Northern California,Steamer Lane Point,4.5,,,,Online Cam,Garrett,
6/1/2026,7:00:00 AM,Northern California,Steamer Lane Indicators,2,,,,Online Cam,Garrett,
6/1/2026,7:00:00 AM,Northern California,Steamer Lane Middle Peak,4,,,,Online Cam,Garrett,
6/1/2026,7:00:00 AM,Northern California,Steamer Lane Point,6,,,,Online Cam,Garrett,
6/1/2026,11:00:00 AM,Northern California,Steamer Lane Indicators,2.5,,,,Online Cam,Garrett,
6/1/2026,11:00:00 AM,Northern California,Steamer Lane Middle Peak,0,,,,Online Cam,Garrett,
6/1/2026,11:00:00 AM,Northern California,Steamer Lane Point,6,,,,Online Cam,Garrett,
6/1/2026,3:00:00 PM,Northern California,Steamer Lane Indicators,1.5,,,,Online Cam,Garrett,
6/1/2026,3:00:00 PM,Northern California,Steamer Lane Middle Peak,0,,,,Online Cam,Garrett,
6/1/2026,3:00:00 PM,Northern California,Steamer Lane Point,5,,,,Online Cam,Garrett,
6/1/2026,7:00:00 PM,Northern California,Steamer Lane Indicators,2.5,,,,Online Cam,Garrett,
6/1/2026,7:00:00 PM,Northern California,Steamer Lane Middle Peak,0,,,,Online Cam,Garrett,
6/1/2026,7:00:00 PM,Northern California,Steamer Lane Point,6.5,,,,Online Cam,Garrett,
5/31/2026,7:00:00 AM,Northern California,Mitchell's,1.5,,,,Online Cam,Garrett,
5/31/2026,11:00:00 AM,Northern California,Mitchell's,0.5,,,,Online Cam,Garrett,
5/31/2026,3:00:00 PM,Northern California,Mitchell's,0.5,,,,Online Cam,Garrett,
5/31/2026,7:00:00 PM,Northern California,Mitchell's,1,,,,Online Cam,Garrett,
6/1/2026,7:00:00 AM,Northern California,Mitchell's,3,,,,Online Cam,Garrett,
6/1/2026,11:00:00 AM,Northern California,Mitchell's,2.5,,,,Online Cam,Garrett,
6/1/2026,3:00:00 PM,Northern California,Mitchell's,2.5,,,,Online Cam,Garrett,
6/1/2026,7:00:00 PM,Northern California,Mitchell's,3,,,,Online Cam,Garrett,
5/31/2026,7:00:00 AM,Northern California,Ocean Beach South,4,,,,Online Cam,Garrett,
5/31/2026,11:00:00 AM,Northern California,Ocean Beach South,3,,,,Online Cam,Garrett,
5/31/2026,3:00:00 PM,Northern California,Ocean Beach South,3.5,,,,Online Cam,Garrett,
5/31/2026,7:00:00 PM,Northern California,Ocean Beach South,3.5,,,,Online Cam,Garrett,
6/1/2026,7:00:00 AM,Northern California,Ocean Beach South,3,,,,Online Cam,Garrett,
6/1/2026,11:00:00 AM,Northern California,Ocean Beach South,2.5,,,,Online Cam,Garrett,
6/1/2026,3:00:00 PM,Northern California,Ocean Beach South,2.5,,,,Online Cam,Garrett,
6/1/2026,7:00:00 PM,Northern California,Ocean Beach South,2.5,,,,Online Cam,Garrett,
5/31/2026,7:00:00 AM,Northern California,Ocean Beach Central,4,,,,Online Cam,Garrett,
5/31/2026,11:00:00 AM,Northern California,Ocean Beach Central,3.5,,,,Online Cam,Garrett,
5/31/2026,3:00:00 PM,Northern California,Ocean Beach Central,3.5,,,,Online Cam,Garrett,
5/31/2026,7:00:00 PM,Northern California,Ocean Beach Central,3,,,,Online Cam,Garrett,
6/1/2026,7:00:00 AM,Northern California,Ocean Beach Central,3,,,,Online Cam,Garrett,
6/1/2026,11:00:00 AM,Northern California,Ocean Beach Central,3,,,,Online Cam,Garrett,
6/1/2026,3:00:00 PM,Northern California,Ocean Beach Central,3.5,,,,Online Cam,Garrett,
6/1/2026,7:00:00 PM,Northern California,Ocean Beach Central,3,,,,Online Cam,Garrett,
5/31/2026,7:00:00 AM,Northern California,Ocean Beach North,3,,,,Online Cam,Garrett,
5/31/2026,11:00:00 AM,Northern California,Ocean Beach North,3.5,,,,Online Cam,Garrett,
5/31/2026,3:00:00 PM,Northern California,Ocean Beach North,3.5,,,,Online Cam,Garrett,
5/31/2026,7:00:00 PM,Northern California,Ocean Beach North,3,,,,Online Cam,Garrett,
6/1/2026,7:00:00 AM,Northern California,Ocean Beach North,3.5,,,,Online Cam,Garrett,
6/1/2026,11:00:00 AM,Northern California,Ocean Beach North,3,,,,Online Cam,Garrett,
6/1/2026,3:00:00 PM,Northern California,Ocean Beach North,3,,,,Online Cam,Garrett,
6/1/2026,7:00:00 PM,Northern California,Ocean Beach North,2.5,,,,Online Cam,Garrett,
5/31/2026,7:00:00 AM,Northern California,Pacifica Linda Mar,2.5,,,,Online Cam,Garrett,
5/31/2026,11:00:00 AM,Northern California,Pacifica Linda Mar,2.5,,,,Online Cam,Garrett,
5/31/2026,3:00:00 PM,Northern California,Pacifica Linda Mar,2.5,,,,Online Cam,Garrett,
5/31/2026,7:00:00 PM,Northern California,Pacifica Linda Mar,2.5,,,,Online Cam,Garrett,
6/1/2026,7:00:00 AM,Northern California,Pacifica Linda Mar,2,,,,Online Cam,Garrett,
6/1/2026,11:00:00 AM,Northern California,Pacifica Linda Mar,1.5,,,,Online Cam,Garrett,
6/1/2026,3:00:00 PM,Northern California,Pacifica Linda Mar,1,,,,Online Cam,Garrett,
6/1/2026,7:00:00 PM,Northern California,Pacifica Linda Mar,1,,,,Online Cam,Garrett,
5/31/2026,7:00:00 AM,Northern California,Pacifica Linda Mar North,3,,,,Online Cam,Garrett,
5/31/2026,11:00:00 AM,Northern California,Pacifica Linda Mar North,3,,,,Online Cam,Garrett,
5/31/2026,3:00:00 PM,Northern California,Pacifica Linda Mar North,3,,,,Online Cam,Garrett,
5/31/2026,7:00:00 PM,Northern California,Pacifica Linda Mar North,3,,,,Online Cam,Garrett,
6/1/2026,7:00:00 AM,Northern California,Pacifica Linda Mar North,2.5,,,,Online Cam,Garrett,
6/1/2026,11:00:00 AM,Northern California,Pacifica Linda Mar North,2,,,,Online Cam,Garrett,
6/1/2026,3:00:00 PM,Northern California,Pacifica Linda Mar North,2,,,,Online Cam,Garrett,
6/1/2026,7:00:00 PM,Northern California,Pacifica Linda Mar North,2,,,,Online Cam,Garrett,
6/3/2026,5:00:00 PM,Northern California,Santa Maria,4,,,,Standing on Shore,Calvin (Garrett's Friend),
6/5/2026,6:00:00 AM,Northern California,Scott Creek,5,,,,Standing on Shore,Garrett,
6/5/2026,6:00:00 AM,Northern California,Davenport Landing ,3.5,,,,Standing on Shore,Garrett,
6/5/2026,6:30:00 AM,Northern California,Natural Bridges,3,,,,Standing on Shore,Garrett,
6/5/2026,6:30:00 AM,Northern California,Swift,2.5,,,,Standing on Shore,Garrett,
6/5/2026,6:30:00 AM,Northern California,Mitchell's,2.5,,,,Standing on Shore,Garrett,
6/5/2026,7:00:00 AM,Northern California,Blacks,3,,,,Standing on Shore,Garrett,
6/5/2026,7:00:00 AM,Northern California,Santa Maria,3.5,,,,Standing on Shore,Garrett,
6/5/2026,7:00:00 AM,Northern California,26th Ave,5,,,,Standing on Shore,Garrett,
6/5/2026,7:00:00 AM,Northern California,Pleasure Point Rockview,3,,,,Standing on Shore,Garrett,
6/5/2026,7:00:00 AM,Northern California,Wind and Sea,5,,,,Standing on Shore,Garrett,
6/2/2026,2:00:00 PM,Northern California,Manresa,1.5,,,,Online Cam,Garrett,
6/2/2026,6:30:00 PM,Northern California,Manresa,1.5,,,,Online Cam,Garrett,
6/3/2026,8:00:00 AM,Northern California,Manresa,1,,,,Online Cam,Garrett,
6/3/2026,2:00:00 PM,Northern California,Manresa,1,,,,Online Cam,Garrett,
6/3/2026,6:30:00 PM,Northern California,Manresa,1.5,,,,Online Cam,Garrett,
6/4/2026,8:00:00 AM,Northern California,Manresa,2,,,,Online Cam,Garrett,
6/4/2026,2:00:00 PM,Northern California,Manresa,3,,,,Online Cam,Garrett,
6/4/2026,6:30:00 PM,Northern California,Manresa,2.5,,,,Online Cam,Garrett,
6/5/2026,8:00:00 AM,Northern California,Manresa,3.5,,,,Online Cam,Garrett,
6/2/2026,2:00:00 PM,Northern California,Capitola,2,,,,Online Cam,Garrett,
6/2/2026,6:30:00 PM,Northern California,Capitola,3,,,,Online Cam,Garrett,
6/3/2026,8:00:00 AM,Northern California,Capitola,1.5,,,,Online Cam,Garrett,
6/3/2026,2:00:00 PM,Northern California,Capitola,1.5,,,,Online Cam,Garrett,
6/3/2026,6:30:00 PM,Northern California,Capitola,1.5,,,,Online Cam,Garrett,
6/4/2026,8:00:00 AM,Northern California,Capitola,1,,,,Online Cam,Garrett,
6/4/2026,2:00:00 PM,Northern California,Capitola,2.5,,,,Online Cam,Garrett,
6/4/2026,6:30:00 PM,Northern California,Capitola,2.5,,,,Online Cam,Garrett,
6/5/2026,8:00:00 AM,Northern California,Capitola,1.5,,,,Online Cam,Garrett,
6/2/2026,2:00:00 PM,Northern California,Privates,1.5,,,,Online Cam,Garrett,
6/2/2026,6:30:00 PM,Northern California,Privates,1.5,,,,Online Cam,Garrett,
6/3/2026,8:00:00 AM,Northern California,Privates,2,,,,Online Cam,Garrett,
6/3/2026,2:00:00 PM,Northern California,Privates,1,,,,Online Cam,Garrett,
6/3/2026,6:30:00 PM,Northern California,Privates,0.5,,,,Online Cam,Garrett,
6/4/2026,9:30:00 AM,Northern California,Privates,1.5,,,,Online Cam,Garrett,
6/4/2026,2:00:00 PM,Northern California,Privates,1,,,,Online Cam,Garrett,
6/4/2026,6:30:00 PM,Northern California,Privates,1,,,,Online Cam,Garrett,
6/5/2026,8:00:00 AM,Northern California,Privates,3,,,,Online Cam,Garrett,
6/2/2026,2:00:00 PM,Northern California,Pleasure Point The Hook,2,,,,,,
6/2/2026,6:30:00 PM,Northern California,Pleasure Point The Hook,2.5,,,,,,
6/3/2026,8:00:00 AM,Northern California,Pleasure Point The Hook,1,,,,,,
6/3/2026,2:00:00 PM,Northern California,Pleasure Point The Hook,1.5,,,,,,
6/3/2026,6:30:00 PM,Northern California,Pleasure Point The Hook,1.5,,,,,,
6/4/2026,8:00:00 AM,Northern California,Pleasure Point The Hook,2,,,,,,
6/4/2026,2:00:00 PM,Northern California,Pleasure Point The Hook,1.5,,,,,,
6/4/2026,6:30:00 PM,Northern California,Pleasure Point The Hook,1.5,,,,,,
6/5/2026,8:00:00 AM,Northern California,Pleasure Point The Hook,3,,,,,,
6/2/2026,2:00:00 PM,Northern California,Pleasure Point Jacks,3,,,,Online Cam,Garrett,
6/2/2026,6:30:00 PM,Northern California,Pleasure Point Jacks,3,,,,Online Cam,Garrett,
6/3/2026,8:00:00 AM,Northern California,Pleasure Point Jacks,2.5,,,,Online Cam,Garrett,
6/3/2026,2:00:00 PM,Northern California,Pleasure Point Jacks,3,,,,Online Cam,Garrett,
6/3/2026,6:30:00 PM,Northern California,Pleasure Point Jacks,2.5,,,,Online Cam,Garrett,
6/4/2026,8:00:00 AM,Northern California,Pleasure Point Jacks,1.5,,,,Online Cam,Garrett,
6/4/2026,2:00:00 PM,Northern California,Pleasure Point Jacks,2.5,,,,Online Cam,Garrett,
6/4/2026,6:30:00 PM,Northern California,Pleasure Point Jacks,3,,,,Online Cam,Garrett,
6/5/2026,8:00:00 AM,Northern California,Pleasure Point Jacks,2.5,,,,Online Cam,Garrett,
6/2/2026,2:00:00 PM,Northern California,Pleasure Point Second Peak,3,,,,Online Cam,Garrett,
6/2/2026,2:00:00 PM,Northern California,Pleasure Point First Peak,3.5,,,,Online Cam,Garrett,
6/2/2026,2:00:00 PM,Northern California,Pleasure Point Sewers,5,,,,Online Cam,Garrett,
6/2/2026,6:30:00 PM,Northern California,Pleasure Point Second Peak,4,,,,Online Cam,Garrett,
6/2/2026,6:30:00 PM,Northern California,Pleasure Point First Peak,4.5,,,,Online Cam,Garrett,
6/2/2026,6:30:00 PM,Northern California,Pleasure Point Sewers,4.5,,,,Online Cam,Garrett,
6/3/2026,8:00:00 AM,Northern California,Pleasure Point Second Peak,2.5,,,,Online Cam,Garrett,
6/3/2026,8:00:00 AM,Northern California,Pleasure Point First Peak,3.5,,,,Online Cam,Garrett,
6/3/2026,8:00:00 AM,Northern California,Pleasure Point Sewers,4,,,,Online Cam,Garrett,
6/3/2026,2:00:00 PM,Northern California,Pleasure Point Second Peak,3,,,,Online Cam,Garrett,
6/3/2026,2:00:00 PM,Northern California,Pleasure Point First Peak,3.5,,,,Online Cam,Garrett,
6/3/2026,2:00:00 PM,Northern California,Pleasure Point Sewers,4.5,,,,Online Cam,Garrett,
6/3/2026,6:30:00 PM,Northern California,Pleasure Point Second Peak,2.5,,,,Online Cam,Garrett,
6/3/2026,6:30:00 PM,Northern California,Pleasure Point First Peak,3,,,,Online Cam,Garrett,
6/3/2026,6:30:00 PM,Northern California,Pleasure Point Sewers,3.5,,,,Online Cam,Garrett,
6/4/2026,8:00:00 AM,Northern California,Pleasure Point Second Peak,2,,,,Online Cam,Garrett,
6/4/2026,8:00:00 AM,Northern California,Pleasure Point First Peak,3,,,,Online Cam,Garrett,
6/4/2026,8:00:00 AM,Northern California,Pleasure Point Sewers,3,,,,Online Cam,Garrett,
6/4/2026,2:00:00 PM,Northern California,Pleasure Point Second Peak,3,,,,Online Cam,Garrett,
6/4/2026,2:00:00 PM,Northern California,Pleasure Point First Peak,3.5,,,,Online Cam,Garrett,
6/4/2026,2:00:00 PM,Northern California,Pleasure Point Sewers,4,,,,Online Cam,Garrett,
6/4/2026,6:30:00 PM,Northern California,Pleasure Point Second Peak,3,,,,Online Cam,Garrett,
6/4/2026,6:30:00 PM,Northern California,Pleasure Point First Peak,4,,,,Online Cam,Garrett,
6/4/2026,6:30:00 PM,Northern California,Pleasure Point Sewers,4.5,,,,Online Cam,Garrett,
6/5/2026,8:00:00 AM,Northern California,Pleasure Point Second Peak,4,,,,Online Cam,Garrett,
6/5/2026,8:00:00 AM,Northern California,Pleasure Point First Peak,4.5,,,,Online Cam,Garrett,
6/5/2026,8:00:00 AM,Northern California,Pleasure Point Sewers,5,,,,Online Cam,Garrett,
6/2/2026,2:00:00 PM,Northern California,26th Ave,4,,,,Online Cam,Garrett,
6/2/2026,6:30:00 PM,Northern California,26th Ave,3,,,,Online Cam,Garrett,
6/3/2026,8:00:00 AM,Northern California,26th Ave,3,,,,Online Cam,Garrett,
6/3/2026,2:00:00 PM,Northern California,26th Ave,3.5,,,,Online Cam,Garrett,
6/3/2026,6:30:00 PM,Northern California,26th Ave,3.5,,,,Online Cam,Garrett,
6/4/2026,8:00:00 AM,Northern California,26th Ave,3.5,,,,Online Cam,Garrett,
6/4/2026,2:00:00 PM,Northern California,26th Ave,3,,,,Online Cam,Garrett,
6/5/2026,10:45:00 AM,Northern California,26th Ave,5,,,,Online Cam,Garrett,
6/2/2026,2:00:00 PM,Northern California,Cowells,0.5,,,,Online Cam,Garrett,
6/2/2026,6:30:00 PM,Northern California,Cowells,0.5,,,,Online Cam,Garrett,
6/3/2026,8:00:00 AM,Northern California,Cowells,1,,,,Online Cam,Garrett,
6/3/2026,2:00:00 PM,Northern California,Cowells,0.1,,,,Online Cam,Garrett,
6/3/2026,6:30:00 PM,Northern California,Cowells,0.5,,,,Online Cam,Garrett,
6/4/2026,8:00:00 AM,Northern California,Cowells,0.1,,,,Online Cam,Garrett,
6/4/2026,2:00:00 PM,Northern California,Cowells,0.5,,,,Online Cam,Garrett,
6/4/2026,6:30:00 PM,Northern California,Cowells,0,,,,Online Cam,Garrett,
6/5/2026,8:00:00 AM,Northern California,Cowells,1.5,,,,Online Cam,Garrett,
6/5/2026,10:30:00 AM,Northern California,Cowells,1,,,,Online Cam,Garrett,
6/2/2026,2:00:00 PM,Northern California,Steamer Lane Indicators,1.5,,,,Online Cam,Garrett,
6/2/2026,2:00:00 PM,Northern California,Steamer Lane Middle Peak,0,,,,Online Cam,Garrett,
6/2/2026,2:00:00 PM,Northern California,Steamer Lane Point,4.5,,,,Online Cam,Garrett,
6/2/2026,6:30:00 PM,Northern California,Steamer Lane Indicators,1.5,,,,Online Cam,Garrett,
6/2/2026,6:30:00 PM,Northern California,Steamer Lane Middle Peak,0,,,,Online Cam,Garrett,
6/2/2026,6:30:00 PM,Northern California,Steamer Lane Point,4,,,,Online Cam,Garrett,
6/3/2026,8:00:00 AM,Northern California,Steamer Lane Indicators,1.5,,,,Online Cam,Garrett,
6/3/2026,8:00:00 AM,Northern California,Steamer Lane Middle Peak,3,,,,Online Cam,Garrett,
6/3/2026,8:00:00 AM,Northern California,Steamer Lane Point,4.5,,,,Online Cam,Garrett,
6/3/2026,2:00:00 PM,Northern California,Steamer Lane Indicators,1,,,,Online Cam,Garrett,
6/3/2026,2:00:00 PM,Northern California,Steamer Lane Middle Peak,3.5,,,,Online Cam,Garrett,
6/3/2026,2:00:00 PM,Northern California,Steamer Lane Point,0,,,,Online Cam,Garrett,
6/3/2026,6:30:00 PM,Northern California,Steamer Lane Indicators,1,,,,Online Cam,Garrett,
6/3/2026,6:30:00 PM,Northern California,Steamer Lane Middle Peak,0,,,,Online Cam,Garrett,
6/3/2026,6:30:00 PM,Northern California,Steamer Lane Point,4,,,,Online Cam,Garrett,
6/4/2026,8:00:00 AM,Northern California,Steamer Lane Indicators,1,,,,Online Cam,Garrett,
6/4/2026,8:00:00 AM,Northern California,Steamer Lane Middle Peak,3,,,,Online Cam,Garrett,
6/4/2026,8:00:00 AM,Northern California,Steamer Lane Point,3.5,,,,Online Cam,Garrett,
6/4/2026,2:00:00 PM,Northern California,Steamer Lane Indicators,1,,,,Online Cam,Garrett,
6/4/2026,2:00:00 PM,Northern California,Steamer Lane Middle Peak,0,,,,Online Cam,Garrett,
6/4/2026,2:00:00 PM,Northern California,Steamer Lane Point,2.5,,,,Online Cam,Garrett,
6/4/2026,6:30:00 PM,Northern California,Steamer Lane Indicators,2,,,,Online Cam,Garrett,
6/4/2026,6:30:00 PM,Northern California,Steamer Lane Middle Peak,0,,,,Online Cam,Garrett,
6/4/2026,6:30:00 PM,Northern California,Steamer Lane Point,4,,,,Online Cam,Garrett,
6/5/2026,8:00:00 AM,Northern California,Steamer Lane Indicators,1,,,,Online Cam,Garrett,
6/5/2026,8:00:00 AM,Northern California,Steamer Lane Middle Peak,5,,,,Online Cam,Garrett,
6/5/2026,8:00:00 AM,Northern California,Steamer Lane Point,5,,,,Online Cam,Garrett,
6/5/2026,11:00:00 AM,Northern California,Steamer Lane Indicators,3,,,,Online Cam,Garrett,
6/5/2026,11:00:00 AM,Northern California,Steamer Lane Middle Peak,4.5,,,,Online Cam,Garrett,
6/5/2026,11:00:00 AM,Northern California,Steamer Lane Point,5,,,,Online Cam,Garrett,
6/2/2026,2:00:00 PM,Northern California,Ocean Beach South,2,,,,,,
6/2/2026,6:30:00 PM,Northern California,Ocean Beach South,2.5,,,,,,
6/3/2026,8:00:00 AM,Northern California,Ocean Beach South,2,,,,,,
6/3/2026,2:00:00 PM,Northern California,Ocean Beach South,2.5,,,,,,
6/3/2026,6:30:00 PM,Northern California,Ocean Beach South,2.5,,,,,,
6/4/2026,8:00:00 AM,Northern California,Ocean Beach South,3.5,,,,,,
6/4/2026,2:00:00 PM,Northern California,Ocean Beach South,3.5,,,,,,
6/4/2026,6:30:00 PM,Northern California,Ocean Beach South,4,,,,,,
6/5/2026,8:00:00 AM,Northern California,Ocean Beach South,4.5,,,,,,
6/5/2026,11:00:00 AM,Northern California,Ocean Beach South,5,,,,,,
6/2/2026,2:00:00 PM,Northern California,Ocean Beach Central,1.5,,,,,,
6/2/2026,6:30:00 PM,Northern California,Ocean Beach Central,1.5,,,,,,
6/3/2026,8:00:00 AM,Northern California,Ocean Beach Central,2,,,,,,
6/3/2026,10:30:00 AM,Northern California,Ocean Beach Central,2,,,,,,
6/3/2026,2:00:00 PM,Northern California,Ocean Beach Central,2.5,,,,,,
6/3/2026,6:30:00 PM,Northern California,Ocean Beach Central,2.5,,,,,,
6/4/2026,8:00:00 AM,Northern California,Ocean Beach Central,3.5,,,,,,
6/4/2026,2:00:00 PM,Northern California,Ocean Beach Central,3.5,,,,,,
6/4/2026,6:30:00 PM,Northern California,Ocean Beach Central,4,,,,,,
6/5/2026,8:00:00 AM,Northern California,Ocean Beach Central,4.5,,,,,,
6/5/2026,11:00:00 AM,Northern California,Ocean Beach Central,5,,,,,,
6/2/2026,11:00:00 AM,Northern California,Ocean Beach North,3,,,,,,
6/2/2026,2:00:00 PM,Northern California,Ocean Beach North,3,,,,,,
6/2/2026,6:30:00 PM,Northern California,Ocean Beach North,3,,,,,,
6/3/2026,8:00:00 AM,Northern California,Ocean Beach North,2.5,,,,,,
6/3/2026,11:00:00 AM,Northern California,Ocean Beach North,2.5,,,,,,
6/3/2026,2:00:00 PM,Northern California,Ocean Beach North,2.5,,,,,,
6/3/2026,6:30:00 PM,Northern California,Ocean Beach North,2,,,,,,
6/4/2026,8:00:00 AM,Northern California,Ocean Beach North,3,,,,,,
6/4/2026,11:00:00 AM,Northern California,Ocean Beach North,3.5,,,,,,
6/4/2026,2:00:00 PM,Northern California,Ocean Beach North,3.5,,,,,,
6/4/2026,6:30:00 PM,Northern California,Ocean Beach North,3.5,,,,,,
6/5/2026,8:00:00 AM,Northern California,Ocean Beach North,4.5,,,,,,
6/5/2026,11:00:00 AM,Northern California,Ocean Beach North,5,,,,,,
6/2/2026,2:00:00 PM,Northern California,Mitchell's,3,,,,Online Cam,Garrett,
6/2/2026,6:30:00 PM,Northern California,Mitchell's,1.5,,,,Online Cam,Garrett,
6/3/2026,8:00:00 AM,Northern California,Mitchell's,1.5,,,,Online Cam,Garrett,
6/3/2026,2:00:00 PM,Northern California,Mitchell's,1,,,,Online Cam,Garrett,
6/3/2026,6:30:00 PM,Northern California,Mitchell's,0.5,,,,Online Cam,Garrett,
6/4/2026,8:00:00 AM,Northern California,Mitchell's,1.5,,,,Online Cam,Garrett,
6/4/2026,2:00:00 PM,Northern California,Mitchell's,0.5,,,,Online Cam,Garrett,
6/4/2026,6:30:00 PM,Northern California,Mitchell's,1.5,,,,Online Cam,Garrett,
6/5/2026,8:00:00 AM,Northern California,Mitchell's,2.5,,,,Online Cam,Garrett,
6/5/2026,2:00:00 PM,Northern California,Mitchell's,3,,,,Online Cam,Garrett,
6/2/2026,7:00:00 AM,Northern California,Ocean Beach Central,2.5,3.5,,,Online Cam,Garrett,
6/2/2026,7:00:00 AM,Northern California,Ocean Beach North,3.5,3.5,,,Online Cam,Garrett,
6/2/2026,7:00:00 AM,Northern California,Capitola,1.5,0.5,,,Standing on Shore,Garrett,
6/2/2026,7:00:00 AM,Northern California,Blacks,2.5,2.5,,,Standing on Shore,Garrett,
6/2/2026,7:00:00 AM,Northern California,Wind and Sea,4,3.5,,,Standing on Shore,Garrett,
6/2/2026,7:00:00 AM,Northern California,Pacifica Linda Mar,1,0.5,,,Online Cam,Garrett,
6/2/2026,7:00:00 AM,Northern California,Waddell Creek Beach,3.5,4.5,,,Standing on Shore,Garrett,
6/2/2026,7:00:00 AM,Northern California,Scott Creek,3.5,4.5,,,Standing on Shore,Garrett,
6/2/2026,7:00:00 AM,Northern California,Steamer Lane Indicators,2,4.5,,,Online Cam,Garrett,
6/2/2026,7:00:00 AM,Northern California,Mitchells,3,3.5,,,Standing on Shore,Garrett,
6/2/2026,7:00:00 AM,Northern California,Davenport Landing,3.5,5,,,Standing on Shore,Garrett,
6/2/2026,7:00:00 AM,Northern California,Pleasure Point Sewers,5,4.5,,,Online Cam,Garrett,
6/2/2026,7:00:00 AM,Northern California,Waddell Creek Reef,4,4.5,,,Standing on Shore,Garrett,
6/2/2026,7:00:00 AM,Northern California,Cowells,1,0.5,,,Online Cam,Garrett,
6/2/2026,7:00:00 AM,Northern California,Four Mile,4,2.5,,,Standing on Shore,Garrett,
6/2/2026,7:00:00 AM,Northern California,Manresa,2,2.5,,,Online Cam,Garrett,
6/2/2026,7:00:00 AM,Northern California,Natural Bridges,4,3.5,,,Standing on Shore,Garrett,
6/2/2026,7:00:00 AM,Northern California,Pleasure Point First Peak,4.5,4.5,,,Online Cam,Garrett,
6/2/2026,7:00:00 AM,Northern California,Pleasure Point The Hook,3,2.5,,,Online Cam,Garrett,
6/2/2026,7:00:00 AM,Northern California,26th Ave,5,3.5,,,Standing on Shore,Garrett,
6/2/2026,7:00:00 AM,Northern California,Steamer Lane Point,6,4.5,,,Online Cam,Garrett,
6/2/2026,7:00:00 AM,Northern California,Pleasure Point Jacks,3.5,1.5,,,Standing on Shore,Garrett,
6/2/2026,7:00:00 AM,Northern California,Ocean Beach South,2.5,3.5,,,Online Cam,Garrett,
6/2/2026,7:00:00 AM,Northern California,Pleasure Point Second Peak,4,4.5,,,Online Cam,Garrett,
6/2/2026,7:00:00 AM,Northern California,Santa Maria,3,,,,Standing on Shore,Garrett,
6/2/2026,7:00:00 AM,Northern California,Swift Street,3.5,5,,,Standing on Shore,Garrett,
6/2/2026,7:00:00 AM,Northern California,Pleasure Point Privates,2.5,2.5,,,Standing on Shore,Garrett,
6/2/2026,7:00:00 AM,Northern California,Pacifica Linda Mar North,2.5,2.5,,,Online Cam,Garrett,
6/8/2026,6:30:00 PM,Northern California,Steamer Lane Indicators,1.5,,,,Standing on Shore,Garrett,
6/8/2026,6:30:00 PM,Northern California,Steamer Lane Point,6,,,,Standing on Shore,Garrett,
6/8/2026,6:30:00 PM,Northern California,Steamer Lane Middle Peak,0,,,,Standing on Shore,Garrett,
6/8/2026,6:30:00 PM,Northern California,Mitchell's,3,,,,Standing on Shore,Garrett,
6/8/2026,6:30:00 PM,Northern California,Swift Street,4.5,,,,Standing on Shore,Garrett,
6/8/2026,6:30:00 PM,Northern California,Blacks,5.5,,,,Standing on Shore,Garrett,
6/8/2026,6:30:00 PM,Northern California,Natural Bridges,4.5,,,,Standing on Shore,Garrett,
6/9/2026,6:30:00 AM,Northern California,Natural Bridges,6,,,,Standing on Shore,Garrett,
6/9/2026,6:30:00 AM,Northern California,Swift Street,6.5,,,,Standing on Shore,Garrett,
6/9/2026,6:30:00 AM,Northern California,Mitchell's,7,,,,Standing on Shore,Garrett,
6/9/2026,6:30:00 AM,Northern California,Steamer Lane Middle Peak,0,,,,Standing on Shore,Garrett,
6/9/2026,6:30:00 AM,Northern California,Steamer Lane Point,7,,,,Standing on Shore,Garrett,
6/9/2026,7:30:00 AM,Northern California,Santa Maria,8,,,,Standing on Shore,Garrett,
6/9/2026,7:30:00 AM,Northern California,26th Ave,6,,,,Standing on Shore,Garrett,
6/9/2026,9:00:00 AM,Northern California,Manresa,3.5,,,,Online Cam,Garrett,
6/9/2026,11:00:00 AM,Northern California,Manresa,4,,,,Online Cam,Garrett,
6/9/2026,3:00:00 PM,Northern California,Manresa,3.5,,,,Online Cam,Garrett,
6/9/2026,7:00:00 PM,Northern California,Manresa,3.5,,,,Online Cam,Garrett,
6/9/2026,9:00:00 AM,Northern California,Capitola,2.5,,,,Online Cam,Garrett,
6/9/2026,11:00:00 AM,Northern California,Capitola,2.5,,,,Online Cam,Garrett,
6/9/2026,3:00:00 PM,Northern California,Capitola,2.5,,,,Online Cam,Garrett,
6/9/2026,7:00:00 PM,Northern California,Capitola,2,,,,Online Cam,Garrett,
6/9/2026,9:00:00 AM,Northern California,Privates,2,,,,Online Cam,Garrett,
6/9/2026,1:00:00 PM,Northern California,Privates,3,,,,Online Cam,Garrett,
6/9/2026,3:00:00 PM,Northern California,Privates,3,,,,Online Cam,Garrett,
6/9/2026,7:00:00 PM,Northern California,Privates,3,,,,Online Cam,Garrett,
6/9/2026,7:30:00 AM,Northern California,Pleasure Point The Hook,3,,,,Online Cam,Garrett,
6/9/2026,11:00:00 AM,Northern California,Pleasure Point The Hook,3.5,,,,Online Cam,Garrett,
6/9/2026,3:00:00 PM,Northern California,Pleasure Point The Hook,4,,,,Online Cam,Garrett,
6/9/2026,7:00:00 PM,Northern California,Pleasure Point The Hook,4.5,,,,Online Cam,Garrett,
6/9/2026,7:00:00 AM,Northern California,Pleasure Point Jacks,3.5,,,,Online Cam,Garrett,
6/9/2026,11:00:00 AM,Northern California,Pleasure Point Jacks,4,,,,Online Cam,Garrett,
6/9/2026,3:00:00 PM,Northern California,Pleasure Point Jacks,4.5,,,,Online Cam,Garrett,
6/9/2026,7:00:00 PM,Northern California,Pleasure Point Jacks,4.5,,,,Online Cam,Garrett,
6/9/2026,7:00:00 AM,Northern California,Pleasure Point Second Peak,5,,,,Online Cam,Garrett,
6/9/2026,11:00:00 AM,Northern California,Pleasure Point Second Peak,5.5,,,,Online Cam,Garrett,
6/9/2026,3:00:00 PM,Northern California,Pleasure Point Second Peak,6,,,,Online Cam,Garrett,
6/9/2026,7:00:00 PM,Northern California,Pleasure Point Second Peak,6,,,,Online Cam,Garrett,
6/9/2026,7:00:00 AM,Northern California,Pleasure Point First Peak,5.5,,,,Online Cam,Garrett,
6/9/2026,11:00:00 AM,Northern California,Pleasure Point First Peak,5.5,,,,Online Cam,Garrett,
6/9/2026,3:00:00 PM,Northern California,Pleasure Point First Peak,6.5,,,,Online Cam,Garrett,
6/9/2026,7:00:00 PM,Northern California,Pleasure Point First Peak,6.5,,,,Online Cam,Garrett,
6/9/2026,7:00:00 AM,Northern California,Pleasure Point Sewers,5.5,,,,Online Cam,Garrett,
6/9/2026,11:00:00 AM,Northern California,Pleasure Point Sewers,6.5,,,,Online Cam,Garrett,
6/9/2026,3:00:00 PM,Northern California,Pleasure Point Sewers,7.5,,,,Online Cam,Garrett,
6/9/2026,7:00:00 PM,Northern California,Pleasure Point Sewers,7,,,,Online Cam,Garrett,
6/9/2026,7:00:00 AM,Northern California,26th Ave,6,,,,Online Cam,Garrett,
6/9/2026,11:00:00 AM,Northern California,26th Ave,6,,,,Online Cam,Garrett,
6/9/2026,3:00:00 PM,Northern California,26th Ave,7,,,,Online Cam,Garrett,
6/9/2026,7:00:00 PM,Northern California,26th Ave,7,,,,Online Cam,Garrett,
6/9/2026,7:00:00 AM,Northern California,Cowells,2,,,,Online Cam,Garrett,
6/9/2026,11:00:00 AM,Northern California,Cowells,3,,,,Online Cam,Garrett,
6/9/2026,3:00:00 PM,Northern California,Cowells,3.5,,,,Online Cam,Garrett,
6/9/2026,7:00:00 PM,Northern California,Cowells,3,,,,Online Cam,Garrett,
6/9/2026,2:00:00 PM,Northern California,Steamer Lane Point,11,,,,Online Cam,Garrett,
6/9/2026,5:00:00 PM,Northern California,Steamer Lane Point,11,,,,Online Cam,Garrett,
6/9/2026,8:00:00 PM,Northern California,Steamer Lane Point,11,,,,Online Cam,Garrett,
6/9/2026,2:00:00 PM,Northern California,Steamer Lane Middle Peak,11,,,,Online Cam,Garrett,
6/9/2026,5:00:00 PM,Northern California,Steamer Lane Middle Peak,11,,,,Online Cam,Garrett,
6/9/2026,8:00:00 PM,Northern California,Steamer Lane Middle Peak,11,,,,Online Cam,Garrett,
6/9/2026,8:30:00 AM,Northern California,Mitchell's,6,,,,Online Cam,Garrett,
6/9/2026,11:00:00 AM,Northern California,Mitchell's,6,,,,Online Cam,Garrett,
6/9/2026,3:00:00 PM,Northern California,Mitchell's,7,,,,Online Cam,Garrett,
6/9/2026,7:00:00 PM,Northern California,Mitchell's,8,,,,Online Cam,Garrett,
6/9/2026,7:00:00 AM,Northern California,Pacifica Linda Mar,0.5,,,,Online Cam,Garrett,
6/9/2026,11:00:00 AM,Northern California,Pacifica Linda Mar,1.5,,,,Online Cam,Garrett,
6/9/2026,3:00:00 PM,Northern California,Pacifica Linda Mar,2,,,,Online Cam,Garrett,
6/9/2026,7:00:00 PM,Northern California,Pacifica Linda Mar,2,,,,Online Cam,Garrett,
6/9/2026,7:00:00 AM,Northern California,Pacifica Linda Mar North,1,,,,Online Cam,Garrett,
6/9/2026,11:00:00 AM,Northern California,Pacifica Linda Mar North,2.5,,,,Online Cam,Garrett,
6/9/2026,3:00:00 PM,Northern California,Pacifica Linda Mar North,3,,,,Online Cam,Garrett,
6/9/2026,7:00:00 PM,Northern California,Pacifica Linda Mar North,4,,,,Online Cam,Garrett,
6/9/2026,10:00:00 AM,Northern California,Ocean Beach South,2.5,,,,Online Cam,Garrett,
6/9/2026,1:00:00 PM,Northern California,Ocean Beach South,3.5,,,,Online Cam,Garrett,
6/9/2026,3:00:00 PM,Northern California,Ocean Beach South,4,,,,Online Cam,Garrett,
6/9/2026,7:00:00 PM,Northern California,Ocean Beach South,4.5,,,,Online Cam,Garrett,
6/9/2026,10:00:00 AM,Northern California,Ocean Beach Central,2.5,,,,Online Cam,Garrett,
6/9/2026,1:00:00 PM,Northern California,Ocean Beach Central,3.5,,,,Online Cam,Garrett,
6/9/2026,3:00:00 PM,Northern California,Ocean Beach Central,4,,,,Online Cam,Garrett,
6/9/2026,7:00:00 PM,Northern California,Ocean Beach Central,4.5,,,,Online Cam,Garrett,
6/9/2026,10:00:00 AM,Northern California,Ocean Beach North,3,,,,Online Cam,Garrett,
6/9/2026,1:00:00 PM,Northern California,Ocean Beach North,5,,,,Online Cam,Garrett,
6/9/2026,3:00:00 PM,Northern California,Ocean Beach North,6,,,,Online Cam,Garrett,
6/9/2026,7:00:00 PM,Northern California,Ocean Beach North,6,,,,Online Cam,Garrett,
6/10/2026,2:00:00 PM,Northern California,Waddell Reef,5,,,,Standing on Shore,Garrett,
6/10/2026,2:00:00 PM,Northern California,Waddell Beach,4.5,,,,Standing on Shore,Garrett,
6/10/2026,2:00:00 PM,Northern California,Ano Nuevo,8,,,,Standing on Shore,Garrett,
6/10/2026,2:00:00 PM,Northern California,Scott Creek,6,,,,Standing on Shore,Garrett,
6/10/2026,2:00:00 PM,Northern California,Davenport Landing,4.5,,,,Standing on Shore,Garrett,
6/10/2026,2:00:00 PM,Northern California,4 Mile,7.5,,,,Standing on Shore,Garrett,
6/10/2026,2:00:00 PM,Northern California,Natural Bridges,7,,,,Standing on Shore,Garrett,
6/10/2026,2:00:00 PM,Northern California,Swift Street,6,,,,Standing on Shore,Garrett,
6/10/2026,7:00:00 AM,Northern California,Manresa,3.5,,,,Online Cam,Garrett,
6/10/2026,11:30:00 AM,Northern California,Manresa,4,,,,Online Cam,Garrett,
6/10/2026,6:00:00 PM,Northern California,Manresa,4.5,,,,Online Cam,Garrett,
6/10/2026,7:00:00 AM,Northern California,Capitola,2.5,,,,Online Cam,Garrett,
6/10/2026,11:30:00 AM,Northern California,Capitola,2.75,,,,Online Cam,Garrett,
6/10/2026,6:00:00 PM,Northern California,Capitola,2,,,,Online Cam,Garrett,
6/10/2026,7:00:00 AM,Northern California,Privates,3.5,,,,Online Cam,Garrett,
6/10/2026,11:30:00 AM,Northern California,Privates,4,,,,Online Cam,Garrett,
6/10/2026,6:00:00 PM,Northern California,Privates,1.5,,,,Online Cam,Garrett,
6/10/2026,7:00:00 AM,Northern California,Pleasure Point The Hook,4.5,,,,Online Cam,Garrett,
6/10/2026,11:30:00 AM,Northern California,Pleasure Point The Hook,4.5,,,,Online Cam,Garrett,
6/10/2026,6:00:00 PM,Northern California,Pleasure Point The Hook,3.5,,,,Online Cam,Garrett,
6/10/2026,7:00:00 AM,Northern California,Pleasure Point Jacks,4.5,,,,Online Cam,Garrett,
6/10/2026,11:30:00 AM,Northern California,Pleasure Point Jacks,4.5,,,,Online Cam,Garrett,
6/10/2026,6:00:00 PM,Northern California,Pleasure Point Jacks,3,,,,Online Cam,Garrett,
6/10/2026,7:00:00 AM,Northern California,Pleasure Point Second Peak,5,,,,Online Cam,Garrett,
6/10/2026,11:30:00 AM,Northern California,Pleasure Point Second Peak,5,,,,Online Cam,Garrett,
6/10/2026,6:00:00 PM,Northern California,Pleasure Point Second Peak,4.5,,,,Online Cam,Garrett,
6/10/2026,7:00:00 AM,Northern California,Pleasure Point First Peak,5.5,,,,Online Cam,Garrett,
6/10/2026,11:30:00 AM,Northern California,Pleasure Point First Peak,5.5,,,,Online Cam,Garrett,
6/10/2026,6:00:00 PM,Northern California,Pleasure Point First Peak,5.5,,,,Online Cam,Garrett,
6/10/2026,7:00:00 AM,Northern California,Pleasure Point Sewers,6.5,,,,Online Cam,Garrett,
6/10/2026,11:30:00 AM,Northern California,Pleasure Point Sewers,7,,,,Online Cam,Garrett,
6/10/2026,6:00:00 PM,Northern California,Pleasure Point Sewers,5.5,,,,Online Cam,Garrett,
6/10/2026,7:00:00 AM,Northern California,26th Ave,5.5,,,,Online Cam,Garrett,
6/10/2026,11:30:00 AM,Northern California,26th Ave,6,,,,Online Cam,Garrett,
6/10/2026,6:00:00 PM,Northern California,26th Ave,5,,,,Online Cam,Garrett,
6/10/2026,7:00:00 AM,Northern California,Cowells,1.5,,,,Online Cam,Garrett,
6/10/2026,11:30:00 AM,Northern California,Cowells,2.5,,,,Online Cam,Garrett,
6/10/2026,6:00:00 PM,Northern California,Cowells,0,,,,Online Cam,Garrett,
6/10/2026,7:00:00 AM,Northern California,Steamer Lane Point,10,,,,Online Cam,Garrett,
6/10/2026,11:30:00 AM,Northern California,Steamer Lane Point,10,,,,Online Cam,Garrett,
6/10/2026,6:00:00 PM,Northern California,Steamer Lane Point,9,,,,Online Cam,Garrett,
6/10/2026,7:00:00 AM,Northern California,Steamer Lane Middle Peak,10,,,,Online Cam,Garrett,
6/10/2026,11:30:00 AM,Northern California,Steamer Lane Middle Peak,10,,,,Online Cam,Garrett,
6/10/2026,6:00:00 PM,Northern California,Steamer Lane Middle Peak,0,,,,Online Cam,Garrett,
6/10/2026,7:00:00 AM,Northern California,Steamer Lane Indicators,2,,,,,,
6/10/2026,11:30:00 AM,Northern California,Steamer Lane Indicators,3,,,,,,
6/10/2026,6:00:00 PM,Northern California,Steamer Lane Indicators,2,,,,,,
6/10/2026,7:00:00 AM,Northern California,Mitchell's,6,,,,Online Cam,Garrett,
6/10/2026,11:30:00 AM,Northern California,Mitchell's,7.5,,,,Online Cam,Garrett,
6/10/2026,6:00:00 PM,Northern California,Mitchell's,5,,,,Online Cam,Garrett,
6/10/2026,7:00:00 AM,Northern California,Pacifica Linda Mar,4,,,,Online Cam,Garrett,
6/10/2026,11:30:00 AM,Northern California,Pacifica Linda Mar,3.5,,,,Online Cam,Garrett,
6/10/2026,6:00:00 PM,Northern California,Pacifica Linda Mar,3,,,,Online Cam,Garrett,
6/10/2026,7:00:00 AM,Northern California,Pacifica Linda Mar North,4.5,,,,Online Cam,Garrett,
6/10/2026,11:30:00 AM,Northern California,Pacifica Linda Mar North,5,,,,Online Cam,Garrett,
6/10/2026,6:00:00 PM,Northern California,Pacifica Linda Mar North,4.5,,,,Online Cam,Garrett,
6/10/2026,7:00:00 AM,Northern California,Ocean Beach South,4.5,,,,Online Cam,Garrett,
6/10/2026,11:30:00 AM,Northern California,Ocean Beach South,5,,,,Online Cam,Garrett,
6/10/2026,6:00:00 PM,Northern California,Ocean Beach South,4.5,,,,Online Cam,Garrett,
6/10/2026,7:00:00 AM,Northern California,Ocean Beach Central,4.5,,,,Online Cam,Garrett,
6/10/2026,11:30:00 AM,Northern California,Ocean Beach Central,5.5,,,,Online Cam,Garrett,
6/10/2026,6:00:00 PM,Northern California,Ocean Beach Central,5.5,,,,Online Cam,Garrett,
6/10/2026,7:00:00 AM,Northern California,Ocean Beach North,5,,,,Online Cam,Garrett,
6/10/2026,11:30:00 AM,Northern California,Ocean Beach North,4.5,,,,Online Cam,Garrett,
6/10/2026,6:00:00 PM,Northern California,Ocean Beach North,4,,,,Online Cam,Garrett,